Port,Year,Week,Month,count_entrance,numofcall,avgservice_time,avgwaiting_time,ma4_count_entrance,ma4_numofcall,ma4_avgservice_time,ma4_avgwaiting_time,ma8_count_entrance,ma8_numofcall,ma8_avgservice_time,ma8_avgwaiting_time,ma12_count_entrance,ma12_numofcall,ma12_avgservice_time,ma12_avgwaiting_time,count_entrance_feeder,numofcall_feeder,avgservice_time_feed,avgwaiting_time_feed,ma4_count_entrance_feeder,ma4_numofcall_feeder,ma4_avgservice_time_feeder,ma4_avgwaiting_time_feeder,ma8_count_entrance_feeder,ma8_numofcall_feeder,ma8_avgservice_time_feeder,ma8_avgwaiting_time_feeder,ma12_count_entrance_feeder,ma12_numofcall_feeder,ma12_avgservice_time_feeder,ma12_avgwaiting_time_feeder,count_entrance_intermediate,numofcall_intermediate, avgservice_time_intermediate , avgwaiting_time_intermediate ,ma4_count_entrance_intermediate,ma4_numofcall_intermediate,ma4_avgservice_time_intermediate,ma4_avgwaiting_time_intermediate,ma8_count_entrance_intermediate,ma8_numofcall_intermediate,ma8_avgservice_time_intermediate,ma8_avgwaiting_time_intermediate,ma12_count_entrance_intermediate,ma12_numofcall_intermediate,ma12_avgservice_time_intermediate,ma12_avgwaiting_time_intermediate,count_entrance_neopanamax,numofcall_neopanamax,avgservice_time_neopanamax,avgwaiting_time_neopanamax,ma4_count_entrance_neopanamax,ma4_numofcall_neopanamax,ma4_avgservice_time_neopanamax,ma4_avgwaiting_time_neopanamax,ma8_count_entrance_neopanamax,ma8_numofcall_neopanamax,ma8_avgservice_time_neopanamax,ma8_avgwaiting_time_neopanamax,ma12_count_entrance_neopanamax,ma12_numofcall_neopanamax,ma12_avgservice_time_neopanamax,ma12_avgwaiting_time_neopanamax,share_neopan,country
Antwerp,2019,1,1,130,177,69,9,,,,,,,,,,,,,64,86,107,13,,,,,,,,,,,,60,34,49,33,7,,,,,,,,,,,,,32,42,30.21505208,5.175060764,,,,,,,,,,,,,24,Belgium
Antwerp,2019,2,1,90,138,37,6,,,,,,,,,,,,,39,60,22,5,,,,,,,,,,,,,27,40,59,7,,,,,,,,,,,,,24,38,37.89046296,4.720451389,,,,,,,,,,,,,28,Belgium
Antwerp,2019,3,1,90,139,32,5,,,,,,,,,,,,,39,62,29,5,,,,,,,,,,,,,28,39,31,4,,,,,,,,,,,,,23,38,37.17525362,3.708562802,,,,,,,,,,,,,27,Belgium
Antwerp,2019,4,1,94,146,28,5,101,150,41,6,,,,,,,,,44,71,26,5,47,70,46,7,,,,,,,,,28,38,28,5,29,42,37,6,,,,,,,,,22,37,31.76122475,4.777714646,25,39,34,5,,,,,,,,,25,Belgium
Antwerp,2019,5,1,95,142,32,10,92,141,32,6,,,,,,,,,38,57,28,13,40,63,26,7,,,,,,,,,35,49,33,10,30,42,37,7,,,,,,,,,22,36,36.36863636,6.867664141,23,37,36,5,,,,,,,,,25,Belgium
Antwerp,2019,6,2,94,138,33,6,93,141,31,6,,,,,,,,,39,53,31,6,40,61,28,7,,,,,,,,,30,45,34,6,30,43,31,6,,,,,,,,,25,40,34.10953333,5.5476,23,38,35,5,,,,,,,,,29,Belgium
Antwerp,2019,7,2,98,144,30,10,95,143,30,8,,,,,,,,,47,60,24,12,42,60,27,9,,,,,,,,,30,47,33,13,31,45,32,9,,,,,,,,,21,37,37.11335979,1.743862434,23,38,35,5,,,,,,,,,26,Belgium
Antwerp,2019,8,2,91,143,32,8,95,142,32,9,98,146,36,7,,,,,43,66,28,10,42,59,28,10,44,64,37,9,,,,,27,41,34,5,31,46,33,8,30,44,35,7,,,,,21,36,38.62240741,7.492275132,22,37,37,5,24,38,35,5,,,,,25,Belgium
Antwerp,2019,9,2,90,141,31,4,93,142,31,7,93,141,32,7,,,,,39,58,25,5,42,59,27,8,41,61,27,8,,,,,31,46,33,4,30,45,33,7,30,43,35,7,,,,,20,37,37.88031944,1.807791667,22,38,37,4,22,37,36,5,,,,,26,Belgium
Antwerp,2019,10,3,96,146,31,7,94,144,31,7,94,142,31,7,,,,,48,67,24,6,44,63,25,9,42,62,27,8,,,,,28,42,36,6,29,44,34,7,30,43,33,7,,,,,20,37,38.77726389,7.655069444,21,37,38,5,22,37,36,5,,,,,25,Belgium
Antwerp,2019,11,3,77,133,33,8,89,141,32,7,92,142,31,7,,,,,35,60,29,9,41,63,27,8,42,62,27,8,,,,,25,40,34,6,28,42,34,5,29,44,33,7,,,,,17,33,41.76825163,11.98437908,20,36,39,7,21,37,37,6,,,,,25,Belgium
Antwerp,2019,12,3,94,141,32,11,89,140,32,8,92,141,32,8,95,144,35,7,41,59,31,13,41,61,27,8,41,60,27,9,43,63,34,9,33,47,31,10,29,44,33,7,30,45,33,8,30,44,35,7,20,35,36.04494444,7.229027778,19,36,39,7,21,36,38,6,22,37,36,6,25,Belgium
Antwerp,2019,13,3,98,155,30,7,91,144,31,8,92,143,31,8,92,142,32,7,44,68,26,9,42,64,28,9,42,61,27,9,41,62,27,8,34,50,30,7,30,45,33,7,30,45,33,7,30,44,35,7,20,37,36.40740278,3.314569444,19,36,38,8,21,37,38,6,21,37,37,6,24,Belgium
Antwerp,2019,14,4,99,147,29,3,92,144,31,7,93,144,31,7,93,143,31,7,44,63,25,3,41,63,28,8,43,63,27,8,42,62,27,8,30,45,31,2,31,46,32,6,30,45,33,7,30,44,32,7,25,39,32.83135556,1.717488889,21,36,37,6,21,36,37,5,21,37,37,5,27,Belgium
Antwerp,2019,15,4,106,148,33,6,99,148,31,7,94,144,31,7,94,144,31,7,48,67,28,6,44,64,28,8,43,64,27,8,43,62,27,8,33,43,35,4,33,46,32,6,30,44,33,6,30,44,33,7,25,38,38.61545556,7.4401,23,37,36,5,21,37,38,6,22,37,37,6,26,Belgium
Antwerp,2019,16,4,104,160,30,10,102,153,30,6,96,146,31,7,95,145,31,7,44,68,27,10,45,67,26,7,43,64,27,8,43,62,27,9,36,52,28,9,33,48,31,6,31,46,32,6,31,46,33,7,24,40,39.0884375,10.66891204,24,39,37,6,21,37,38,6,22,37,37,6,25,Belgium
Antwerp,2019,17,4,89,140,31,10,100,149,31,7,95,146,31,8,95,145,31,7,41,57,24,15,44,64,26,9,43,64,27,9,43,62,27,9,28,41,35,5,32,45,32,5,31,45,32,6,30,45,33,6,20,42,42.259375,7.819625,24,40,38,7,21,38,38,7,22,38,38,6,30,Belgium
Antwerp,2019,18,5,96,146,31,7,99,149,31,8,95,146,31,8,95,145,31,8,45,67,28,6,45,65,26,9,43,64,27,9,43,63,27,9,29,40,33,10,32,44,33,7,31,45,32,7,30,45,33,7,22,39,35.31352273,6.126843434,23,40,39,8,22,38,38,7,21,38,38,6,27,Belgium
Antwerp,2019,19,5,96,139,31,8,96,146,31,9,98,147,31,8,95,145,31,7,41,61,30,9,43,63,27,10,44,64,27,9,43,63,27,9,34,44,31,7,32,44,31,8,32,45,32,7,31,44,32,6,21,34,34.94320106,6.509391534,22,39,38,8,22,38,37,6,21,37,38,7,24,Belgium
Antwerp,2019,20,5,100,145,27,5,95,143,30,8,99,148,30,7,95,145,31,7,47,63,24,6,44,62,26,9,44,64,26,8,43,63,27,8,32,46,27,5,31,43,31,7,32,45,31,6,31,45,32,6,21,36,36.00380952,3.749537037,21,38,37,6,22,38,37,6,21,37,37,6,25,Belgium
Antwerp,2019,21,5,95,143,29,4,97,143,30,6,98,146,30,7,96,145,31,7,40,66,27,6,43,64,27,7,44,64,26,8,43,64,27,8,35,45,27,2,33,44,29,6,32,45,31,5,31,45,31,6,20,32,34.93472222,5.300055556,21,35,35,5,22,38,37,6,21,37,37,7,22,Belgium
Antwerp,2019,22,5,99,134,29,5,98,140,29,6,98,144,30,7,96,144,30,7,45,60,23,4,43,63,26,7,44,64,26,8,43,63,27,8,30,39,29,6,33,44,28,5,32,44,30,6,32,44,31,6,24,35,41.96179398,5.303136574,22,34,37,5,22,37,38,7,22,37,38,6,26,Belgium
Antwerp,2019,23,6,103,148,29,7,99,143,28,5,98,144,30,7,98,146,30,7,43,64,23,6,44,63,24,6,43,63,26,8,44,64,26,8,36,46,31,8,33,44,28,5,33,44,30,6,33,45,31,6,24,38,34.52850694,5.197939815,22,35,37,5,22,37,37,6,22,37,37,6,26,Belgium
Antwerp,2019,24,6,93,140,30,7,98,141,29,6,96,142,30,7,98,145,30,7,44,64,27,10,43,64,25,7,43,63,26,8,44,64,26,8,30,42,31,3,33,43,29,5,32,43,30,6,32,44,31,6,19,34,33.22255848,6.77252924,22,35,36,6,21,36,37,6,22,37,37,6,24,Belgium
Antwerp,2019,25,6,98,141,34,5,98,141,30,6,98,142,30,6,98,144,30,6,41,60,28,5,43,62,25,6,43,63,26,7,44,63,26,7,35,47,41,5,33,44,33,5,33,44,31,6,32,44,31,5,22,34,33.63060606,4.146679293,22,35,36,5,22,35,36,5,22,37,36,6,24,Belgium
Antwerp,2019,26,6,92,136,30,9,97,141,30,7,97,141,30,6,98,143,30,7,43,63,27,13,43,63,26,9,43,63,26,8,44,63,26,8,31,44,31,4,33,45,33,5,33,44,31,5,32,44,31,6,18,29,35.36155864,7.290632716,21,34,34,6,21,34,36,6,22,36,37,6,21,Belgium
Antwerp,2019,27,7,106,158,32,9,97,144,31,7,98,143,30,6,98,144,30,7,49,71,23,12,44,65,26,10,44,64,25,8,44,64,26,9,32,49,42,8,32,46,36,5,33,45,32,5,32,45,32,6,25,38,37.55,2.8371,21,34,35,5,22,35,36,5,22,36,37,6,24,Belgium
Antwerp,2019,28,7,97,150,30,6,98,146,31,7,98,144,30,6,97,143,30,7,47,71,25,4,45,66,26,9,44,65,25,8,44,64,26,8,30,45,31,9,32,46,36,7,32,45,33,6,32,44,32,6,20,34,38.345625,3.665527778,21,34,36,4,22,34,36,5,21,35,37,5,23,Belgium
Antwerp,2019,29,7,106,160,36,6,100,151,32,7,99,146,31,7,98,145,31,6,47,72,25,4,47,69,25,8,45,66,25,7,44,65,26,7,35,50,52,8,32,47,39,7,32,45,36,6,32,45,34,6,24,38,33.4040162,6.206435185,22,35,36,5,22,35,36,5,22,35,36,5,24,Belgium
Antwerp,2019,30,7,105,156,31,9,104,156,32,7,100,149,31,7,99,146,31,7,48,72,28,9,48,72,25,7,45,67,26,8,45,66,26,8,33,46,34,10,33,48,40,9,33,46,37,7,33,45,34,6,24,38,34.18684028,5.621157407,23,37,36,5,22,35,35,5,22,35,36,5,24,Belgium
Antwerp,2019,31,7,97,150,28,5,101,154,31,6,99,149,31,7,99,147,30,6,44,67,21,6,47,71,25,6,45,68,25,8,45,66,25,7,32,49,34,4,33,48,38,8,32,47,37,6,33,46,34,6,21,34,32.66227513,5.817301587,22,36,35,5,22,35,35,5,22,35,35,5,23,Belgium
Antwerp,2019,32,8,101,147,31,11,102,153,31,8,100,150,31,7,99,147,31,7,47,69,29,17,47,70,26,9,46,68,26,9,45,67,25,8,33,46,32,4,33,48,38,7,33,47,37,7,33,46,34,6,21,32,34.75757937,5.256335979,23,36,34,6,22,35,35,5,22,35,35,5,22,Belgium
Antwerp,2019,33,8,92,149,31,8,99,151,30,8,100,151,31,8,99,147,31,7,41,67,27,9,45,69,26,10,46,69,26,9,45,67,26,8,30,48,31,10,32,47,33,7,32,47,36,7,32,46,35,7,21,34,39.45451058,3.057698413,22,35,35,5,22,35,36,5,22,35,36,5,23,Belgium
Antwerp,2019,34,8,98,146,29,6,97,148,30,8,100,152,31,7,99,148,31,7,46,70,26,7,45,68,26,10,46,70,25,9,45,68,26,9,34,46,30,5,32,47,32,6,32,47,36,7,33,47,35,7,18,30,36.1850463,6.305524691,20,33,36,5,22,35,36,5,21,34,35,5,21,Belgium
Antwerp,2019,35,8,101,154,41,7,98,149,33,8,100,152,32,7,99,149,32,7,45,71,48,5,45,69,33,10,46,70,29,8,45,68,28,9,37,51,33,9,34,48,31,7,33,48,35,7,33,47,35,7,19,32,38.43622807,9.908538012,20,32,37,6,21,34,36,6,21,34,36,6,21,Belgium
Antwerp,2019,36,9,96,146,31,13,97,149,33,9,100,151,32,8,99,149,32,8,42,65,26,24,44,68,32,11,45,69,29,10,45,68,28,10,36,51,35,5,34,49,32,7,34,48,35,7,33,48,35,7,18,30,37.08890432,1.720308642,19,32,38,5,21,34,36,5,21,34,36,5,21,Belgium
Antwerp,2019,37,9,101,147,29,6,99,148,33,8,99,149,31,8,99,150,32,8,47,67,24,6,45,68,31,11,45,69,29,11,46,69,27,10,33,47,33,7,35,49,33,6,34,48,33,7,33,48,35,7,21,33,36.38034392,5.943584656,19,31,37,6,20,33,36,5,21,34,36,5,22,Belgium
Antwerp,2019,38,9,91,139,30,5,97,147,33,8,97,147,31,8,99,150,32,7,42,67,26,4,44,68,31,10,44,68,28,10,45,69,27,9,30,42,32,5,34,48,33,6,33,48,32,6,33,48,35,7,19,30,36.19517544,4.32004386,19,31,37,5,20,32,36,5,21,34,36,5,22,Belgium
Antwerp,2019,39,9,102,153,30,4,98,146,30,7,98,148,32,7,99,150,31,7,45,67,26,3,44,67,25,9,44,68,29,10,45,69,28,8,34,49,34,5,33,47,33,5,33,48,32,6,33,48,34,7,23,37,31.98997585,3.33826087,20,33,35,4,20,32,36,5,21,34,36,5,24,Belgium
Antwerp,2019,40,10,97,148,30,5,98,147,30,5,97,148,31,7,99,150,31,7,47,69,27,6,45,68,26,5,44,68,29,8,45,69,28,8,31,47,31,5,32,46,32,6,33,48,32,6,33,48,34,6,19,32,36.25697368,1.818260234,21,33,35,4,20,32,36,5,21,33,36,5,22,Belgium
Antwerp,2019,41,10,105,156,30,6,99,149,30,5,99,149,31,6,99,149,31,7,42,69,27,5,44,68,26,5,45,68,29,8,45,68,28,9,40,51,32,6,34,47,32,5,34,48,32,6,34,48,32,6,23,36,32.07214976,5.657379227,21,34,34,4,20,33,36,5,21,33,35,5,23,Belgium
Antwerp,2019,42,10,96,145,28,4,100,151,30,5,99,149,31,6,98,148,31,7,41,63,23,2,44,67,26,4,44,67,28,7,44,68,27,8,33,49,32,7,35,49,32,6,34,48,33,6,34,48,32,6,22,33,33.54016414,2.351540404,22,35,33,3,21,33,35,4,20,33,35,5,23,Belgium
Antwerp,2019,43,10,91,132,37,6,97,145,31,5,97,146,31,6,98,147,32,7,42,57,37,7,43,65,28,5,44,66,27,7,44,67,29,8,32,45,33,4,34,48,32,6,34,48,33,5,34,48,32,6,17,30,46.47934641,7.365964052,20,33,37,4,20,33,36,4,20,32,37,5,23,Belgium
Antwerp,2019,44,11,93,132,33,6,96,141,32,5,97,144,31,5,97,146,32,6,40,57,32,6,41,62,30,5,43,65,28,5,43,66,29,7,35,46,32,5,35,48,32,6,34,47,32,6,34,48,32,6,18,29,37.57830247,7.926358025,20,32,37,6,20,33,36,5,20,32,37,5,22,Belgium
Antwerp,2019,45,11,92,141,36,5,93,138,34,5,96,143,32,5,97,145,32,6,40,59,39,7,41,59,33,5,42,64,29,5,43,65,30,7,35,51,31,5,34,48,32,5,34,48,32,5,34,48,32,6,17,31,38.43377451,1.851388889,19,31,39,5,20,32,37,4,20,32,37,5,22,Belgium
Antwerp,2019,46,11,95,135,28,4,93,135,33,5,96,143,32,5,97,144,32,6,46,64,24,4,42,59,33,6,43,63,29,5,43,65,30,7,36,50,31,4,35,48,32,4,35,49,32,5,34,48,32,5,13,21,36.39893162,4.456410256,16,28,40,5,19,31,37,4,19,31,37,5,16,Belgium
Antwerp,2019,47,11,108,145,34,6,97,138,33,5,97,142,32,5,97,143,31,6,45,66,36,5,43,62,32,5,43,63,30,5,43,64,29,7,37,49,34,7,36,49,32,5,35,49,32,5,34,48,32,5,26,30,33.17688034,5.475854701,19,28,36,5,19,30,37,5,20,31,36,4,21,Belgium
Antwerp,2019,48,11,100,148,32,8,99,142,33,6,98,142,32,5,98,143,31,5,47,68,29,7,45,64,32,6,43,63,31,5,44,64,29,5,32,47,32,10,35,49,32,6,35,49,32,6,34,48,32,6,21,33,37.09686508,6.499616402,19,29,36,5,20,30,37,5,20,31,36,5,22,Belgium
Antwerp,2019,49,12,95,143,33,5,100,143,32,5,96,140,33,5,97,143,32,5,40,62,29,4,45,65,29,5,43,62,31,5,43,64,29,5,33,46,33,5,35,48,32,6,34,48,32,6,34,48,32,6,22,35,40.775,5.221944444,21,30,37,5,20,30,38,5,20,31,37,5,24,Belgium
Antwerp,2019,50,12,94,145,33,6,99,145,33,6,96,140,33,6,97,144,32,5,47,70,32,6,45,67,31,5,43,63,32,6,44,64,30,5,29,45,31,5,33,47,32,7,34,47,32,6,34,48,32,6,18,30,37.62361111,10.63459877,22,32,37,7,19,30,38,6,20,31,37,5,21,Belgium
Antwerp,2019,51,12,107,157,33,8,99,148,33,7,98,143,33,6,98,144,32,6,51,76,33,9,46,69,31,6,45,65,32,6,44,65,31,6,38,52,31,6,33,48,32,6,34,48,32,6,34,48,32,6,18,29,35.4333642,10.17743827,20,32,38,8,19,30,37,7,20,31,37,6,18,Belgium
Antwerp,2019,52,12,82,139,36,12,95,146,34,8,97,144,33,7,97,143,33,6,33,66,33,13,43,69,32,8,44,66,32,7,43,65,31,6,33,48,34,11,33,48,32,7,34,49,32,7,34,48,32,6,16,25,45.34269097,11.34085069,19,30,40,9,19,29,38,7,19,30,38,7,18,Belgium
Antwerp,2020,1,1,108,108,87,14,98,137,47,10,99,140,40,8,97,139,38,7,51,51,135,17,46,66,58,11,45,65,44,8,44,63,40,7,34,34,45,14,34,45,35,9,34,46,34,8,34,47,33,7,23,23,42.70449275,7.374492754,19,27,40,10,20,28,39,8,19,29,39,7,21,Belgium
Antwerp,2020,2,1,97,158,33,10,99,141,47,11,99,143,40,9,97,140,38,7,46,74,31,9,45,67,58,12,45,67,45,9,44,64,41,8,29,48,31,10,34,46,35,10,33,46,34,9,34,47,33,7,22,36,38.01409091,11.78885101,20,28,40,10,21,30,39,9,19,29,39,8,23,Belgium
Antwerp,2020,3,1,103,159,29,5,98,141,46,10,98,145,39,9,98,143,37,7,46,73,24,5,44,66,56,11,45,68,43,9,44,66,40,8,34,49,31,4,33,45,35,10,33,46,34,8,34,47,33,7,23,37,37.18402174,7.190942029,21,30,41,9,20,31,39,9,20,30,38,7,23,Belgium
Antwerp,2020,4,1,97,152,36,8,101,144,46,10,98,145,40,9,98,144,37,8,45,70,33,5,47,67,56,9,45,68,44,8,45,67,40,8,30,44,35,11,32,44,36,10,33,46,34,8,33,47,33,8,22,38,42.65950758,11.96690657,23,34,40,10,21,32,40,9,20,31,39,8,25,Belgium
Antwerp,2020,5,1,106,156,38,8,101,156,34,8,99,147,41,9,99,145,38,8,49,66,28,9,47,71,29,7,46,68,44,9,46,67,39,8,36,49,50,9,32,48,37,9,33,46,36,9,33,47,35,8,21,41,43.91533069,3.088664021,22,38,40,9,20,32,40,9,20,32,39,8,26,Belgium
Antwerp,2020,6,2,103,154,37,7,102,155,35,7,100,148,41,9,100,147,38,8,50,76,31,5,48,71,29,6,46,69,44,9,46,68,40,8,33,45,36,8,33,47,38,8,33,46,37,9,33,46,35,8,20,33,51.019875,12.56109722,22,37,44,9,21,33,42,9,21,33,40,9,21,Belgium
Antwerp,2020,7,2,89,153,47,13,99,154,39,9,98,147,43,10,98,148,39,9,38,67,36,15,46,70,32,8,45,68,44,10,45,68,39,9,32,51,61,10,33,47,46,10,33,46,40,10,33,47,38,9,19,35,44.4749269,15.735,21,37,46,11,21,34,43,10,20,33,41,9,23,Belgium
Antwerp,2020,8,2,90,178,38,7,97,160,40,9,99,152,43,9,98,150,40,9,40,82,37,9,44,73,33,9,46,70,44,9,45,69,40,9,30,56,37,8,33,50,46,9,32,47,41,9,33,47,38,9,20,40,42.64770833,4.788541667,20,37,46,9,21,35,43,9,20,34,42,9,22,Belgium
Antwerp,2020,9,2,101,168,34,10,96,163,39,9,98,160,36,9,98,152,40,9,46,72,35,8,44,74,35,9,45,73,32,8,45,70,41,9,36,57,30,13,33,52,41,10,33,50,39,9,33,48,38,9,19,39,37.46090643,8.169707602,20,37,44,10,21,37,42,9,20,34,42,10,23,Belgium
Antwerp,2020,10,3,92,161,34,9,93,165,38,10,98,160,37,9,98,154,40,9,41,71,27,9,41,73,34,10,44,72,31,8,45,70,40,9,32,51,34,10,33,54,41,10,33,50,39,9,33,49,38,10,19,39,46.59486842,9.082295322,19,38,43,9,20,38,43,9,20,35,42,9,24,Belgium
Antwerp,2020,11,3,93,147,35,8,94,164,35,9,96,159,37,9,97,153,40,9,45,64,26,8,43,72,31,9,44,71,32,8,44,69,40,9,31,49,44,7,32,53,36,9,33,50,41,9,33,48,39,10,17,34,40.68029412,6.740522876,19,38,42,7,20,37,44,9,20,35,43,9,23,Belgium
Antwerp,2020,12,3,97,142,31,10,96,155,33,9,96,157,37,9,98,153,40,9,44,65,26,15,44,68,29,10,44,70,31,10,45,69,39,9,35,49,34,8,34,52,35,9,33,51,41,9,33,49,39,9,18,28,38.46299383,5.589367284,18,35,41,7,19,36,43,8,20,35,42,9,20,Belgium
Antwerp,2020,13,3,94,143,32,10,94,148,33,9,95,156,36,9,97,156,35,9,45,67,27,9,44,67,27,10,44,71,31,10,45,71,30,9,35,52,35,10,33,50,37,9,33,51,39,9,33,50,38,9,14,24,37.61563492,11.86984127,17,31,41,8,18,34,42,9,20,35,42,9,17,Belgium
Antwerp,2020,14,3,94,148,33,11,95,145,33,10,94,155,35,10,97,155,35,9,41,68,28,19,44,66,27,13,43,70,30,11,44,70,30,10,34,52,34,7,34,51,37,8,33,52,39,9,33,50,38,9,19,28,41.06561404,3.316023392,17,29,39,7,18,33,41,8,19,35,42,8,19,Belgium
Antwerp,2020,15,4,108,157,33,14,98,148,32,11,96,156,34,10,97,155,36,10,47,74,33,19,44,69,29,16,44,70,30,12,44,70,31,11,37,51,31,13,35,51,34,9,34,52,35,9,33,51,38,9,24,32,38.18524306,5.658680556,19,28,39,7,19,33,40,7,19,34,42,8,20,Belgium
Antwerp,2020,16,4,96,158,36,10,98,152,34,11,97,153,33,10,97,155,36,10,46,76,36,5,45,71,31,13,44,70,30,12,44,71,31,11,35,53,36,19,35,52,34,12,34,52,35,11,34,51,39,10,15,29,35.93301852,4.578481481,18,28,38,6,18,32,39,7,19,34,42,8,18,Belgium
Antwerp,2020,17,4,93,152,28,7,98,154,33,11,96,151,33,10,96,155,35,10,42,71,24,9,44,72,30,13,44,70,28,12,44,71,31,11,32,51,28,4,35,52,33,11,34,51,35,10,34,51,37,10,19,30,35.39062865,8.15994152,19,30,38,5,18,31,39,7,19,33,41,8,20,Belgium
Antwerp,2020,18,4,92,146,54,7,97,153,38,10,96,149,35,10,95,154,36,10,44,71,33,8,45,73,31,10,44,70,29,12,43,71,31,11,31,47,91,6,34,51,47,10,34,51,42,9,33,52,41,9,17,28,39.11155229,6.812990196,19,30,37,6,18,29,38,7,18,32,40,8,19,Belgium
Antwerp,2020,19,5,102,152,31,7,96,152,37,8,97,150,35,10,96,154,35,9,46,73,28,8,45,73,30,7,44,71,29,11,44,71,30,11,37,51,30,8,34,51,47,9,35,51,40,9,34,52,39,9,19,28,37.82106725,4.361812865,18,29,37,6,18,28,38,6,18,32,39,7,18,Belgium
Antwerp,2020,20,5,94,149,40,11,95,150,38,8,97,151,36,10,96,152,35,10,44,71,28,14,44,72,28,10,44,71,30,11,44,70,29,11,32,49,56,8,33,50,52,7,34,51,43,9,34,51,40,9,18,29,41.24131173,10.61131173,18,29,38,7,18,29,38,7,18,31,39,7,19,Belgium
Antwerp,2020,21,5,94,146,33,15,96,148,39,10,97,151,36,10,96,150,35,10,43,69,24,27,44,71,28,14,44,72,29,14,44,70,28,12,35,49,40,6,34,49,55,7,34,50,44,9,34,50,41,9,16,28,37.29848958,2.743194444,18,28,39,6,18,29,38,6,18,30,39,7,19,Belgium
Antwerp,2020,22,5,91,149,31,9,95,149,34,11,96,151,36,10,96,149,35,10,39,64,29,7,43,69,27,14,44,71,29,12,44,69,29,12,33,52,31,14,34,50,39,9,34,50,43,10,34,50,41,9,19,33,36.01789474,6.948596491,18,30,38,6,18,30,38,6,18,29,38,6,22,Belgium
Antwerp,2020,23,6,99,147,32,6,95,148,34,10,95,150,35,9,96,149,34,10,48,66,29,7,44,68,27,14,44,70,29,11,44,70,29,12,34,53,34,5,34,51,40,8,34,51,43,9,34,51,40,9,17,28,36.9874183,4.885866013,18,30,38,6,18,29,37,6,18,29,38,6,19,Belgium
Antwerp,2020,24,6,83,143,29,4,92,146,31,9,94,148,35,8,95,149,34,9,37,67,23,4,42,67,26,11,43,69,27,10,44,70,29,11,30,47,33,3,33,50,34,7,33,50,43,7,34,51,40,8,16,29,34.78713542,5.940034722,17,30,36,5,18,29,37,6,18,29,38,6,20,Belgium
Antwerp,2020,25,6,95,145,46,8,92,146,34,7,94,147,37,8,95,149,35,9,46,69,27,7,43,67,27,6,43,69,28,10,44,70,29,11,30,46,79,11,32,50,44,8,33,49,49,8,33,50,44,9,19,30,38.55951754,6.24005848,18,30,37,6,18,29,38,6,18,29,38,6,21,Belgium
Antwerp,2020,26,6,102,161,32,7,95,149,35,6,95,149,34,8,96,150,35,9,46,76,26,9,44,70,26,7,44,69,27,10,44,71,28,10,33,48,31,6,32,49,44,6,33,49,42,8,33,50,44,9,23,37,44.65938406,6.665507246,19,31,39,6,18,30,38,6,19,30,38,6,23,Belgium
Antwerp,2020,27,7,88,141,30,5,92,148,34,6,93,148,34,8,94,149,35,8,43,67,24,6,43,70,25,6,43,69,26,10,44,70,28,9,28,43,31,5,30,46,44,6,32,48,42,7,33,49,44,8,17,31,40.69934641,3.976650327,19,32,40,6,18,31,39,6,18,30,38,6,22,Belgium
Antwerp,2020,28,7,97,144,40,8,96,148,37,7,94,147,34,8,94,148,35,8,43,69,48,11,45,70,31,8,43,68,29,10,43,69,29,10,33,44,32,6,31,45,43,7,32,48,39,7,32,48,43,7,21,31,37.09439153,4.515291005,20,32,40,5,19,31,38,5,18,30,38,6,22,Belgium
Antwerp,2020,29,7,102,150,35,6,97,149,34,7,95,148,34,7,95,148,36,8,49,74,30,8,45,72,32,8,44,69,29,7,44,70,29,10,33,44,38,6,32,45,33,6,32,47,39,7,32,48,44,7,20,32,40.23688889,3.134458333,20,33,41,5,19,31,39,5,19,30,39,6,21,Belgium
Antwerp,2020,30,7,92,153,29,11,95,147,33,8,95,148,34,7,95,148,34,8,40,74,24,16,44,71,32,10,44,70,29,8,44,70,28,10,33,47,31,8,32,45,33,7,32,47,39,6,33,48,39,7,19,32,34.81304094,6.175847953,19,32,38,4,19,31,38,5,19,31,38,6,21,Belgium
Antwerp,2020,31,7,99,150,30,7,98,149,33,8,95,148,34,7,95,148,34,8,52,75,28,11,46,73,33,11,45,71,29,9,44,70,28,10,30,47,31,5,32,46,33,7,31,46,38,6,32,47,39,7,17,28,34.72222222,1.995637255,19,31,37,4,19,31,38,5,19,31,38,5,19,Belgium
Antwerp,2020,32,8,96,147,58,7,97,150,38,8,96,149,37,8,95,148,35,8,42,70,40,7,46,73,31,10,45,72,31,9,44,70,29,10,34,47,92,8,33,46,48,7,32,46,46,7,32,47,42,7,20,30,40.35129167,8.155013889,19,31,38,5,20,31,39,5,19,31,38,5,20,Belgium
Antwerp,2020,33,8,100,154,31,8,97,151,37,9,97,150,36,8,95,149,35,7,47,74,27,11,45,73,30,11,45,72,31,10,44,70,30,9,32,49,29,4,32,48,46,6,32,46,39,6,32,47,41,7,21,31,43.01867725,8.174589947,19,30,38,6,20,32,39,5,19,31,38,6,20,Belgium
Antwerp,2020,34,8,99,154,34,8,99,151,38,8,97,149,36,8,96,149,35,7,47,73,33,8,47,73,32,9,45,72,32,10,45,71,30,9,32,49,33,11,32,48,46,7,32,46,40,7,32,47,41,7,20,32,38.78752778,6.341583333,20,30,39,6,19,31,39,5,19,31,39,6,21,Belgium
Antwerp,2020,35,8,101,155,30,15,99,153,38,10,98,151,36,9,96,150,35,8,49,74,25,25,46,73,31,12,46,73,32,12,45,72,30,10,33,48,34,6,33,48,47,7,33,47,40,7,32,47,41,7,19,33,36.95925439,5.689883041,20,32,40,7,20,31,38,6,19,31,39,6,21,Belgium
Antwerp,2020,36,9,100,163,31,6,100,157,31,10,99,153,35,9,98,151,35,8,44,72,26,8,47,73,28,13,46,73,29,12,46,72,30,10,31,53,33,3,32,50,32,6,32,48,40,7,32,47,41,7,25,38,38.54443333,6.1376,21,34,39,7,20,32,38,6,20,32,39,6,23,Belgium
Antwerp,2020,37,9,101,158,32,4,100,158,32,8,99,154,34,9,98,153,34,8,44,67,28,5,46,72,28,11,46,72,29,11,46,72,30,10,37,54,34,4,33,51,33,6,33,49,40,6,32,48,37,6,20,37,36.42809722,4.574694444,21,35,38,6,20,33,38,6,20,33,39,5,23,Belgium
Antwerp,2020,38,9,104,163,33,9,102,160,32,9,100,156,35,8,98,153,34,8,56,77,32,7,48,73,28,11,48,73,30,10,46,72,30,10,29,50,31,14,33,51,33,7,32,50,40,7,32,48,37,7,19,36,39.11690058,6.186915205,21,36,38,6,20,33,38,6,20,33,38,5,22,Belgium
Antwerp,2020,39,9,100,160,43,14,101,161,35,8,100,157,37,9,99,154,36,9,43,75,36,12,47,73,31,8,47,73,31,10,46,73,31,11,32,46,46,12,32,51,36,8,33,50,41,8,32,48,39,7,25,39,51.78428889,19.30097778,22,38,41,9,21,35,41,8,21,33,39,7,24,Belgium
Antwerp,2020,40,9,92,166,45,10,99,162,38,9,100,159,35,9,99,156,36,9,43,78,44,13,47,74,35,9,47,74,31,11,46,74,31,11,30,49,48,9,32,50,40,10,32,50,36,8,32,49,40,8,19,39,43.36935673,6.284839181,21,38,43,9,21,36,41,8,20,34,40,7,23,Belgium
Antwerp,2020,41,10,100,162,34,8,99,163,39,10,100,160,35,9,99,157,36,9,41,67,27,11,46,74,35,11,46,73,31,11,46,73,31,11,36,54,39,6,32,50,41,10,33,50,37,8,32,49,40,8,23,41,39.59463768,7.006376812,22,39,43,10,21,37,41,8,21,35,40,7,25,Belgium
Antwerp,2020,42,10,104,165,33,11,99,163,39,11,100,162,35,10,100,158,36,9,49,69,29,12,44,72,34,12,46,72,31,12,46,73,31,11,36,58,33,13,34,52,41,10,33,52,37,8,33,50,40,8,19,38,42.37159357,6.8575,22,39,44,10,21,38,41,8,21,35,40,7,23,Belgium
Antwerp,2020,43,10,92,156,33,7,97,162,36,9,99,162,36,9,99,159,36,9,39,66,28,9,43,70,32,11,45,71,31,10,45,72,31,11,36,57,36,3,35,55,39,8,33,53,37,8,33,51,41,8,17,33,39.63968954,14.78751634,20,38,41,9,21,38,41,9,21,36,41,8,21,Belgium
Antwerp,2020,44,10,85,149,34,5,95,158,34,8,97,160,36,9,98,159,34,9,32,59,26,8,40,65,28,10,43,70,31,10,45,71,30,11,31,52,41,3,35,55,37,6,33,53,39,8,33,52,36,7,22,38,35.57316919,4.885934343,20,38,39,8,21,38,41,9,21,36,40,8,26,Belgium
Antwerp,2020,45,11,103,155,36,8,96,156,34,8,98,160,36,9,98,159,35,9,49,67,28,7,42,65,28,9,44,70,31,10,45,70,30,10,33,52,42,9,34,55,38,7,33,52,39,8,33,52,37,8,21,36,45.22109788,9.992830688,20,36,41,9,21,38,42,9,21,37,41,8,23,Belgium
Antwerp,2020,46,11,93,153,35,5,93,153,34,6,96,158,37,9,98,159,35,9,45,66,30,5,41,65,28,7,43,68,31,10,45,70,30,10,26,45,33,5,32,52,38,5,33,52,40,7,33,52,37,7,22,42,46.39776515,4.638421717,21,37,42,9,21,38,43,9,21,38,41,8,27,Belgium
Antwerp,2020,47,11,83,147,36,5,91,151,35,6,94,157,36,8,96,158,35,8,35,58,35,5,40,63,30,6,42,66,31,9,43,68,31,8,32,50,34,4,31,50,37,5,33,52,38,6,32,52,37,7,16,39,42.25631944,7.332256944,20,39,42,7,20,38,42,8,21,38,42,8,27,Belgium
Antwerp,2020,48,11,103,151,33,8,96,152,35,6,95,155,34,7,97,157,36,8,47,63,27,7,44,64,30,6,42,64,29,8,44,68,31,8,37,52,35,9,32,50,36,7,33,53,37,6,33,52,38,8,19,36,45.37511696,5.588435673,20,38,45,7,20,38,42,8,20,38,42,8,24,Belgium
Antwerp,2020,49,12,82,138,35,7,90,147,35,6,93,152,34,7,95,155,36,8,39,63,28,10,42,63,30,7,42,64,29,8,43,67,31,9,24,43,37,7,30,48,35,6,32,51,36,7,32,51,38,8,19,32,47.62932749,1.489678363,19,37,45,5,19,37,43,7,20,37,43,8,23,Belgium
Antwerp,2020,50,12,89,135,41,8,89,143,36,7,91,148,35,7,94,153,37,8,39,57,32,6,40,60,31,7,41,62,29,7,42,66,31,9,34,47,49,8,32,48,39,7,32,50,38,6,32,50,39,7,16,31,47.79576389,14.42605903,18,35,46,7,19,36,44,8,20,37,44,9,23,Belgium
Antwerp,2020,51,12,100,154,38,10,94,145,37,8,92,148,36,7,94,153,36,8,46,66,33,12,43,62,30,9,42,62,30,7,42,65,31,9,27,48,35,7,31,48,39,8,31,49,38,7,32,51,38,7,27,40,47.84221193,8.866676955,20,35,47,8,20,37,45,7,20,37,44,8,26,Belgium
Antwerp,2020,52,12,84,145,41,21,89,143,39,12,92,147,37,9,93,151,36,9,36,64,35,28,40,63,32,14,42,63,31,10,41,64,30,10,33,45,43,12,30,46,41,9,31,48,38,8,32,50,38,7,15,36,51.28788889,23.79544444,19,35,49,12,19,37,47,10,20,37,44,9,25,Belgium
Antwerp,2020,53,12,19,98,27,9,73,133,37,12,82,140,36,9,86,146,35,9,12,45,24,10,33,58,31,14,37,60,30,10,39,62,29,10,3,30,21,10,24,43,37,9,27,45,36,8,29,48,37,7,4,23,42.01888889,4.762569444,16,33,47,13,17,35,46,9,18,35,44,9,23,Belgium
Antwerp,2021,1,1,88,154,32,14,73,138,34,13,81,140,35,10,85,145,35,9,39,69,24,13,33,61,29,16,37,61,30,11,38,62,29,10,29,50,36,13,23,43,34,11,27,46,36,9,29,48,37,8,20,35,41.80995833,15.62538889,17,34,46,13,17,34,46,10,18,35,44,10,23,Belgium
Antwerp,2021,2,1,96,156,33,14,72,138,33,14,83,141,35,11,85,145,35,9,43,68,30,12,33,62,28,16,38,62,29,12,39,62,29,10,30,45,32,11,24,43,33,12,27,45,36,10,28,47,36,8,23,43,40.70427536,20.00291063,16,34,44,16,18,35,46,12,19,36,44,10,28,Belgium
Antwerp,2021,3,1,88,147,35,7,73,139,32,11,81,141,35,11,86,144,35,10,37,61,30,7,33,61,27,10,36,62,29,12,39,62,30,10,32,46,36,7,24,43,31,10,27,44,36,9,28,46,36,9,19,40,42.93241228,5.669824561,17,35,42,12,18,35,45,12,18,36,45,10,27,Belgium
Antwerp,2021,4,1,96,142,36,7,92,150,34,10,83,141,35,11,85,143,35,10,41,58,31,8,40,64,29,10,37,61,30,12,38,62,30,10,33,49,37,6,31,48,35,9,28,45,36,9,28,46,36,8,22,35,43.40498737,8.328888889,21,38,42,12,18,35,45,13,19,36,45,10,25,Belgium
Antwerp,2021,5,1,88,158,42,10,92,151,37,9,82,144,35,11,85,144,36,10,37,62,37,10,40,62,32,9,36,62,30,12,38,61,30,11,31,50,38,6,32,48,36,8,27,45,35,9,29,46,36,8,20,46,59.52090278,16.015125,21,41,47,13,19,37,46,13,18,36,46,11,29,Belgium
Antwerp,2021,6,2,90,142,37,9,91,147,38,8,81,143,35,11,85,143,36,10,39,62,30,8,39,61,32,8,36,61,30,12,38,62,30,11,29,41,38,10,31,47,37,7,28,45,35,9,29,46,36,9,22,39,49.00291667,10.90705808,21,40,49,10,18,37,46,13,19,36,47,11,27,Belgium
Antwerp,2021,7,2,93,161,56,12,92,151,43,10,82,145,37,10,84,144,38,11,38,61,59,9,39,61,39,9,36,61,33,10,37,61,33,11,36,57,53,12,32,49,41,8,28,46,36,9,28,46,38,9,19,43,57.26391813,19.79429825,21,41,52,14,19,38,47,13,19,37,48,12,27,Belgium
Antwerp,2021,8,2,94,159,44,14,91,155,45,11,92,152,39,11,85,146,39,11,39,58,32,14,38,61,40,10,39,62,34,10,37,61,33,11,34,59,52,7,33,52,45,9,32,50,40,9,29,47,39,9,21,42,51.47703704,25.47297619,21,43,54,18,21,40,48,15,19,38,48,14,26,Belgium
Antwerp,2021,9,2,94,162,37,14,93,156,44,12,92,153,40,11,86,148,38,12,46,71,32,12,41,63,38,11,40,63,35,10,38,62,33,12,31,52,39,15,33,52,45,11,32,50,41,9,29,48,38,10,17,39,48.65683007,17.75029412,20,41,52,18,20,41,49,15,19,38,48,15,24,Belgium
Antwerp,2021,10,3,78,149,45,13,90,158,46,13,90,153,42,11,84,148,39,12,36,65,31,14,40,64,39,12,39,62,35,10,37,62,33,12,23,45,62,16,31,53,51,12,31,50,44,10,29,47,40,10,19,39,51.91833333,8.989078947,19,41,52,18,20,40,51,14,18,38,48,15,26,Belgium
Antwerp,2021,11,3,97,164,34,9,91,159,40,13,91,155,42,11,85,149,38,11,44,71,28,7,41,66,31,12,40,64,35,10,38,63,32,10,32,52,34,9,30,52,47,12,31,51,44,10,29,48,40,10,21,41,47.61843915,15.93227513,20,40,50,17,20,41,51,15,19,39,48,14,25,Belgium
Antwerp,2021,12,3,87,147,40,8,89,156,39,11,90,155,42,11,91,153,39,11,37,62,28,6,41,67,30,10,40,64,35,10,40,64,33,10,30,50,50,5,29,50,46,11,31,51,46,10,31,50,42,10,20,35,48.17418056,16.61745833,19,39,49,15,20,41,52,16,20,40,49,15,24,Belgium
Antwerp,2021,13,3,101,154,43,9,91,154,41,10,92,155,42,11,92,153,40,11,38,60,36,6,39,65,31,8,40,64,35,9,40,63,34,9,40,55,41,12,31,51,47,10,32,51,46,11,32,50,43,10,23,39,59.86798309,8.153647343,21,39,52,12,20,40,52,15,21,40,50,14,25,Belgium
Antwerp,2021,14,3,87,147,37,14,93,153,39,10,91,155,42,12,91,153,41,11,41,63,31,13,40,64,31,8,40,64,35,10,39,63,34,9,32,53,37,13,34,53,41,10,32,53,46,11,32,51,43,10,14,31,51.93724206,19.36095238,20,37,52,15,19,39,52,17,20,39,51,14,21,Belgium
Antwerp,2021,15,4,93,157,33,12,92,151,38,11,91,155,39,12,92,154,41,11,46,74,27,11,41,65,30,9,41,66,31,10,40,64,34,10,28,51,31,10,33,52,40,10,31,52,43,11,32,51,43,10,19,32,50.20290936,15.77171053,19,34,53,15,19,37,51,16,20,38,52,15,20,Belgium
Antwerp,2021,16,4,88,151,35,14,92,152,37,12,91,154,38,12,91,154,40,12,40,69,31,13,41,67,31,11,41,67,31,10,40,65,34,10,29,46,32,10,32,51,35,11,31,51,41,11,31,51,42,10,19,36,47.10118421,22.00839181,19,35,52,16,19,37,51,16,20,39,52,16,24,Belgium
Antwerp,2021,17,4,102,162,44,8,93,154,37,12,92,154,39,11,92,155,41,11,43,69,32,6,43,69,30,11,41,67,31,9,41,65,33,10,37,53,56,11,32,51,39,11,31,51,43,11,32,51,44,11,22,40,46.94406566,7.896136364,19,35,49,16,20,37,50,14,20,38,51,16,25,Belgium
Antwerp,2021,18,4,87,154,40,8,93,156,38,11,93,155,38,10,92,156,41,11,43,73,39,8,43,71,32,10,42,68,32,9,41,66,34,10,29,48,36,10,31,50,39,10,32,51,40,10,32,52,44,11,15,33,50.70368519,7.715925926,19,35,49,13,19,36,50,14,19,38,51,15,21,Belgium
Antwerp,2021,19,5,101,160,37,15,95,157,39,12,93,154,39,11,92,156,39,12,41,67,30,12,42,70,33,10,41,67,32,9,41,67,32,10,35,53,36,19,33,50,40,13,33,51,40,11,32,51,42,11,25,40,50.80966667,15.88038889,20,37,49,13,20,36,51,14,20,37,50,15,25,Belgium
Antwerp,2021,20,5,93,161,49,17,96,159,43,12,94,156,40,12,92,156,40,12,40,67,64,21,42,69,41,12,42,68,36,11,41,68,34,11,31,52,34,16,33,52,41,14,33,51,38,13,31,51,41,12,22,42,46.08108586,13.94786616,21,39,49,11,20,37,50,14,20,37,50,14,26,Belgium
Antwerp,2021,21,5,90,164,43,22,93,160,42,16,93,157,40,14,92,156,40,13,40,69,35,21,41,69,42,15,42,69,36,13,41,67,34,11,34,56,48,19,32,52,38,16,32,52,39,13,32,51,41,12,16,39,54.73637153,31.37305556,20,39,51,17,19,37,50,17,20,37,51,15,24,Belgium
Antwerp,2021,22,5,87,161,43,18,93,162,43,18,93,159,41,14,93,157,40,13,34,63,31,15,39,67,40,17,41,69,36,13,41,67,34,12,28,54,45,11,32,54,41,16,31,52,40,13,32,52,40,12,25,44,55.62332222,29.1075,22,41,52,23,20,38,50,18,20,38,51,17,27,Belgium
Antwerp,2021,23,6,99,166,47,28,92,163,45,21,93,160,42,16,93,157,41,15,50,76,34,19,41,69,41,19,41,69,37,14,41,68,35,12,27,44,61,25,30,52,47,18,31,51,44,15,32,51,42,13,22,46,57.47080808,54.7804798,21,43,53,32,21,40,51,23,20,38,52,20,28,Belgium
Antwerp,2021,24,6,88,159,38,26,91,163,43,24,93,161,43,18,93,158,41,16,37,63,29,20,40,68,32,19,41,68,37,15,41,68,35,14,35,54,40,11,31,52,48,17,32,52,45,15,32,52,41,14,16,42,55.83260417,73.92057292,20,43,56,47,20,41,52,29,20,39,52,25,26,Belgium
Antwerp,2021,25,6,79,149,48,19,88,159,44,23,91,159,43,19,91,158,41,17,33,57,33,17,39,65,32,17,40,67,37,16,41,68,35,15,29,54,62,17,30,52,52,16,31,52,45,16,31,52,43,14,17,38,52.12558824,26.40346405,20,43,55,46,20,41,53,32,19,39,52,27,26,Belgium
Antwerp,2021,26,6,78,146,44,18,86,155,44,23,89,158,44,20,90,158,42,17,37,63,43,19,39,65,35,18,39,66,37,18,40,68,36,15,19,42,35,19,28,49,50,18,30,51,45,17,30,51,43,15,22,41,52.31463384,16.22512626,19,42,54,43,21,42,53,33,20,39,52,26,28,Belgium
Antwerp,2021,27,6,96,159,41,21,85,153,43,21,89,158,44,21,91,158,42,18,41,65,30,19,37,62,34,18,39,65,37,19,40,67,36,16,33,48,41,21,29,50,44,17,30,51,46,17,31,50,44,16,22,46,60.72771465,25.67819444,19,42,55,36,20,42,54,34,20,41,53,27,29,Belgium
Antwerp,2021,28,7,88,157,43,19,85,153,44,19,88,158,43,21,91,158,43,18,35,63,36,12,37,62,35,16,38,65,34,18,40,66,36,16,36,56,41,18,29,50,45,19,30,51,47,18,31,51,45,16,17,38,62.76169935,36.60534314,20,41,57,26,20,42,56,37,20,41,54,28,24,Belgium
Antwerp,2021,29,7,84,155,47,16,87,154,44,19,87,157,44,21,89,158,43,19,42,67,31,21,39,65,35,18,39,65,33,17,39,66,36,17,26,52,67,9,29,50,46,17,29,51,49,16,30,51,46,16,16,36,56.62463542,14.49451389,19,40,58,23,20,41,57,35,20,40,55,29,23,Belgium
Antwerp,2021,30,7,91,157,41,15,90,157,43,18,88,156,44,20,90,158,43,20,43,70,34,12,40,66,33,16,40,66,34,17,39,66,36,17,31,51,41,10,32,52,48,15,30,50,49,16,30,51,46,16,17,36,59.85552288,29.47946078,18,39,60,27,19,40,57,35,20,41,55,31,23,Belgium
Antwerp,2021,31,7,81,145,39,12,86,154,43,16,86,153,43,18,88,157,44,19,37,62,36,10,39,66,34,14,38,64,34,16,39,65,36,17,21,43,35,6,29,51,46,11,29,50,45,14,29,51,46,15,23,40,48.84805556,21.99652174,18,38,57,26,19,40,56,31,20,41,55,31,28,Belgium
Antwerp,2021,32,8,88,140,46,9,86,149,44,13,86,151,44,16,87,155,43,19,32,54,30,10,39,63,33,14,38,63,34,15,38,64,33,16,38,52,59,10,29,50,50,9,29,50,48,14,30,51,48,15,18,34,48.32382716,5.378533951,19,37,53,18,19,39,55,22,19,40,55,30,24,Belgium
Antwerp,2021,33,8,85,147,41,13,86,147,42,12,86,151,43,15,87,153,43,18,46,64,38,12,40,63,35,11,39,64,35,14,39,64,34,15,24,49,38,15,29,49,43,10,29,49,45,13,29,50,47,14,15,34,52.87231481,11.80527778,18,36,52,17,19,38,55,20,19,40,55,29,23,Belgium
Antwerp,2021,34,8,70,128,35,8,81,140,40,11,85,149,42,14,86,151,42,17,33,59,25,7,37,60,32,10,39,63,33,13,39,64,33,15,23,42,40,11,27,47,43,10,29,49,45,12,29,49,47,14,14,27,47.99730159,7.010555556,18,34,50,12,18,36,55,19,18,38,55,27,21,Belgium
Antwerp,2021,35,8,110,150,55,12,88,141,44,11,87,147,43,13,87,149,43,16,46,62,65,12,39,60,40,10,39,63,37,12,39,62,36,14,36,50,48,13,30,48,46,12,29,49,46,11,29,49,46,13,28,38,47.29736111,12.67389881,19,33,49,9,19,35,53,17,19,38,54,23,25,Belgium
Antwerp,2021,36,9,93,142,38,16,90,142,42,12,88,146,43,13,87,148,43,15,42,62,32,22,42,62,40,13,40,63,36,13,39,62,36,14,35,50,41,12,30,48,42,12,29,49,46,11,29,49,46,13,16,30,49.555625,10.10848958,18,32,49,10,18,34,51,14,19,37,53,18,21,Belgium
Antwerp,2021,37,9,85,143,44,21,90,141,43,14,88,144,42,13,87,147,43,15,41,65,46,20,41,62,42,15,40,62,38,13,40,63,37,15,25,44,39,9,30,47,42,11,29,48,43,11,29,48,44,13,19,34,47.17209064,38.21975146,19,32,48,17,19,34,50,17,19,36,53,19,24,Belgium
Antwerp,2021,38,9,82,142,44,13,93,144,45,16,87,142,43,13,88,147,43,15,37,65,41,13,42,64,46,17,39,62,39,13,40,63,37,14,26,40,39,10,31,46,42,11,29,46,42,11,30,48,44,12,19,37,58.46732456,16.07906433,21,35,51,19,19,34,50,15,19,36,53,19,26,Belgium
Antwerp,2021,39,9,95,162,42,17,89,147,42,17,89,144,43,14,88,147,43,14,41,72,35,13,40,66,38,17,40,63,39,14,40,64,37,14,32,50,40,16,30,46,40,12,30,47,43,12,29,48,44,11,22,40,58.36801768,24.30212121,19,35,53,22,19,34,51,16,19,35,53,19,25,Belgium
Antwerp,2021,40,10,83,151,42,13,86,150,43,16,88,146,42,14,87,147,43,14,35,66,31,10,39,67,38,14,40,64,39,14,40,64,37,14,30,48,51,12,28,46,42,12,29,47,42,12,29,48,45,11,18,37,48.56804012,19.71916667,20,37,53,25,19,35,51,17,19,35,52,18,25,Belgium
Antwerp,2021,41,10,91,150,49,21,88,151,44,16,89,146,44,15,88,146,43,14,40,61,31,12,38,66,34,12,39,64,38,14,39,64,37,13,29,49,68,19,29,47,49,14,30,47,46,13,29,47,45,12,22,40,54.96160354,38.65609848,20,39,55,25,20,35,52,21,19,36,52,20,27,Belgium
Antwerp,2021,42,10,83,152,42,11,88,154,44,15,90,149,44,15,87,146,43,14,36,61,35,8,38,65,33,11,40,64,39,14,39,63,37,12,28,53,45,9,30,50,51,14,30,48,46,12,29,48,45,12,19,38,49.63685673,20.75346491,20,39,53,26,20,37,52,23,19,36,51,19,25,Belgium
Antwerp,2021,43,10,88,153,41,15,86,152,43,15,88,149,43,16,88,147,43,14,39,65,33,8,38,63,32,10,39,65,35,13,39,63,37,12,26,48,41,20,28,50,51,15,29,48,45,13,29,48,46,13,23,40,53.36911836,19.39422705,21,39,52,25,20,37,53,23,19,36,51,19,26,Belgium
Antwerp,2021,44,10,83,151,53,19,86,152,46,16,86,151,44,16,87,148,44,15,41,64,44,18,39,63,36,12,39,65,37,13,40,64,38,13,24,46,61,15,27,49,54,16,28,47,48,14,28,47,46,13,18,41,62.16825617,26.84188272,21,40,55,26,20,38,54,25,19,36,53,20,27,Belgium
Antwerp,2021,45,11,85,157,58,14,85,153,48,15,86,152,46,15,87,148,45,15,39,70,29,13,39,65,35,12,39,66,35,12,39,64,37,13,28,48,103,12,27,49,63,14,28,48,56,14,29,47,51,13,18,39,50.15225309,18.67268519,20,40,54,21,20,39,54,23,20,37,52,21,25,Belgium
Antwerp,2021,46,11,78,147,44,15,84,152,49,16,86,153,46,16,88,150,46,16,34,62,38,15,38,65,36,14,38,65,34,12,39,65,38,14,24,42,39,16,26,46,61,16,28,48,56,15,29,47,51,14,20,43,58.84531944,15.60504167,20,41,56,20,20,40,55,23,20,38,53,22,29,Belgium
Antwerp,2021,47,11,74,134,44,11,80,147,50,15,83,149,46,15,85,149,45,15,35,59,34,10,37,64,36,14,37,64,34,12,38,64,36,14,21,37,47,13,24,43,62,14,26,46,57,14,27,46,51,13,18,38,60.20109568,10.07296296,19,40,58,18,20,40,55,21,19,38,54,22,28,Belgium
Antwerp,2021,48,11,80,135,42,9,79,143,47,12,83,147,47,14,84,148,45,15,35,55,35,7,36,62,34,11,37,62,35,11,38,64,36,12,30,45,41,10,26,43,58,12,26,46,56,14,27,46,51,13,15,35,59.67375926,10.19477778,18,39,57,14,19,39,56,20,19,39,55,22,26,Belgium
Antwerp,2021,49,12,83,139,48,17,79,139,44,13,82,146,46,14,84,148,46,14,34,52,35,9,35,57,36,10,37,61,36,11,37,63,35,11,32,53,58,23,27,44,46,15,27,47,54,15,28,47,53,14,17,34,53.45473856,21.19689542,18,38,58,14,19,39,56,18,19,39,56,20,24,Belgium
Antwerp,2021,50,12,92,153,50,20,82,140,46,14,83,146,47,15,85,149,46,15,43,59,33,16,37,56,34,11,38,61,35,12,38,62,34,12,27,54,65,11,28,47,53,14,27,47,57,15,28,48,55,15,22,40,65.72392677,40.42844697,18,37,60,20,19,39,58,20,19,39,56,22,26,Belgium
Antwerp,2021,51,12,64,135,41,23,80,141,45,17,80,144,47,16,82,146,46,16,30,54,32,27,36,55,34,15,36,59,35,14,37,61,34,13,22,49,52,14,28,50,54,14,26,47,58,14,27,48,56,14,12,32,43.81719907,27.07266204,17,35,56,25,18,38,57,21,19,38,55,22,24,Belgium
Antwerp,2021,52,12,32,97,31,9,68,131,43,17,74,137,45,15,78,142,45,15,11,37,31,1,30,51,33,13,33,56,33,12,35,58,34,12,14,36,31,16,24,48,52,16,25,46,55,14,25,47,54,15,7,24,30.7215873,5.542896825,15,33,48,24,16,36,53,19,18,37,54,21,25,Belgium
Antwerp,2021,53,12,83,83,76,19,68,117,49,18,73,128,47,15,77,136,47,15,35,35,113,31,30,46,52,19,32,52,44,14,34,56,41,14,29,29,51,10,23,42,50,13,25,43,48,14,25,45,53,14,19,19,44.64008772,13.5194152,15,29,46,22,16,33,52,18,17,35,53,19,23,Belgium
Antwerp,2022,1,1,84,130,44,13,66,111,48,16,74,126,47,15,77,135,48,15,36,50,38,9,28,44,53,17,32,50,44,14,34,55,41,14,26,43,41,14,23,39,44,13,25,43,48,14,25,44,53,14,22,37,59.09987374,19.76074495,15,28,45,16,17,32,52,18,18,35,53,19,28,Belgium
Antwerp,2022,2,1,85,147,55,25,71,114,51,17,75,127,48,17,77,134,49,16,39,59,35,26,30,45,54,17,33,50,44,16,34,55,41,15,29,47,74,14,25,39,49,14,26,45,52,14,26,44,55,14,17,41,67.42883987,41.96339869,16,30,50,20,16,33,53,22,17,35,55,21,28,Belgium
Antwerp,2022,3,1,78,156,44,20,83,129,55,19,75,130,49,18,77,134,48,16,26,56,32,14,34,50,54,20,32,50,44,17,33,54,40,15,33,59,47,17,29,45,53,14,27,46,52,15,26,45,54,14,19,41,56.7675,32.97935673,19,35,57,27,17,34,53,25,17,35,54,21,26,Belgium
Antwerp,2022,4,1,79,144,40,11,82,144,46,17,75,131,48,18,76,133,47,16,34,54,33,13,34,55,34,15,32,51,43,17,33,53,41,15,24,51,41,6,28,50,51,13,26,46,50,13,26,45,49,14,21,39,48.91630952,13.56128307,20,40,58,27,17,34,52,24,17,35,54,21,27,Belgium
Antwerp,2022,5,1,73,134,50,8,79,145,47,16,72,128,48,16,76,132,47,15,29,50,49,6,32,55,37,15,30,49,45,16,32,52,42,14,23,42,52,10,27,50,53,12,25,45,49,13,26,45,50,13,21,42,48.80431217,9.573743386,20,41,55,25,17,34,50,20,18,35,53,20,31,Belgium
Antwerp,2022,6,2,81,138,52,10,78,143,46,12,74,129,49,14,76,133,48,15,37,54,42,9,32,54,39,10,31,49,47,14,32,51,42,14,25,46,53,6,26,50,48,10,25,44,49,12,26,46,51,13,19,38,68.66609649,16.73770468,20,40,56,18,18,35,53,19,18,35,54,21,28,Belgium
Antwerp,2022,7,2,64,125,82,20,74,135,56,12,78,132,55,16,75,132,51,16,27,52,46,16,32,53,43,11,33,51,48,15,32,51,43,15,22,40,142,21,24,45,72,11,26,45,63,12,26,46,59,13,15,33,59.19990741,25.71109259,19,38,56,16,19,36,57,22,18,35,54,22,26,Belgium
Antwerp,2022,8,2,74,151,47,12,73,137,58,13,77,141,52,15,74,133,51,16,37,63,45,7,33,55,46,10,33,55,40,12,32,52,44,15,20,48,45,20,23,44,73,14,25,47,62,14,25,45,58,13,17,40,55.28330065,14.48529412,18,38,58,17,19,39,58,22,18,36,54,22,26,Belgium
Antwerp,2022,9,2,79,147,51,16,75,140,58,15,77,143,53,15,73,132,51,16,31,59,36,11,33,57,42,11,33,56,40,13,31,52,44,14,31,52,66,14,25,47,76,15,26,48,65,13,25,45,58,13,17,36,51.71553922,30.44905229,17,37,59,22,18,39,57,23,17,35,53,21,24,Belgium
Antwerp,2022,10,3,73,141,46,15,73,141,57,16,75,142,52,14,74,133,52,15,30,53,40,6,31,57,42,10,31,55,40,10,31,52,45,12,23,48,54,17,24,47,77,18,25,48,62,14,25,45,58,14,20,40,47.80402778,27.07911111,17,37,54,24,19,39,55,21,18,36,53,21,28,Belgium
Antwerp,2022,11,3,78,141,41,9,76,145,47,13,75,140,51,13,78,136,52,15,35,57,39,7,33,58,40,8,33,55,41,9,33,54,46,13,28,50,40,9,26,50,51,15,25,47,62,13,26,46,59,13,15,34,48.94981481,11.71588889,17,38,51,21,18,38,54,19,19,37,55,21,24,Belgium
Antwerp,2022,12,3,78,139,43,10,77,142,46,13,75,140,52,13,77,141,50,14,34,56,33,6,33,56,37,7,33,56,41,9,33,55,39,11,22,48,45,14,26,50,51,13,24,47,62,14,26,48,58,14,22,35,57.4445202,13.89287879,19,36,51,21,18,37,55,19,19,38,56,21,25,Belgium
Antwerp,2022,13,3,73,127,38,12,76,137,42,11,75,139,50,13,76,141,49,14,36,56,30,10,34,56,36,7,33,56,39,9,33,56,38,11,22,39,42,10,24,46,45,13,24,46,61,14,25,48,58,13,15,32,48.83805556,18.83859259,18,35,51,18,18,36,55,20,18,38,55,21,25,Belgium
Antwerp,2022,14,3,81,140,56,13,78,137,44,11,75,139,51,13,76,140,49,13,35,60,41,8,35,57,36,8,33,57,39,9,33,56,39,9,26,43,73,8,25,45,50,10,24,46,63,14,25,47,58,13,20,37,59.70897222,27.28086111,18,35,54,18,18,36,54,21,18,37,54,20,26,Belgium
Antwerp,2022,15,4,85,141,44,16,79,137,45,13,78,141,46,13,77,139,49,13,35,55,39,12,35,57,36,9,34,57,38,8,33,56,39,9,33,50,43,13,26,45,51,11,26,47,51,13,25,46,58,12,17,36,58.49753268,29.30026144,19,35,56,22,18,36,54,22,18,37,54,20,26,Belgium
Antwerp,2022,16,4,77,148,51,15,79,139,47,14,78,141,46,13,76,139,50,13,35,59,58,8,35,58,42,10,34,57,39,9,33,56,41,9,24,51,45,8,26,46,51,10,26,48,51,12,25,46,58,12,18,38,47.52996914,36.73929012,18,36,54,28,18,36,53,24,18,37,54,22,26,Belgium
Antwerp,2022,17,4,86,148,37,15,82,144,47,15,79,141,45,13,77,141,49,14,37,59,32,10,36,58,42,10,35,57,39,8,34,57,40,9,28,49,34,20,28,48,49,12,26,47,47,12,25,47,57,13,21,40,47.76456349,16.39805556,19,38,53,27,19,37,52,23,18,37,54,22,27,Belgium
Antwerp,2022,18,4,76,140,43,14,81,144,44,15,79,141,44,13,77,141,48,14,30,52,37,6,34,56,41,9,35,57,39,8,34,57,40,9,29,47,43,4,29,49,41,11,27,47,46,11,26,47,56,13,17,41,51.75428105,46.59973856,18,39,51,32,18,37,53,25,18,37,53,25,29,Belgium
Antwerp,2022,19,5,79,138,53,12,80,144,46,14,79,140,46,13,78,142,46,13,32,52,33,13,34,56,40,9,34,56,38,9,34,57,38,9,28,49,76,10,27,49,50,10,27,47,50,11,26,48,51,12,19,37,54.68621345,14.12122807,19,39,50,28,19,37,53,25,18,37,52,24,27,Belgium
Antwerp,2022,20,5,83,141,61,9,81,142,48,13,80,140,48,13,79,141,47,13,35,53,36,7,34,54,34,9,34,56,38,9,34,56,38,9,28,50,100,7,28,49,63,10,27,47,57,10,27,48,55,11,20,38,50.74961111,14.36725,19,39,51,23,18,37,52,25,18,37,52,24,27,Belgium
Antwerp,2022,21,5,81,142,43,11,80,140,50,12,81,142,48,13,79,141,46,13,33,54,45,15,33,53,38,10,34,56,40,10,34,56,39,9,29,50,39,4,29,49,64,6,28,49,57,9,27,48,53,10,19,38,46.11384503,15.7373538,19,39,51,23,19,38,52,25,19,37,52,23,27,Belgium
Antwerp,2022,22,5,83,143,56,16,82,141,53,12,81,143,49,14,80,141,47,13,34,56,76,16,34,54,48,13,34,55,44,11,34,56,42,10,26,46,37,14,28,49,63,8,28,49,52,10,27,48,51,10,23,41,46.42597826,20.43108696,20,39,49,16,19,39,50,24,19,37,52,22,29,Belgium
Antwerp,2022,23,6,81,147,43,9,82,143,51,11,81,143,48,13,80,141,47,13,30,54,34,7,33,54,48,11,33,55,44,10,34,56,41,10,31,51,44,11,29,49,55,9,28,49,52,10,27,48,52,10,20,42,54.15231944,9.429472222,21,40,49,15,20,39,50,22,19,38,52,22,29,Belgium
Antwerp,2022,24,6,79,145,42,10,81,144,46,12,81,143,47,12,80,142,47,13,29,47,33,7,32,53,47,11,33,53,41,10,33,55,41,10,37,59,43,9,31,52,41,9,30,50,52,10,28,49,52,10,13,39,59.01797009,17.84297009,19,40,51,16,19,40,51,19,19,38,52,22,27,Belgium
Antwerp,2022,25,6,83,143,41,17,82,145,45,13,81,142,48,12,81,143,47,13,33,49,34,13,32,52,44,11,32,52,41,10,33,54,41,10,27,50,40,11,30,52,41,11,29,50,53,9,29,50,51,10,23,44,51.32124396,29.95306763,20,42,53,19,19,40,52,21,19,39,52,23,31,Belgium
Antwerp,2022,26,6,82,146,40,13,81,145,41,12,81,143,47,12,81,144,46,13,34,55,36,12,32,51,34,10,33,53,41,11,33,54,41,11,32,52,42,6,32,53,42,9,30,51,53,9,29,50,49,10,16,39,46.28328125,25.05354167,18,41,53,21,19,40,51,18,19,39,51,23,27,Belgium
Antwerp,2022,27,6,75,140,46,9,80,144,42,12,81,143,46,12,80,143,46,13,31,53,35,7,32,51,34,10,32,53,41,10,33,54,41,10,23,47,56,8,30,52,45,9,29,51,50,9,29,50,50,9,21,40,49.65399471,13.99568783,18,41,52,22,19,40,50,18,19,40,50,22,29,Belgium
Antwerp,2022,28,7,88,137,40,11,82,142,42,13,82,143,44,12,81,143,45,12,35,51,29,8,33,52,33,10,32,52,40,11,33,53,38,10,33,47,42,13,29,49,45,10,30,50,43,10,29,50,50,10,20,39,57.93147222,14.59980556,20,41,51,21,19,40,51,18,19,40,51,20,28,Belgium
Antwerp,2022,29,7,73,138,38,10,80,140,41,11,81,142,43,12,80,142,45,12,32,52,32,9,33,53,33,9,32,52,38,10,32,52,38,10,28,53,42,10,29,50,45,9,30,51,43,10,29,50,50,9,13,33,47.29183761,11.38049145,18,38,50,16,19,40,52,18,19,39,51,19,24,Belgium
Antwerp,2022,30,7,89,142,63,9,81,139,47,10,81,142,44,11,81,142,47,11,35,48,32,8,33,51,32,8,32,51,33,9,33,52,38,10,35,55,95,9,30,51,59,10,31,52,50,10,30,51,55,9,19,39,60.55802632,9.904824561,18,38,54,12,18,39,53,17,19,39,52,16,27,Belgium
Antwerp,2022,31,7,82,141,38,8,83,140,45,10,81,142,43,11,82,142,46,11,34,52,28,10,34,51,30,9,33,51,32,9,33,52,38,10,30,55,40,8,32,53,54,10,31,52,50,9,30,51,52,9,18,34,51.21300926,4.738117284,18,36,54,10,18,38,53,16,19,39,52,16,24,Belgium
Antwerp,2022,32,8,77,136,43,11,80,139,46,9,81,140,44,11,81,142,44,11,29,46,36,10,33,50,32,9,33,51,33,10,32,51,37,10,29,50,44,11,31,53,55,10,30,51,50,10,30,51,47,10,19,40,53.5755848,11.35679825,17,37,53,9,19,39,52,15,19,39,52,15,29,Belgium
Antwerp,2022,33,8,84,146,37,12,83,141,45,10,81,141,43,10,81,142,44,11,37,55,28,8,34,50,31,9,33,52,32,9,33,52,36,10,31,53,44,17,31,53,56,11,30,52,50,10,30,52,47,11,16,38,46.19425347,12.48807292,18,38,53,10,18,38,52,13,18,39,52,15,26,Belgium
Antwerp,2022,34,8,81,144,40,14,81,142,39,11,81,141,43,11,81,142,43,11,33,50,33,17,33,51,31,11,33,51,32,10,33,51,32,10,27,55,39,8,29,53,42,11,30,52,50,11,30,52,47,10,21,39,52.10190476,18.92570106,19,38,51,12,18,38,52,12,18,39,52,15,27,Belgium
Antwerp,2022,35,8,91,152,50,17,83,145,43,14,83,142,44,12,82,143,43,12,39,53,35,15,35,51,33,12,34,51,32,11,33,51,33,10,27,52,69,19,29,53,49,14,30,53,52,12,30,52,50,11,25,47,52.31198889,19.64926667,20,41,51,16,19,39,53,13,19,39,52,16,31,Belgium
Antwerp,2022,36,8,79,147,34,11,84,147,40,14,82,143,43,12,82,143,42,12,35,58,27,7,36,54,31,12,34,52,31,10,34,52,32,10,29,50,37,14,29,53,47,15,30,53,51,12,29,52,49,11,15,39,42.76062963,16.78237037,19,41,48,17,18,39,51,13,19,39,51,16,27,Belgium
Antwerp,2022,37,9,79,141,39,11,83,146,41,13,83,144,43,12,82,143,42,11,30,49,34,7,34,53,32,11,34,51,32,10,34,52,32,10,30,56,35,14,28,53,45,14,30,53,50,13,30,52,49,12,19,36,53.62675439,10.2969883,20,40,50,16,19,39,52,13,19,39,51,14,26,Belgium
Antwerp,2022,38,9,86,140,37,10,84,145,40,12,82,143,40,12,82,142,42,11,32,48,26,8,34,52,30,9,34,51,31,10,34,51,31,9,31,50,37,9,29,52,44,14,29,53,43,13,29,52,48,12,23,42,54.41327295,15.80567633,21,41,51,16,20,39,51,14,19,39,52,13,30,Belgium
Antwerp,2022,39,9,89,142,59,7,83,143,42,10,83,144,42,12,83,142,43,11,40,50,64,4,34,51,37,6,34,51,35,9,34,51,34,9,31,49,63,8,30,51,43,11,29,52,46,13,30,52,49,12,18,43,43.46512346,13.60018519,19,40,49,14,20,41,50,15,19,39,51,13,30,Belgium
Antwerp,2022,40,9,96,158,35,5,88,145,43,8,86,146,41,11,84,144,43,11,39,57,37,8,35,51,40,7,36,53,35,9,35,52,34,9,33,51,31,4,31,52,41,9,30,52,44,12,30,52,48,11,24,50,36.88372685,4.103101852,21,43,47,11,20,42,48,14,19,40,50,12,32,Belgium
Antwerp,2022,41,10,87,153,41,12,90,148,43,9,86,147,42,11,85,145,43,11,36,57,34,9,37,53,40,7,36,53,36,9,35,52,34,9,34,57,41,4,32,52,43,6,30,53,44,10,31,53,48,10,17,39,56.46245098,31.86777778,21,44,48,16,20,42,49,16,20,41,50,14,25,Belgium
Antwerp,2022,42,10,76,144,47,4,87,149,45,7,85,147,43,10,84,145,42,10,28,48,61,6,36,53,49,7,35,53,39,8,34,52,37,9,29,58,37,3,32,54,43,5,31,53,44,9,30,53,43,10,19,38,40.93321637,4.364020468,20,43,44,13,20,42,48,15,20,40,49,14,26,Belgium
Antwerp,2022,43,10,88,132,49,8,87,147,43,7,85,145,43,9,84,145,43,10,34,44,26,4,34,52,39,7,34,51,38,6,34,51,37,8,30,49,37,12,32,54,37,6,31,53,40,8,30,53,43,10,24,39,96.76827546,8.983391204,21,42,58,12,20,41,53,13,20,41,52,14,30,Belgium
Antwerp,2022,44,10,78,131,38,8,82,140,44,8,85,143,43,8,85,144,42,10,30,46,38,9,32,49,40,7,34,50,40,7,34,51,37,8,27,47,37,6,30,53,38,6,31,52,40,7,30,52,42,10,21,38,40.95556878,9.194761905,20,39,59,14,21,41,53,12,20,41,51,14,29,Belgium
Antwerp,2022,45,11,90,149,69,9,83,139,51,7,86,144,47,8,85,144,45,10,38,52,91,10,33,48,54,7,35,50,47,7,35,51,42,9,31,51,61,4,29,51,43,6,31,52,43,6,30,52,44,9,21,46,39.91304233,14.37646825,21,40,55,9,21,42,51,13,21,41,51,14,31,Belgium
Antwerp,2022,46,11,83,143,34,8,85,139,47,8,86,144,46,8,85,144,44,9,31,52,25,6,33,49,45,7,35,51,47,7,34,51,41,8,34,54,36,10,31,50,43,8,31,52,43,6,31,52,43,9,18,37,43.29396605,9.908256173,21,40,55,11,20,41,50,12,20,41,50,13,26,Belgium
Antwerp,2022,47,11,81,142,37,10,83,141,45,9,85,144,44,8,84,144,43,9,37,54,35,8,34,51,47,8,34,51,43,7,34,51,41,7,28,53,40,11,30,51,44,8,31,53,40,7,31,52,41,8,16,35,38.43545139,10.5965625,19,39,41,11,20,40,49,12,20,40,49,12,25,Belgium
Antwerp,2022,48,11,86,143,52,9,85,144,48,9,84,142,46,8,85,143,45,8,31,53,49,8,34,53,50,8,33,51,45,7,34,51,43,7,30,49,62,8,31,52,50,8,30,52,44,7,31,52,43,8,25,41,44.67903333,12.17725556,20,40,42,12,20,39,50,13,20,40,49,12,29,Belgium
Antwerp,2022,49,11,87,149,46,14,84,144,42,10,84,142,46,9,86,144,45,9,36,57,45,14,34,54,38,9,33,51,46,8,34,52,44,8,27,51,44,11,30,52,46,10,30,52,44,8,30,52,44,7,24,41,47.94128472,16.04328704,21,39,44,12,21,39,49,11,21,41,49,13,28,Belgium
Antwerp,2022,50,12,85,153,34,13,85,147,42,11,85,143,45,10,86,145,45,9,35,58,29,10,35,56,39,10,34,52,42,9,35,52,44,8,28,51,35,9,28,51,45,10,29,51,44,9,30,52,44,7,22,44,40.78933081,22.40614899,22,40,43,15,21,40,49,13,21,41,48,13,29,Belgium
Antwerp,2022,51,12,85,140,39,14,86,146,43,13,84,144,44,11,85,145,43,10,28,46,35,10,33,54,39,11,33,52,43,10,34,52,42,9,34,56,37,15,30,52,45,11,30,52,44,9,30,52,42,8,23,38,46.70855072,17.7106401,24,41,45,17,21,40,43,14,21,41,48,13,27,Belgium
Antwerp,2022,52,12,98,157,122,16,89,150,60,14,87,147,54,12,85,145,51,10,36,50,170,17,34,53,70,13,34,53,60,11,33,51,53,9,36,60,125,11,31,55,61,12,31,53,55,10,31,53,49,9,26,47,52.3734188,19.45503205,24,43,47,19,22,41,44,15,21,40,49,15,30,Belgium
Busan,2019,1,1,298,361,56,16,,,,,,,,,,,,,185,237,79,25,,,,,,,,,,,,,49,52,19,5,,,,,,,,,,,,,64,72,18.05637587,0.234375,,,,,,,,,,,,,20,South Korea
Busan,2019,2,1,263,332,21,2,,,,,,,,,,,,,161,213,22,2,,,,,,,,,,,,,56,64,19,1,,,,,,,,,,,,,46,55,20.1967814,0.217391304,,,,,,,,,,,,,17,South Korea
Busan,2019,3,1,254,313,21,1,,,,,,,,,,,,,159,204,21,2,,,,,,,,,,,,,47,53,20,0,,,,,,,,,,,,,48,56,20.81239005,0.270833333,,,,,,,,,,,,,18,South Korea
Busan,2019,4,1,239,307,21,2,264,328,30,5,,,,,,,,,143,193,20,2,162,212,36,8,,,,,,,,,50,56,20,0,51,56,20,2,,,,,,,,,46,58,24.27027174,5.499396135,51,60,21,2,,,,,,,,,19,South Korea
Busan,2019,5,1,246,317,22,4,251,317,21,2,,,,,,,,,155,206,21,3,155,204,21,2,,,,,,,,,48,60,21,9,50,58,20,3,,,,,,,,,43,51,23.75680233,0.279069767,46,55,22,2,,,,,,,,,16,South Korea
Busan,2019,6,2,226,294,25,10,241,308,22,4,,,,,,,,,144,192,25,14,150,199,22,5,,,,,,,,,44,59,22,1,47,57,21,3,,,,,,,,,38,43,28.88881579,0.5,44,52,24,2,,,,,,,,,15,South Korea
Busan,2019,7,2,226,307,31,5,234,306,24,5,,,,,,,,,130,191,36,4,143,196,25,6,,,,,,,,,55,68,20,5,49,61,21,4,,,,,,,,,41,48,26.92390244,9.853617886,42,50,26,4,,,,,,,,,16,South Korea
Busan,2019,8,2,254,335,21,3,238,313,25,5,251,321,27,5,,,,,157,208,21,2,147,199,26,6,154,206,31,7,,,,,48,67,20,7,49,64,21,6,50,60,20,4,,,,,49,60,23.77179138,0.408163265,43,51,26,3,47,55,23,2,,,,,18,South Korea
Busan,2019,9,2,237,329,22,2,236,316,25,5,243,317,23,4,,,,,144,204,21,4,144,199,26,6,149,201,23,4,,,,,49,65,22,1,49,65,21,4,50,62,21,3,,,,,44,60,25.25212753,0.159090909,43,53,26,3,44,54,24,2,,,,,18,South Korea
Busan,2019,10,3,238,316,21,4,239,322,24,4,240,315,23,4,,,,,143,193,22,3,144,199,25,3,147,199,23,4,,,,,49,61,19,10,50,65,20,6,49,61,21,4,,,,,46,62,22.07835749,0.326086957,45,58,25,3,44,55,24,2,,,,,20,South Korea
Busan,2019,11,3,260,330,22,2,247,328,22,3,241,317,23,4,,,,,157,204,21,3,150,202,21,3,147,199,23,4,,,,,51,64,22,0,49,64,21,4,49,63,21,4,,,,,52,62,22.22074252,0.230769231,48,61,23,0,45,56,25,2,,,,,19,South Korea
Busan,2019,12,3,240,328,22,2,244,326,22,2,241,320,23,4,248,322,25,4,145,203,23,3,147,201,22,3,147,200,24,5,152,204,28,6,50,65,20,1,50,64,21,3,49,64,21,4,50,61,20,3,45,60,22.19541358,0.333333333,47,61,23,0,45,56,24,2,47,57,23,2,18,South Korea
Busan,2019,13,3,255,323,22,2,248,324,22,2,242,320,23,4,245,319,23,3,161,206,22,3,152,202,22,3,148,200,24,5,150,201,23,4,51,64,23,1,50,64,21,3,50,64,21,3,50,62,21,3,43,53,23.42777778,0.465116279,47,59,22,0,45,56,24,2,45,56,24,2,16,South Korea
Busan,2019,14,4,244,319,22,2,250,325,22,2,244,323,23,3,243,318,23,3,147,198,21,2,153,203,22,3,148,201,23,3,149,200,23,4,43,59,21,1,49,63,21,1,50,64,21,3,49,62,21,3,54,62,22.99930556,0.37037037,49,59,23,0,47,58,24,2,46,56,24,2,19,South Korea
Busan,2019,15,4,263,336,22,1,251,327,22,2,249,327,22,2,244,320,23,3,162,211,21,2,154,205,22,3,152,203,21,3,149,201,23,4,48,58,22,1,48,62,21,1,49,63,21,3,49,62,21,3,53,67,25.19792977,0.433962264,49,61,23,0,48,61,23,0,46,57,24,2,20,South Korea
Busan,2019,16,4,240,316,22,1,251,324,22,2,247,325,22,2,244,321,23,3,146,195,21,2,154,203,21,2,151,202,22,3,149,201,23,4,48,63,24,1,48,61,22,1,49,62,21,2,49,63,21,3,46,58,23.68806159,0.413043478,49,60,24,0,48,61,23,0,46,57,24,1,18,South Korea
Busan,2019,17,4,247,316,23,2,249,322,22,2,248,323,22,2,244,321,23,3,157,198,23,3,153,201,22,2,152,201,22,3,149,200,23,4,43,57,21,1,46,59,22,1,48,61,21,2,48,63,21,2,47,61,23.85358156,0.382978723,50,62,24,0,48,61,23,0,47,58,24,1,19,South Korea
Busan,2019,18,5,248,312,34,4,250,320,25,2,250,323,24,2,246,322,24,3,147,191,41,6,153,199,27,3,153,201,24,3,150,200,24,3,53,65,23,1,48,61,23,1,48,62,22,1,49,63,21,2,48,56,24.7714294,0.270833333,49,61,24,0,49,60,24,0,47,59,24,1,18,South Korea
Busan,2019,19,5,244,327,22,4,245,318,25,3,248,322,24,2,248,324,23,2,147,201,21,2,149,196,27,3,152,200,24,3,151,201,23,3,47,64,23,14,48,62,23,4,48,62,22,3,48,63,22,3,50,62,24.58898889,0.46,48,59,24,0,48,60,24,0,48,60,24,0,19,South Korea
Busan,2019,20,5,246,311,21,3,246,317,25,3,248,320,23,2,247,322,23,2,150,193,21,2,150,196,26,3,152,199,24,3,151,200,23,3,46,59,20,9,47,61,22,6,47,61,22,3,48,62,22,3,50,59,21.24069444,0.44,49,60,24,0,49,60,24,0,48,60,23,0,19,South Korea
Busan,2019,21,5,244,314,22,1,246,316,25,3,247,319,23,2,247,321,23,2,150,198,22,2,149,196,26,3,151,198,24,3,151,199,23,3,45,55,23,1,48,61,22,6,47,60,22,4,48,61,22,3,49,61,23.76378118,0.265306122,49,60,24,0,50,61,24,0,49,60,23,0,19,South Korea
Busan,2019,22,5,254,319,23,3,247,318,22,3,248,319,24,2,249,321,23,2,159,201,23,4,152,198,22,2,152,199,24,3,152,200,23,3,44,54,24,2,46,58,22,6,47,59,22,4,47,61,22,3,51,64,23.25116558,0.431372549,50,62,23,0,49,61,24,0,49,60,23,0,20,South Korea
Busan,2019,23,6,243,311,22,1,247,314,22,2,246,316,24,2,247,319,23,2,151,200,22,2,153,198,22,2,151,197,24,3,152,200,23,3,46,58,22,0,45,57,22,3,47,59,22,4,47,60,22,3,46,53,21.5400785,0.391304348,49,59,22,0,48,59,23,0,49,60,23,0,17,South Korea
Busan,2019,24,6,243,312,22,1,246,314,22,2,246,315,24,2,248,318,23,2,149,200,22,2,152,200,22,2,151,198,24,3,152,199,23,3,42,48,19,1,44,54,22,1,46,58,22,4,46,59,22,3,52,64,22.86675214,0.269230769,50,61,23,0,49,60,23,0,49,60,23,0,21,South Korea
Busan,2019,25,6,255,318,22,1,249,315,22,2,247,316,24,2,248,318,23,2,159,201,23,2,155,201,23,2,152,198,24,3,152,199,23,2,46,54,21,0,45,54,22,1,46,57,22,3,46,58,22,3,50,63,21.06247778,0.28,50,61,22,0,50,60,23,0,50,61,23,0,20,South Korea
Busan,2019,26,6,249,311,23,1,248,313,22,1,247,315,22,2,248,317,23,2,151,195,23,2,153,199,22,2,152,199,22,2,152,199,24,2,49,56,22,0,46,54,21,1,46,56,22,3,46,58,22,3,49,60,23.00234694,0.326530612,49,60,22,0,50,61,23,0,49,61,23,0,19,South Korea
Busan,2019,27,7,244,307,23,2,248,312,22,2,247,313,22,2,246,315,23,2,157,203,24,3,154,200,23,2,153,199,22,2,152,198,24,3,42,49,23,0,45,52,21,1,45,54,22,2,46,57,22,3,45,55,22.66814198,0.244444444,49,61,22,0,49,60,22,0,49,60,23,0,18,South Korea
Busan,2019,28,7,256,319,21,2,251,314,22,2,249,314,22,2,248,315,23,2,160,206,21,3,157,201,23,3,155,201,22,2,153,199,24,3,50,59,21,2,47,55,22,1,46,54,22,1,46,57,22,3,46,54,23.44406401,0.195652174,48,58,23,0,49,59,23,0,49,59,23,0,17,South Korea
Busan,2019,29,7,234,302,23,2,246,310,22,2,247,312,22,2,247,314,23,2,150,198,22,3,155,201,22,3,155,201,22,3,153,199,24,3,46,56,23,1,47,55,22,1,46,54,22,1,46,56,22,3,38,48,24.47114766,0.631578947,45,54,23,0,47,58,23,0,48,58,23,0,16,South Korea
Busan,2019,30,7,237,348,23,3,243,319,23,2,245,316,22,2,246,317,22,2,140,221,24,4,152,207,23,3,152,203,23,3,152,201,22,3,47,62,22,1,46,57,22,1,46,55,22,1,46,56,22,3,50,65,23.95528889,1.300116667,45,56,24,1,47,58,23,0,48,59,23,0,19,South Korea
Busan,2019,31,7,243,316,22,1,243,321,22,2,245,317,22,2,246,316,22,2,150,204,22,2,150,207,22,3,152,204,23,3,152,202,22,2,48,56,22,1,48,58,22,1,46,55,22,1,46,56,22,2,45,56,23.44319753,0.4,45,56,24,1,47,58,23,0,48,59,23,0,18,South Korea
Busan,2019,32,8,226,287,23,3,235,313,23,2,243,314,23,2,244,314,23,2,134,182,24,3,144,201,23,3,150,201,23,3,151,201,23,3,44,51,23,2,46,56,22,1,47,55,22,1,46,55,22,1,48,54,22.38758102,0.5,45,56,24,1,46,57,23,0,47,58,23,0,19,South Korea
Busan,2019,33,8,213,268,22,1,230,305,23,2,238,307,23,2,241,310,23,2,130,174,22,2,139,195,23,3,147,198,23,3,149,199,23,3,32,38,20,0,43,52,22,1,45,53,22,1,45,53,22,1,51,56,24.47589325,0.235294118,49,58,24,1,47,56,23,0,48,58,23,0,21,South Korea
Busan,2019,34,8,260,327,21,2,236,300,22,2,239,309,23,2,242,311,22,2,161,207,21,3,144,192,22,2,148,199,22,3,149,199,22,3,48,56,21,0,43,50,22,1,45,53,22,1,45,54,22,1,51,64,21.46947168,0.235294118,49,58,23,0,47,57,23,0,48,58,23,0,20,South Korea
Busan,2019,35,8,249,310,22,2,237,298,22,2,240,310,22,2,242,310,22,2,154,199,22,3,145,191,22,3,147,199,22,3,150,199,22,3,47,52,20,0,43,49,21,1,45,54,21,1,45,53,21,1,48,59,23.61020833,2.562523148,50,58,23,1,47,57,23,1,48,58,23,1,19,South Korea
Busan,2019,36,9,231,293,22,4,238,300,22,2,237,306,22,2,241,309,22,2,144,189,22,4,147,192,22,3,145,197,22,3,149,198,22,3,40,47,23,8,42,48,21,2,44,52,22,2,45,53,22,1,47,57,22.72637707,0.489361702,49,59,23,1,47,57,23,1,47,58,23,1,19,South Korea
Busan,2019,37,9,255,333,22,3,249,316,22,3,239,310,22,2,241,310,22,2,156,211,23,5,154,202,22,4,146,198,22,3,149,199,22,3,49,59,21,2,46,54,21,3,44,53,22,2,45,53,22,2,50,63,23.13432222,0.52,49,61,23,1,49,59,23,1,47,58,23,1,19,South Korea
Busan,2019,38,9,192,277,21,2,232,303,22,3,234,301,22,2,237,307,22,2,115,181,22,2,142,195,22,3,143,193,22,3,146,198,22,3,39,49,19,0,44,52,21,3,43,51,21,2,44,53,22,2,38,47,19.16592836,0.330080409,46,57,22,1,47,57,23,1,46,57,23,1,17,South Korea
Busan,2019,39,9,255,312,23,7,233,304,22,4,235,301,22,3,238,308,22,3,153,204,23,11,142,196,22,5,143,193,22,4,146,198,22,4,44,48,24,3,43,51,22,3,43,50,22,2,45,53,22,2,58,60,23.32957375,0.431034483,48,57,22,0,49,58,23,1,48,57,23,1,19,South Korea
Busan,2019,40,10,215,285,25,2,229,302,23,4,234,301,22,3,234,305,23,3,133,186,26,3,139,196,23,5,143,194,23,4,143,196,23,4,45,54,22,2,44,53,22,2,43,50,21,2,44,52,22,2,37,45,22.39837087,0.378378378,46,54,22,0,48,56,23,1,47,56,23,1,16,South Korea
Busan,2019,41,10,217,296,25,3,220,293,24,4,234,304,23,3,233,304,23,3,125,179,26,4,132,188,24,5,143,195,23,4,141,195,23,4,42,57,23,2,43,52,22,2,44,53,22,2,44,52,22,2,50,60,25.57042222,0.32,46,53,23,0,47,57,23,1,48,57,23,1,20,South Korea
Busan,2019,42,10,245,313,23,1,233,302,24,3,232,302,23,3,233,301,23,3,153,206,23,2,141,194,25,5,142,194,23,4,142,194,23,4,41,48,23,1,43,52,23,2,43,52,22,2,43,51,22,2,51,59,23.44011983,0.352941176,49,56,24,0,47,56,23,1,48,57,23,1,19,South Korea
Busan,2019,43,10,239,317,24,3,229,303,24,2,231,303,23,3,233,302,23,3,147,203,25,2,140,194,25,3,141,195,24,4,142,193,23,4,46,56,19,10,44,54,22,4,43,52,22,3,43,51,22,3,46,58,24.37758454,1.218556763,46,56,24,1,47,56,23,1,48,57,23,1,18,South Korea
Busan,2019,44,11,234,306,23,3,234,308,24,3,232,305,23,3,234,303,23,3,142,200,24,2,142,197,24,2,141,196,24,4,143,195,23,4,44,49,20,0,43,53,21,3,44,53,21,2,43,51,21,2,48,57,23.67728009,7.436886574,49,59,24,2,47,56,23,1,48,57,23,1,19,South Korea
Busan,2019,45,11,250,316,22,2,242,313,23,2,231,303,23,3,237,307,23,3,149,197,21,3,148,202,23,2,140,195,24,4,144,197,23,4,50,57,22,2,45,53,21,3,44,52,22,2,45,53,21,3,51,62,23.33017974,0.390212418,49,59,24,2,47,56,23,1,48,58,23,1,20,South Korea
Busan,2019,46,11,243,309,21,4,242,312,22,3,237,307,23,3,235,306,23,3,151,196,21,7,147,199,23,3,144,196,24,4,144,196,23,4,49,57,20,1,47,55,20,3,45,53,22,2,45,53,21,3,43,56,21.04912145,0.325581395,47,58,23,2,48,57,23,1,47,57,23,1,18,South Korea
Busan,2019,47,11,236,304,22,2,241,309,22,3,235,306,23,3,234,305,23,3,150,196,22,1,148,197,22,3,144,195,24,3,143,196,23,4,43,51,21,3,47,54,21,1,45,54,21,3,44,53,21,3,43,57,21.04905039,0.279069767,46,58,22,2,46,57,23,1,47,57,23,1,19,South Korea
Busan,2019,48,11,223,290,21,1,238,305,21,2,236,306,23,2,234,305,23,3,138,185,21,2,147,194,21,3,144,195,23,3,143,195,23,4,41,51,20,0,46,54,21,2,45,53,21,2,44,53,21,2,44,54,21.94625,0.227272727,45,57,22,0,47,58,23,1,47,57,23,1,19,South Korea
Busan,2019,49,12,198,261,17,2,225,291,20,2,234,302,21,2,229,299,22,3,135,179,20,2,144,189,21,3,146,195,22,3,141,193,23,3,30,37,11,1,41,49,18,1,43,51,19,2,43,51,20,2,33,45,9.337255892,0.333333333,41,53,18,0,45,56,21,1,45,55,22,1,17,South Korea
Busan,2019,50,12,232,277,17,1,222,283,19,1,232,298,21,2,232,299,22,3,154,190,19,2,144,188,21,2,146,193,22,3,144,193,23,3,39,43,13,0,38,46,16,1,43,50,18,2,43,51,20,2,39,44,11.61810541,0.282051282,40,50,16,0,43,54,20,1,45,55,21,1,16,South Korea
Busan,2019,51,12,210,262,18,1,216,273,18,1,228,291,20,2,229,295,21,2,141,186,18,2,142,185,20,2,145,191,21,3,143,192,22,3,30,33,15,0,35,41,15,1,41,47,18,1,42,49,19,2,39,43,17.17829772,0.307692308,39,47,15,0,43,52,19,1,44,53,20,1,16,South Korea
Busan,2019,52,12,217,256,18,1,214,264,17,1,226,284,19,2,229,292,21,2,143,177,19,2,143,183,19,2,145,188,20,3,144,191,22,3,37,39,16,0,34,38,14,1,40,46,17,1,41,48,19,2,37,40,15.54287538,0.297297297,37,43,13,0,41,50,18,0,44,53,20,1,16,South Korea
Busan,2020,1,1,219,219,33,7,220,254,21,3,222,272,21,2,229,286,21,2,135,135,39,8,143,172,24,4,143,181,22,3,145,188,23,3,42,42,21,1,37,39,16,1,39,44,17,1,41,47,18,2,42,42,23.5523082,5.664775132,39,42,17,2,40,48,18,1,43,51,20,1,19,South Korea
Busan,2020,2,1,229,292,23,2,219,257,23,3,221,270,21,2,228,284,21,2,137,184,22,2,139,171,24,4,142,179,23,3,144,186,23,3,44,48,20,1,38,41,18,1,38,43,17,1,41,47,18,2,48,60,28.68855903,0.458333333,42,46,21,2,41,48,19,1,43,52,20,1,21,South Korea
Busan,2020,3,1,229,298,21,3,224,266,24,3,220,269,21,2,227,283,21,2,145,193,21,5,140,172,25,4,141,179,22,3,143,185,22,3,45,53,19,0,42,46,19,1,39,43,17,1,41,47,18,1,39,52,25.29926638,0.307692308,42,49,23,2,40,48,19,1,42,51,20,1,17,South Korea
Busan,2020,4,1,231,291,28,3,227,275,26,4,221,270,22,3,226,281,22,2,147,189,27,4,141,175,27,5,142,179,23,3,144,184,23,3,40,51,28,1,43,49,22,1,38,43,18,1,41,47,19,1,44,51,32.75518939,0.568181818,43,51,28,2,40,47,20,1,42,51,21,1,18,South Korea
Busan,2020,5,1,200,296,31,7,222,294,26,4,221,274,24,3,222,280,22,3,112,187,30,10,135,188,25,5,139,180,24,4,141,183,23,4,43,51,28,5,43,51,24,2,40,45,20,1,40,46,19,1,45,58,36.99314815,0.622222222,44,55,31,0,42,49,24,1,41,50,22,1,20,South Korea
Busan,2020,6,2,219,301,26,5,220,297,27,5,219,277,25,4,220,279,23,3,138,192,23,6,136,190,25,6,137,180,25,5,140,183,23,4,35,50,27,7,41,51,25,3,40,46,22,2,39,46,20,2,46,59,35.51797705,1.870344203,44,55,33,1,43,51,27,1,42,50,23,1,20,South Korea
Busan,2020,7,2,215,296,24,3,216,296,27,5,220,281,25,4,219,278,23,3,140,191,23,5,134,190,26,6,137,181,25,5,139,182,23,4,39,56,26,1,39,52,27,3,41,49,23,2,39,46,20,2,36,49,26.84686728,0.444444444,43,54,33,1,42,51,28,1,41,50,24,1,17,South Korea
Busan,2020,8,2,219,309,39,3,213,301,30,4,220,288,28,4,218,280,25,3,129,188,48,2,130,190,31,6,135,182,29,5,138,183,26,4,48,65,24,1,41,56,26,3,42,52,24,2,39,47,21,2,42,56,28.84160714,6.036990741,42,56,32,2,43,53,30,2,41,50,24,1,18,South Korea
Busan,2020,9,2,233,316,24,4,222,306,29,4,222,300,27,4,221,284,25,3,145,193,23,5,138,191,29,5,137,190,27,5,139,184,26,4,37,58,23,1,40,57,25,2,41,54,24,2,40,49,22,2,51,65,29.1456427,0.568627451,44,57,30,2,44,56,31,1,42,52,26,1,21,South Korea
Busan,2020,10,3,235,329,25,3,226,313,28,3,223,305,27,4,221,289,26,3,136,193,23,4,138,191,29,4,137,191,27,5,137,184,26,5,47,64,29,0,43,61,26,1,42,56,25,2,41,51,23,2,52,72,27.19337607,0.653846154,45,61,28,2,44,58,30,1,43,54,27,1,22,South Korea
Busan,2020,11,3,236,332,25,3,231,322,28,3,224,309,28,4,224,295,26,4,146,202,24,4,139,194,30,4,137,192,28,5,138,185,27,5,38,55,25,1,43,61,25,1,41,56,26,2,41,53,24,2,52,75,27.14429487,0.615384615,49,67,28,2,46,61,31,1,45,57,28,2,23,South Korea
Busan,2020,12,3,217,307,24,4,230,321,25,3,222,311,27,4,224,299,27,4,135,193,22,4,141,195,23,4,135,192,27,5,137,187,27,5,33,46,26,13,39,56,26,4,40,56,26,4,41,53,25,3,49,68,28.54835034,0.693877551,51,70,28,1,47,63,30,1,46,59,29,2,22,South Korea
Busan,2020,13,3,227,314,24,3,229,321,25,3,225,313,27,3,224,307,26,4,138,191,22,5,139,195,23,4,138,193,26,4,137,191,26,5,42,56,27,1,40,55,27,4,40,56,26,3,41,54,25,3,47,67,29.52098109,0.722937352,50,71,28,1,47,64,29,1,46,61,30,1,21,South Korea
Busan,2020,14,3,238,313,26,3,230,317,25,3,228,315,27,3,225,309,27,4,146,194,25,3,141,195,23,4,139,193,26,4,138,192,26,5,43,54,24,5,39,53,26,5,41,57,26,3,41,55,26,3,49,65,29.39119048,1.204727891,49,69,29,1,47,65,28,1,46,61,30,1,21,South Korea
Busan,2020,15,4,232,306,23,6,229,310,24,4,230,316,26,4,225,309,27,4,151,197,22,7,143,194,23,5,141,194,26,4,139,193,26,5,44,56,23,9,41,53,25,7,42,57,25,4,41,55,26,4,37,53,25.97707958,0.432432432,46,63,28,1,47,65,28,1,46,62,30,1,17,South Korea
Busan,2020,16,4,220,302,23,4,229,309,24,4,230,315,24,4,224,310,26,4,133,193,21,3,142,194,22,4,141,195,23,4,137,193,25,5,39,50,23,1,42,54,24,4,40,55,25,4,41,55,25,4,48,59,29.80490741,8.750416667,45,61,29,3,48,66,28,2,46,62,30,2,20,South Korea
Busan,2020,17,4,225,296,23,2,229,304,24,4,229,312,24,3,226,310,26,4,147,193,22,3,144,194,22,4,142,195,23,4,140,193,25,4,36,47,24,1,41,52,24,4,40,54,25,4,40,55,25,3,42,56,25.14699074,0.595238095,44,58,28,3,47,64,28,2,46,62,29,2,19,South Korea
Busan,2020,18,4,234,315,23,5,228,305,23,4,229,311,24,4,228,311,25,4,147,202,23,5,145,196,22,4,143,196,23,4,141,194,25,4,43,57,21,6,41,53,23,4,40,53,24,5,41,55,25,3,44,56,24.76815657,0.477272727,43,56,26,3,46,62,28,2,46,62,28,2,18,South Korea
Busan,2020,19,5,216,304,31,4,224,304,25,4,226,307,25,4,228,312,26,4,130,187,37,3,139,194,26,4,141,194,24,4,140,194,26,4,41,61,22,11,40,54,23,5,40,53,24,6,41,56,24,4,45,56,24.43420988,0.355555556,45,57,26,3,45,60,27,2,47,62,27,2,18,South Korea
Busan,2020,20,5,223,311,22,2,225,307,25,3,227,308,24,4,228,312,24,4,148,200,22,2,143,196,26,4,143,195,24,4,142,195,24,4,34,55,20,0,39,55,22,5,40,55,23,4,40,55,24,4,41,56,26.4148103,0.487804878,43,56,25,0,44,59,27,2,46,62,27,1,18,South Korea
Busan,2020,21,5,224,314,22,3,224,311,25,3,227,308,24,4,227,312,24,3,144,197,21,3,142,197,25,4,143,195,24,4,142,195,23,4,36,59,22,5,39,58,21,6,40,55,22,5,40,55,24,4,44,58,26.67602273,0.363636364,44,57,26,0,44,57,27,2,46,62,27,1,18,South Korea
Busan,2020,22,5,225,307,22,1,222,309,25,3,225,307,24,3,226,310,24,3,139,189,21,2,140,193,25,3,142,195,23,4,142,195,23,4,36,54,23,0,37,57,22,4,39,55,22,4,39,54,23,4,50,64,26.09096667,0.52,45,59,26,0,44,57,26,1,46,61,27,1,21,South Korea
Busan,2020,23,6,228,312,24,2,225,311,23,2,224,308,24,3,226,308,24,3,145,196,23,3,144,196,22,3,142,195,24,3,142,194,23,4,33,51,22,1,35,55,22,2,37,54,22,3,38,54,23,4,50,65,29.05133889,1.856233333,46,61,27,1,46,59,27,2,46,60,27,1,21,South Korea
Busan,2020,24,6,217,288,24,5,224,305,23,3,224,306,24,3,226,307,24,3,139,182,23,4,142,191,22,3,142,193,24,3,142,193,23,4,33,47,22,1,35,53,22,2,37,54,22,3,38,54,23,3,45,59,26.6227037,8.999530864,47,62,27,3,45,59,26,2,45,60,27,2,20,South Korea
Busan,2020,25,6,225,303,23,2,224,303,23,3,224,307,24,3,226,306,24,3,141,193,21,2,141,190,22,3,142,193,24,3,143,194,23,3,38,49,21,0,35,50,22,1,37,54,22,3,38,53,22,3,46,61,28.07001208,0.456521739,48,62,27,3,46,59,27,2,45,59,27,2,20,South Korea
Busan,2020,26,6,240,324,24,4,228,307,24,3,225,308,24,3,226,307,24,3,146,198,22,3,143,192,22,3,142,193,24,3,143,194,23,3,36,51,26,1,35,50,23,1,36,53,22,3,37,53,22,3,58,75,27.65815613,9.382322797,50,65,28,5,47,62,27,3,46,60,27,3,23,South Korea
Busan,2020,27,7,230,322,26,2,228,309,24,3,227,310,23,3,226,308,24,3,150,200,26,3,144,193,23,3,144,194,22,3,142,194,23,3,32,49,22,1,35,49,23,1,35,52,22,1,36,53,22,2,48,73,28.25319444,0.833599537,49,67,28,5,48,64,27,3,47,62,27,3,23,South Korea
Busan,2020,28,7,230,305,22,2,231,314,24,3,227,309,23,3,226,308,24,3,150,195,20,3,147,197,22,3,144,194,22,3,144,194,23,3,31,42,22,1,34,48,23,1,34,50,23,1,36,52,22,2,49,68,25.44061224,0.591836735,50,69,27,3,49,65,27,3,47,62,27,2,22,South Korea
Busan,2020,29,7,232,303,21,1,233,314,23,3,228,308,23,3,227,309,24,3,148,195,20,2,149,197,22,3,145,194,22,3,144,195,23,3,34,41,22,2,33,46,23,1,34,48,23,1,36,51,22,2,50,67,25.70253889,0.6,51,71,27,3,50,67,27,3,48,63,27,2,22,South Korea
Busan,2020,30,7,241,300,22,3,233,308,23,2,230,307,23,3,228,308,24,3,155,193,21,4,151,196,22,3,147,194,22,3,145,194,23,3,37,46,21,1,34,45,22,1,34,47,22,1,35,50,22,2,49,61,26.20342971,0.510204082,49,67,26,1,49,66,27,3,48,64,27,2,20,South Korea
Busan,2020,31,7,237,319,23,2,235,307,22,2,232,308,23,3,229,309,23,2,147,203,21,3,150,197,20,3,147,195,22,3,146,195,22,3,41,51,24,2,36,45,23,1,35,47,23,1,35,50,22,1,49,65,29.54103175,0.693877551,49,65,27,1,49,66,27,3,48,64,27,2,20,South Korea
Busan,2020,32,8,221,308,23,2,233,308,22,2,232,311,23,2,229,309,23,3,140,195,22,3,148,197,21,3,147,197,22,3,145,195,22,3,38,49,22,2,38,47,22,1,36,47,23,1,35,49,22,1,43,64,26.58747416,0.581531008,48,64,27,1,49,67,27,2,48,65,27,2,21,South Korea
Busan,2020,33,8,227,299,23,3,232,307,23,3,232,310,23,3,229,308,23,3,141,192,21,4,146,196,21,4,147,196,21,3,145,194,22,3,32,42,23,2,37,47,23,2,35,46,23,1,35,48,23,1,54,65,29.21430041,0.777777778,49,64,28,1,50,67,27,2,49,66,27,2,22,South Korea
Busan,2020,34,8,233,304,23,2,230,308,23,2,231,308,23,2,230,307,23,3,149,196,21,3,144,197,21,3,148,196,21,3,146,195,22,3,39,46,24,1,38,47,23,2,36,46,23,1,35,47,23,1,45,62,29.70537037,0.6,48,64,29,1,48,66,28,1,49,65,28,2,20,South Korea
Busan,2020,35,8,217,286,25,3,225,299,24,3,230,303,23,2,229,305,23,3,142,191,22,4,143,194,22,4,147,195,21,3,146,194,22,3,30,39,28,3,35,44,24,2,35,45,23,1,35,46,23,1,45,56,30.95061728,0.666666667,47,62,29,1,48,64,28,1,48,65,28,2,20,South Korea
Busan,2020,36,9,143,230,25,3,205,280,24,3,219,294,23,3,223,300,23,3,95,161,23,4,132,185,22,4,140,191,21,3,142,193,22,3,18,23,25,1,30,38,25,1,34,42,24,1,34,44,23,1,30,46,30.19935185,1.231194444,44,57,30,1,46,61,29,1,47,64,28,1,20,South Korea
Busan,2020,37,9,257,308,27,6,213,282,25,4,222,294,24,3,226,301,24,3,150,197,25,7,134,186,23,5,140,191,22,4,143,193,22,4,40,42,28,8,32,38,26,3,34,42,24,2,34,43,24,2,67,69,31.49237148,1.087976783,47,58,31,1,48,61,29,1,49,64,28,1,22,South Korea
Busan,2020,38,9,204,310,27,3,205,284,26,4,217,296,25,3,223,300,24,3,131,203,24,4,130,188,24,5,137,192,22,4,142,193,22,4,29,41,30,2,29,36,28,3,33,42,26,2,33,43,24,2,44,66,34.21388889,0.727272727,47,59,32,1,47,62,30,1,48,64,29,1,21,South Korea
Busan,2020,39,9,216,300,27,3,205,287,26,4,215,293,25,3,222,298,24,3,138,191,24,4,129,188,24,5,136,191,23,4,141,193,22,4,31,45,24,2,30,38,27,3,32,41,26,2,33,42,25,2,47,64,36.91463357,3.038309693,47,61,33,2,47,62,31,1,48,63,30,1,21,South Korea
Busan,2020,40,9,218,294,31,2,224,303,28,4,214,291,26,3,221,297,25,3,143,194,30,3,141,196,25,4,136,191,24,4,140,193,23,4,32,43,30,2,33,43,28,4,31,40,27,3,33,42,25,2,43,57,34.35989018,0.855406977,50,64,34,1,47,61,32,1,47,62,30,1,19,South Korea
Busan,2020,41,10,197,281,29,2,209,296,28,3,211,289,27,3,218,295,25,3,113,173,28,3,131,190,26,3,133,188,25,4,137,191,23,4,35,44,25,1,32,43,27,2,32,40,27,2,34,43,25,2,49,64,33.62323696,0.653061224,46,63,35,1,46,61,33,1,47,62,31,1,23,South Korea
Busan,2020,42,10,222,296,25,2,213,293,28,2,209,288,27,3,216,295,26,3,143,191,22,3,134,187,26,3,132,188,25,4,136,191,24,4,30,42,25,2,32,44,26,2,31,40,27,3,33,42,26,2,49,63,34.42780045,0.775510204,47,62,35,1,47,61,33,1,47,62,32,1,21,South Korea
Busan,2020,43,10,227,292,27,2,216,291,28,2,211,289,27,3,215,292,26,3,149,195,25,2,137,188,26,3,133,188,25,4,136,190,24,4,33,42,28,2,33,43,27,2,31,40,27,2,32,42,26,2,45,55,33.95155556,0.6,47,60,34,1,47,61,34,1,47,61,32,1,19,South Korea
Busan,2020,44,10,233,313,26,4,220,296,27,2,222,299,27,3,216,293,26,3,143,200,23,4,137,190,25,3,139,193,25,4,136,190,24,4,34,44,27,6,33,43,26,3,33,43,27,3,32,41,26,3,56,69,32.52123016,1.535605159,50,63,34,1,50,63,34,1,48,61,33,1,22,South Korea
Busan,2020,45,11,211,286,26,2,223,297,26,2,216,297,27,3,215,292,27,3,140,189,22,2,144,194,23,3,138,192,25,3,136,190,24,4,29,38,27,5,32,42,27,4,32,42,27,3,32,41,27,3,42,59,38.40584656,1.025859788,48,62,35,1,47,62,35,1,47,61,33,1,21,South Korea
Busan,2020,46,11,234,296,26,2,226,297,26,2,220,295,27,2,215,291,27,3,147,189,23,2,145,193,23,2,140,190,25,3,136,190,24,3,35,42,25,2,33,42,27,4,32,43,26,3,31,40,27,3,52,65,32.48691239,1.768936966,49,62,34,1,48,62,35,1,47,61,34,1,22,South Korea
Busan,2020,47,11,226,291,26,2,226,297,26,2,221,294,27,2,216,291,27,3,146,189,23,2,144,192,23,3,141,190,25,3,137,189,24,3,32,40,27,2,33,41,26,4,33,42,27,3,32,41,27,3,48,62,32.46372106,0.541666667,50,64,34,1,48,62,34,1,48,62,34,1,21,South Korea
Busan,2020,48,11,225,290,26,1,224,291,26,2,222,293,26,2,223,296,27,3,145,189,23,1,145,189,23,2,141,189,24,2,141,192,24,3,31,38,28,1,32,40,27,3,32,41,27,3,33,42,27,3,49,63,35.19096939,0.571428571,48,62,35,1,49,63,34,1,49,63,34,1,22,South Korea
Busan,2020,49,12,225,296,25,2,228,293,26,2,225,295,26,2,220,295,27,2,147,194,21,2,146,190,23,2,145,192,23,2,140,191,24,3,31,40,25,3,32,40,26,2,32,41,27,3,32,42,27,2,47,62,36.35488771,0.808510638,49,63,34,1,49,62,34,1,48,62,35,1,21,South Korea
Busan,2020,50,12,213,289,27,3,222,292,26,2,224,294,26,2,221,294,27,2,147,198,24,4,146,193,23,2,146,193,23,2,142,191,24,3,27,34,30,1,30,38,28,2,32,40,27,3,32,41,27,2,39,57,35.01195157,0.717948718,46,61,35,1,47,62,35,1,47,62,35,1,20,South Korea
Busan,2020,51,12,215,283,28,2,220,290,26,2,223,293,26,2,221,292,27,2,134,186,26,3,143,192,23,2,144,192,23,3,141,191,24,3,33,37,28,1,31,37,28,2,32,39,27,3,32,40,27,2,48,60,34.1012963,0.666666667,46,61,35,1,48,62,35,1,47,61,34,1,21,South Korea
Busan,2020,52,12,210,272,25,1,216,285,26,2,220,288,26,2,220,290,26,2,140,182,21,1,142,190,23,2,143,190,23,2,141,190,23,2,21,29,26,1,28,35,27,2,30,37,27,2,31,39,27,2,49,61,35.24676304,1.955289116,46,60,35,1,47,61,35,1,48,62,34,1,22,South Korea
Busan,2020,53,12,86,147,24,2,181,248,26,2,204,271,26,2,211,279,26,2,50,91,22,1,118,164,23,2,132,177,23,2,136,183,23,2,15,22,20,1,24,31,26,1,28,35,26,1,29,37,26,2,21,34,32.01455026,3.439603175,39,53,34,2,44,58,34,1,45,59,34,1,23,South Korea
Busan,2021,1,1,195,267,26,2,177,242,26,2,199,267,26,2,208,277,26,2,120,173,24,3,111,158,23,2,129,175,23,2,134,181,23,2,33,40,26,2,26,32,25,1,28,35,26,1,30,37,26,2,42,54,34.64628968,0.595238095,40,52,34,2,43,57,34,1,45,58,34,1,20,South Korea
Busan,2021,2,1,208,279,27,2,175,241,25,2,197,265,26,2,207,276,26,2,134,180,24,2,111,157,22,2,127,174,23,2,133,180,23,2,29,41,29,3,25,33,25,1,28,35,26,2,29,37,26,2,45,58,33.4219321,0.688888889,39,52,34,2,43,56,34,1,45,59,34,1,21,South Korea
Busan,2021,3,1,206,267,28,3,174,240,26,2,195,263,26,2,205,272,26,2,129,173,26,3,108,154,24,2,125,172,23,2,132,178,23,2,34,41,28,5,28,36,26,2,28,36,27,2,29,37,27,2,43,53,32.8798708,0.627906977,38,50,33,1,42,55,34,1,44,57,34,1,20,South Korea
Busan,2021,4,1,201,276,30,2,203,272,28,2,192,260,27,2,204,271,26,2,126,180,28,2,127,177,26,2,123,170,24,2,130,177,24,2,28,36,28,4,31,40,28,3,28,35,27,2,29,37,27,2,47,60,33.68562648,0.680851064,44,56,34,1,42,55,34,1,44,57,34,1,22,South Korea
Busan,2021,5,1,201,270,26,2,204,273,27,2,190,258,27,2,201,269,26,2,124,170,22,3,128,176,25,2,120,167,24,2,129,175,24,2,33,42,29,1,31,40,29,3,28,36,27,2,29,37,27,2,44,58,33.87361111,1.935776515,45,57,33,1,42,55,34,1,44,57,34,1,21,South Korea
Busan,2021,6,2,200,259,32,4,202,268,29,3,188,255,27,2,199,266,27,2,135,178,29,3,129,175,26,2,120,166,24,2,128,175,24,2,28,36,33,10,31,39,30,5,28,36,27,3,29,36,28,3,37,45,42.71879129,2.894924925,43,54,36,2,41,53,35,2,43,55,35,1,17,South Korea
Busan,2021,7,2,223,305,30,4,206,278,29,3,190,259,28,2,199,268,27,2,133,190,25,3,130,180,26,3,119,167,25,2,127,175,24,2,32,43,32,9,30,39,31,6,29,38,28,4,29,37,28,3,58,72,38.90742816,0.812337165,47,59,37,2,42,54,35,1,43,56,35,1,24,South Korea
Busan,2021,8,2,203,300,30,3,207,284,29,3,205,278,29,3,197,268,28,2,133,189,26,4,131,182,26,3,129,179,26,3,125,174,25,3,23,37,32,1,29,40,32,5,30,40,30,4,28,37,28,3,47,74,39.22083924,1.128368794,47,62,39,2,45,59,36,1,43,57,35,1,25,South Korea
Busan,2021,9,2,200,287,26,2,207,288,30,3,205,280,29,3,196,268,28,2,126,183,24,3,132,185,26,3,130,180,26,3,124,173,25,3,33,41,27,2,29,39,31,5,30,40,30,4,29,37,28,3,41,63,34.31487805,0.780487805,46,64,39,1,45,60,36,1,44,58,35,1,22,South Korea
Busan,2021,10,3,236,311,25,2,216,301,28,3,209,284,28,3,197,270,27,2,159,207,22,2,138,192,24,3,133,184,25,3,126,175,24,2,30,41,27,2,30,41,30,3,30,40,30,4,28,37,28,3,47,63,31.95897163,0.785851064,48,68,36,1,46,61,36,1,43,58,35,1,20,South Korea
Busan,2021,11,3,235,311,27,3,219,302,27,3,212,290,28,3,200,273,27,2,150,203,23,3,142,196,24,3,136,188,25,3,127,176,25,3,32,38,29,4,30,39,29,2,30,39,30,4,29,38,28,4,53,70,35.09907233,2.356383648,47,68,35,1,47,63,36,1,44,59,35,1,23,South Korea
Busan,2021,12,3,204,279,28,2,219,297,26,2,213,290,28,3,209,284,28,3,135,183,25,3,143,194,24,3,137,188,25,3,134,184,25,3,27,39,28,2,31,40,28,2,30,40,30,4,30,40,29,4,42,57,35.17679233,0.571428571,46,63,34,1,46,63,36,1,46,61,35,1,20,South Korea
Busan,2021,13,3,211,279,27,2,222,295,26,2,214,291,28,3,211,285,28,2,136,183,23,3,145,194,23,3,138,190,25,3,135,185,25,3,33,40,33,1,31,40,29,2,30,39,30,4,30,40,30,4,42,56,34.48397487,0.380952381,46,62,34,1,46,63,36,1,46,61,35,1,20,South Korea
Busan,2021,14,3,224,287,27,3,219,289,27,3,217,295,27,3,212,286,28,3,145,188,25,4,142,189,24,3,140,191,24,3,136,186,25,3,31,39,25,3,31,39,29,2,30,40,29,3,30,39,29,4,48,60,35.03104167,0.5,46,61,35,1,47,64,36,1,46,61,36,1,21,South Korea
Busan,2021,15,4,227,291,27,4,217,284,27,3,218,293,27,3,214,288,28,3,148,190,25,4,141,186,24,3,142,191,24,3,138,187,25,3,34,38,29,5,31,39,29,3,30,39,29,2,30,39,29,4,45,63,34.77839506,2.736444444,44,59,35,1,46,63,35,1,46,62,36,1,22,South Korea
Busan,2021,16,4,230,307,26,2,223,291,27,3,221,294,27,2,216,291,27,3,147,200,23,2,144,190,24,3,143,192,24,3,139,189,24,3,37,46,25,1,34,41,28,3,32,40,28,2,31,40,29,3,46,61,35.73957729,0.741334541,45,60,35,1,46,62,35,1,46,62,36,1,20,South Korea
Busan,2021,17,4,234,306,29,2,229,298,27,3,225,296,27,2,219,294,28,3,151,201,25,2,148,195,24,3,146,194,24,3,142,191,25,3,38,44,33,2,35,42,28,3,33,41,28,3,32,40,29,4,45,61,38.11622222,0.577777778,46,61,36,1,46,61,35,1,46,62,36,1,20,South Korea
Busan,2021,18,4,218,306,28,3,227,303,27,2,223,296,27,3,220,297,27,3,144,202,24,3,148,198,24,3,145,194,24,3,142,193,24,3,32,45,28,5,35,43,29,3,33,41,29,3,32,41,29,3,42,59,39.81675265,0.761904762,45,61,37,1,45,61,36,1,46,63,36,1,19,South Korea
Busan,2021,19,5,215,291,27,2,224,303,27,2,220,293,27,2,220,296,27,2,134,182,25,3,144,196,24,2,143,191,24,3,142,193,24,3,31,42,30,4,35,44,29,3,33,42,29,3,32,41,29,3,50,67,32.7326,0.54,46,62,37,1,45,61,36,1,46,63,36,1,23,South Korea
Busan,2021,20,5,233,303,25,2,225,302,27,2,224,296,27,2,222,297,27,2,157,196,22,2,147,195,24,2,145,193,24,3,144,193,24,3,34,44,27,1,34,44,30,3,34,42,29,3,33,41,28,3,42,63,34.64441138,0.547619048,45,63,36,1,45,61,36,1,45,62,35,1,21,South Korea
Busan,2021,21,5,214,293,29,1,220,298,27,2,224,298,27,2,223,297,27,2,142,197,29,1,144,194,25,2,146,195,25,3,146,194,24,3,30,39,29,1,32,43,28,3,33,42,28,3,32,41,28,3,42,57,32.23564815,1.52281746,44,62,35,1,45,61,35,1,45,61,35,1,19,South Korea
Busan,2021,22,5,214,284,27,3,219,293,27,2,223,298,27,2,222,295,27,2,137,191,24,5,143,192,25,3,145,195,25,3,144,193,24,3,35,41,30,2,33,42,29,2,34,42,29,3,33,41,29,3,42,52,34.41556878,0.428571429,44,60,34,1,44,60,35,1,45,61,35,1,18,South Korea
Busan,2021,23,6,226,294,27,1,222,294,27,2,223,298,27,2,221,293,27,2,148,194,25,2,146,195,25,2,145,195,25,2,144,192,25,3,29,39,28,2,32,41,28,2,33,43,29,2,33,41,29,2,49,61,33.32665533,0.469387755,44,58,34,1,45,60,35,1,45,60,35,1,21,South Korea
Busan,2021,24,6,213,291,28,1,217,291,28,2,221,296,28,2,222,294,27,2,135,196,26,2,141,195,26,2,144,195,25,2,144,193,25,3,36,42,28,1,33,40,28,2,33,42,29,2,33,42,29,2,42,53,34.09114418,0.380952381,44,56,34,1,44,59,35,1,45,59,35,1,18,South Korea
Busan,2021,25,6,220,290,29,5,218,290,28,3,219,294,28,2,222,295,27,2,139,189,26,6,140,193,25,4,142,193,25,3,144,194,25,3,33,41,33,6,33,41,29,3,33,42,29,3,33,42,29,3,48,60,36.47387153,0.690109954,45,57,35,0,45,59,35,1,45,60,35,1,21,South Korea
Busan,2021,26,6,199,292,30,2,215,292,28,2,217,292,28,2,220,296,28,2,123,186,26,2,136,191,26,3,139,191,25,3,142,194,25,3,30,41,31,2,32,41,30,3,32,41,29,2,33,42,29,3,46,65,37.24088164,1.282149758,46,60,35,1,45,60,34,1,45,60,35,1,22,South Korea
Busan,2021,27,6,214,294,30,2,212,292,29,3,217,293,28,2,219,296,28,2,142,193,27,2,135,191,26,3,140,193,26,3,142,194,25,3,27,36,32,5,32,40,31,4,32,40,30,3,33,42,29,3,45,65,36.48022222,0.688888889,45,61,36,1,45,60,35,1,45,60,35,1,22,South Korea
Busan,2021,28,7,203,290,28,2,209,292,29,3,213,291,29,2,217,295,28,2,133,192,25,3,134,190,26,3,137,192,26,3,140,193,25,3,28,39,31,2,30,39,31,4,31,40,30,3,32,41,30,3,42,59,38.31584656,0.738095238,45,62,37,1,45,59,35,1,45,60,36,1,20,South Korea
Busan,2021,29,7,196,278,29,3,203,289,29,2,211,289,28,3,214,292,28,2,127,182,24,4,131,188,26,3,136,190,25,3,138,192,25,3,20,30,34,4,26,37,32,3,30,39,31,3,30,40,30,3,49,66,38.48479025,1.082845805,46,64,38,1,45,60,36,1,45,61,36,1,24,South Korea
Busan,2021,30,7,185,277,30,3,200,285,29,3,207,288,29,3,211,290,28,2,129,190,27,3,133,189,26,3,135,190,26,3,137,191,25,3,27,33,27,4,26,35,31,4,29,38,30,3,30,39,30,3,29,54,43.16274904,0.724137931,41,61,39,1,44,60,37,1,44,60,36,1,19,South Korea
Busan,2021,31,7,199,274,29,3,196,280,29,3,204,286,29,3,210,288,28,2,124,182,25,3,128,187,25,3,132,189,26,3,136,191,25,3,30,36,34,1,26,35,32,3,29,37,31,3,30,38,30,3,45,56,36.67761728,1.627049383,41,59,39,1,43,60,38,1,43,59,36,1,20,South Korea
Busan,2021,32,8,203,284,28,3,196,278,29,3,202,285,29,3,207,287,29,2,131,187,24,4,128,185,25,4,131,188,26,3,134,190,26,3,31,40,30,1,27,35,31,2,28,37,31,3,30,38,30,3,41,57,39.44235772,0.683407859,41,58,39,1,43,60,38,1,43,59,37,1,20,South Korea
Busan,2021,33,8,199,273,31,4,197,277,30,3,200,283,29,3,206,285,29,3,133,182,27,4,129,185,26,4,130,187,26,3,133,189,26,3,28,35,35,4,29,36,32,2,28,36,32,3,30,38,31,3,38,56,43.39813596,0.736842105,38,56,41,1,42,60,39,1,43,59,38,1,21,South Korea
Busan,2021,34,8,168,245,28,4,192,269,29,3,196,277,29,3,202,282,29,3,114,163,25,4,126,179,25,4,129,184,25,3,132,186,26,3,26,38,31,6,29,37,33,3,27,36,32,3,29,38,31,3,28,44,38.37815476,0.928571429,38,53,39,1,40,57,39,1,42,58,38,1,18,South Korea
Busan,2021,35,8,233,316,32,3,201,280,30,3,198,280,29,3,203,284,29,3,144,205,31,5,131,184,27,4,129,185,26,4,131,187,26,3,28,36,28,2,28,37,31,3,27,36,31,3,29,37,31,3,61,75,38.43418488,0.606557377,42,58,40,1,42,58,40,1,43,59,38,1,24,South Korea
Busan,2021,36,9,203,291,30,2,201,281,30,3,198,280,30,3,202,284,29,3,137,188,27,3,132,185,27,4,130,185,26,4,131,187,26,4,31,41,34,1,28,38,32,3,28,36,32,3,28,37,32,3,35,62,37.24706349,0.657142857,41,59,39,1,41,59,39,1,42,60,39,1,21,South Korea
Busan,2021,37,9,179,277,34,4,196,282,31,3,196,280,30,3,198,283,30,3,127,186,31,5,131,186,28,4,130,185,27,4,130,186,27,3,20,37,33,1,26,38,31,3,28,37,31,3,27,37,32,3,32,54,43.08786458,0.625,39,59,39,1,39,57,40,1,41,59,39,1,19,South Korea
Busan,2021,38,9,179,290,33,4,199,294,32,3,195,281,31,3,197,282,30,3,113,195,28,5,130,194,29,4,128,186,27,4,130,187,27,4,24,37,38,5,26,38,33,2,27,38,33,3,27,37,32,3,42,58,42.85222884,3.48114418,43,62,40,1,40,58,40,1,41,59,40,1,20,South Korea
Busan,2021,39,9,188,286,32,6,187,286,32,4,194,283,31,4,195,282,30,3,107,174,28,6,121,186,28,5,126,185,27,4,127,186,27,4,33,43,34,8,27,40,34,4,28,38,33,4,27,37,32,3,48,69,42.59515625,1.711111111,39,61,41,2,41,59,41,1,41,59,40,1,24,South Korea
Busan,2021,40,10,185,285,35,4,183,285,33,5,192,283,32,4,193,281,31,4,120,178,34,4,117,183,30,5,124,184,29,5,126,184,27,4,23,43,30,9,25,40,33,6,27,39,33,5,27,37,32,4,42,64,42.83115079,0.857142857,41,61,43,2,41,60,41,1,41,60,41,1,22,South Korea
Busan,2021,41,10,174,261,29,4,182,281,32,5,189,281,32,4,191,280,31,4,120,172,26,4,115,180,29,5,123,183,29,5,125,184,28,4,23,33,31,6,26,39,33,7,26,39,32,5,27,38,32,4,31,56,40.36763441,2.38468638,41,62,42,2,40,60,41,1,39,59,41,1,21,South Korea
Busan,2021,42,10,192,258,32,2,185,273,32,4,192,283,32,4,192,278,31,4,124,172,29,3,118,174,29,5,124,184,29,4,125,182,28,4,34,39,32,1,28,40,32,6,27,39,32,4,28,38,32,4,34,47,42.01739379,0.529411765,39,59,42,1,41,61,41,1,40,58,41,1,18,South Korea
Busan,2021,43,10,194,271,29,3,186,269,31,3,187,277,32,4,191,278,31,4,127,185,27,4,123,177,29,4,122,181,29,4,125,182,28,4,33,45,30,3,28,40,31,5,28,40,33,4,28,39,32,4,34,41,36.03928922,0.5,35,52,40,1,37,56,41,1,39,57,41,1,15,South Korea
Busan,2021,44,10,193,259,29,2,188,262,30,3,186,273,32,4,191,276,31,4,134,182,26,2,126,178,27,3,122,181,29,4,125,182,28,4,26,33,30,1,29,38,31,3,27,39,32,4,27,38,32,4,33,44,37.44484848,1.184856902,33,47,39,1,37,54,41,1,38,56,40,1,17,South Korea
Busan,2021,45,11,186,262,28,1,191,263,29,2,186,272,31,3,190,275,31,3,113,172,26,1,125,178,27,3,120,179,28,4,123,181,28,4,28,37,29,1,30,39,30,2,28,39,32,4,27,39,32,4,45,53,33.06595679,1.245061728,37,46,37,1,39,54,40,1,39,56,40,1,20,South Korea
Busan,2021,46,11,209,267,29,2,196,265,29,2,190,269,30,3,193,277,31,3,137,174,27,2,128,178,27,2,123,176,28,3,125,182,28,4,33,41,29,1,30,39,29,2,29,39,31,4,28,39,31,3,39,52,36.03767094,0.615384615,38,48,36,1,38,53,39,1,40,56,39,1,19,South Korea
Busan,2021,47,11,181,251,28,2,192,260,28,2,189,264,30,3,189,272,31,3,114,165,25,2,125,173,26,2,124,175,28,3,123,179,28,3,30,37,25,4,29,37,28,2,29,39,30,3,28,39,31,4,37,49,36.81611111,0.540540541,39,50,36,1,37,51,38,1,38,54,39,1,20,South Korea
Busan,2021,48,11,186,257,30,1,191,259,29,1,189,261,29,2,187,269,31,3,120,168,28,1,121,170,27,1,124,174,27,2,121,177,28,3,32,44,27,2,31,40,27,2,30,39,29,3,28,39,31,4,34,45,36.5154902,0.441176471,39,50,36,1,36,48,37,1,38,53,39,1,18,South Korea
Busan,2021,49,12,196,255,32,2,193,258,30,2,192,260,30,2,189,267,30,3,121,169,32,3,123,169,28,2,124,173,28,2,121,176,28,3,32,37,28,0,32,40,27,2,31,39,29,2,29,39,30,4,43,49,35.8929199,0.441860465,38,49,36,1,37,48,37,1,39,52,39,1,19,South Korea
Busan,2021,50,12,195,261,29,1,190,256,30,1,193,260,29,2,190,264,30,2,126,175,28,1,120,169,28,2,124,174,27,2,122,174,28,3,35,37,29,1,32,39,27,2,31,39,28,2,30,39,30,3,34,49,33.34728758,0.441176471,37,48,36,0,37,48,36,1,38,52,38,1,19,South Korea
Busan,2021,51,12,185,256,28,2,191,257,30,2,191,259,29,2,190,262,30,2,118,171,25,2,121,171,28,2,123,172,27,2,123,174,28,2,31,41,28,5,33,40,28,2,31,38,28,2,30,39,29,3,36,44,36.37452932,1.167052469,37,47,36,1,38,48,36,1,37,49,37,1,17,South Korea
Busan,2021,52,12,116,175,21,0,173,237,28,1,182,248,28,1,184,253,29,2,77,116,20,0,111,158,26,2,116,164,26,2,119,168,27,2,17,27,19,0,29,36,26,2,30,38,27,2,30,38,28,2,22,32,28.34830808,0.636363636,34,44,33,1,36,47,35,1,35,47,36,1,18,South Korea
Busan,2021,53,12,146,146,45,3,161,210,31,2,177,234,30,2,182,243,30,2,88,88,58,5,102,138,33,2,113,153,30,2,117,161,29,2,29,29,25,1,28,34,25,2,30,37,26,2,30,37,28,2,29,29,28.00931992,1.584511494,30,39,32,1,34,44,34,1,35,45,35,1,20,South Korea
Busan,2022,1,1,205,270,30,4,163,212,31,3,176,234,30,2,183,244,30,2,137,178,28,6,105,138,33,3,113,154,31,2,118,162,29,2,29,41,30,1,27,35,26,2,29,37,26,2,30,37,27,2,39,51,36.80859687,1.147849003,32,39,32,1,34,44,34,1,35,45,35,1,19,South Korea
Busan,2022,2,1,212,296,29,3,170,222,31,3,180,240,31,2,184,246,30,2,135,197,27,1,109,145,33,3,115,158,31,2,118,163,29,2,32,40,30,11,27,34,26,3,30,37,27,3,30,37,27,2,45,59,34.34980247,0.733333333,34,43,32,1,35,45,34,1,36,46,34,1,20,South Korea
Busan,2022,3,1,184,264,32,3,187,244,34,3,180,240,31,2,183,247,30,2,122,178,31,3,121,160,36,4,116,159,31,3,117,163,30,2,25,38,27,12,29,37,28,6,29,36,27,4,29,37,27,3,37,48,37.6441967,0.405405405,38,47,34,1,36,45,34,1,37,47,34,1,18,South Korea
Busan,2022,4,1,211,266,33,3,203,274,31,3,182,242,31,3,186,247,30,2,147,180,32,3,135,183,29,3,119,160,31,3,120,163,30,2,26,38,31,6,28,39,30,7,28,36,27,5,29,38,27,4,38,48,38.38923977,0.605263158,40,52,37,1,35,45,34,1,36,46,35,1,18,South Korea
Busan,2022,5,1,212,285,34,5,205,278,32,4,184,245,31,3,186,249,31,3,142,194,33,7,137,187,31,3,121,163,32,3,121,165,31,3,34,43,32,4,29,40,30,8,28,37,28,5,29,38,28,4,36,48,39.2789429,0.583333333,39,51,37,1,35,45,35,1,36,46,35,1,17,South Korea
Busan,2022,6,2,198,295,35,6,201,278,33,4,186,250,32,4,187,252,32,3,135,201,34,6,137,188,32,5,123,167,33,4,122,168,31,3,25,44,30,12,28,41,30,8,27,38,28,6,29,38,28,5,38,50,42.28266813,0.789473684,37,49,39,1,36,46,36,1,36,46,36,1,17,South Korea
Busan,2022,7,2,195,287,28,3,204,283,33,4,195,264,33,4,188,255,31,3,129,194,25,3,138,192,31,5,129,176,33,4,123,170,31,3,28,40,32,3,28,41,31,6,29,39,30,6,29,38,29,5,38,53,36.26653509,0.710526316,38,50,39,1,38,48,37,1,36,47,36,1,18,South Korea
Busan,2022,8,2,212,280,29,4,204,287,32,4,204,280,31,4,189,257,31,3,138,187,26,4,136,194,30,5,136,189,29,4,125,172,31,4,32,38,28,1,30,41,31,5,29,40,30,6,29,38,29,5,42,55,42.32165344,3.301607143,39,52,40,1,39,52,38,1,36,47,36,1,20,South Korea
Busan,2022,9,2,195,275,29,4,200,284,31,4,202,281,31,4,189,258,31,3,133,187,27,4,134,192,28,5,135,190,29,4,125,173,30,4,27,35,29,10,28,39,30,6,29,40,30,7,28,38,28,5,35,53,36.31955556,0.6,38,53,39,1,39,52,38,1,36,48,36,1,19,South Korea
Busan,2022,10,3,207,276,28,2,202,280,29,3,202,279,31,4,191,260,31,3,130,180,25,2,133,187,26,4,135,188,29,4,126,173,30,4,37,43,27,1,31,39,29,4,29,40,30,6,28,38,28,5,40,53,40.40875,0.7,39,54,39,1,38,51,39,1,37,48,37,1,19,South Korea
Busan,2022,11,3,203,274,28,2,204,276,29,3,204,280,31,4,198,268,32,4,146,193,27,2,137,187,26,3,138,190,29,4,132,180,31,4,27,37,24,3,31,38,27,3,30,40,29,5,29,39,29,5,30,44,34.23987963,0.5,37,51,38,1,37,51,39,1,37,49,37,1,16,South Korea
Busan,2022,12,3,186,259,30,2,198,271,29,2,201,279,30,3,202,277,30,3,120,177,28,2,132,184,27,3,134,189,28,4,135,187,29,4,29,37,28,3,30,38,27,4,30,40,29,4,29,40,29,5,37,45,38.26912162,0.432432432,36,49,37,1,37,50,39,1,38,51,38,1,17,South Korea
Busan,2022,13,3,216,285,38,4,203,274,31,2,202,279,31,3,203,279,31,3,139,189,40,6,134,185,30,3,134,189,29,4,135,188,30,4,32,39,29,1,31,39,27,2,30,39,28,4,30,39,29,5,45,57,39.35227778,0.913123457,38,50,38,1,38,51,39,1,38,51,38,1,20,South Korea
Busan,2022,14,3,207,277,28,3,203,274,31,3,203,277,30,3,202,277,31,3,137,183,25,3,136,186,30,3,134,186,28,3,135,187,29,4,33,40,28,3,30,38,27,2,31,39,28,3,30,39,29,5,37,54,41.65844595,0.702702703,37,50,38,1,38,52,39,1,38,51,39,1,19,South Korea
Busan,2022,15,4,194,274,27,1,201,274,31,2,203,275,30,3,203,278,31,3,127,182,24,1,131,183,29,3,134,185,28,3,135,187,29,4,29,40,27,1,31,39,28,2,31,39,27,3,30,40,29,4,38,52,36.97023392,0.631578947,39,52,39,1,38,52,39,1,38,51,39,1,19,South Korea
Busan,2022,16,4,206,273,28,2,206,277,30,3,202,274,30,2,203,278,30,3,133,179,25,2,134,183,28,3,133,184,28,3,134,187,28,4,32,39,32,1,32,40,29,1,31,39,28,3,30,40,29,3,41,55,37.38848916,2.57949187,40,55,39,1,38,52,38,1,38,52,39,1,20,South Korea
Busan,2022,17,4,207,266,29,1,204,273,28,2,203,273,30,2,202,277,30,3,144,182,28,2,135,182,25,2,135,183,28,3,134,186,28,3,30,39,27,1,31,40,28,1,31,39,28,2,30,39,28,3,33,45,34.53316498,0.575757576,37,52,38,1,38,51,38,1,38,51,38,1,17,South Korea
Busan,2022,18,4,192,255,27,1,200,267,28,1,201,270,29,2,202,273,29,2,127,174,24,1,133,179,25,2,134,182,28,2,134,184,27,3,26,34,30,1,29,38,29,1,30,38,28,2,30,38,28,2,39,47,36.53720085,0.512820513,38,50,36,1,38,50,37,1,38,51,38,1,18,South Korea
Busan,2022,19,5,219,273,26,1,206,267,28,1,203,270,29,2,204,272,29,2,146,185,24,1,138,180,25,2,134,181,27,2,135,183,27,3,30,36,25,1,30,37,28,1,30,38,28,1,30,38,28,2,43,52,37.28838501,0.558139535,39,50,36,1,39,51,38,1,38,51,38,1,19,South Korea
Busan,2022,20,5,228,291,26,3,212,271,27,2,209,274,29,2,205,273,29,2,141,180,23,2,140,180,25,2,137,182,26,2,135,183,27,2,42,49,25,10,32,40,27,3,32,40,28,2,31,39,27,3,45,62,35.9838642,0.666666667,40,52,36,1,40,53,37,1,39,52,37,1,21,South Korea
Busan,2022,21,5,198,269,30,2,209,272,28,2,206,272,28,2,205,273,29,2,130,167,28,3,136,177,25,2,136,179,25,2,135,181,27,2,25,44,27,2,31,41,27,3,31,40,27,2,31,40,27,2,43,58,39.12948966,0.790697674,43,55,37,1,40,53,37,1,39,52,38,1,22,South Korea
Busan,2022,22,5,193,256,28,2,210,272,28,2,205,270,28,2,204,271,29,2,125,169,26,2,136,175,25,2,134,177,25,2,135,180,27,2,28,35,29,1,31,41,26,3,30,40,28,2,30,39,27,2,40,52,33.88548611,2.053916667,43,56,37,1,40,53,36,1,39,52,37,1,20,South Korea
Busan,2022,23,6,189,251,28,1,202,267,28,2,204,267,28,2,203,269,29,2,123,162,25,2,130,170,25,2,134,175,25,2,133,177,27,2,27,38,25,0,31,42,27,3,30,39,27,2,30,39,28,2,39,51,38.01502849,0.538461538,42,56,37,1,40,53,37,1,40,53,37,1,20,South Korea
Busan,2022,24,6,218,275,29,3,200,263,29,2,206,267,28,2,206,270,29,2,152,186,27,2,133,171,26,2,136,176,25,2,135,178,26,2,23,34,25,6,26,38,26,2,29,39,27,3,30,39,27,2,43,55,36.28902455,2.859773902,41,54,37,2,41,53,36,1,41,53,37,1,20,South Korea
Busan,2022,25,6,202,278,29,2,201,265,28,2,205,269,28,2,204,270,28,2,127,182,28,2,132,175,26,2,134,176,26,2,134,178,25,2,33,39,26,1,28,37,26,2,29,39,26,3,30,39,27,2,42,57,34.89267196,0.666666667,41,54,36,2,42,54,37,1,40,53,37,1,21,South Korea
Busan,2022,26,6,201,269,31,6,203,268,29,3,206,270,28,3,204,269,28,2,135,178,30,8,134,177,27,4,135,176,26,3,134,177,26,3,27,40,30,3,28,38,26,3,29,39,26,3,29,39,27,2,39,51,38.90953704,0.769230769,41,54,37,1,42,55,37,1,40,53,37,1,19,South Korea
Busan,2022,27,6,182,263,29,5,201,271,30,4,201,269,29,3,203,268,28,2,109,165,26,6,131,178,28,5,130,174,27,4,133,176,26,3,27,34,25,3,28,37,26,3,29,39,26,3,29,38,27,2,46,64,39.01343599,2.796636473,43,57,37,2,42,56,37,1,41,54,37,1,24,South Korea
Busan,2022,28,7,218,265,30,3,201,269,30,4,200,266,29,3,204,268,28,3,138,165,28,3,127,173,28,5,130,172,27,4,133,175,26,3,33,39,29,1,30,38,27,2,28,38,27,2,29,38,27,2,47,61,35.25060284,1.922346336,44,58,37,2,42,56,37,2,42,55,37,1,23,South Korea
Busan,2022,29,7,213,292,29,6,204,272,30,5,202,269,29,3,204,270,29,3,134,191,27,8,129,175,27,6,130,175,27,4,132,175,26,4,33,43,26,2,30,39,27,2,29,38,27,2,30,39,27,2,46,58,39.06437198,1.549365942,45,59,38,2,43,56,37,2,43,56,37,1,20,South Korea
Busan,2022,30,7,190,268,29,4,201,272,29,4,202,270,29,4,204,271,29,3,123,175,27,5,126,174,27,6,130,176,27,5,132,175,26,4,29,37,25,6,31,38,26,3,29,38,26,3,30,39,26,3,38,56,36.78060673,0.605263158,44,60,38,2,43,57,37,1,43,56,37,1,21,South Korea
Busan,2022,31,7,210,274,27,2,208,275,29,4,204,273,29,4,204,271,29,3,138,181,26,2,133,178,27,5,132,178,27,5,131,175,27,4,31,41,26,2,32,40,27,3,30,38,26,3,30,39,26,3,41,52,33.47825881,0.487804878,43,57,36,1,43,57,37,1,42,56,37,1,19,South Korea
Busan,2022,32,8,202,269,27,3,204,276,28,4,202,272,29,4,201,269,29,3,136,185,25,3,133,183,26,5,130,178,27,5,131,176,27,4,24,33,23,3,29,39,25,3,30,38,26,3,28,38,26,2,42,51,34.61488757,1.020026455,42,54,36,1,43,56,37,1,42,56,37,1,19,South Korea
Busan,2022,33,8,209,278,28,3,203,272,28,3,203,272,29,4,202,270,29,3,141,191,26,4,135,183,26,4,132,179,27,5,132,178,27,4,27,34,25,0,28,36,25,3,29,38,26,3,29,37,26,2,41,53,34.74848238,0.536585366,41,53,35,1,43,56,36,1,42,55,36,1,19,South Korea
Busan,2022,34,8,195,265,26,3,204,272,27,3,202,272,28,3,202,271,28,3,128,179,24,4,136,184,25,3,131,179,26,4,132,178,26,4,29,34,25,2,28,36,25,2,29,37,26,2,29,37,26,2,38,52,36.92142544,0.552631579,41,52,35,1,42,56,36,1,42,55,36,1,20,South Korea
Busan,2022,35,8,166,226,26,1,193,260,27,2,200,267,28,3,201,269,28,3,103,146,24,1,127,175,25,3,130,177,26,4,130,177,26,4,28,35,23,1,27,34,24,2,29,37,25,2,29,37,26,2,35,45,33.46934921,2.082492063,39,50,35,1,41,54,36,1,42,55,36,1,20,South Korea
Busan,2022,36,8,221,246,29,4,198,254,27,3,201,265,28,3,201,266,28,3,153,176,29,5,131,173,26,4,132,178,26,4,130,176,27,4,30,30,26,2,29,33,25,1,29,36,25,2,29,37,26,2,38,40,30.1030117,0.605263158,38,48,34,1,40,51,35,1,41,53,36,1,16,South Korea
Busan,2022,37,9,162,269,27,1,186,252,27,2,194,262,27,3,197,265,28,3,101,178,26,1,121,170,26,3,128,176,26,3,128,176,26,4,29,41,24,1,29,35,25,1,28,36,25,2,29,37,26,2,32,50,33.04145833,0.59375,36,47,33,1,38,50,34,1,40,53,35,1,19,South Korea
Busan,2022,38,9,216,261,28,3,191,251,27,2,198,261,27,3,199,265,28,3,124,162,27,4,120,166,26,3,128,175,26,3,127,175,26,4,37,39,26,2,31,36,25,2,29,36,25,2,30,37,25,2,55,60,33.24184343,2.960242424,40,49,32,2,40,50,34,1,42,54,35,1,23,South Korea
Busan,2022,39,9,208,298,26,1,202,269,28,2,197,264,27,2,201,268,28,3,137,197,25,1,129,178,27,3,128,177,26,3,130,177,26,4,29,39,23,1,31,37,25,2,29,36,24,2,30,37,25,2,42,62,33.17289021,0.642857143,42,53,32,1,40,52,34,1,41,53,34,1,21,South Korea
Busan,2022,40,9,208,274,25,1,199,276,27,2,198,265,27,2,200,268,27,3,139,185,25,1,125,181,26,2,128,177,26,3,130,179,26,3,23,33,20,1,30,38,23,1,29,36,24,1,29,37,24,2,46,56,29.10146135,0.369565217,44,57,32,1,41,52,33,1,41,53,34,1,20,South Korea
Busan,2022,41,10,204,275,27,2,209,277,27,2,198,264,27,2,199,267,27,2,132,185,24,2,133,182,25,2,127,176,25,2,130,178,26,3,27,31,31,0,29,36,25,1,29,35,25,1,29,36,25,2,45,59,33.23635185,4.744858025,47,59,32,2,41,53,33,2,41,53,33,1,21,South Korea
Busan,2022,42,10,209,278,28,2,207,281,27,1,199,266,27,2,201,268,27,2,140,189,27,2,137,189,25,1,129,177,26,2,131,180,26,3,25,33,27,2,26,34,25,1,29,35,25,1,28,35,25,1,44,56,31.72497475,0.522727273,44,58,32,2,42,54,32,2,42,53,33,1,20,South Korea
Busan,2022,43,10,225,291,26,1,212,280,26,1,207,274,27,2,202,269,27,2,148,198,24,2,140,189,25,2,134,184,26,2,132,181,25,3,34,38,22,1,27,34,25,1,29,36,25,1,29,35,25,1,43,55,32.02640827,0.395348837,45,57,32,2,43,55,32,1,42,53,33,1,19,South Korea
Busan,2022,44,10,212,291,24,1,213,284,26,2,206,280,26,2,203,271,27,2,129,186,22,1,137,190,24,2,131,185,25,2,131,181,25,2,36,43,21,2,31,36,25,1,30,37,24,1,30,36,24,1,47,62,29.7338357,0.489361702,45,58,32,2,44,58,32,1,42,54,33,1,21,South Korea
Busan,2022,45,11,226,286,25,1,218,287,25,1,214,282,26,2,204,272,26,2,148,193,25,1,141,192,24,1,137,187,25,2,132,181,25,2,36,42,21,2,33,39,23,2,31,37,24,2,30,37,24,1,42,51,29.00228836,1.38827381,44,56,31,1,46,58,31,1,42,54,32,1,18,South Korea
Busan,2022,46,11,240,297,24,6,226,291,25,2,217,286,26,2,208,274,26,2,152,192,22,5,144,192,23,2,141,191,24,2,134,182,25,2,33,40,21,1,35,41,21,2,30,37,23,1,31,37,24,1,55,65,30.24412626,10.09463131,47,58,30,3,46,58,31,2,44,55,32,2,22,South Korea
Busan,2022,47,11,214,279,24,1,223,288,24,2,217,284,25,2,212,279,26,2,144,186,23,1,143,189,23,2,142,189,24,2,137,186,25,2,32,37,23,1,34,41,22,2,31,37,23,1,31,37,24,1,38,56,29.16570175,0.5,46,59,30,3,45,58,31,2,44,56,31,2,20,South Korea
Busan,2022,48,11,207,261,24,1,222,281,24,2,217,282,25,2,211,280,26,2,136,170,23,1,145,185,23,2,141,187,24,2,136,185,24,2,26,33,20,0,32,38,21,1,31,37,23,1,31,37,23,1,45,58,29.21835185,0.511111111,45,58,29,3,45,58,31,2,45,58,31,2,22,South Korea
Busan,2022,49,11,233,286,23,1,224,281,24,2,221,284,25,2,217,281,25,2,162,197,22,2,149,186,22,2,145,189,23,2,141,187,24,2,29,34,24,1,30,36,22,1,31,38,22,1,31,37,23,1,42,55,30.46378968,0.523809524,45,59,30,3,45,57,30,2,45,58,31,2,19,South Korea
Busan,2022,50,12,211,272,25,2,216,275,24,1,221,283,24,2,216,282,25,2,123,167,24,3,141,180,23,2,143,186,23,2,141,187,24,2,39,43,24,0,32,37,23,1,33,39,22,1,31,37,23,1,49,62,30.23183673,1.298418367,44,58,30,1,45,58,30,2,45,58,31,2,23,South Korea
Busan,2022,51,12,201,258,26,2,213,269,25,2,218,279,24,2,216,279,25,2,127,163,24,2,137,174,23,2,140,182,23,2,140,184,24,2,29,36,24,1,31,37,23,1,33,39,22,1,31,37,23,1,45,59,32.6835,2.588691358,45,59,31,1,45,59,30,2,45,58,31,2,23,South Korea
Busan,2022,52,12,264,347,26,3,227,291,25,2,225,286,25,2,221,285,25,2,178,227,25,4,148,189,24,2,146,187,23,2,143,188,24,2,37,48,24,1,34,40,24,1,33,39,23,1,32,38,23,1,49,72,31.72241497,0.750430839,46,62,31,1,46,60,30,2,45,59,31,2,21,South Korea
Dubai,2019,1,1,101,140,37,15,,,,,,,,,,,,,43,70,48,16,,,,,,,,,,,,,39,47,26,19,,,,,,,,,,,,,19,23,31.61195906,3.161564327,,,,,,,,,,,,,16,UAE
Dubai,2019,2,1,77,111,32,12,,,,,,,,,,,,,31,43,31,19,,,,,,,,,,,,,28,42,32,10,,,,,,,,,,,,,18,26,33.08811728,1.797669753,,,,,,,,,,,,,23,UAE
Dubai,2019,3,1,81,115,35,20,,,,,,,,,,,,,35,47,32,36,,,,,,,,,,,,,26,41,43,13,,,,,,,,,,,,,20,27,32.05693056,2.142444444,,,,,,,,,,,,,23,UAE
Dubai,2019,4,1,76,112,35,26,84,120,35,18,,,,,,,,,35,50,43,16,36,53,38,22,,,,,,,,,25,40,27,55,30,43,32,24,,,,,,,,,16,22,30.62560764,1.971944444,18,25,32,2,,,,,,,,,20,UAE
Dubai,2019,5,1,75,116,34,12,77,114,34,18,,,,,,,,,27,47,39,20,32,47,36,23,,,,,,,,,28,43,32,9,27,42,34,22,,,,,,,,,20,26,29.38768056,6.073,19,25,31,3,,,,,,,,,22,UAE
Dubai,2019,6,2,76,116,34,8,77,115,34,17,,,,,,,,,32,51,36,11,32,49,37,21,,,,,,,,,27,40,34,9,27,41,34,21,,,,,,,,,17,25,29.96866013,3.124803922,18,25,31,3,,,,,,,,,22,UAE
Dubai,2019,7,2,79,114,34,7,77,115,34,13,,,,,,,,,34,50,38,10,32,50,39,14,,,,,,,,,28,41,30,8,27,41,31,20,,,,,,,,,17,23,33.23513072,0.301584967,18,24,31,3,,,,,,,,,20,UAE
Dubai,2019,8,2,84,120,35,9,79,117,34,9,81,118,34,14,,,,,36,52,38,15,32,50,38,14,34,51,38,18,,,,,30,46,33,6,28,43,32,8,29,43,32,16,,,,,18,22,31.26384259,3.64375,18,24,31,3,18,24,31,3,,,,,18,UAE
Dubai,2019,9,2,77,114,35,8,79,116,34,8,78,115,34,13,,,,,34,52,39,11,34,51,38,12,33,49,37,17,,,,,28,40,33,8,28,42,33,8,28,42,33,15,,,,,15,22,30.37235185,2.173185185,17,23,31,2,18,24,31,3,,,,,19,UAE
Dubai,2019,10,3,81,116,33,11,80,116,34,9,79,115,34,13,,,,,38,54,36,17,36,52,38,13,34,50,38,17,,,,,22,35,32,6,27,41,32,7,27,41,33,14,,,,,21,27,26.7862963,6.012619048,18,24,30,3,18,24,30,3,,,,,23,UAE
Dubai,2019,11,3,79,114,35,14,80,116,34,11,78,115,34,12,,,,,38,55,36,24,37,53,37,17,34,51,38,16,,,,,27,36,35,6,27,39,33,6,27,40,32,13,,,,,14,23,33.22152778,2.008214286,17,24,30,3,17,24,31,3,,,,,20,UAE
Dubai,2019,12,3,82,119,37,10,80,116,35,11,79,116,35,10,81,117,35,13,38,59,40,16,37,55,38,17,35,53,38,16,35,53,38,18,28,40,36,6,26,38,34,6,27,40,33,7,28,41,33,13,16,20,32.94369792,2.819809028,17,23,31,3,17,24,31,3,18,24,31,3,17,UAE
Dubai,2019,13,3,75,108,35,10,79,114,35,11,79,115,35,10,79,115,34,12,29,50,36,15,36,55,37,18,35,53,37,15,34,51,37,18,28,37,33,10,26,37,34,7,27,39,33,7,27,40,33,12,18,21,36.33199074,3.071388889,17,23,32,3,17,23,32,3,18,24,32,3,19,UAE
Dubai,2019,14,4,76,117,56,13,78,115,41,12,79,115,38,10,78,115,37,12,36,55,82,21,35,55,48,19,35,53,43,16,34,52,41,18,26,40,31,8,27,38,34,7,27,39,33,7,27,40,33,12,14,22,34.75722222,2.857460317,16,22,34,3,17,23,32,3,17,23,32,3,19,UAE
Dubai,2019,15,4,78,120,59,10,78,116,47,11,79,116,41,11,78,116,38,12,33,52,93,16,34,54,63,17,35,54,50,17,34,52,46,16,31,46,33,7,28,41,33,8,28,40,33,7,27,40,33,11,14,22,36.99992063,3.598035714,16,21,35,3,16,22,33,3,17,23,32,3,18,UAE
Dubai,2019,16,4,87,129,37,17,79,119,47,13,79,117,41,12,79,117,39,11,37,61,37,21,34,55,62,18,35,55,50,18,34,53,46,16,32,44,37,17,29,42,33,11,28,40,34,8,28,41,33,8,18,24,36.64990741,6.250308642,16,22,36,4,16,23,34,4,17,23,33,3,19,UAE
Dubai,2019,17,4,80,129,46,15,80,124,49,14,80,119,42,13,80,118,40,11,37,61,59,22,36,57,68,20,36,56,52,19,35,54,47,17,27,42,37,11,29,43,34,11,28,40,34,9,28,41,34,8,16,26,32.1484375,6.143611111,16,24,35,5,16,23,34,4,17,23,33,4,20,UAE
Dubai,2019,18,5,75,118,44,12,80,124,46,13,79,119,44,13,79,118,40,11,32,53,49,16,35,57,59,19,35,56,54,19,35,55,49,17,26,41,38,12,29,43,36,12,28,41,35,10,28,41,34,9,17,24,42.78797386,4.061683007,16,24,37,5,16,23,36,4,17,23,34,4,20,UAE
Dubai,2019,19,5,77,120,52,9,80,124,45,13,79,120,46,12,79,119,42,12,36,58,68,13,36,58,53,18,35,56,58,17,35,55,51,17,26,41,36,7,28,42,37,12,28,41,35,10,28,41,34,9,15,21,42.28261111,2.286962963,17,24,38,5,16,23,37,4,16,23,35,4,18,UAE
Dubai,2019,20,5,76,121,43,14,77,122,46,12,78,120,46,12,79,119,43,12,27,54,41,13,33,57,54,16,33,56,58,17,35,55,51,17,32,45,38,20,28,42,37,12,29,42,35,11,28,41,35,10,17,22,55.74901961,3.63125817,16,23,43,4,16,23,40,4,16,23,37,4,18,UAE
Dubai,2019,21,5,74,126,41,9,76,121,45,11,78,123,47,12,78,120,43,12,34,55,48,15,32,55,52,14,34,56,60,17,35,56,52,17,25,44,31,6,27,43,36,11,28,43,35,11,28,41,35,10,15,27,40.66737037,1.274074074,16,24,45,3,16,24,40,4,16,23,38,4,21,UAE
Dubai,2019,22,5,70,118,36,6,74,121,43,9,77,123,45,11,77,120,43,12,27,52,38,8,31,55,49,12,33,56,54,16,34,55,52,17,26,40,36,6,27,43,35,10,28,43,36,11,28,41,35,10,17,26,34.37321895,2.303137255,16,24,43,2,16,24,40,4,16,23,38,3,22,UAE
Dubai,2019,23,6,76,116,61,13,74,120,45,10,77,122,45,12,77,120,46,11,32,53,104,25,30,54,58,15,33,56,55,17,33,55,58,17,29,39,29,5,28,42,34,9,28,42,35,10,28,42,35,10,15,24,30.41468519,2.888740741,16,25,40,3,16,24,39,4,16,23,38,3,21,UAE
Dubai,2019,24,6,71,113,36,8,73,118,44,9,75,120,45,11,76,120,45,11,27,53,42,9,30,53,58,14,32,55,56,15,32,55,58,16,26,34,33,11,27,39,32,7,27,41,35,10,28,41,34,10,18,26,31.73046296,3.759830247,16,26,34,3,16,25,39,3,16,24,38,4,23,UAE
Dubai,2019,25,6,73,112,32,6,73,115,41,8,74,118,43,10,76,120,45,11,32,53,33,7,30,53,54,12,31,54,53,13,33,55,58,16,29,39,30,6,28,38,32,7,27,40,34,9,28,41,34,10,12,20,33.07837963,2.362384259,16,24,32,3,16,24,39,3,16,24,38,3,18,UAE
Dubai,2019,26,6,71,115,39,8,73,114,42,9,74,118,43,9,76,120,44,11,28,54,37,13,30,53,54,14,30,54,51,13,32,55,54,15,26,39,37,8,28,38,32,7,27,40,34,8,28,41,35,10,17,22,43.95650327,2.187075163,16,23,35,3,16,24,39,3,16,24,38,3,19,UAE
Dubai,2019,27,7,76,118,39,16,73,115,36,10,73,117,41,10,76,120,42,11,29,50,44,27,29,53,39,14,30,53,48,15,32,55,50,16,30,41,34,12,28,38,34,9,28,40,34,9,28,41,35,10,17,27,38.6995915,2.800147059,16,24,37,3,16,24,39,3,16,24,39,3,23,UAE
Dubai,2019,28,7,73,120,53,7,73,116,41,9,73,117,42,9,74,119,43,10,30,56,79,10,30,53,48,14,30,53,53,14,31,54,53,15,28,40,35,6,28,40,34,8,27,40,33,7,28,40,35,9,15,24,32.55875926,1.547833333,15,23,37,2,16,25,36,2,16,24,38,3,20,UAE
Dubai,2019,29,7,75,118,38,14,74,118,42,11,73,116,42,10,74,118,43,10,32,56,35,24,30,54,49,19,30,53,52,15,31,54,52,15,25,37,44,10,27,39,38,9,27,39,35,8,27,40,35,9,18,25,32.49337963,3.125648148,17,25,37,2,16,24,35,3,16,24,38,3,21,UAE
Dubai,2019,30,7,79,125,33,6,76,120,41,11,74,117,41,10,74,119,42,10,34,59,37,7,31,55,49,17,31,54,51,15,31,54,51,14,28,40,31,9,28,40,36,9,28,39,34,8,28,40,35,9,17,26,30.99624183,0.857614379,17,26,34,2,16,24,34,2,16,24,37,2,21,UAE
Dubai,2019,31,7,69,113,34,10,74,119,39,9,73,117,38,10,74,118,40,10,28,57,34,13,31,57,46,14,30,55,43,14,30,54,48,14,22,31,35,13,26,37,36,9,27,38,35,9,27,39,35,9,19,25,32.42776316,2.632953216,17,25,32,2,17,24,34,2,16,25,36,2,22,UAE
Dubai,2019,32,8,76,118,33,14,75,119,35,11,74,117,38,10,74,118,40,10,33,56,31,23,32,57,34,17,31,55,41,16,31,55,47,15,30,38,36,9,26,37,37,10,27,38,35,9,27,39,34,8,13,24,32.98602564,4.308269231,17,25,32,3,16,24,35,2,16,25,35,3,20,UAE
Dubai,2019,33,8,70,116,32,13,74,118,33,11,74,118,38,11,73,117,39,10,29,57,35,21,31,57,34,16,30,56,42,17,30,55,46,16,23,36,30,10,26,36,33,10,27,38,35,10,27,38,34,9,18,23,31.51158951,2.293240741,17,25,32,3,17,25,34,2,16,24,34,3,20,UAE
Dubai,2019,34,8,74,125,39,12,72,118,35,12,74,119,38,12,74,117,39,11,28,58,37,20,30,57,34,19,30,56,42,18,30,55,46,17,27,39,43,10,26,36,36,10,27,38,36,10,27,38,35,9,19,28,34.60362573,2.328596491,17,25,33,3,17,25,33,2,17,25,34,3,22,UAE
Dubai,2019,35,8,67,117,36,10,72,119,35,12,73,119,37,11,73,118,37,10,26,57,45,8,29,57,37,18,30,57,42,16,30,56,41,15,30,38,31,13,28,38,35,11,27,37,36,10,27,38,35,10,11,22,29.4070202,2.895429293,15,24,32,3,16,25,32,2,16,24,34,3,19,UAE
Dubai,2019,36,9,67,108,39,10,70,117,36,11,72,118,36,11,73,117,37,10,28,51,44,14,28,56,40,16,30,56,37,16,30,55,41,16,23,37,33,10,26,38,34,11,26,37,36,10,27,38,35,10,16,20,37.64993056,2.110364583,16,23,33,2,16,24,33,3,16,24,34,2,19,UAE
Dubai,2019,37,9,65,114,35,8,68,116,37,10,71,117,35,10,72,117,37,11,32,60,36,9,29,57,40,13,30,57,37,14,30,56,41,16,22,35,33,7,26,37,35,10,26,37,34,10,26,38,35,10,11,19,33.51462121,6.646085859,14,22,34,3,16,23,33,3,16,24,34,3,17,UAE
Dubai,2019,38,9,73,118,35,13,68,114,36,10,70,116,35,11,72,118,37,11,33,61,37,15,30,57,40,11,30,57,37,15,30,57,41,16,23,35,34,18,25,36,33,12,25,36,35,11,26,37,35,11,17,22,32.08251634,2.429689542,14,21,33,4,16,23,33,3,16,24,33,3,19,UAE
Dubai,2019,39,9,70,119,32,12,69,115,35,11,70,117,35,11,72,118,37,11,34,60,32,19,32,58,37,14,30,58,37,16,31,57,40,15,24,37,32,6,23,36,33,10,25,37,34,10,25,37,35,10,12,22,33.01266204,2.213819444,14,21,34,3,15,23,33,3,16,23,33,3,18,UAE
Dubai,2019,40,10,74,118,34,27,71,117,34,15,70,117,35,13,72,117,35,12,35,62,38,49,34,61,36,23,31,58,38,19,31,58,37,19,23,34,33,11,23,35,33,11,24,36,34,11,25,36,35,10,16,22,29.77465278,1.616961806,14,21,32,3,15,22,33,3,16,23,33,3,19,UAE
Dubai,2019,41,10,77,123,44,11,74,120,36,16,71,118,37,13,72,118,36,12,37,68,54,17,35,63,40,25,32,60,40,19,31,59,38,18,27,37,36,6,24,36,34,10,25,37,35,10,25,36,34,10,13,18,31.69117521,3.645491453,15,21,32,2,14,22,33,3,15,23,32,3,15,UAE
Dubai,2019,42,10,71,116,32,11,73,119,36,15,71,117,36,13,71,117,36,12,37,63,34,17,36,63,39,26,33,60,40,18,32,59,38,19,22,35,30,5,24,36,33,7,24,36,33,10,25,36,34,10,12,18,33.718125,1.893842593,13,20,32,2,14,20,33,3,15,22,33,3,16,UAE
Dubai,2019,43,10,65,113,33,13,72,118,36,15,70,116,36,13,71,117,35,13,28,62,34,11,34,64,40,24,33,61,39,19,32,60,38,19,25,35,31,12,24,35,33,9,24,36,33,10,25,36,34,10,12,16,31.03090278,17.32071759,13,19,32,6,14,20,33,5,14,21,33,4,14,UAE
Dubai,2019,44,11,78,121,38,10,73,118,37,11,72,118,35,13,71,117,36,12,37,64,43,15,35,64,41,15,34,63,38,19,32,60,39,18,24,34,32,4,25,35,32,7,24,35,33,9,24,36,33,9,17,23,35.72519608,4.588169935,14,19,33,7,14,20,33,5,15,21,33,4,19,UAE
Dubai,2019,45,11,67,118,33,7,70,117,34,10,72,118,35,13,71,118,36,12,27,63,34,8,32,63,36,13,34,63,38,19,32,61,39,17,24,32,29,7,24,34,30,7,24,35,32,9,25,36,33,9,16,23,38.66619792,4.402100694,14,20,35,7,14,21,33,5,14,21,33,4,19,UAE
Dubai,2019,46,11,82,123,34,9,73,119,34,9,73,119,35,12,71,117,35,12,42,66,38,11,34,64,37,12,35,64,38,19,33,61,39,16,25,35,32,8,25,34,31,8,24,35,32,8,24,35,32,9,15,22,28.36440741,1.732259259,15,21,33,7,14,21,33,5,14,21,33,4,18,UAE
Dubai,2019,47,11,71,106,36,15,75,117,35,10,73,117,36,13,72,116,35,12,32,60,39,25,35,63,38,15,34,64,39,19,34,62,38,18,22,27,34,9,24,32,32,7,24,34,32,8,24,34,33,9,17,19,34.40124183,3.765702614,16,22,34,4,15,20,33,5,15,20,33,4,18,UAE
Dubai,2019,48,11,81,118,38,8,75,116,36,10,74,117,36,10,73,117,35,12,41,62,44,8,36,63,39,13,35,64,40,14,35,63,38,17,24,33,33,10,24,32,32,9,24,34,32,8,24,34,32,9,16,23,32.67050347,5.376892361,16,22,34,4,15,20,33,5,15,21,33,5,19,UAE
Dubai,2019,49,12,75,116,35,7,77,116,36,10,74,116,35,10,74,117,35,12,36,64,39,9,38,63,40,13,35,63,38,13,35,63,39,17,27,34,32,8,25,32,33,9,24,33,32,8,24,34,32,9,12,18,29.47583333,2.51625,15,21,31,3,15,20,33,5,15,21,33,4,16,UAE
Dubai,2019,50,12,84,124,36,9,78,116,37,10,75,117,36,10,75,118,36,12,40,62,38,12,37,62,40,14,35,63,39,13,36,63,39,17,28,40,34,8,25,34,33,9,25,34,32,8,25,34,32,8,16,22,34.60892361,0.89171875,15,21,33,3,15,21,33,5,15,21,33,4,18,UAE
Dubai,2019,51,12,76,125,35,8,79,121,36,8,77,119,36,9,75,118,36,11,37,68,36,10,39,64,40,10,37,64,39,12,36,64,39,16,25,34,34,8,26,35,33,9,25,34,32,8,25,34,32,8,14,23,33.58303571,4.913809524,15,22,33,3,15,22,33,4,15,21,33,4,18,UAE
Dubai,2019,52,12,72,110,35,7,77,119,35,8,76,118,36,9,75,118,36,10,37,61,34,9,38,64,37,10,37,63,38,12,36,64,39,13,22,29,37,8,26,34,34,8,25,33,33,8,25,34,33,8,13,20,34.65098291,2.117799145,14,21,33,3,15,21,33,3,14,20,33,4,18,UAE
Dubai,2020,1,1,79,79,141,24,78,110,62,12,78,113,49,11,75,114,44,11,39,39,256,43,38,58,91,19,38,60,66,16,36,61,56,15,24,24,27,9,25,32,33,8,25,32,33,9,24,33,32,8,16,16,31.22503472,2.075711806,15,20,34,2,15,20,32,3,15,20,33,4,20,UAE
Dubai,2020,2,1,70,103,37,11,74,104,62,13,76,110,49,11,75,113,44,11,33,52,40,18,37,55,92,20,37,59,66,17,36,60,56,15,21,29,30,5,23,29,32,7,24,31,33,8,24,32,32,8,16,22,38.95605903,3.0678125,15,20,35,3,15,20,34,3,15,21,34,4,21,UAE
Dubai,2020,3,1,71,112,34,8,73,101,62,13,76,111,49,10,76,113,44,10,31,58,36,11,35,53,92,20,37,58,66,15,36,60,56,15,25,32,31,6,23,29,31,7,25,32,32,8,24,32,32,8,15,22,33.39598148,5.344481481,15,20,35,3,15,21,34,3,15,21,34,3,20,UAE
Dubai,2020,4,1,79,116,33,11,75,103,61,14,76,111,48,11,76,113,44,10,39,60,33,15,36,52,91,22,37,58,64,16,36,60,56,15,27,35,33,8,24,30,30,7,25,32,32,7,25,32,32,8,13,21,33.0033547,4.885149573,15,20,34,4,14,21,34,3,15,21,34,3,18,UAE
Dubai,2020,5,1,80,110,36,8,75,110,35,9,76,110,48,11,77,112,44,11,38,61,39,12,35,58,37,14,37,58,64,16,37,59,56,15,28,32,32,5,25,32,32,6,25,32,32,7,25,32,33,8,14,17,33.14765873,3.781011905,15,21,35,4,15,20,34,3,15,20,33,3,15,UAE
Dubai,2020,6,2,72,108,35,11,76,112,34,9,75,108,48,11,76,111,44,11,31,50,38,10,35,57,36,12,36,56,64,16,36,58,56,15,24,34,34,7,26,33,33,7,25,31,32,7,25,32,33,8,17,24,29.73772876,16.4454902,15,21,32,8,15,21,33,5,15,21,33,5,22,UAE
Dubai,2020,7,2,79,110,38,10,78,111,35,10,75,106,49,11,77,111,44,10,38,53,42,12,37,56,38,12,36,54,65,16,37,58,56,14,25,32,32,7,26,33,33,7,25,31,32,7,25,32,33,7,16,25,37.53168403,8.96375,15,22,33,9,15,21,34,6,15,21,33,5,23,UAE
Dubai,2020,8,2,76,119,33,22,77,112,36,13,76,107,48,13,76,111,44,11,39,62,31,18,37,57,38,13,36,54,64,17,37,58,55,15,21,31,37,42,25,32,34,15,24,31,32,11,25,32,33,10,16,26,33.39237847,7.640989583,16,23,33,9,15,22,34,7,15,21,34,5,22,UAE
Dubai,2020,9,2,63,108,32,8,73,111,35,13,74,111,35,11,75,110,44,11,29,55,32,13,34,55,36,13,35,56,36,14,36,57,55,15,22,30,30,5,23,32,34,16,24,32,33,11,24,32,33,10,12,23,33.97527778,1.102777778,15,25,34,9,15,23,34,6,15,22,34,5,21,UAE
Dubai,2020,10,3,65,98,36,13,71,109,35,13,73,110,35,11,74,108,44,12,34,53,40,20,35,56,37,15,35,57,36,14,35,56,55,16,18,25,29,4,22,30,32,15,24,31,33,11,24,31,32,10,13,20,33.22596154,6.718504274,14,24,35,6,15,22,33,7,15,22,34,6,20,UAE
Dubai,2020,11,3,77,108,34,8,70,108,34,13,74,110,35,11,74,107,44,12,32,53,33,13,34,56,34,16,35,56,36,14,35,55,55,16,30,35,36,7,23,30,33,15,24,32,33,11,24,31,33,9,15,20,30.30781481,1.093703704,14,22,33,4,15,22,33,6,15,21,34,5,19,UAE
Dubai,2020,12,3,76,118,38,13,70,108,35,10,74,110,35,12,74,107,44,12,40,62,42,19,34,56,37,16,35,56,37,14,35,55,55,17,22,34,29,7,23,31,31,6,24,32,33,10,24,31,32,9,14,22,38.2881746,7.132837302,14,21,34,4,15,22,34,7,15,22,34,6,19,UAE
Dubai,2020,13,3,72,111,37,33,73,109,36,17,73,110,35,15,73,110,35,13,33,58,36,17,35,57,38,17,35,56,37,15,35,56,37,15,26,34,37,20,24,32,33,9,24,32,33,12,24,32,33,10,13,19,41.31410256,101.1414957,14,20,36,29,15,22,35,19,15,22,35,14,17,UAE
Dubai,2020,14,3,76,120,46,46,75,114,39,25,73,112,37,19,74,112,36,16,34,58,55,29,35,58,41,19,35,57,39,17,35,57,38,16,25,37,37,97,26,35,35,33,24,32,34,24,24,33,33,18,17,25,39.44444444,5.65004902,15,22,37,29,15,23,36,17,15,22,35,14,21,UAE
Dubai,2020,15,4,69,127,44,28,73,119,41,30,72,114,37,21,74,113,37,18,32,59,49,10,35,59,46,19,34,58,40,17,35,57,39,16,21,41,39,74,24,37,35,49,23,33,34,32,24,33,34,24,16,27,42.80958333,4.534357639,15,23,40,30,15,23,37,17,15,22,36,14,21,UAE
Dubai,2020,16,4,70,130,62,81,72,122,47,47,71,115,41,29,73,114,39,23,34,65,86,95,33,60,56,38,34,58,47,27,35,57,44,22,21,40,39,98,23,38,38,72,23,35,35,39,24,34,34,31,15,25,39.35237037,24.21251852,15,24,41,34,14,23,37,19,15,23,36,16,19,UAE
Dubai,2020,17,4,69,134,56,44,71,128,52,50,72,118,44,33,72,116,41,26,32,66,69,32,33,62,65,41,34,59,51,29,34,58,46,24,19,36,43,50,22,39,40,80,23,35,36,44,23,34,35,35,18,32,46.40095679,58.96467593,17,27,42,23,15,24,39,26,15,24,37,20,24,UAE
Dubai,2020,18,4,71,143,38,25,70,134,50,44,73,124,44,35,72,119,41,28,34,70,42,32,33,65,62,42,34,61,52,31,34,60,47,26,22,41,37,29,21,40,39,63,23,37,37,48,23,35,36,37,15,32,29.64924074,3.567611111,16,29,40,23,15,25,38,26,15,25,37,19,22,UAE
Dubai,2020,19,5,57,132,44,29,67,135,50,45,70,127,46,37,70,121,42,29,26,66,47,27,32,67,61,47,33,63,53,33,33,61,47,27,18,38,46,41,20,39,41,55,22,38,38,52,22,35,37,39,13,28,36.08337607,13.23538462,15,29,38,25,15,26,39,27,15,25,37,20,21,UAE
Dubai,2020,20,5,62,130,32,32,65,135,43,32,68,128,45,40,69,122,42,30,25,66,34,37,29,67,48,32,31,64,52,35,32,61,47,29,22,38,31,33,20,38,39,38,22,38,39,55,22,36,36,39,15,26,31.40361111,23.28446296,15,30,36,25,15,27,38,29,15,25,37,21,20,UAE
Dubai,2020,21,5,73,136,43,16,66,135,39,26,68,132,46,38,70,124,43,31,35,70,44,29,30,68,42,31,32,65,53,36,33,62,48,30,25,41,45,5,22,40,40,27,22,39,40,53,22,37,37,39,13,25,37.19606838,2.483675214,14,28,34,11,15,28,38,17,15,25,37,21,18,UAE
Dubai,2020,22,5,57,119,38,27,62,129,39,26,66,131,45,35,69,126,43,32,28,64,43,19,29,67,42,28,31,66,52,35,32,63,48,30,16,32,32,48,20,37,39,32,21,38,39,47,22,37,38,42,13,23,35.30188034,18.79220085,14,26,35,14,15,27,37,19,15,25,37,22,19,UAE
Dubai,2020,23,6,74,127,38,18,67,128,38,23,67,131,44,34,69,127,43,33,41,69,40,22,32,67,40,27,32,67,51,37,33,64,49,31,21,35,34,16,21,37,35,25,21,38,38,40,22,37,37,43,12,23,37.9331713,4.830462963,13,24,35,12,14,27,37,19,15,26,38,22,18,UAE
Dubai,2020,24,6,61,122,39,12,66,126,40,18,66,130,41,25,68,128,43,33,28,64,50,9,33,67,44,20,31,67,46,26,32,65,50,30,19,36,25,9,20,36,34,19,20,37,37,29,21,37,37,43,14,22,37.9781746,21.93835317,13,23,37,12,14,26,36,18,15,26,38,24,18,UAE
Dubai,2020,25,6,68,125,32,9,65,123,37,17,65,129,38,21,67,129,43,31,32,64,31,12,32,65,41,16,31,67,41,24,32,65,49,29,22,36,32,10,20,35,31,21,21,37,35,24,21,38,37,42,14,25,32.86041667,2.16234127,13,23,36,12,14,26,35,11,15,26,37,15,20,UAE
Dubai,2020,26,6,68,121,36,14,68,124,36,13,65,127,38,20,67,129,42,28,33,62,40,16,34,65,40,15,31,66,41,22,32,65,48,28,24,35,31,16,22,36,30,13,21,36,34,22,21,37,36,36,11,24,37.1144697,2.639621212,13,24,36,8,13,25,36,11,14,26,37,15,20,UAE
Dubai,2020,27,7,78,120,34,14,69,122,35,12,68,125,37,18,67,128,41,27,38,64,40,21,33,64,40,15,33,65,40,21,32,66,47,29,25,35,31,10,23,36,30,11,22,36,33,18,21,37,36,30,15,21,25.44451852,4.475148148,14,23,33,8,13,24,34,10,14,26,36,15,18,UAE
Dubai,2020,28,7,69,117,42,24,71,121,36,15,69,123,38,17,67,127,39,22,28,60,52,45,33,63,41,23,33,65,42,22,32,65,44,25,24,36,35,14,24,36,32,12,22,36,33,16,21,37,35,23,17,21,36.94903595,2.992892157,14,23,33,3,14,23,35,8,14,25,35,13,18,UAE
Dubai,2020,29,7,73,124,34,17,72,121,37,17,69,122,37,17,68,126,38,20,35,65,38,22,34,63,42,26,33,64,42,21,32,65,42,24,26,41,31,16,25,37,32,14,22,36,31,17,22,37,34,21,12,18,30.1855787,5.825925926,14,21,32,4,14,22,34,8,14,24,34,9,15,UAE
Dubai,2020,30,7,70,116,39,13,73,119,37,17,70,122,37,15,68,124,38,19,29,58,36,20,33,62,41,27,33,63,41,21,32,64,41,23,25,39,46,12,25,38,36,13,23,37,33,13,22,37,35,19,16,19,32.87373264,2.928559028,15,20,31,4,14,22,34,6,14,23,34,9,16,UAE
Dubai,2020,31,7,74,122,40,18,72,120,39,18,70,121,37,15,69,123,37,18,36,64,44,21,32,62,42,27,32,63,41,21,32,64,41,23,28,42,37,20,26,40,37,15,24,38,33,13,23,37,34,17,10,16,36.40486111,3.499861111,14,19,34,4,14,21,34,6,14,22,34,8,13,UAE
Dubai,2020,32,8,72,121,44,17,72,121,39,16,72,121,38,16,70,123,38,17,33,64,49,26,33,63,42,22,33,63,41,23,33,64,42,22,22,37,44,14,25,40,39,16,25,38,36,14,23,37,35,16,17,20,35.65584967,3.629477124,14,18,34,4,14,21,33,4,14,21,35,6,17,UAE
Dubai,2020,33,8,80,130,38,15,74,122,40,16,73,121,39,17,70,122,38,17,36,64,45,21,34,63,44,22,34,63,43,24,33,64,42,21,27,41,31,13,26,40,39,15,25,38,36,14,23,37,34,16,17,25,32.36264706,4.644901961,15,20,34,4,14,21,33,4,14,21,34,7,19,UAE
Dubai,2020,34,8,69,124,43,12,74,124,41,16,73,122,39,16,71,122,38,15,26,59,42,25,33,63,45,23,33,62,43,25,33,63,42,22,30,43,48,6,27,41,40,13,26,39,38,13,24,38,35,13,13,22,36.18175214,2.396645299,14,21,35,4,15,20,33,4,14,21,34,5,18,UAE
Dubai,2020,35,8,80,127,43,14,75,126,42,15,73,123,40,16,72,122,39,15,37,64,50,19,33,63,47,23,33,62,44,25,33,63,43,21,26,40,36,11,26,40,39,11,26,40,38,13,25,38,35,13,17,23,37.71124183,7.090522876,16,23,35,4,15,21,35,4,14,21,34,5,18,UAE
Dubai,2020,36,9,66,125,47,10,74,127,43,13,73,124,41,15,72,123,39,15,31,64,57,10,33,63,49,19,33,63,45,21,33,63,44,21,22,38,42,7,26,41,39,9,26,40,39,12,25,39,37,12,13,23,31.26583333,12.44190171,15,23,34,7,14,21,34,5,14,21,34,5,18,UAE
Dubai,2020,37,9,78,125,38,11,73,125,43,12,74,124,41,14,73,123,40,15,36,62,51,11,33,62,50,16,33,62,47,19,33,63,45,21,25,38,26,13,26,40,38,9,26,40,39,12,25,39,36,13,17,25,27.78831699,6.346797386,15,23,33,7,15,22,34,5,15,21,33,5,20,UAE
Dubai,2020,38,9,74,119,37,9,75,124,41,11,74,124,41,13,74,123,40,14,37,66,43,11,35,64,50,13,34,63,48,18,34,63,46,21,27,35,31,9,25,38,34,10,26,39,37,12,26,39,36,12,10,18,31.13211111,1.886805556,14,22,32,7,14,22,34,5,15,21,33,5,15,UAE
Dubai,2020,39,9,90,125,42,11,77,124,41,10,76,125,41,12,75,123,41,14,43,66,51,11,37,65,51,11,35,64,49,17,34,63,46,20,30,39,34,13,26,38,33,11,26,39,36,11,26,39,37,12,17,20,32.62593137,3.928594771,14,22,31,6,15,22,33,5,15,21,33,5,16,UAE
Dubai,2020,40,9,78,126,39,16,80,124,39,12,77,125,41,12,75,124,40,14,41,68,38,20,39,66,46,13,36,64,47,16,35,64,45,18,26,40,45,15,27,38,34,13,27,39,37,11,26,39,38,12,11,18,29.60542929,6.127853535,14,20,30,5,14,22,32,6,14,21,33,5,14,UAE
Dubai,2020,41,10,72,118,37,15,79,122,39,13,76,124,41,12,75,123,41,13,30,59,45,20,38,65,44,16,35,64,47,16,35,63,46,18,23,34,34,18,27,37,36,14,26,38,37,12,26,39,38,13,19,25,28.56378655,3.52497076,14,20,30,4,15,22,32,5,15,21,33,5,21,UAE
Dubai,2020,42,10,75,117,35,11,79,122,38,13,77,123,40,12,76,123,40,13,39,66,41,16,38,65,44,17,37,64,47,15,35,64,46,18,20,32,31,5,25,36,36,13,25,37,35,11,26,38,36,12,16,19,25.45453125,4.080347222,16,21,29,4,15,21,31,6,15,21,32,5,16,UAE
Dubai,2020,43,10,82,125,35,11,77,122,37,13,77,123,39,12,76,124,40,13,39,67,37,14,37,65,40,18,37,65,45,14,36,64,46,17,27,36,35,11,24,36,36,12,25,37,35,11,25,38,36,11,16,22,30.39477431,3.397152778,16,21,29,4,15,21,30,5,15,22,32,5,18,UAE
Dubai,2020,44,10,72,120,57,11,75,120,41,12,78,122,40,12,76,123,41,12,33,66,93,12,35,65,54,16,37,65,50,15,36,64,49,16,24,33,30,11,24,34,32,11,25,36,33,12,26,37,35,11,15,21,23.71624074,6.752444444,17,22,27,4,15,21,29,5,15,22,31,5,18,UAE
Dubai,2020,45,11,79,118,35,8,77,120,40,10,78,121,40,11,76,122,41,12,39,60,39,11,38,65,52,14,38,65,48,15,36,64,49,15,25,37,31,5,24,35,32,8,25,36,34,11,25,37,35,10,15,21,27.4842037,3.482759259,16,21,27,4,15,21,29,4,15,21,30,5,18,UAE
Dubai,2020,46,11,65,106,36,12,75,117,41,10,77,119,39,12,76,121,40,11,29,58,45,16,35,63,54,13,37,64,49,15,36,64,49,14,22,28,30,13,25,34,31,10,25,35,34,11,25,36,34,11,14,20,26.45654762,3.361865079,15,21,27,4,15,21,28,4,15,21,29,5,19,UAE
Dubai,2020,47,11,85,119,42,12,75,116,42,11,76,119,39,12,76,120,40,11,43,67,51,14,36,63,57,13,37,64,49,15,37,64,49,14,28,35,32,13,25,33,31,10,24,34,34,11,25,35,33,11,14,17,33.87269841,4.48859127,15,20,28,5,15,20,28,4,15,21,29,5,14,UAE
Dubai,2020,48,11,73,116,45,13,76,115,39,11,75,117,40,12,77,120,40,12,30,60,61,16,35,61,49,14,35,63,51,15,37,64,49,14,26,36,32,14,25,34,31,11,24,34,32,11,25,35,33,12,17,20,33.88109477,7.624428105,15,20,30,5,16,21,29,5,15,21,29,5,17,UAE
Dubai,2020,49,12,70,114,35,7,73,114,39,11,75,117,40,11,76,119,40,11,30,59,41,9,33,61,49,14,35,63,51,14,36,64,49,14,22,33,31,6,25,33,31,11,24,34,31,10,25,35,33,11,18,22,31.41814815,4.157731481,16,20,31,5,16,20,29,5,15,20,30,4,19,UAE
Dubai,2020,50,12,75,117,39,9,76,117,40,10,75,117,40,10,76,118,40,11,38,64,44,11,35,63,49,12,35,63,51,13,36,63,49,14,23,33,35,8,25,34,33,10,25,34,32,10,25,35,33,11,14,20,28.74111111,6.915079365,16,20,32,6,15,20,29,5,16,20,29,5,17,UAE
Dubai,2020,51,12,74,110,35,8,73,114,38,9,74,115,40,10,75,117,39,11,35,58,40,8,33,60,47,11,35,62,52,12,36,63,48,14,24,33,29,8,24,34,32,9,24,34,31,10,24,34,33,10,15,19,32.35833333,7.25337037,16,20,32,6,15,20,30,6,15,20,29,5,17,UAE
Dubai,2020,52,12,78,111,33,9,74,113,35,8,75,114,37,10,75,116,39,10,38,59,37,12,35,60,41,10,35,61,45,12,35,62,48,13,24,33,30,7,23,33,31,7,24,34,31,9,24,34,32,10,16,19,26.548125,5.765121528,16,20,30,6,15,20,30,5,16,20,29,5,17,UAE
Dubai,2020,53,12,36,69,28,8,66,102,33,8,70,108,36,10,72,112,38,10,13,31,30,12,31,53,38,11,32,57,44,12,34,60,47,13,13,23,26,6,21,31,30,7,23,32,31,9,23,33,31,9,10,15,25.40938889,3.498333333,14,18,28,6,15,19,30,5,15,20,29,5,22,UAE
Dubai,2021,1,1,73,111,43,13,65,100,34,9,71,108,37,10,72,111,38,10,31,56,57,15,29,51,41,12,32,57,45,12,33,59,48,13,27,36,33,12,22,31,30,8,23,33,31,9,24,33,31,9,15,19,29.34387037,9.615351852,14,18,28,7,15,19,30,6,15,20,29,6,17,UAE
Dubai,2021,2,1,72,114,37,12,65,101,35,10,69,108,37,10,71,110,39,10,39,63,41,11,30,52,42,12,32,56,44,12,33,58,48,12,18,30,30,22,21,31,30,12,22,32,31,10,23,33,31,10,15,21,34.01642593,4.667592593,14,19,29,6,15,19,30,6,15,20,29,6,18,UAE
Dubai,2021,3,1,65,109,44,13,62,101,38,11,68,107,37,10,70,110,37,10,31,58,48,11,29,52,44,12,32,56,42,11,33,58,45,12,20,31,36,19,20,30,31,15,21,32,31,11,23,32,31,11,14,20,45.52039683,8.29859127,14,19,34,7,15,19,32,6,15,19,31,6,18,UAE
Dubai,2021,4,1,71,109,72,16,70,111,49,13,68,106,41,11,70,109,41,11,35,55,109,18,34,58,64,14,33,56,51,12,33,57,50,13,21,31,39,20,22,32,35,18,21,31,32,13,22,32,32,12,15,23,31.78546296,4.52787037,15,21,35,7,14,20,32,6,15,20,32,6,21,UAE
Dubai,2021,5,1,71,119,46,20,70,113,50,15,68,107,42,12,70,110,41,12,34,61,54,30,35,59,63,18,32,55,52,15,33,58,51,14,22,35,44,13,20,32,37,18,21,32,33,13,22,32,33,12,15,23,32.98233333,11.02325926,15,22,36,7,14,20,32,7,15,20,32,6,19,UAE
Dubai,2021,6,2,74,120,63,26,70,114,56,19,68,108,46,15,69,110,43,13,31,62,95,29,33,59,76,22,32,56,59,17,32,57,55,15,28,39,42,29,23,34,40,20,22,32,35,16,22,33,34,14,15,19,37.95794444,15.93435185,15,21,37,10,14,20,33,8,15,20,32,7,16,UAE
Dubai,2021,7,2,66,130,41,21,71,120,56,21,66,110,47,16,69,111,43,14,29,64,52,28,32,61,77,26,30,56,61,19,32,58,54,16,20,40,31,17,23,36,39,20,21,33,35,17,22,33,34,14,17,26,33.65019608,14.17534314,16,23,34,11,15,21,34,9,15,21,32,8,20,UAE
Dubai,2021,8,2,73,116,40,15,71,121,48,21,71,116,48,17,69,111,43,14,33,61,44,15,32,62,61,25,33,60,62,20,32,58,54,17,25,30,40,15,24,36,39,18,23,34,37,18,22,33,35,15,15,25,33.04375926,14.38581481,16,23,34,14,15,22,35,10,15,21,33,9,22,UAE
Dubai,2021,9,2,76,119,43,15,72,121,47,19,71,117,48,17,69,111,44,15,37,65,48,18,33,63,60,22,34,61,61,20,32,58,55,17,25,33,38,17,25,36,38,19,22,34,38,19,22,33,35,15,14,21,40.90948413,6.839861111,15,23,36,13,15,22,36,10,15,21,34,9,18,UAE
Dubai,2021,10,3,65,111,41,7,70,119,41,14,70,117,49,17,68,112,44,15,33,62,43,9,33,63,47,17,33,61,61,20,32,58,55,17,17,27,37,4,22,33,37,13,22,33,39,17,22,32,36,15,15,22,39.05109259,4.289833333,15,24,37,10,15,22,37,10,15,21,34,9,20,UAE
Dubai,2021,11,3,67,109,45,8,70,114,42,11,70,117,49,16,67,111,45,15,34,63,47,10,34,63,46,13,33,62,61,20,32,58,56,17,19,28,47,6,22,30,41,10,22,33,40,15,21,32,37,15,14,18,37.22950397,7.152996032,15,22,38,8,15,22,36,10,15,21,35,9,17,UAE
Dubai,2021,12,3,69,113,40,16,69,113,42,12,70,117,45,16,70,115,46,15,33,63,44,19,34,63,46,14,33,63,53,20,33,61,57,18,20,28,36,20,20,29,39,12,22,33,39,15,22,32,38,16,16,22,34.29303819,6.572795139,15,21,38,6,15,22,36,10,15,22,36,9,19,UAE
Dubai,2021,13,3,61,107,89,14,66,110,54,11,69,116,50,15,69,115,50,15,32,59,137,14,33,62,68,13,33,62,64,18,33,61,63,18,20,31,37,16,19,29,39,11,22,32,39,15,21,32,38,16,9,17,36.27935185,7.469969136,14,20,37,6,14,21,37,10,15,21,36,9,16,UAE
Dubai,2021,14,3,60,103,38,15,64,108,53,14,67,114,47,14,68,114,50,16,30,57,41,20,32,61,67,16,33,62,57,17,33,61,63,18,18,30,37,12,19,29,39,13,21,31,38,13,21,32,39,16,12,16,35.02171296,9.193541667,13,18,36,8,14,21,36,9,14,21,36,9,16,UAE
Dubai,2021,15,4,75,117,42,17,66,110,52,16,68,112,47,13,69,114,50,16,35,59,43,20,33,60,66,18,33,61,56,16,33,61,63,19,26,37,36,16,21,32,36,16,21,31,39,13,22,32,39,15,14,21,47.96309524,10.1560119,13,19,38,8,14,20,38,8,14,21,37,9,18,UAE
Dubai,2021,16,4,72,124,50,17,67,113,55,16,68,113,49,14,69,116,48,16,35,64,70,23,33,60,73,19,34,62,59,17,33,62,60,20,24,41,30,11,22,35,35,14,21,32,37,13,22,33,38,15,13,19,34.03066239,13.03803419,12,18,38,10,13,20,38,8,14,21,37,10,15,UAE
Dubai,2021,17,4,71,120,39,11,70,116,42,15,68,113,48,13,69,116,48,15,35,63,43,13,34,61,49,19,33,61,59,16,33,62,59,18,23,37,36,11,23,36,35,13,21,32,37,12,22,33,37,14,13,20,37.65931624,7.259594017,13,19,39,10,13,19,38,8,14,21,37,10,17,UAE
Dubai,2021,18,4,57,99,52,9,69,115,46,14,67,112,50,14,68,114,47,14,26,57,76,10,33,61,58,17,33,61,63,16,33,61,57,17,17,23,34,12,23,35,34,13,21,32,37,13,21,32,37,13,14,19,31.06652778,4.026686508,14,20,38,9,13,19,37,8,14,21,37,9,19,UAE
Dubai,2021,19,5,72,117,42,18,68,115,46,14,67,113,49,15,68,113,47,14,30,60,45,26,32,61,58,18,32,60,62,18,33,61,57,16,26,34,39,9,23,34,35,11,22,33,36,13,22,32,37,12,16,23,39.99260417,17.26713542,14,20,36,10,13,20,37,9,14,20,37,9,20,UAE
Dubai,2021,20,5,64,113,38,9,66,112,43,12,67,113,49,14,67,113,47,13,33,61,39,10,31,60,51,15,32,60,62,17,33,61,56,16,15,27,37,11,20,30,36,11,21,33,36,12,21,31,37,12,16,25,36.35576389,3.507239583,15,22,36,8,13,20,37,9,14,20,37,8,22,UAE
Dubai,2021,21,5,70,115,38,19,66,111,42,14,68,114,42,15,67,112,46,13,29,58,38,19,30,59,49,16,32,60,49,18,32,61,55,16,27,33,36,21,21,29,36,13,22,33,36,13,21,31,37,12,14,24,39.43470238,17.59894841,15,23,37,11,14,21,38,10,14,21,37,9,21,UAE
Dubai,2021,22,5,66,116,39,13,68,115,39,15,68,115,42,14,67,113,46,14,28,58,46,15,30,59,42,17,31,60,50,17,32,60,56,17,21,34,32,18,22,32,36,15,22,33,35,14,21,32,36,14,17,24,34.38707516,5.430212418,16,24,38,11,15,22,38,10,14,21,37,9,21,UAE
Dubai,2021,23,6,60,110,37,15,65,114,38,14,67,114,42,14,66,113,45,15,27,57,44,11,29,59,42,14,30,60,50,16,31,60,55,17,21,34,33,24,21,32,34,18,22,33,34,15,22,32,35,15,12,19,30.81335648,10.88842593,15,23,35,9,14,22,35,10,14,21,36,9,17,UAE
Dubai,2021,24,6,71,114,40,15,67,114,38,16,66,113,41,14,67,113,45,14,32,58,42,10,29,58,43,14,30,59,47,14,31,59,55,16,21,31,42,16,23,33,36,20,21,32,36,15,22,33,36,15,18,25,35.55520062,22.37131173,15,23,35,14,15,22,36,11,14,21,37,11,22,UAE
Dubai,2021,25,6,65,118,41,14,66,115,39,14,66,113,41,14,67,114,41,15,31,64,47,15,30,59,45,13,30,59,47,14,31,60,48,16,23,35,35,13,22,34,35,18,21,31,36,15,22,33,36,14,11,19,36.85128788,17.1295202,15,22,34,14,15,22,36,12,14,21,37,11,16,UAE
Dubai,2021,26,6,67,110,52,16,66,113,43,15,67,114,41,15,68,114,42,15,31,57,63,17,30,59,49,13,30,59,45,15,31,60,50,16,19,30,36,18,21,33,37,18,22,32,36,16,22,33,35,15,17,23,49.03911765,10.78964052,15,22,38,15,15,23,38,13,15,22,38,12,21,UAE
Dubai,2021,27,6,67,110,35,16,68,113,42,15,66,113,40,15,67,114,42,14,34,60,38,20,32,60,47,15,31,59,45,14,31,60,49,16,20,29,33,14,21,31,37,15,21,32,35,17,21,32,35,15,13,21,30.60608974,9.026153846,15,22,38,15,15,23,37,12,15,22,36,12,19,UAE
Dubai,2021,28,7,69,117,42,13,67,114,42,15,67,114,40,15,67,113,41,14,37,66,45,12,33,62,48,16,31,60,45,15,31,60,47,15,22,29,38,19,21,31,36,16,22,32,36,18,21,31,36,15,10,22,37.89055556,6.521,13,21,39,11,14,22,37,12,14,22,37,11,19,UAE
Dubai,2021,29,7,64,114,42,13,67,113,43,15,66,114,41,15,66,113,41,14,30,65,48,16,33,62,49,16,31,61,47,14,31,60,48,15,20,31,35,12,20,30,36,16,21,32,36,17,21,31,36,16,14,18,40.04343254,8.302718254,14,21,39,9,14,21,37,11,14,22,37,11,16,UAE
Dubai,2021,30,7,61,115,40,14,65,114,40,14,66,114,41,15,66,114,40,15,27,64,46,13,32,64,44,15,31,61,47,14,31,61,45,15,17,28,29,23,20,29,34,17,20,31,35,17,21,31,35,16,17,23,40.02888889,8.287924837,14,21,37,8,14,21,38,12,15,22,38,11,20,UAE
Dubai,2021,31,7,64,106,40,7,65,113,41,12,66,113,41,14,66,113,40,14,32,59,45,8,32,64,46,12,32,62,47,14,31,61,45,14,21,25,33,6,20,28,34,15,20,30,35,15,21,31,35,16,11,22,36.60058081,4.78540404,13,21,39,7,14,22,38,11,14,22,37,10,21,UAE
Dubai,2021,32,8,59,104,36,8,62,110,39,10,65,112,41,13,65,112,40,14,32,60,38,7,30,62,44,11,32,62,46,13,31,61,45,13,15,24,30,7,18,27,32,12,20,29,34,14,21,30,34,16,12,20,37.0505787,9.684143519,14,21,38,8,13,21,39,9,14,22,37,11,19,UAE
Dubai,2021,33,8,63,102,34,10,62,107,37,10,64,110,40,12,65,111,40,13,37,63,35,13,32,62,41,10,33,62,45,13,32,61,45,13,13,20,29,6,17,24,30,11,18,27,33,13,19,29,34,15,13,19,37.67115385,4.669081197,13,21,38,7,13,21,39,8,14,21,37,10,19,UAE
Dubai,2021,34,8,59,103,31,9,61,104,35,8,63,109,37,11,64,110,39,12,29,59,30,8,33,60,37,9,32,62,41,12,32,61,43,12,20,23,30,12,17,23,31,8,19,26,32,12,19,28,34,14,10,21,36.78888889,6.52975,12,21,37,6,13,21,37,7,13,21,37,10,20,UAE
Dubai,2021,35,8,95,132,70,15,69,110,43,10,67,112,42,11,67,112,42,12,56,78,90,11,39,65,48,10,35,64,47,11,34,63,47,12,21,30,52,11,17,24,36,9,19,26,35,12,19,28,35,13,18,24,27.30938272,29.00807099,13,21,35,12,13,21,37,10,14,21,37,11,18,UAE
Dubai,2021,36,9,63,109,40,13,70,112,44,11,66,111,42,11,66,112,42,12,28,58,46,13,38,65,50,11,34,63,47,11,34,63,48,13,19,28,31,17,18,25,36,11,18,26,34,12,19,28,34,13,16,23,40.40798611,6.778090278,14,22,36,12,14,21,37,10,14,21,38,10,21,UAE
Dubai,2021,37,9,60,105,43,7,69,112,46,11,66,110,42,10,66,111,42,12,33,58,47,7,37,63,53,10,34,62,47,10,34,62,48,12,18,29,34,4,20,28,37,11,18,26,34,11,19,27,34,12,9,18,45.32891975,12.55435185,13,22,37,14,13,21,38,10,13,21,38,10,17,UAE
Dubai,2021,38,9,66,112,40,13,71,115,48,12,66,109,42,10,66,111,41,11,35,65,43,17,38,65,56,12,35,63,47,11,34,63,46,12,17,27,37,11,19,29,38,11,18,26,35,9,19,27,34,12,14,20,36.96757937,5.190674603,14,21,38,13,13,21,37,10,13,21,37,9,18,UAE
Dubai,2021,39,9,51,97,40,8,60,106,41,10,65,108,42,10,65,110,41,11,26,55,43,7,31,59,45,11,35,62,46,10,34,63,46,11,16,24,38,8,18,27,35,10,17,26,35,9,18,27,35,11,9,18,36.31154321,13.53595679,12,20,40,10,13,20,37,11,13,21,38,10,19,UAE
Dubai,2021,40,10,72,107,38,9,62,105,40,9,66,108,42,10,65,109,41,10,37,60,39,12,33,60,43,11,35,62,47,11,34,62,46,11,24,30,34,7,19,28,36,7,19,26,36,9,18,27,34,10,11,17,46.05505051,4.326136364,11,18,41,9,13,20,38,10,13,20,38,9,16,UAE
Dubai,2021,41,10,57,101,40,6,62,104,39,9,65,108,43,10,64,108,41,10,31,59,45,6,32,60,42,11,34,62,48,10,34,62,46,10,16,24,32,7,18,26,35,8,19,27,36,10,18,26,34,10,10,18,34.44322222,3.325305556,11,18,38,7,12,20,38,10,13,20,38,9,18,UAE
Dubai,2021,42,10,70,108,57,12,63,103,44,9,67,109,46,10,65,107,42,10,40,65,74,9,34,60,50,9,36,62,53,10,35,62,48,10,17,24,30,14,18,26,33,9,19,27,36,10,18,26,34,9,13,19,43.10897436,15.3683547,11,18,40,9,13,20,39,11,12,20,38,10,18,UAE
Dubai,2021,43,10,68,109,45,9,67,106,45,9,63,106,43,10,65,107,43,10,37,67,51,10,36,63,52,9,33,61,48,10,35,62,48,10,20,28,35,7,19,27,33,9,18,27,34,9,18,26,34,9,11,14,41.03088384,10.04479798,11,17,41,8,12,18,40,9,12,19,39,10,13,UAE
Dubai,2021,44,10,57,109,44,11,63,107,46,10,63,106,43,9,65,108,43,10,31,64,44,12,35,64,54,9,34,62,48,10,35,63,49,11,16,26,43,14,17,26,35,11,18,27,35,9,18,26,35,10,10,19,42.57363889,5.6355,11,18,40,9,11,18,41,9,12,19,39,10,17,UAE
Dubai,2021,45,11,61,100,41,10,64,107,47,11,63,105,43,10,65,108,44,10,32,59,40,9,35,64,52,10,34,62,47,10,35,62,49,10,14,21,46,11,17,25,38,12,18,26,37,10,18,26,37,10,15,20,35.89848148,11.42714815,12,18,41,11,12,18,40,9,12,19,39,10,20,UAE
Dubai,2021,46,11,73,108,43,8,65,107,43,10,64,105,43,9,66,108,45,10,38,58,48,7,35,62,46,10,34,61,48,9,35,62,51,10,24,32,35,7,19,27,40,10,18,26,37,9,19,27,37,10,11,18,42.00616162,9.784368687,12,18,40,9,11,18,40,9,12,19,39,11,17,UAE
Dubai,2021,47,11,67,106,41,12,65,106,42,10,66,106,43,10,64,106,43,10,33,59,45,14,34,60,45,11,35,61,48,10,33,61,47,10,20,30,36,11,19,27,40,11,19,27,36,10,18,27,36,10,14,17,38.53980159,7.835694444,13,19,40,9,12,18,40,8,12,18,40,9,16,UAE
Dubai,2021,48,11,55,95,40,8,64,102,41,9,64,105,44,9,63,105,43,9,32,57,46,8,34,58,45,10,34,61,49,9,34,61,47,10,15,22,30,7,18,26,37,9,18,26,36,10,18,26,36,9,8,16,34.89774306,7.133506944,12,18,38,9,12,18,39,9,11,18,40,9,17,UAE
Dubai,2021,49,12,70,94,36,5,66,101,40,8,65,104,43,9,64,104,42,9,36,54,37,5,35,57,44,9,35,60,48,9,34,60,46,10,18,23,28,5,19,27,32,8,18,26,35,10,18,26,35,9,16,17,41.68145833,3.522395833,12,17,39,7,12,18,40,9,12,18,39,8,18,UAE
Dubai,2021,50,12,65,93,49,7,64,97,41,8,65,102,42,9,64,102,43,9,39,52,56,7,35,56,46,9,35,59,46,9,34,59,47,9,15,23,31,5,17,25,31,7,18,26,36,9,18,26,35,9,11,18,47.84429293,8.01209596,12,17,41,7,12,17,41,8,12,18,40,8,19,UAE
Dubai,2021,51,12,67,100,37,9,64,96,41,7,64,101,41,9,65,103,42,9,37,57,39,12,36,55,45,8,35,58,45,9,35,59,47,9,19,25,33,8,17,23,31,6,18,25,35,9,18,26,34,9,11,18,38.55436869,4.826111111,12,17,41,6,12,18,40,7,12,18,41,8,18,UAE
Dubai,2021,52,12,30,62,25,5,58,87,37,6,61,95,39,8,62,99,41,8,16,37,24,6,32,50,39,8,33,54,42,9,34,57,46,9,9,16,26,4,15,22,30,6,17,24,33,7,17,25,34,8,5,9,29.37027778,1.007333333,11,16,39,4,11,17,39,7,11,17,39,7,15,UAE
Dubai,2021,53,12,64,64,91,12,57,80,51,8,61,90,45,8,62,96,46,9,35,35,144,11,32,45,66,9,33,51,55,9,34,55,54,9,19,19,31,18,16,21,30,9,17,24,31,8,17,24,34,9,10,10,22.95097222,2.7185,9,14,35,4,11,15,37,6,11,16,38,7,16,UAE
Dubai,2022,1,1,65,103,41,12,57,82,49,10,60,90,45,9,62,95,44,9,34,58,44,12,31,47,63,10,33,51,54,9,33,55,52,9,17,25,32,9,16,21,31,10,17,23,31,9,17,24,34,9,14,20,43.72876984,16.7540873,10,14,34,6,11,16,37,6,11,16,38,7,19,UAE
Dubai,2022,2,1,64,101,40,8,56,83,49,9,60,89,45,8,62,95,44,9,29,53,40,11,29,46,63,10,32,50,54,9,33,54,51,10,26,33,40,6,18,23,32,10,17,23,31,8,18,25,34,9,9,15,38.05141975,1.99382716,10,14,34,6,11,15,37,6,11,16,38,7,15,UAE
Dubai,2022,3,1,64,98,42,19,64,92,54,13,61,89,45,10,62,94,44,10,35,55,47,25,33,50,69,15,33,50,54,11,33,53,51,11,18,27,34,11,20,26,34,11,18,24,32,9,18,25,34,9,11,16,40.60335859,11.98939394,11,15,36,8,11,15,38,6,11,16,38,7,16,UAE
Dubai,2022,4,1,71,111,44,8,66,103,42,12,61,92,46,10,63,95,44,9,35,59,45,11,33,56,44,15,33,51,55,12,33,53,51,11,20,27,37,8,20,28,36,9,18,24,33,9,18,25,33,8,16,25,50.02810764,4.849131944,13,19,43,9,11,16,39,7,11,17,39,7,23,UAE
Dubai,2022,5,1,65,111,42,10,66,105,42,11,61,94,45,11,62,95,44,10,30,56,45,11,32,56,44,15,31,51,54,12,33,53,51,11,18,28,42,6,21,29,38,8,18,25,34,9,18,25,33,8,17,27,37.15313725,13.68088235,13,21,41,8,12,18,38,7,12,17,39,7,24,UAE
Dubai,2022,6,2,72,113,55,16,68,108,46,14,62,95,48,11,63,95,45,10,32,54,67,21,33,56,51,17,31,51,57,14,33,52,53,12,20,29,46,10,19,28,39,9,18,26,36,9,18,25,34,8,20,30,46.27695833,16.00380556,16,25,44,12,13,19,39,9,12,18,39,8,27,UAE
Dubai,2022,7,2,65,115,64,18,68,113,51,13,66,102,52,13,64,97,47,11,30,56,91,23,32,56,62,16,33,53,65,16,32,52,57,13,20,32,42,15,20,29,42,9,20,28,38,10,18,26,35,9,15,27,37.99681481,11.30755556,17,27,43,11,14,21,40,10,13,19,40,8,23,UAE
Dubai,2022,8,2,57,101,54,7,65,110,54,13,65,107,48,12,62,98,49,11,26,52,51,7,30,55,63,16,31,55,54,15,32,52,58,13,20,31,38,7,20,30,42,9,20,29,39,9,18,26,36,9,11,18,91.69103535,5.162828283,16,26,53,12,14,22,48,10,13,19,44,8,18,UAE
Dubai,2022,9,2,57,96,38,9,63,106,53,13,64,106,47,12,62,98,48,11,32,53,40,11,30,54,62,15,31,55,53,15,31,52,56,13,15,27,33,9,19,30,40,10,20,29,39,9,18,27,36,9,10,16,41.22241667,5.825722222,14,23,54,10,14,22,48,9,12,19,43,8,17,UAE
Dubai,2022,10,3,59,97,51,7,60,102,52,10,64,105,49,12,61,98,49,11,29,53,66,7,29,54,62,12,31,55,57,14,30,52,59,13,18,26,41,8,18,29,39,10,19,28,39,9,18,27,37,9,12,18,31.36201389,4.544212963,12,20,51,7,14,22,47,9,13,19,43,8,19,UAE
Dubai,2022,11,3,62,102,38,9,59,99,46,8,64,106,48,11,64,101,50,11,29,56,39,10,29,54,49,9,30,55,56,13,31,53,60,13,24,30,33,8,19,29,36,8,19,29,39,9,20,28,37,10,9,16,48.73098765,9.236604938,11,17,53,6,14,22,48,9,13,20,44,9,16,UAE
Dubai,2022,12,3,67,113,48,12,61,102,44,9,63,106,49,11,64,105,47,11,36,66,51,11,32,57,49,10,31,56,56,13,31,56,52,13,18,29,37,9,19,28,36,8,19,29,39,9,20,29,38,9,13,18,54.32867521,17.98314103,11,17,44,9,13,21,49,10,13,21,47,10,16,UAE
Dubai,2022,13,3,69,117,49,17,64,107,47,11,64,107,50,12,64,106,47,12,33,63,57,21,32,60,53,12,31,57,58,14,31,56,53,14,25,34,42,13,21,30,38,10,20,30,39,10,20,29,39,9,11,20,41.56,10.29530303,11,18,44,11,13,20,49,10,13,21,47,9,17,UAE
Dubai,2022,14,3,63,114,59,20,65,112,49,14,62,107,50,12,64,107,49,13,31,62,40,26,32,62,47,17,31,58,54,14,32,57,53,15,20,31,39,14,22,31,38,11,20,30,38,10,20,29,39,10,12,21,143.0320833,14.30787037,11,19,72,13,12,19,61,10,13,21,55,10,18,UAE
Dubai,2022,15,4,67,116,48,16,67,115,51,16,63,107,48,12,65,109,49,12,36,65,52,21,34,64,50,20,32,59,49,14,32,58,54,15,18,29,38,11,20,31,39,12,20,30,38,10,20,29,39,10,13,22,50.30666667,9.330192308,12,20,72,13,11,19,63,10,13,22,56,10,19,UAE
Dubai,2022,16,4,71,120,40,10,68,117,49,16,64,109,46,12,65,110,49,13,37,66,39,13,34,64,47,20,33,61,48,15,32,59,53,15,21,29,38,7,21,31,39,11,20,29,38,10,20,30,39,10,13,25,44.17128205,6.250940171,12,22,70,10,12,20,57,10,13,22,56,10,21,UAE
Dubai,2022,17,4,68,123,43,11,67,118,47,14,66,113,47,13,65,111,49,13,36,65,44,12,35,65,44,18,33,62,49,15,32,59,53,15,16,29,37,13,19,30,38,11,20,30,38,10,20,30,39,10,16,29,44.67373264,8.17296875,14,24,71,10,12,21,57,10,13,22,56,10,24,UAE
Dubai,2022,18,4,70,121,44,13,69,120,44,13,67,116,46,13,65,111,48,12,32,64,46,14,35,65,45,15,34,63,46,16,32,60,51,15,23,30,44,12,20,29,39,11,21,30,39,11,20,30,39,10,15,27,39.81457407,13.54077778,14,26,45,9,13,22,58,11,13,21,56,10,22,UAE
Dubai,2022,19,5,61,111,50,9,68,119,44,11,67,117,48,13,64,111,47,12,38,64,60,7,36,65,47,11,35,64,49,16,33,61,49,13,14,30,31,14,19,30,37,12,19,30,38,12,19,30,38,10,9,17,38.29169753,7.136450617,13,25,42,9,13,22,57,11,12,21,56,9,15,UAE
Dubai,2022,20,5,65,108,35,10,66,116,43,11,67,116,46,13,65,112,45,12,32,57,33,11,35,63,46,11,34,63,46,16,33,61,47,14,21,30,31,9,19,30,36,12,20,30,38,12,19,30,37,11,12,21,44.64194444,10.04342593,13,24,42,10,13,23,56,10,12,21,52,10,19,UAE
Dubai,2022,21,5,66,114,40,7,66,114,42,10,66,116,45,12,66,113,45,12,32,59,40,8,34,61,45,10,34,63,44,14,33,62,47,13,20,32,37,9,20,31,36,11,19,30,37,11,20,30,37,11,14,23,41.49297619,5.192738095,13,22,41,9,13,23,56,9,12,21,52,10,20,UAE
Dubai,2022,22,5,71,116,74,12,66,112,50,9,67,116,47,11,67,115,47,12,33,62,47,12,34,61,45,9,35,63,45,12,34,62,46,14,21,30,52,10,19,31,38,10,19,30,38,11,20,30,38,11,17,24,153.1620425,15.27836601,13,21,69,9,14,24,57,9,13,22,62,11,21,UAE
Dubai,2022,23,6,65,114,42,9,67,113,48,10,67,116,46,10,67,116,48,12,29,60,48,14,32,60,42,11,34,62,45,11,34,63,47,14,23,32,36,6,21,31,39,8,20,30,38,10,20,30,39,11,13,22,39.37230769,5.625918803,14,23,70,9,14,24,56,9,13,22,61,10,19,UAE
Dubai,2022,24,6,76,117,38,9,70,115,48,9,68,116,46,10,68,116,47,12,39,59,40,11,33,60,44,11,34,61,45,11,34,62,46,14,20,31,36,5,21,31,40,7,20,31,38,10,20,31,38,10,17,27,38.02419935,10.47583333,15,24,68,9,14,24,55,9,14,23,60,10,23,UAE
Dubai,2022,25,6,66,110,36,9,70,114,47,10,68,114,45,10,67,115,46,11,33,58,35,9,34,60,42,11,34,60,44,10,34,62,44,13,23,31,35,9,22,31,40,7,21,31,38,9,20,30,38,10,10,21,39.29947222,7.431277778,14,24,67,10,13,23,54,9,13,23,60,9,19,UAE
Dubai,2022,26,6,67,109,36,7,69,113,38,8,67,112,44,9,68,115,44,10,36,61,35,5,34,60,39,10,34,60,42,9,34,62,43,11,19,28,33,10,21,31,35,8,20,31,36,9,20,30,37,10,12,20,43.93398148,5.732569444,13,23,40,7,13,22,55,8,13,23,51,9,18,UAE
Dubai,2022,27,6,54,99,68,8,66,109,45,8,66,111,46,9,67,114,45,10,33,59,89,10,35,59,50,9,33,59,46,10,34,61,46,10,15,25,29,4,19,29,33,7,20,30,36,8,20,30,37,9,6,15,49.88467593,12.50921296,11,21,43,9,13,22,56,9,13,23,51,9,15,UAE
Dubai,2022,28,7,78,107,37,7,66,106,44,8,68,111,46,9,67,112,45,9,40,60,41,10,36,60,50,8,34,60,47,10,34,61,47,10,27,31,29,5,21,29,32,7,21,30,36,7,20,30,36,9,11,16,43.06909091,2.181161616,10,18,44,7,13,21,56,8,13,22,51,9,15,UAE
Dubai,2022,29,7,71,117,31,8,68,108,43,8,69,111,45,9,68,112,44,9,34,65,30,10,36,61,49,9,35,61,45,10,34,61,45,10,23,30,32,8,21,29,31,7,21,30,35,7,21,30,35,8,14,22,34.66305556,5.618174603,11,18,43,7,13,21,55,8,13,21,50,8,19,UAE
Dubai,2022,30,7,69,108,55,10,68,108,48,8,68,110,43,8,67,111,45,9,36,56,79,11,36,60,60,10,35,60,50,10,35,60,48,10,20,30,25,9,21,29,29,6,21,30,32,7,21,30,34,8,13,22,35.15715812,8.116346154,11,19,41,7,12,21,40,7,12,21,50,8,20,UAE
Dubai,2022,31,7,72,113,37,16,73,111,40,10,69,110,42,9,68,111,44,9,33,60,37,14,36,60,47,11,36,60,48,10,34,60,46,10,23,31,34,15,23,31,30,9,21,30,32,8,21,30,34,8,16,22,41.54338542,19.83036458,14,21,39,9,12,21,41,9,13,21,50,9,19,UAE
Dubai,2022,32,8,56,105,39,12,67,111,41,11,67,109,42,10,68,111,44,10,26,55,42,10,32,59,47,11,34,59,49,10,34,60,47,10,21,31,34,15,22,31,31,12,21,30,31,9,21,30,34,9,9,19,38.82160494,8.603796296,13,21,38,11,11,20,41,9,13,21,50,9,18,UAE
Dubai,2022,33,8,77,118,44,16,69,111,44,13,68,110,43,10,69,111,45,10,40,63,50,17,34,59,52,13,35,60,50,11,34,60,48,11,23,33,35,13,22,31,32,13,21,30,31,10,22,30,34,9,14,22,43.37075397,16.18974206,13,21,40,13,12,20,41,10,13,21,50,10,19,UAE
Dubai,2022,34,8,65,116,38,11,68,113,40,13,68,110,44,11,68,111,42,10,35,67,34,10,34,61,41,13,35,61,50,11,35,60,47,11,19,27,39,9,22,31,36,13,21,30,32,10,21,30,33,9,11,22,47.4215404,14.64724747,13,21,43,15,12,20,42,11,12,21,41,10,19,UAE
Dubai,2022,35,8,60,109,39,12,65,112,40,13,69,112,40,11,68,111,42,10,34,66,33,14,34,63,40,13,35,62,43,12,35,61,45,11,18,26,50,8,20,29,39,11,22,30,35,10,21,30,34,9,8,17,42.74236111,12.79954861,11,20,43,13,12,20,41,11,12,20,41,10,16,UAE
Dubai,2022,36,8,75,119,38,11,69,116,40,12,68,113,40,12,68,111,42,10,40,68,37,10,37,66,39,13,35,63,43,12,35,62,45,11,22,31,36,8,21,29,40,9,21,30,35,11,21,30,34,9,13,20,46.06286325,17.7067094,12,20,45,15,12,21,41,13,11,20,42,11,17,UAE
Dubai,2022,37,9,72,117,40,14,68,115,39,12,68,113,41,13,68,111,42,11,35,62,40,16,36,66,36,13,35,62,44,13,35,62,46,11,22,32,35,8,20,29,40,8,21,30,36,11,21,30,34,9,15,23,47.18464815,20.0147037,12,21,46,16,12,21,43,15,12,20,43,12,20,UAE
Dubai,2022,38,9,66,120,32,11,68,116,37,12,68,115,38,13,68,112,42,11,33,65,31,10,36,65,35,13,35,63,38,13,35,62,45,12,21,32,29,7,21,30,37,8,21,30,36,10,21,30,34,9,12,23,42.00717593,18.45694444,12,21,44,17,12,21,44,16,12,20,43,13,19,UAE
Dubai,2022,39,9,68,118,38,20,70,119,37,14,67,115,39,13,69,114,39,12,32,62,40,22,35,64,37,15,34,64,39,14,35,62,41,13,22,33,31,24,22,32,33,12,21,31,36,11,22,31,34,11,14,23,42.84825397,10.2496627,14,22,45,17,12,21,44,15,13,21,42,13,19,UAE
Dubai,2022,40,9,68,119,44,9,69,119,39,14,69,117,39,13,68,115,40,12,33,64,55,10,33,63,42,14,35,65,40,14,34,63,42,13,20,31,33,11,21,32,32,13,21,31,36,11,21,31,34,11,15,24,34.68059259,3.931740741,14,23,42,13,13,22,43,14,13,22,41,13,20,UAE
Dubai,2022,41,10,75,121,34,12,69,120,37,13,69,117,38,13,69,115,40,13,36,67,32,14,34,65,40,14,35,65,38,13,34,63,43,13,25,36,29,11,22,33,30,13,21,31,35,11,21,31,34,11,14,18,45.86347222,10.31176587,14,22,41,11,13,21,44,14,13,21,42,13,15,UAE
Dubai,2022,42,10,66,118,32,8,69,119,37,12,69,118,37,12,68,116,38,13,33,64,31,8,34,64,40,14,35,65,37,13,34,64,39,13,20,31,32,9,22,33,31,14,21,32,34,11,21,31,35,12,13,23,34.18811966,3.902820513,14,22,39,7,13,21,42,12,13,21,42,13,19,UAE
Dubai,2022,43,10,70,117,38,10,70,119,37,10,70,119,37,12,68,116,38,12,40,71,41,12,36,67,40,11,35,65,38,13,35,65,39,13,16,25,32,9,20,31,31,10,21,31,32,11,21,31,35,11,14,21,34.36609127,4.547619048,14,22,37,6,14,22,41,11,13,21,42,12,18,UAE
Dubai,2022,44,10,76,124,35,13,72,120,35,11,70,119,37,12,70,118,38,12,36,70,34,14,36,68,35,12,35,66,38,13,36,66,38,13,26,34,37,9,22,32,32,10,22,32,32,11,21,31,35,11,14,20,34.41275794,18.08962302,14,21,37,9,14,22,39,11,13,21,41,13,16,UAE
Dubai,2022,45,11,64,113,34,17,69,118,35,12,69,119,36,13,69,118,37,12,30,60,34,22,35,66,35,14,34,65,37,14,35,66,37,14,21,33,33,11,21,31,33,10,21,32,32,11,21,31,35,10,13,20,35.40487179,15.97619658,14,21,35,11,14,22,38,11,13,21,41,13,18,UAE
Dubai,2022,46,11,75,122,33,12,71,119,35,13,70,119,36,13,70,118,36,12,36,63,36,17,36,66,36,16,35,65,38,15,35,65,37,14,26,37,29,8,22,32,33,9,22,33,32,12,22,32,34,10,13,22,34.39126068,5.244700855,14,21,35,11,14,21,37,9,13,21,40,12,18,UAE
Dubai,2022,47,11,76,115,33,17,73,119,34,15,71,119,35,12,71,119,36,13,41,65,33,20,36,65,34,18,36,66,37,15,35,65,37,15,20,31,32,7,23,34,33,9,22,32,32,9,22,32,32,10,15,19,38.29681481,22.54031481,14,20,36,15,14,21,36,11,14,21,39,13,17,UAE
Dubai,2022,48,11,72,122,35,12,72,118,34,15,72,119,34,13,71,119,36,13,34,66,36,14,35,64,34,18,36,66,35,15,35,65,37,15,23,32,31,13,23,33,31,10,22,32,32,10,22,32,32,11,15,24,38.57509259,5.000407407,14,21,37,12,14,21,37,11,14,22,39,12,20,UAE
Dubai,2022,49,11,81,122,30,10,76,120,33,13,73,119,34,12,71,119,35,13,48,71,29,11,40,66,33,16,37,66,34,15,36,66,36,15,22,32,29,8,23,33,30,9,22,32,32,9,22,32,31,11,11,19,34.49585859,6.686414141,14,21,36,10,14,21,36,10,14,21,37,10,16,UAE
Dubai,2022,50,12,86,125,31,14,79,121,32,13,75,120,34,13,73,120,35,13,45,70,29,17,42,68,32,16,39,67,34,16,37,66,36,15,24,31,33,9,22,32,31,9,22,32,32,9,22,32,32,11,17,24,33.66949346,15.39506536,15,22,36,12,14,21,35,12,14,21,37,10,19,UAE
Dubai,2022,51,12,79,120,33,14,80,122,32,12,76,120,33,14,74,120,34,12,42,65,30,16,42,68,31,15,39,66,32,17,38,66,35,15,24,34,36,9,23,32,32,10,23,33,32,9,22,32,32,10,13,21,39.67818376,14.28190171,14,22,37,10,14,21,36,13,14,21,37,10,18,UAE
Dubai,2022,52,12,104,145,121,11,88,128,54,12,80,123,44,13,77,122,41,13,59,83,186,15,49,72,68,15,42,68,51,17,40,68,46,15,27,37,35,7,24,34,33,8,23,33,32,9,23,33,32,9,18,25,35.64929012,7.946126543,15,22,36,11,14,22,36,12,14,21,37,11,17,UAE
Guangzhou,2019,1,1,105,131,17,10,,,,,,,,,,,,,36,41,15,14,,,,,,,,,,,,,50,61,20,9,,,,,,,,,,,,,19,29,15.90726608,2.690131579,,,,,,,,,,,,,22,PRC
Guangzhou,2019,2,1,71,96,19,6,,,,,,,,,,,,,18,27,14,5,,,,,,,,,,,,,42,53,20,6,,,,,,,,,,,,,11,16,20.8005303,10.90606061,,,,,,,,,,,,,17,PRC
Guangzhou,2019,3,1,78,96,20,6,,,,,,,,,,,,,26,31,17,6,,,,,,,,,,,,,34,42,20,7,,,,,,,,,,,,,18,23,23.89834877,6.594845679,,,,,,,,,,,,,24,PRC
Guangzhou,2019,4,1,90,113,19,26,86,109,19,12,,,,,,,,,30,39,15,8,28,35,15,8,,,,,,,,,49,55,21,43,44,53,20,16,,,,,,,,,11,19,19.80214646,1.228484848,15,22,20,5,,,,,,,,,17,PRC
Guangzhou,2019,5,1,71,100,19,12,78,101,19,13,,,,,,,,,23,33,14,8,24,33,15,7,,,,,,,,,35,50,21,18,40,50,21,18,,,,,,,,,13,17,23.10363248,3.309059829,13,19,22,6,,,,,,,,,17,PRC
Guangzhou,2019,6,2,62,96,19,13,75,101,19,14,,,,,,,,,18,29,16,11,24,33,15,8,,,,,,,,,27,44,20,21,36,48,20,22,,,,,,,,,17,23,22.29877451,3.501094771,15,21,22,4,,,,,,,,,24,PRC
Guangzhou,2019,7,2,52,84,17,18,69,98,19,17,,,,,,,,,16,24,15,28,22,31,15,13,,,,,,,,,28,39,18,7,35,47,20,22,,,,,,,,,8,21,20.62701389,36.38847222,12,20,21,11,,,,,,,,,25,PRC
Guangzhou,2019,8,2,60,83,21,21,61,91,19,16,74,100,19,14,,,,,20,29,15,53,19,29,15,25,23,32,15,17,,,,,28,39,27,6,30,43,21,13,37,48,21,14,,,,,12,15,15.63351852,1.842199074,13,19,20,11,14,20,20,8,,,,,18,PRC
Guangzhou,2019,9,2,78,103,18,16,63,92,19,17,70,96,19,15,,,,,22,34,17,14,19,29,15,26,22,31,15,17,,,,,38,48,17,10,30,43,20,11,35,46,20,15,,,,,18,21,22.75083333,28.36489198,14,20,20,18,14,19,21,12,,,,,20,PRC
Guangzhou,2019,10,3,74,99,20,5,66,92,19,15,71,97,19,15,,,,,25,36,17,5,21,31,16,25,23,32,16,17,,,,,36,43,21,6,33,42,21,7,34,45,21,15,,,,,13,20,20.93324786,1.780747863,13,19,20,17,14,20,21,10,,,,,20,PRC
Guangzhou,2019,11,3,81,98,18,8,73,96,19,12,71,97,19,15,,,,,24,33,15,18,23,33,16,23,22,32,15,18,,,,,43,48,19,5,36,45,21,7,36,46,20,14,,,,,14,17,17.60297619,2.077380952,14,18,19,9,13,19,20,10,,,,,17,PRC
Guangzhou,2019,12,3,80,102,17,6,78,101,18,9,70,96,19,12,75,100,19,12,28,39,14,11,25,36,16,12,22,32,15,18,24,33,15,15,38,44,20,4,39,46,19,6,34,44,20,10,37,47,20,12,14,19,16.65920635,2.644980159,15,19,19,9,14,19,20,10,14,20,20,8,19,PRC
Guangzhou,2019,13,3,80,100,18,5,79,100,18,6,71,96,18,12,73,98,19,12,23,33,15,3,25,35,15,9,22,32,15,18,23,32,15,14,37,45,20,8,39,45,20,6,34,44,20,8,36,46,20,12,20,22,17.69234722,2.848972222,15,20,18,2,15,20,19,10,14,19,20,8,22,PRC
Guangzhou,2019,14,4,82,104,19,5,81,101,18,6,73,97,18,10,74,98,19,12,28,35,16,7,26,35,15,10,23,33,15,17,24,33,15,14,37,45,19,4,39,46,19,5,36,44,20,6,36,45,20,12,17,24,21.49620915,2.849395425,16,21,18,3,15,20,19,10,15,20,20,8,23,PRC
Guangzhou,2019,15,4,77,98,17,3,80,101,18,5,77,98,18,9,74,98,18,12,26,35,14,4,26,36,15,6,25,34,15,14,24,33,15,14,40,44,19,4,38,45,19,5,37,45,20,6,36,45,20,11,11,19,17.67515152,1.253838384,16,21,18,2,15,20,19,5,14,20,20,7,19,PRC
Guangzhou,2019,16,4,88,108,18,9,82,103,18,6,80,102,18,7,74,98,18,10,27,35,16,11,26,35,15,6,25,35,15,9,23,33,15,14,44,52,19,4,40,47,19,5,39,46,19,6,36,45,20,8,17,21,18.85550654,18.62844771,16,22,19,6,16,20,19,8,15,20,20,9,19,PRC
Guangzhou,2019,17,4,75,98,18,4,81,102,18,5,80,101,18,6,74,98,18,9,25,34,14,5,27,35,15,7,26,35,15,8,24,33,15,14,36,44,20,4,39,46,19,4,39,46,20,5,36,45,20,7,14,20,18.73267857,2.289603175,15,21,19,6,15,20,19,4,15,20,19,9,20,PRC
Guangzhou,2019,18,5,80,104,18,5,80,102,18,5,80,102,18,6,76,98,18,9,26,36,14,7,26,35,15,7,26,35,15,8,24,34,15,14,38,46,18,4,40,47,19,4,39,46,19,5,37,45,20,6,16,22,24.23722222,3.058315972,15,21,20,6,15,21,19,4,15,20,19,9,21,PRC
Guangzhou,2019,19,5,85,108,17,7,82,105,18,6,81,103,18,6,78,100,18,8,28,39,14,9,27,36,15,8,26,36,15,7,25,35,15,12,41,46,19,8,40,47,19,5,39,46,19,5,38,45,20,6,16,23,16.4225,0.5,16,22,20,6,16,21,19,4,15,20,19,6,21,PRC
Guangzhou,2019,20,5,82,101,19,8,81,103,18,6,81,103,18,6,80,102,18,7,29,39,15,13,27,37,14,9,27,36,15,7,26,36,15,9,38,43,20,7,38,45,19,6,39,46,19,5,39,46,19,6,15,19,23.19355556,1.929888889,15,21,21,2,16,21,20,4,15,21,20,6,19,PRC
Guangzhou,2019,21,5,86,102,18,14,83,104,18,8,82,103,18,7,81,102,18,7,29,37,14,32,28,38,14,15,27,36,15,11,27,36,15,10,42,46,20,6,40,45,19,6,40,46,19,5,39,46,19,5,15,19,22.54742593,0.533462963,16,21,22,2,15,21,20,4,15,20,20,3,19,PRC
Guangzhou,2019,22,5,78,104,17,7,83,104,18,9,81,103,18,7,81,102,18,7,29,38,14,10,29,38,14,16,27,37,14,11,27,36,15,11,34,44,19,5,39,45,19,6,39,46,19,5,39,46,19,5,15,22,20.2617963,3.923888889,15,21,21,2,15,21,20,4,15,21,20,4,21,PRC
Guangzhou,2019,23,6,90,110,18,5,84,104,18,8,83,104,18,7,82,103,18,7,32,40,13,6,30,39,14,15,28,37,14,12,28,37,14,10,40,45,20,6,39,45,20,6,39,46,19,5,39,45,19,5,18,25,20.58015432,1.482685185,16,21,22,2,16,21,21,4,16,21,20,3,23,PRC
Guangzhou,2019,24,6,83,109,18,4,84,106,18,7,82,105,18,7,82,104,18,6,29,40,15,5,30,39,14,13,28,38,14,11,28,37,14,9,38,46,19,4,39,45,19,5,38,45,19,5,39,46,19,5,16,23,21.47640625,3.293576389,16,22,21,2,16,22,21,2,16,22,20,4,21,PRC
Guangzhou,2019,25,6,87,113,17,7,85,109,17,6,84,106,18,7,83,105,18,7,33,46,12,11,31,41,13,8,29,39,14,12,28,38,14,10,40,47,20,6,38,46,19,5,39,45,19,6,39,46,19,5,14,20,19.50325397,2.624206349,16,23,20,3,16,22,21,2,15,21,20,4,18,PRC
Guangzhou,2019,26,6,77,101,19,6,84,108,18,5,84,106,18,7,82,105,18,7,22,35,17,8,29,40,14,8,29,39,14,12,28,38,14,10,41,48,21,5,40,47,20,5,39,46,20,6,39,46,19,5,14,18,20.78827381,1.71202381,16,22,21,2,15,21,21,2,15,21,20,3,18,PRC
Guangzhou,2019,27,7,90,109,18,8,84,108,18,6,84,106,18,7,83,106,18,7,33,42,15,9,29,41,14,9,30,40,14,12,29,38,14,11,42,48,18,8,40,47,19,6,39,46,20,6,40,46,19,6,15,19,23.47514815,2.625759259,15,20,21,3,15,21,21,2,15,21,21,4,17,PRC
Guangzhou,2019,28,7,81,110,17,6,84,108,18,7,84,107,18,7,83,106,18,7,29,41,14,9,29,41,14,9,30,40,14,11,29,39,14,10,39,49,18,5,41,48,19,6,40,47,19,6,39,46,19,6,13,20,19.98940171,2.168461538,14,19,21,2,15,21,21,2,15,21,21,2,18,PRC
Guangzhou,2019,29,7,86,101,17,7,84,105,18,7,84,107,18,6,84,106,18,7,28,36,13,7,28,39,15,8,29,40,14,8,29,39,14,11,45,48,19,8,42,48,19,7,40,47,19,6,40,46,19,6,13,17,19.90600427,2.934294872,14,19,21,2,15,21,21,3,15,21,21,2,17,PRC
Guangzhou,2019,30,7,82,103,17,4,85,106,17,6,85,107,18,6,84,106,18,7,31,40,14,5,30,40,14,8,30,40,14,8,29,39,14,10,35,41,19,4,40,47,18,6,40,47,19,6,40,46,19,6,16,22,20.90880208,1.742378472,14,20,21,2,15,21,21,2,15,21,21,2,21,PRC
Guangzhou,2019,31,7,88,113,18,9,84,107,17,7,84,107,18,6,84,106,18,7,28,40,15,10,29,39,14,8,29,40,14,8,29,40,14,11,43,49,19,8,41,47,19,6,40,47,19,6,40,46,19,6,17,24,21.42001634,10.01947712,15,21,21,4,15,20,21,3,15,21,21,3,21,PRC
Guangzhou,2019,32,8,76,102,17,7,83,105,17,7,83,107,18,7,84,106,18,7,26,36,15,7,28,38,14,8,29,40,14,8,29,39,14,10,33,41,18,8,39,45,19,7,40,46,19,7,39,46,19,6,17,25,18.17356209,3.302205882,16,22,20,4,15,21,21,3,15,21,21,3,25,PRC
Guangzhou,2019,33,8,69,87,20,6,79,101,18,6,81,103,18,7,82,105,18,6,21,29,15,5,27,36,15,7,27,37,15,8,28,39,14,8,33,38,20,7,36,42,19,7,39,45,19,7,39,45,19,6,15,20,26.46235185,5.111092593,16,23,22,5,15,21,21,4,15,21,21,3,23,PRC
Guangzhou,2019,34,8,83,102,18,4,79,101,18,7,82,103,18,6,83,105,18,6,30,36,15,5,26,35,15,7,28,38,15,7,29,38,14,7,35,41,19,6,36,42,19,7,38,44,19,7,39,45,19,6,18,25,21.62776235,0.887947531,17,24,22,5,16,22,21,4,16,22,21,3,25,PRC
Guangzhou,2019,35,8,94,109,18,8,81,100,18,6,82,103,18,6,83,105,18,6,30,37,14,7,27,35,15,6,28,37,14,7,28,38,14,7,47,49,21,11,37,42,19,8,39,45,19,7,39,45,19,7,17,23,17.48743464,3.584084967,17,23,21,3,16,22,21,4,15,21,21,3,21,PRC
Guangzhou,2019,36,9,79,101,18,5,81,100,19,6,82,102,18,6,83,104,18,6,28,37,15,4,27,35,15,5,28,36,15,6,28,38,14,7,36,41,20,7,38,42,20,8,38,44,19,7,39,45,19,7,15,23,20.95714815,0.802944444,16,23,22,3,16,22,21,4,15,21,21,3,23,PRC
Guangzhou,2019,37,9,87,108,23,7,86,105,19,6,82,103,19,6,83,104,18,6,28,35,16,5,29,36,15,5,28,36,15,6,28,37,15,7,40,48,22,7,40,45,20,8,38,44,20,7,39,45,19,7,19,25,35.91815789,8.928654971,17,24,24,4,17,23,23,4,16,22,22,4,23,PRC
Guangzhou,2019,38,9,82,106,19,6,86,106,19,7,82,104,19,7,83,104,18,6,32,40,15,9,30,37,15,6,28,36,15,7,29,37,15,7,37,45,20,5,40,46,21,7,38,44,20,7,39,45,19,7,13,21,22.17311966,2.553867521,16,23,24,4,16,23,23,4,16,22,22,4,20,PRC
Guangzhou,2019,39,9,73,90,19,4,80,101,20,5,80,101,19,6,82,103,18,6,19,27,16,5,27,35,15,6,27,35,15,6,28,36,15,7,38,41,20,4,38,44,20,6,37,43,20,7,38,44,20,7,16,22,17.71751736,1.338472222,16,23,24,3,16,23,23,3,16,22,22,4,24,PRC
Guangzhou,2019,40,10,66,83,18,12,77,97,20,7,79,98,19,7,80,100,19,7,23,28,15,26,26,33,16,11,26,34,15,8,27,35,15,8,33,39,20,5,37,43,21,5,37,43,20,6,38,43,20,7,10,16,18.59922222,5.804944444,15,21,24,5,15,22,23,4,16,22,22,4,19,PRC
Guangzhou,2019,41,10,81,100,19,10,76,95,19,8,81,100,19,7,80,100,19,7,24,33,15,15,25,32,15,14,27,34,15,10,27,35,15,9,43,51,20,9,38,44,20,6,39,44,20,7,38,44,20,7,14,16,23.4909127,5.611488095,13,19,20,4,15,21,22,4,16,22,22,4,16,PRC
Guangzhou,2019,42,10,77,95,20,8,74,92,19,8,80,99,19,7,80,100,19,7,25,34,17,11,23,31,16,14,26,34,15,10,26,34,15,9,36,42,21,7,38,43,20,6,39,45,21,7,38,44,20,7,16,19,20.65043403,3.923819444,14,18,20,4,15,21,22,4,16,22,22,4,20,PRC
Guangzhou,2019,43,10,85,113,19,8,77,98,19,9,79,100,19,7,79,100,19,7,25,37,16,6,24,33,16,14,26,34,16,10,26,34,15,9,45,53,19,7,39,46,20,7,39,45,20,6,38,44,20,7,15,23,20.93562963,13.81116667,14,19,21,7,15,21,23,5,15,22,22,5,20,PRC
Guangzhou,2019,44,11,81,105,18,5,81,103,19,7,79,100,19,7,80,100,19,7,31,40,15,6,26,36,16,10,26,34,16,10,26,34,15,9,34,42,20,4,40,47,20,6,38,45,20,6,38,44,20,6,16,23,19.47953125,3.976059028,15,20,21,7,15,21,22,6,15,21,22,5,22,PRC
Guangzhou,2019,45,11,84,108,18,4,82,105,19,6,79,100,19,7,81,102,19,7,25,35,14,3,27,37,16,7,26,34,16,10,27,35,15,9,43,50,20,5,40,47,20,5,39,45,20,6,39,45,20,6,16,23,19.10592014,6.032708333,16,22,20,7,15,20,20,5,15,22,22,5,21,PRC
Guangzhou,2019,46,11,87,110,20,6,84,109,19,6,79,101,19,7,81,102,19,7,27,34,24,7,27,37,17,6,25,34,17,10,26,35,16,9,41,48,19,6,41,48,19,5,39,46,20,6,39,46,20,6,19,28,18.31369883,5.890628655,17,24,19,7,15,21,20,6,16,22,21,5,25,PRC
Guangzhou,2019,47,11,85,106,18,6,84,107,19,5,81,103,19,7,81,102,19,7,28,35,13,5,28,36,17,5,26,35,16,10,26,35,16,9,43,48,21,6,40,47,20,5,40,47,20,6,39,46,20,6,14,23,18.36672619,7.110853175,16,24,19,6,15,21,20,7,15,22,21,5,22,PRC
Guangzhou,2019,48,11,87,111,18,6,86,109,19,5,83,106,19,6,81,103,19,7,31,41,15,6,28,36,17,5,27,36,16,7,27,35,16,9,38,45,20,6,41,48,20,6,40,47,20,6,39,46,20,6,18,25,20.40516975,3.205385802,17,25,19,6,16,23,20,6,16,22,21,6,23,PRC
Guangzhou,2019,49,12,78,104,18,4,84,108,19,5,83,107,19,6,81,103,19,7,25,34,15,7,28,36,17,6,27,36,16,6,26,35,16,9,37,45,20,3,40,47,20,5,40,47,20,5,39,46,20,5,16,25,18.96373264,2.501597222,17,25,19,5,16,24,20,6,15,22,20,5,24,PRC
Guangzhou,2019,50,12,81,99,18,5,83,105,18,5,84,107,18,5,80,102,19,6,30,36,14,4,29,37,14,5,28,37,16,5,26,35,16,8,38,43,20,6,39,45,20,5,40,47,20,5,39,46,20,6,13,20,20.14224359,4.09517094,15,23,19,4,16,24,19,6,15,22,20,5,20,PRC
Guangzhou,2019,51,12,90,110,18,5,84,106,18,5,84,107,18,5,82,104,19,6,27,33,15,5,28,36,15,6,28,36,16,5,27,35,16,8,45,51,18,4,40,46,20,5,40,47,20,5,40,46,20,5,18,26,19.90533951,6.258734568,16,24,20,4,16,24,19,5,15,22,20,6,24,PRC
Guangzhou,2019,52,12,81,102,19,6,83,104,18,5,84,106,18,5,83,105,19,6,26,33,15,6,27,34,15,5,27,35,16,5,27,35,16,7,39,46,20,7,40,46,20,5,41,47,20,5,40,47,20,6,16,23,22.12930556,4.423767361,16,24,20,4,16,24,20,5,16,23,20,6,23,PRC
Guangzhou,2020,1,1,97,97,18,21,87,102,18,9,86,105,18,7,84,105,19,7,44,44,16,9,32,37,15,6,30,36,16,6,29,36,16,6,39,39,20,40,40,45,20,14,40,46,20,10,40,46,20,8,14,14,20.84662698,3.305873016,15,21,21,5,16,23,20,5,16,23,20,5,14,PRC
Guangzhou,2020,2,1,93,123,18,40,90,108,18,18,87,107,18,11,86,107,18,10,39,51,16,71,34,40,16,23,31,38,15,14,30,38,16,11,34,43,18,26,39,45,19,19,39,45,20,12,40,46,20,10,20,29,21.28236111,3.719555556,17,23,21,4,16,23,20,4,16,24,20,5,24,PRC
Guangzhou,2020,3,1,92,129,18,16,91,113,18,21,87,109,18,13,86,109,18,10,36,52,16,10,36,45,16,24,32,41,15,15,31,39,16,12,41,52,18,27,38,45,19,25,39,46,19,15,39,46,20,12,15,25,21.19133333,1.143388889,16,23,21,3,16,23,21,4,16,24,20,4,19,PRC
Guangzhou,2020,4,1,78,118,21,25,90,117,19,26,86,110,18,15,86,110,19,12,32,46,18,27,38,48,17,29,32,41,16,17,31,40,16,13,29,45,20,35,36,45,19,32,38,46,19,18,39,46,20,14,17,27,28.42514706,5.944591503,17,24,23,4,16,24,22,4,16,24,21,4,23,PRC
Guangzhou,2020,5,1,58,99,20,13,80,117,19,24,84,110,19,16,84,109,19,13,17,31,19,27,31,45,17,34,31,41,16,20,30,39,16,15,28,46,19,10,33,47,19,24,37,46,19,19,38,46,20,15,13,22,21.08895299,2.759893162,16,26,23,3,16,23,22,4,16,24,21,4,22,PRC
Guangzhou,2020,6,2,58,87,18,55,72,108,19,27,81,108,19,23,82,107,19,17,26,35,16,34,28,41,17,24,31,41,17,24,30,39,16,18,19,33,20,112,29,44,19,46,34,44,19,33,36,45,20,24,13,19,19.57215812,12.77290598,15,23,23,6,16,23,22,5,16,23,21,5,22,PRC
Guangzhou,2020,7,2,56,82,20,15,63,97,20,27,77,105,19,24,79,105,19,18,21,32,20,14,24,36,18,25,30,41,17,25,30,39,16,18,23,34,18,16,25,40,19,43,32,42,19,34,34,44,19,24,12,16,23.59347222,13.80527778,14,21,23,9,15,22,22,6,15,23,21,5,20,PRC
Guangzhou,2020,8,2,62,95,18,19,59,91,19,26,74,104,19,26,77,104,19,19,29,41,14,9,23,35,17,21,31,42,17,25,29,39,16,18,23,36,20,38,23,37,20,44,30,41,19,38,33,43,19,27,10,18,22.83536111,3.337805556,12,19,22,8,14,21,22,6,15,22,22,5,19,PRC
Guangzhou,2020,9,2,72,100,19,14,62,91,19,26,71,104,19,25,77,103,19,19,33,46,18,16,27,39,17,18,29,42,17,26,30,40,17,19,24,35,18,3,22,35,19,43,28,41,19,34,32,42,19,27,15,19,21.15777778,27.32705556,13,18,22,14,14,22,22,9,15,22,22,7,19,PRC
Guangzhou,2020,10,3,68,105,19,9,65,96,19,14,68,102,19,21,75,104,19,20,29,46,17,8,28,41,17,12,28,41,17,18,30,41,17,20,28,41,21,13,25,37,20,18,27,40,19,32,31,42,19,28,11,18,22.77103535,2.431868687,12,18,23,12,13,21,23,9,15,21,22,7,17,PRC
Guangzhou,2020,11,3,86,119,18,11,72,105,19,13,67,101,19,20,75,105,19,20,41,54,17,6,33,47,16,10,29,41,17,17,31,43,17,20,26,39,18,15,25,38,19,17,25,39,19,30,29,41,19,29,19,26,23.12747076,15.8352924,14,20,22,12,14,21,23,11,15,21,22,8,22,PRC
Guangzhou,2020,12,3,87,119,18,5,78,111,19,10,68,101,19,18,76,106,19,20,35,47,17,3,35,48,17,8,29,42,17,15,32,44,17,19,37,48,19,4,29,41,19,9,26,39,19,27,29,41,19,28,15,24,18.148,12.73085185,15,22,21,15,14,20,22,11,15,21,22,9,20,PRC
Guangzhou,2020,13,3,85,121,17,5,82,116,18,7,72,104,19,17,75,108,19,19,39,55,15,4,36,51,16,5,32,45,17,12,31,45,17,19,27,37,19,7,30,41,19,10,26,38,19,26,28,41,19,26,19,29,18.68760234,3.36875731,16,24,21,9,14,21,21,11,15,23,22,9,24,PRC
Guangzhou,2020,14,3,97,130,17,6,89,122,18,7,77,109,18,10,75,109,19,16,45,59,15,6,40,54,16,5,34,48,17,8,32,45,17,14,37,46,17,5,32,43,18,8,28,40,19,13,29,41,19,24,15,25,18.76396296,7.483277778,17,26,20,10,15,22,21,11,15,22,22,9,19,PRC
Guangzhou,2020,15,4,100,132,18,9,92,126,17,6,82,115,18,10,76,109,19,16,37,56,15,9,39,54,16,6,36,51,16,8,32,46,17,14,50,58,20,9,38,47,19,6,32,43,19,12,29,42,19,22,13,18,17.80064103,6.321260684,16,24,18,7,15,22,20,10,14,22,21,10,14,PRC
Guangzhou,2020,16,4,82,118,18,7,91,125,17,7,85,118,18,8,76,109,18,14,33,49,16,7,39,55,15,7,37,52,16,7,32,46,17,12,37,53,20,8,38,49,19,7,33,45,19,8,30,42,19,20,12,16,20.97275463,5.050810185,15,22,19,6,15,22,20,10,14,21,21,9,14,PRC
Guangzhou,2020,17,4,91,126,18,10,93,127,18,8,87,121,18,8,79,111,18,14,39,52,16,14,39,54,16,9,37,52,16,7,34,48,16,11,38,54,20,8,41,53,19,8,35,47,19,9,31,43,19,20,14,20,16.6975,6.44452381,14,20,19,6,15,22,20,7,14,21,20,10,16,PRC
Guangzhou,2020,18,4,74,106,19,11,87,121,18,9,88,121,18,8,80,113,18,10,28,44,17,18,34,50,16,12,37,52,16,8,34,48,16,9,31,39,18,6,39,51,19,8,35,47,19,8,32,43,19,11,15,23,21.83098148,6.577777778,14,19,19,6,15,23,20,8,14,21,21,9,22,PRC
Guangzhou,2020,19,5,90,112,17,11,84,116,18,10,88,121,18,8,83,115,18,10,40,52,16,16,35,49,16,14,37,52,16,10,36,50,16,10,40,44,19,8,37,48,19,8,37,47,19,7,33,44,19,10,10,16,19.94630556,2.761611111,13,19,20,5,14,21,19,6,14,21,20,8,14,PRC
Guangzhou,2020,20,5,88,123,19,20,86,117,18,13,88,121,18,10,85,118,18,10,35,52,15,6,36,50,16,13,37,52,16,10,36,51,16,9,38,49,21,6,37,47,19,7,37,48,19,7,34,45,19,8,15,22,20.19001852,87.62740741,14,20,20,26,14,21,19,16,14,21,20,15,18,PRC
Guangzhou,2020,21,5,90,118,21,8,86,115,19,12,89,121,18,10,87,119,18,9,40,52,20,8,36,50,17,12,37,52,16,11,37,52,16,9,36,41,21,6,36,43,20,7,38,48,19,7,35,46,19,8,14,25,23.05579365,12.45073413,14,22,21,27,14,21,20,17,14,22,20,14,21,PRC
Guangzhou,2020,22,5,90,130,20,9,90,121,19,12,88,121,19,11,88,121,18,9,33,48,17,9,37,51,17,10,36,51,16,11,37,52,16,9,40,52,22,12,39,47,21,8,39,49,20,8,36,47,19,8,17,30,22.25261438,3.481421569,14,23,21,27,14,21,20,16,15,23,20,14,23,PRC
Guangzhou,2020,23,6,103,139,19,13,93,128,20,13,89,122,19,11,90,123,18,10,44,57,17,24,38,52,17,12,37,51,17,13,37,52,16,10,42,52,21,6,39,49,21,7,38,48,20,8,38,48,20,7,17,30,21.44437908,4.934460784,16,27,22,27,14,23,21,16,15,23,20,13,22,PRC
Guangzhou,2020,24,6,83,123,19,9,92,128,20,10,89,122,19,11,89,123,18,10,36,53,18,11,38,53,18,13,37,51,17,13,37,52,16,11,31,45,20,9,37,48,21,8,37,47,20,8,37,48,20,7,16,25,19.72833333,4.616736111,16,28,22,6,15,24,21,16,15,23,20,13,20,PRC
Guangzhou,2020,25,6,105,140,20,11,95,133,20,11,90,124,19,12,91,125,19,10,44,63,17,16,39,55,17,15,38,53,17,13,38,53,17,12,42,50,22,9,39,50,21,9,38,47,20,8,39,49,20,8,19,27,22.61033626,4.239619883,17,28,22,4,15,25,21,16,15,23,20,13,19,PRC
Guangzhou,2020,26,6,92,129,19,7,96,133,19,10,93,127,19,11,91,125,19,10,37,54,18,5,40,57,17,14,39,54,17,12,37,53,17,12,42,51,20,10,39,50,21,9,39,48,21,8,39,49,20,8,13,24,19.93961538,5.696581197,16,27,21,5,15,25,21,16,15,23,21,13,19,PRC
Guangzhou,2020,27,7,92,128,20,11,93,130,20,10,93,129,20,11,90,124,19,11,40,59,18,15,39,57,18,12,39,55,17,12,37,53,17,12,38,47,21,9,38,48,21,9,39,48,21,8,38,48,20,8,14,22,20.83599206,3.868253968,16,25,21,5,16,26,21,16,15,23,21,12,17,PRC
Guangzhou,2020,28,7,101,140,21,12,98,134,20,10,95,131,20,10,92,126,19,11,45,66,19,15,42,61,18,13,40,57,18,13,38,54,17,13,45,52,23,13,42,50,22,10,40,49,21,9,39,48,21,8,11,22,20.78005051,1.639621212,14,24,21,4,15,26,21,5,15,24,21,12,16,PRC
Guangzhou,2020,29,7,101,137,19,10,97,134,20,10,96,133,20,10,92,127,19,11,43,62,18,9,41,60,18,11,40,58,18,13,39,55,18,13,41,53,19,12,42,51,21,11,40,50,21,10,39,48,21,9,17,22,21.81539216,3.87501634,14,23,21,4,16,25,21,4,15,24,21,12,16,PRC
Guangzhou,2020,30,7,103,139,20,6,99,136,20,10,98,134,20,10,95,130,20,11,44,64,20,6,43,63,19,11,42,60,18,13,40,57,18,12,45,52,21,8,42,51,21,10,41,50,21,9,40,49,21,9,14,23,20.84718254,1.98422619,14,22,21,3,15,24,21,4,15,24,21,11,17,PRC
Guangzhou,2020,31,7,90,124,21,5,99,135,20,8,96,133,20,9,95,131,20,10,38,56,19,7,43,62,19,9,41,60,18,11,40,57,18,11,42,51,22,5,43,52,21,9,41,50,21,9,40,50,21,9,10,17,20.02980556,0.2,13,21,21,2,14,23,21,3,15,24,21,11,14,PRC
Guangzhou,2020,32,8,91,120,20,6,96,130,20,7,97,132,20,9,95,131,20,9,39,55,17,6,41,59,18,7,41,60,18,10,40,57,18,11,34,43,23,6,41,50,21,8,41,50,21,9,40,49,21,9,18,22,21.52330247,6.200231481,15,21,21,3,15,22,21,3,15,24,21,4,18,PRC
Guangzhou,2020,33,8,96,123,18,5,95,127,20,6,96,130,20,8,96,131,20,9,43,56,17,6,41,58,18,6,41,59,18,9,41,58,18,11,41,48,19,5,41,49,21,6,41,50,21,8,40,50,21,9,12,19,18.2155787,1.085347222,14,20,20,2,14,21,20,3,15,24,21,3,15,PRC
Guangzhou,2020,34,8,95,125,19,11,93,123,20,7,96,130,20,8,96,131,20,9,42,59,18,13,41,57,18,8,42,60,18,10,41,59,18,11,38,44,20,11,39,47,21,6,41,49,21,8,40,49,21,8,15,22,21.088,4.353981481,14,20,20,3,14,21,21,3,15,23,21,4,18,PRC
Guangzhou,2020,35,8,96,134,20,6,95,126,19,7,97,130,20,8,95,130,20,8,44,64,18,10,42,59,17,9,42,60,18,9,41,59,18,10,38,46,21,4,38,45,21,6,41,49,21,8,40,49,21,8,14,24,20.47224206,3.003412698,15,22,20,4,14,21,21,3,14,22,21,3,18,PRC
Guangzhou,2020,36,9,101,141,20,7,97,131,19,7,97,130,20,7,97,132,20,8,49,71,18,8,45,63,18,9,43,61,18,8,42,61,18,10,39,50,22,7,39,47,21,6,40,48,21,7,40,49,21,8,13,20,22.09478632,1.419893162,14,21,20,2,14,21,21,3,14,22,21,3,14,PRC
Guangzhou,2020,37,9,91,131,20,7,96,133,20,8,95,130,20,7,96,131,20,8,35,58,17,8,43,63,18,10,42,60,18,8,42,60,18,9,44,55,21,6,40,49,21,7,40,49,21,6,41,49,21,8,12,18,23.00953704,3.670023148,14,21,22,3,14,21,21,3,14,21,21,3,14,PRC
Guangzhou,2020,38,9,101,132,21,6,97,135,20,6,95,129,20,7,97,131,20,8,47,65,18,7,44,65,18,8,42,61,18,8,42,61,18,9,36,43,23,6,39,49,22,6,39,48,21,6,40,49,21,7,18,24,20.77808642,3.151512346,14,22,22,3,14,21,21,3,14,21,21,3,18,PRC
Guangzhou,2020,39,9,88,128,23,6,95,133,21,6,95,129,20,7,96,131,20,7,41,63,23,7,43,64,19,8,43,61,18,8,43,62,18,9,35,45,22,7,39,48,22,6,38,47,21,6,40,49,21,7,12,20,21.59893519,2.668425926,14,21,22,3,14,21,21,3,14,21,21,3,16,PRC
Guangzhou,2020,40,9,92,125,19,6,93,129,21,6,95,130,20,7,95,130,20,7,38,57,17,7,40,61,19,7,42,62,18,8,42,61,18,8,43,50,21,5,40,48,22,6,39,48,21,6,40,48,21,7,11,18,21.88252525,5.833611111,13,20,22,4,13,21,21,3,14,21,21,3,14,PRC
Guangzhou,2020,41,10,84,115,19,7,91,125,20,6,94,129,20,7,94,128,20,6,35,52,18,11,40,59,19,8,41,61,18,9,41,60,18,8,34,44,19,4,37,46,21,6,38,47,21,6,39,48,21,6,15,19,18.8885,1.807759259,14,20,21,3,14,21,21,3,14,21,21,3,17,PRC
Guangzhou,2020,42,10,95,116,20,12,90,121,20,8,94,128,20,7,93,126,20,7,46,58,20,21,40,58,19,12,42,61,19,10,41,60,18,9,35,41,21,5,37,45,21,5,38,47,21,5,38,47,21,6,14,17,18.26462302,0.716051587,13,19,20,3,14,20,21,3,14,20,21,3,15,PRC
Guangzhou,2020,43,10,86,125,21,9,89,120,20,9,92,127,20,8,93,126,20,7,37,63,19,13,39,58,18,13,41,61,19,10,41,60,18,10,42,49,22,8,39,46,21,5,39,47,22,6,38,47,21,6,7,13,19.05527778,2.423373016,12,17,20,3,13,19,21,3,13,20,21,3,10,PRC
Guangzhou,2020,44,10,102,134,21,6,92,123,20,9,92,126,20,7,94,127,20,7,43,63,19,6,40,59,19,13,40,60,19,10,42,61,18,10,42,51,21,7,38,46,21,6,39,47,21,6,39,47,21,6,17,20,22.79550654,5.313104575,13,17,20,3,13,19,21,3,13,20,21,3,15,PRC
Guangzhou,2020,45,11,86,124,20,4,92,125,20,8,92,125,20,7,93,128,20,7,34,55,19,5,40,60,19,11,40,60,19,10,41,61,19,10,42,52,20,4,40,48,21,6,39,47,21,6,39,48,21,6,10,17,20.89986111,0.917833333,12,17,20,2,13,19,21,3,13,19,21,3,14,PRC
Guangzhou,2020,46,11,96,121,22,7,93,126,21,7,91,124,20,7,93,127,20,7,42,57,20,9,39,60,19,8,40,59,19,10,41,61,19,9,42,48,24,5,42,50,22,6,39,48,21,6,39,48,22,6,12,16,21.17113426,5.40400463,12,17,21,4,12,18,21,3,13,19,21,3,13,PRC
Guangzhou,2020,47,11,109,137,21,11,98,129,21,7,94,125,20,8,94,127,20,7,49,63,22,10,42,60,20,7,41,59,19,10,41,60,19,9,42,53,21,14,42,51,21,8,40,49,21,7,40,48,22,7,18,21,21.41993827,4.336990741,14,19,22,4,13,18,21,3,13,19,21,3,15,PRC
Guangzhou,2020,48,11,91,136,21,9,96,130,21,8,94,126,20,8,93,127,20,7,35,59,21,12,40,59,20,9,40,59,20,11,40,59,19,10,44,59,22,8,43,53,22,8,40,50,21,7,40,49,21,7,12,18,20.13606481,1.850162037,13,18,21,3,13,18,20,3,13,18,21,3,13,PRC
Guangzhou,2020,49,12,92,129,21,11,97,131,21,9,95,128,21,9,94,127,21,8,37,56,20,18,41,59,21,12,40,59,20,12,40,59,20,11,40,51,20,7,42,53,22,8,41,51,21,7,40,49,21,7,15,22,23.6057963,3.276555556,14,19,22,4,13,18,21,3,13,19,21,3,17,PRC
Guangzhou,2020,50,12,91,127,20,5,96,132,21,9,94,129,21,8,93,126,21,8,40,56,18,7,40,59,20,12,40,59,20,10,40,59,20,10,38,51,21,4,41,54,21,8,42,52,21,7,40,50,21,7,13,20,20.45388889,0.307692308,15,20,21,2,13,18,21,3,13,18,21,3,16,PRC
Guangzhou,2020,51,12,101,128,21,7,94,130,21,8,96,130,21,7,94,126,20,8,41,58,20,11,38,57,20,12,40,58,20,10,40,58,19,11,43,48,22,5,41,52,21,6,42,52,21,7,41,50,21,6,17,22,19.40769608,3.87620915,14,21,21,2,14,20,21,3,13,19,21,3,17,PRC
Guangzhou,2020,52,12,95,131,19,4,95,129,20,7,95,129,21,7,94,127,20,8,40,61,18,5,40,58,19,10,40,58,20,9,40,58,19,11,41,50,21,5,41,50,21,5,42,52,21,6,40,50,21,6,14,20,18.79626984,1.527281746,15,21,21,2,14,20,21,3,14,19,20,3,15,PRC
Guangzhou,2020,53,12,40,71,19,4,82,114,20,5,89,123,20,7,90,123,20,7,16,32,21,6,34,52,19,7,38,55,20,10,38,57,20,10,16,26,18,1,35,44,20,4,38,48,21,6,39,48,21,6,8,13,16.91784722,3.109513889,13,19,19,2,14,19,20,3,13,18,20,3,18,PRC
Guangzhou,2021,1,1,82,108,19,6,80,110,19,5,88,121,20,7,89,123,20,7,37,54,19,9,34,51,19,7,37,55,20,10,38,56,20,9,34,38,19,6,34,41,20,4,37,47,20,6,39,48,21,6,11,16,16.62929293,0.909065657,13,18,18,2,14,19,20,2,13,18,20,3,15,PRC
Guangzhou,2021,2,1,99,123,19,11,79,108,19,6,86,119,20,7,90,122,20,7,50,68,19,17,36,54,19,9,37,56,19,10,39,57,20,9,38,42,19,5,32,39,19,4,37,46,20,5,39,47,21,6,11,13,15.69204545,0.636287879,11,16,17,2,13,18,19,2,13,18,20,3,11,PRC
Guangzhou,2021,3,1,86,118,18,3,77,105,19,6,86,117,19,6,89,121,20,7,39,60,17,5,36,54,19,9,38,56,19,10,38,57,19,9,32,39,19,2,30,36,19,4,35,43,20,4,38,46,20,5,15,19,19.594,0.4,11,15,17,1,13,18,19,2,13,18,20,2,16,PRC
Guangzhou,2021,4,1,94,126,19,4,90,119,19,6,86,117,19,5,90,121,20,7,41,60,19,6,42,61,18,9,38,56,19,8,39,57,19,9,37,45,16,3,35,41,19,4,35,42,19,4,37,46,20,5,16,21,22.27019097,1.823246528,13,17,19,1,13,18,19,2,14,18,20,2,17,PRC
Guangzhou,2021,5,1,98,129,17,8,94,124,18,6,87,117,19,6,90,122,19,7,49,70,16,6,45,65,18,8,39,58,18,8,40,58,19,9,35,39,18,13,36,41,18,6,35,41,19,5,37,45,20,6,14,20,19.78402778,3.076765873,14,18,19,1,13,18,19,2,14,19,20,2,16,PRC
Guangzhou,2021,6,2,93,138,19,13,93,128,18,7,86,118,19,7,89,122,19,7,39,63,19,16,42,63,18,8,39,59,18,9,39,58,19,10,39,51,19,14,36,44,18,8,34,41,19,6,36,45,20,6,15,24,21.80081481,0.865314815,15,21,21,2,13,18,19,2,13,19,20,2,17,PRC
Guangzhou,2021,7,2,61,106,17,12,87,125,18,9,82,115,18,8,86,120,19,7,28,55,17,18,39,62,18,11,37,58,18,10,38,58,19,10,23,34,16,9,34,42,17,10,32,39,18,7,35,43,19,6,10,17,16.312,0.624666667,14,21,20,2,13,18,19,1,13,19,19,2,16,PRC
Guangzhou,2021,8,2,82,105,20,6,84,120,18,10,87,119,18,8,85,118,19,7,41,56,21,8,39,61,18,12,41,61,18,11,38,58,19,9,26,30,21,6,31,39,19,11,33,40,19,7,34,41,19,6,15,19,18.52107407,2.598222222,14,20,19,2,13,19,19,1,13,19,19,2,18,PRC
Guangzhou,2021,9,2,90,127,18,5,82,119,19,9,88,122,18,8,85,118,19,7,47,73,17,8,39,62,18,12,42,63,18,10,39,59,18,9,33,38,20,2,30,38,19,8,33,40,19,7,33,40,19,6,10,16,18.05930556,0.895361111,13,19,19,1,13,19,19,1,13,18,19,2,13,PRC
Guangzhou,2021,10,3,109,139,19,6,86,119,19,7,89,124,19,7,86,118,19,7,57,80,19,9,43,66,18,11,43,65,18,9,40,61,18,9,41,45,20,3,31,37,19,5,33,40,19,7,33,40,19,6,11,14,19.88787879,1.356439394,12,17,18,1,13,19,20,1,13,18,19,1,10,PRC
Guangzhou,2021,11,3,104,139,19,6,96,128,19,6,91,126,19,7,87,119,19,7,47,72,19,10,48,70,19,9,44,66,18,10,41,62,18,10,41,48,21,3,35,40,21,3,34,41,19,7,33,40,19,6,16,19,15.71947917,1.046579861,13,17,18,1,13,19,19,2,13,18,18,1,14,PRC
Guangzhou,2021,12,3,106,137,20,10,102,136,19,7,93,128,19,8,92,125,19,7,50,69,20,14,50,74,19,10,45,67,18,11,44,65,18,10,40,49,19,6,39,45,20,4,35,42,19,7,35,42,19,6,16,19,21.57666667,5.419513889,13,17,19,2,13,19,19,2,13,18,19,2,14,PRC
Guangzhou,2021,13,3,98,131,20,12,104,137,20,8,93,128,19,9,93,127,19,8,53,75,18,15,52,74,19,12,45,68,19,12,45,67,18,11,37,43,23,11,40,46,21,6,35,42,20,7,35,42,19,6,8,13,17.56746528,0.865763889,13,16,19,2,13,18,19,2,13,18,19,2,10,PRC
Guangzhou,2021,14,3,102,137,19,9,103,136,20,9,94,128,19,8,94,128,19,8,51,76,18,11,50,73,19,13,47,70,19,12,45,67,18,10,38,44,21,8,39,46,21,7,35,41,20,6,35,42,20,7,13,17,20.22929487,1.036987179,13,17,19,2,12,17,18,2,13,18,19,2,12,PRC
Guangzhou,2021,15,4,99,132,18,7,101,134,19,9,99,131,19,8,95,129,19,8,48,70,17,8,51,73,18,12,49,71,19,10,46,68,18,11,38,46,20,7,38,46,21,8,37,43,21,6,36,43,20,7,13,16,16.06790598,3.398739316,13,16,19,3,13,17,18,2,13,18,19,2,12,PRC
Guangzhou,2021,16,4,104,136,19,7,101,134,19,9,102,135,19,8,96,130,19,8,51,71,18,11,51,73,18,11,51,73,18,11,47,69,18,11,42,49,21,3,39,46,21,7,39,45,21,5,36,43,20,7,11,16,18.29161616,0.554570707,11,16,18,1,12,16,18,2,13,18,19,2,12,PRC
Guangzhou,2021,17,4,117,146,19,8,106,138,19,8,105,137,19,8,97,131,19,8,54,74,17,9,51,73,17,10,51,73,18,11,47,70,18,11,42,47,20,8,40,47,20,6,40,46,21,6,37,44,20,7,21,25,24.20488095,8.043002646,15,19,20,3,14,17,19,3,13,18,19,2,17,PRC
Guangzhou,2021,18,4,91,132,18,6,103,137,19,7,103,136,19,8,97,131,19,8,47,66,16,7,50,70,17,9,50,72,18,11,48,70,18,11,31,41,20,4,38,46,20,5,39,46,21,6,36,43,20,6,13,25,20.55452991,4.089401709,15,21,20,4,14,19,19,3,13,18,19,2,19,PRC
Guangzhou,2021,19,5,100,124,18,7,103,135,19,7,102,134,19,8,100,132,19,7,55,70,17,10,52,70,17,9,51,71,18,11,50,71,18,10,37,40,19,3,38,44,20,4,38,45,20,6,37,43,20,5,8,14,19.05371528,2.469965278,13,20,21,4,13,18,20,3,13,18,19,3,11,PRC
Guangzhou,2021,20,5,97,127,20,7,101,132,19,7,101,133,19,8,101,134,19,7,49,72,17,8,51,71,17,9,51,72,17,10,51,72,18,10,35,40,21,5,36,42,20,5,38,44,21,6,38,44,20,5,13,15,24.93683761,9.767948718,14,20,22,6,13,18,20,4,13,17,20,3,12,PRC
Guangzhou,2021,21,5,88,134,21,9,94,129,19,7,100,134,19,7,101,135,19,8,40,67,20,8,48,69,18,8,49,71,18,9,50,72,18,10,33,42,20,3,34,41,20,4,37,44,20,5,38,45,20,5,15,25,26.06274074,23.71892593,12,20,23,10,13,19,21,7,13,18,20,5,19,PRC
Guangzhou,2021,22,5,95,138,23,15,95,131,20,9,99,134,20,8,100,134,20,8,42,66,20,16,47,69,19,11,48,70,18,10,49,71,18,11,35,42,23,12,35,41,21,6,37,43,20,6,37,44,21,6,18,30,29.03734568,16.22225309,14,21,25,13,14,21,22,9,14,20,21,6,22,PRC
Guangzhou,2021,23,6,113,159,24,27,98,140,22,15,101,137,20,11,101,136,20,10,54,76,21,16,46,70,20,12,49,70,18,11,50,71,18,11,35,46,24,38,35,43,22,15,36,43,21,9,37,44,21,9,24,37,32.31912037,36.33546296,18,27,28,22,15,23,24,13,14,21,22,9,23,PRC
Guangzhou,2021,24,6,98,155,25,35,99,147,23,21,100,139,21,14,100,138,20,12,50,78,20,18,47,72,20,15,49,71,18,12,50,72,18,11,25,44,23,37,32,44,23,22,34,43,21,14,36,44,21,12,23,33,37.07235507,69.26398551,20,31,31,36,17,26,27,21,15,22,24,15,21,PRC
Guangzhou,2021,25,6,93,168,23,29,100,155,24,26,97,142,21,17,100,141,21,14,45,82,19,14,48,76,20,16,48,72,19,12,49,72,18,11,28,43,26,19,31,44,24,27,32,42,22,15,35,44,21,12,20,43,29.22394444,76.87711111,21,36,32,50,17,28,27,30,16,25,25,21,26,PRC
Guangzhou,2021,26,6,84,149,24,23,97,158,24,28,96,144,22,19,98,142,21,15,43,72,23,16,48,77,20,16,47,73,20,13,48,72,19,12,31,42,23,30,30,44,24,31,32,42,22,18,34,44,22,14,10,35,32.47288889,29.03561111,19,37,33,53,16,29,29,33,16,26,26,23,23,PRC
Guangzhou,2021,27,6,93,156,21,12,92,157,23,25,95,148,23,20,98,144,21,15,48,81,21,10,47,78,21,14,46,74,20,13,48,73,19,12,32,50,21,16,29,45,23,26,32,44,23,20,34,44,22,15,13,25,22.08076923,8.444401709,17,34,30,46,17,30,29,34,16,27,26,24,16,PRC
Guangzhou,2021,28,7,90,133,21,8,90,152,22,18,94,149,23,20,97,143,21,15,52,78,20,12,47,78,21,13,47,75,20,14,48,74,19,12,28,36,21,2,30,43,23,17,31,43,23,20,33,43,22,15,10,19,28.24713889,1.798444444,13,31,28,29,17,31,30,33,16,27,27,24,14,PRC
Guangzhou,2021,29,7,82,117,22,14,87,139,22,14,94,147,23,20,94,141,22,16,46,66,21,20,47,74,21,14,48,75,20,15,48,73,20,13,25,32,21,8,29,40,21,14,30,42,23,20,31,42,22,15,11,19,28.75414141,5.281464646,11,25,28,11,16,30,30,30,15,27,27,24,16,PRC
Guangzhou,2021,30,7,75,104,21,7,85,128,21,10,91,143,23,19,92,139,22,16,44,61,20,9,48,72,20,13,48,74,20,14,47,72,20,13,23,27,21,3,27,36,21,7,28,40,22,19,31,40,22,15,8,16,22.97673611,2.457986111,11,20,26,4,15,28,29,29,14,26,28,23,15,PRC
Guangzhou,2021,31,7,98,132,23,9,86,122,22,9,89,139,22,17,92,139,22,16,54,77,23,13,49,71,21,13,48,74,21,14,47,73,20,13,29,34,21,5,26,32,21,4,28,39,22,15,30,40,22,15,15,21,24.85225926,4.097481481,11,19,26,3,14,26,28,25,15,27,28,24,16,PRC
Guangzhou,2021,32,8,94,137,21,8,87,123,22,10,89,137,22,14,92,140,22,16,49,76,19,8,48,70,21,13,48,74,21,13,47,73,21,13,29,37,20,6,27,33,21,5,28,38,22,11,29,40,22,15,16,24,30.666875,12.71848958,13,20,27,6,13,25,27,18,15,27,29,24,18,PRC
Guangzhou,2021,33,8,88,132,20,10,89,126,21,9,88,133,22,11,92,140,22,16,51,74,21,12,50,72,21,11,48,73,21,13,48,74,21,14,29,38,18,6,28,34,20,5,28,37,21,10,29,39,22,15,8,20,23.911875,8.346180556,12,20,26,7,11,22,27,9,15,27,28,23,15,PRC
Guangzhou,2021,34,8,95,136,19,5,94,134,21,8,89,131,21,9,92,140,22,16,47,76,18,5,50,76,20,10,49,74,20,11,49,75,20,13,33,37,18,3,30,37,19,5,29,36,20,6,29,39,21,15,15,23,23.96288889,8.139277778,14,22,26,8,12,21,26,6,14,26,28,22,17,PRC
Guangzhou,2021,35,8,107,146,23,13,96,138,21,9,91,130,21,9,91,139,22,14,54,74,20,7,50,75,19,8,50,73,20,11,49,75,20,12,32,38,19,14,31,38,19,7,29,35,20,6,29,38,21,13,21,34,37.78939153,28.88948413,15,25,29,15,13,22,28,9,14,26,29,21,23,PRC
Guangzhou,2021,36,9,88,135,25,18,95,137,22,12,91,130,22,11,91,137,22,13,46,68,22,15,50,73,20,10,49,72,21,11,48,74,21,12,25,34,23,19,30,37,20,11,28,35,20,8,29,37,21,11,17,33,34.86447712,27.03289216,15,28,30,18,14,24,28,12,14,26,28,18,24,PRC
Guangzhou,2021,37,9,69,118,28,23,90,134,24,15,89,130,22,12,89,133,22,13,39,64,26,16,47,71,21,11,48,71,21,11,48,72,21,12,21,30,30,31,28,35,22,17,28,34,21,11,28,36,21,12,9,24,29.55632716,36.60839506,16,29,32,25,14,24,29,16,13,24,28,14,20,PRC
Guangzhou,2021,38,9,100,139,26,49,91,135,25,26,92,134,23,17,90,132,23,15,56,76,24,32,49,71,23,18,50,73,22,14,49,73,21,13,30,38,26,65,27,35,24,32,29,36,22,19,28,36,22,15,14,25,35.47702381,83.34571429,15,29,34,44,14,26,30,26,13,24,29,19,18,PRC
Guangzhou,2021,39,9,87,142,27,40,86,134,26,33,91,136,24,21,89,131,23,17,46,72,25,26,47,70,24,22,49,73,22,15,49,72,22,15,31,48,25,50,27,38,26,41,29,38,22,24,28,36,22,18,10,22,39.17975,69.13902778,13,26,35,54,14,26,32,34,13,23,30,24,15,PRC
Guangzhou,2021,40,10,66,121,25,27,81,130,26,35,88,134,24,23,87,130,23,19,35,62,22,18,44,69,24,23,47,71,22,17,47,71,22,15,26,43,25,34,27,40,27,45,28,38,23,28,28,36,22,20,5,16,39.99322222,48.23505556,10,22,36,59,12,25,33,39,12,23,31,28,13,PRC
Guangzhou,2021,41,10,75,119,28,38,82,130,26,38,86,132,25,27,87,130,24,21,34,55,29,44,43,66,25,30,45,68,23,20,46,70,22,17,31,48,25,29,30,44,25,45,29,40,24,31,28,38,23,22,10,16,34.79002778,49.63925,10,20,37,63,13,24,34,44,12,23,32,32,13,PRC
Guangzhou,2021,42,10,73,129,27,23,75,128,27,32,83,131,26,29,87,132,24,22,42,73,25,20,39,66,25,27,44,68,24,22,46,71,23,18,25,40,27,22,28,45,26,34,28,40,25,33,28,39,23,24,6,16,39.30861111,43.71805556,8,18,38,53,12,23,36,48,12,23,33,35,12,PRC
Guangzhou,2021,43,10,86,123,26,15,75,123,26,26,81,128,26,29,86,131,25,22,44,69,26,19,39,65,25,25,43,67,25,24,45,70,23,19,30,37,24,12,28,42,25,24,27,40,26,33,29,39,23,24,12,17,27.87599537,3.624050926,8,16,35,36,10,21,35,45,12,23,33,35,14,PRC
Guangzhou,2021,44,10,73,112,26,12,77,121,27,22,79,125,26,28,84,129,25,23,38,60,22,9,40,64,25,23,42,66,25,23,44,69,23,19,24,33,27,14,28,40,26,19,27,40,26,32,28,39,24,25,11,19,35.38507576,18.27782828,10,17,34,29,10,19,35,44,12,22,34,35,17,PRC
Guangzhou,2021,45,11,80,108,21,3,78,118,25,13,80,124,26,26,83,127,25,22,40,53,20,5,41,64,23,13,42,65,24,22,43,67,23,18,33,42,21,2,28,38,25,13,29,41,25,29,28,39,24,25,7,13,27.74924603,1.351071429,9,16,33,17,9,18,35,40,11,22,34,35,12,PRC
Guangzhou,2021,46,11,87,115,21,6,82,115,23,9,78,121,25,20,83,126,25,22,43,55,20,6,41,59,22,10,40,62,24,18,43,65,23,18,31,42,22,5,30,39,24,8,29,42,25,21,28,39,25,25,13,18,25.24675214,5.157008547,11,17,29,7,9,17,34,30,11,21,34,35,16,PRC
Guangzhou,2021,47,11,86,118,21,9,82,113,22,8,78,118,24,17,81,123,25,22,47,60,18,9,42,57,20,7,40,61,23,16,43,64,23,18,28,40,22,8,29,39,23,8,29,41,24,16,28,40,25,24,11,18,29.70623737,8.867575758,11,17,30,8,9,17,33,22,10,20,33,33,15,PRC
Guangzhou,2021,48,11,81,119,21,5,84,115,21,6,80,118,24,14,80,122,25,21,42,64,20,7,43,58,19,7,41,61,22,15,42,64,23,18,29,37,22,2,30,40,22,4,29,40,24,12,28,40,25,23,10,18,26.391,8.648777778,10,17,27,6,10,17,31,17,10,19,33,31,15,PRC
Guangzhou,2021,49,12,85,109,20,6,85,115,21,6,81,117,23,10,82,121,24,19,49,63,18,7,45,61,19,7,43,62,21,10,43,64,22,17,25,29,20,4,28,37,21,5,28,38,23,9,29,40,24,21,11,17,26.35257576,3.431388889,11,18,27,7,10,17,30,12,10,18,32,29,16,PRC
Guangzhou,2021,50,12,82,109,21,7,84,114,21,7,83,114,22,8,80,119,24,16,45,62,23,12,46,62,20,9,44,61,21,9,42,62,22,15,28,34,18,2,28,35,21,4,29,37,22,6,28,39,23,15,9,13,23.32728395,1.108765432,10,17,26,6,11,17,28,6,10,17,31,22,12,PRC
Guangzhou,2021,51,12,73,103,21,5,80,110,21,6,81,112,22,7,79,115,23,13,43,64,20,7,45,63,20,8,43,60,20,8,42,62,22,14,22,26,22,2,26,32,21,2,28,35,22,5,28,38,23,11,8,13,26.7928125,4.0815625,10,15,26,4,10,16,28,6,9,16,30,16,13,PRC
Guangzhou,2021,52,12,45,68,18,3,71,97,20,5,77,106,21,6,77,111,23,11,26,40,16,3,41,57,19,7,42,58,19,7,41,60,21,12,15,21,17,3,23,28,19,3,26,34,21,4,27,36,22,9,4,7,27.19916667,1.098472222,8,13,26,2,9,15,27,4,9,15,29,12,10,PRC
Guangzhou,2021,53,12,56,56,19,12,64,84,20,7,74,100,20,7,76,106,22,9,30,30,21,20,36,49,20,11,41,55,19,9,41,58,21,10,19,19,18,3,21,25,19,2,25,31,20,4,26,33,22,7,7,7,17.0234127,2.576269841,7,10,24,2,9,14,25,4,9,15,28,8,13,PRC
Guangzhou,2022,1,1,92,113,24,6,67,85,20,7,75,99,21,7,77,104,22,7,51,68,26,9,38,51,21,10,42,56,20,9,42,57,21,10,32,36,20,3,22,26,19,3,25,30,20,3,26,33,21,5,9,9,26.6854321,1.017962963,7,9,24,2,9,13,25,4,9,14,27,5,8,PRC
Guangzhou,2022,2,1,107,133,22,13,75,93,21,9,78,101,21,7,79,105,21,7,61,77,20,15,42,54,21,12,43,59,20,10,43,58,20,9,34,41,20,9,25,29,19,4,26,30,20,3,27,33,21,5,12,15,36.18414352,13.51428241,8,10,27,5,9,12,26,4,9,14,27,6,11,PRC
Guangzhou,2022,3,1,85,119,22,12,85,105,22,11,78,101,21,8,80,106,21,7,49,71,20,13,48,62,22,14,44,59,20,11,44,59,20,9,28,36,24,13,28,33,20,7,25,30,20,5,27,34,20,5,8,12,30.31690972,9.426006944,9,11,28,7,9,12,27,5,9,13,27,5,10,PRC
Guangzhou,2022,4,1,89,117,25,14,93,121,23,11,79,102,21,9,81,107,21,8,52,72,22,16,53,72,22,13,45,61,21,12,45,61,20,10,26,31,27,9,30,36,23,9,26,31,21,5,26,33,21,5,11,14,29.74755051,16.74111111,10,13,31,10,9,11,27,6,9,13,27,6,12,PRC
Guangzhou,2022,5,1,83,109,23,26,91,120,23,16,79,102,22,11,80,106,21,10,39,56,19,32,50,69,20,19,44,60,20,14,45,61,20,13,31,38,25,21,30,37,24,13,26,31,22,8,26,32,21,7,13,15,28.36299145,17.30602564,11,14,31,14,9,12,28,8,9,13,27,7,14,PRC
Guangzhou,2022,6,2,91,122,19,8,87,117,22,15,81,105,21,12,81,106,21,10,52,67,17,7,48,67,19,17,45,60,20,14,45,61,20,12,29,42,22,11,29,37,24,14,27,33,22,9,27,33,21,7,10,13,25.15013889,5.671416667,11,14,28,12,9,12,28,8,9,13,27,7,11,PRC
Guangzhou,2022,7,2,72,96,21,4,84,111,22,13,84,108,22,12,80,105,21,10,43,59,19,5,47,64,19,15,47,63,20,15,45,61,20,12,20,26,21,1,27,34,24,11,27,34,22,9,26,32,21,7,9,11,32.95574074,3.613240741,11,13,29,11,10,12,28,9,9,12,28,7,11,PRC
Guangzhou,2022,8,2,84,104,21,4,83,108,21,10,88,114,22,11,80,104,21,10,48,63,19,4,46,61,18,12,49,67,20,13,45,61,20,12,27,31,21,5,27,34,22,10,28,35,22,9,26,32,21,7,9,10,27.49111111,3.173518519,10,12,28,7,10,12,30,9,9,12,28,7,10,PRC
Guangzhou,2022,9,2,103,128,23,13,88,113,21,7,89,116,22,12,82,106,21,10,63,77,23,12,52,67,19,7,51,68,20,13,46,62,20,12,26,33,24,15,26,33,22,8,28,35,23,11,26,32,22,8,14,18,24.72819444,11.94646825,11,13,28,6,11,14,29,10,10,12,28,8,14,PRC
Guangzhou,2022,10,3,92,135,23,15,88,116,22,9,87,116,22,12,83,108,22,11,53,82,23,16,52,70,21,9,50,68,20,13,47,64,20,13,29,37,19,10,26,32,21,8,27,34,23,11,26,33,22,9,10,16,37.33002778,23.66419444,11,14,31,11,11,14,30,11,10,12,29,9,12,PRC
Guangzhou,2022,11,3,95,130,23,21,94,124,22,13,89,118,22,13,87,114,22,12,57,83,21,25,55,76,21,14,51,70,20,14,50,67,21,14,29,32,24,14,28,33,22,11,27,34,23,11,28,34,22,10,9,15,28.03935185,18.42358025,11,15,29,14,11,14,29,13,10,13,29,11,12,PRC
Guangzhou,2022,12,3,90,138,21,14,95,133,23,16,89,120,22,13,90,120,22,12,51,82,21,16,56,81,22,17,51,71,20,14,52,71,21,14,25,35,21,8,27,34,22,12,27,34,22,11,28,35,22,10,14,21,24.04474206,19.50003968,12,18,29,18,11,15,29,13,11,14,29,12,15,PRC
Guangzhou,2022,13,3,96,135,24,19,93,135,23,17,90,124,22,12,91,122,22,14,50,75,23,28,53,81,22,21,52,74,21,14,52,72,20,16,33,39,25,9,29,36,22,10,27,34,22,9,28,35,23,10,13,21,27.4325641,14.32040598,12,18,29,19,11,16,28,13,11,15,29,13,16,PRC
Guangzhou,2022,14,3,113,154,23,24,99,139,23,19,93,128,22,14,91,124,22,14,70,96,23,29,57,84,22,24,54,77,21,17,52,74,21,17,35,44,22,14,31,38,23,11,28,35,22,10,28,35,23,11,8,14,27.04402778,14.19277778,11,18,27,17,11,16,29,14,11,15,29,13,9,PRC
Guangzhou,2022,15,4,74,133,21,6,93,140,22,16,93,132,22,14,90,125,22,14,42,87,21,6,53,85,22,20,54,81,22,17,52,75,21,16,24,33,22,6,29,38,22,9,29,36,22,10,28,35,23,10,8,13,22.67256944,11.38805556,11,17,25,15,11,16,27,15,11,15,28,13,10,PRC
Guangzhou,2022,16,4,98,113,20,4,95,134,22,13,95,133,22,14,91,125,22,13,60,70,19,6,56,82,21,17,56,82,22,17,52,75,20,15,25,28,19,2,29,36,22,7,28,35,22,10,28,35,22,10,13,15,24.19380342,3.397521368,11,16,25,11,11,17,27,15,11,15,27,12,13,PRC
Guangzhou,2022,17,4,107,141,19,7,98,135,21,10,96,135,22,14,93,127,22,12,62,83,18,7,59,84,20,12,56,82,21,16,54,77,20,13,34,40,21,10,30,36,21,8,29,36,22,9,28,35,22,9,11,18,22.43532828,0.604747475,10,15,24,7,11,17,27,13,11,15,27,11,13,PRC
Guangzhou,2022,18,4,109,146,21,7,97,133,20,6,98,136,22,13,94,129,22,12,64,87,22,8,57,82,20,7,57,83,21,15,55,79,21,13,36,44,20,8,30,36,20,6,30,37,22,9,29,35,22,8,9,15,22.23574074,1.845925926,10,15,23,4,11,17,25,10,11,16,27,11,10,PRC
Guangzhou,2022,19,5,96,137,22,12,103,134,21,8,98,137,21,12,96,133,22,12,61,87,20,14,62,82,20,9,58,83,21,14,57,81,21,14,28,39,23,11,31,38,21,8,30,38,22,8,29,36,22,9,7,11,25.05833333,4.901626984,10,15,23,3,10,16,24,9,10,16,26,11,8,PRC
Guangzhou,2022,20,5,104,156,22,11,104,145,21,9,100,139,22,11,98,137,22,13,54,92,22,11,60,87,21,10,58,85,21,14,57,83,21,15,37,49,19,11,34,43,21,10,32,40,21,9,30,38,22,10,13,15,28.94666667,7.705961538,10,15,25,4,10,15,25,7,11,16,26,11,10,PRC
Guangzhou,2022,21,5,99,142,21,13,102,145,21,11,100,140,21,11,98,138,22,13,61,86,18,10,60,88,21,11,59,86,20,11,57,84,21,14,27,36,20,6,32,42,21,9,31,39,21,8,30,38,21,9,11,20,34.88800505,44.47704545,10,15,28,15,10,15,26,11,11,16,27,14,14,PRC
Guangzhou,2022,22,5,106,148,19,5,101,146,21,10,99,140,21,8,99,139,21,12,64,91,18,8,60,89,20,11,59,85,20,9,58,85,21,14,29,38,19,2,30,41,21,7,30,38,20,7,30,38,21,8,13,19,25.05384615,1.376282051,11,16,28,15,11,16,26,9,11,16,26,12,13,PRC
Guangzhou,2022,23,6,102,129,19,8,103,144,20,9,103,139,20,8,100,139,21,11,62,80,19,8,60,87,19,9,61,85,20,9,58,85,20,12,30,34,18,5,31,39,19,6,31,39,20,7,30,38,21,8,10,15,22.22961111,13.4715,12,17,28,17,11,16,26,10,11,16,26,11,12,PRC
Guangzhou,2022,24,6,104,141,20,5,103,140,20,8,103,143,20,8,101,140,21,10,59,83,18,5,62,85,18,8,61,86,19,9,59,85,20,12,34,39,22,3,30,37,20,4,32,40,20,7,31,39,21,7,11,19,29.15919192,9.702348485,11,18,28,17,11,17,26,11,11,16,26,11,13,PRC
Guangzhou,2022,25,6,106,129,19,5,105,137,19,6,103,141,20,8,102,139,21,9,70,85,18,6,64,85,18,7,62,86,19,9,61,86,20,10,28,33,19,1,30,36,20,3,31,39,20,6,31,38,20,6,8,11,20.86635417,8.088125,11,16,24,8,10,16,26,11,10,15,25,10,9,PRC
Guangzhou,2022,26,6,98,124,27,21,103,131,21,10,102,138,21,10,100,137,21,9,60,79,25,24,63,82,20,11,61,85,20,11,60,84,20,9,27,33,27,20,30,35,22,7,30,38,21,7,30,37,21,7,11,12,40.08484848,9.701767677,10,14,28,10,11,15,28,12,10,15,26,10,10,PRC
Guangzhou,2022,27,6,99,150,21,18,102,136,22,12,102,140,21,11,102,138,21,10,60,93,21,20,62,85,20,14,61,86,20,11,61,85,20,10,26,38,21,15,29,36,22,10,30,38,21,8,30,38,21,8,13,19,24.04649573,15.79021368,11,15,29,11,11,16,28,14,11,16,27,10,13,PRC
Guangzhou,2022,28,7,101,132,20,7,101,134,22,13,102,137,21,10,103,140,21,10,63,83,18,7,63,85,21,14,62,85,19,11,62,86,20,10,25,29,20,8,27,33,22,11,28,35,21,7,30,38,21,8,13,20,26.07380342,8.107393162,11,16,28,10,11,17,28,14,11,16,27,10,15,PRC
Guangzhou,2022,29,7,115,143,20,7,103,137,22,13,104,137,21,9,103,140,21,10,66,85,19,10,62,85,21,15,63,85,19,11,62,86,20,11,35,37,19,4,28,34,22,12,29,35,21,7,30,37,21,8,14,21,29.08708333,2.828452381,13,18,30,9,12,17,27,9,11,16,27,11,15,PRC
Guangzhou,2022,30,7,110,143,19,8,106,142,20,10,104,136,21,10,103,140,21,10,72,92,18,10,65,88,19,12,64,85,20,11,63,86,20,11,27,32,20,5,28,34,20,8,29,34,21,8,29,36,21,8,11,19,24.34712121,2.741161616,13,20,26,7,11,17,27,9,11,17,27,11,13,PRC
Guangzhou,2022,31,7,103,130,18,8,107,137,19,8,105,137,21,10,104,139,21,10,63,82,18,10,66,86,18,9,64,85,19,11,63,86,19,11,31,36,18,6,30,34,19,6,29,35,21,8,30,36,20,7,9,12,23.46854938,5.180277778,12,18,26,5,11,17,27,8,11,17,27,11,9,PRC
Guangzhou,2022,32,8,96,118,20,11,106,134,19,9,104,134,21,11,103,136,20,10,60,75,20,12,65,84,19,10,64,84,20,12,63,85,19,11,29,34,19,10,31,35,19,6,29,34,21,9,29,35,20,7,7,9,25.35813492,5.375238095,10,15,26,4,11,15,27,7,11,16,27,11,8,PRC
Guangzhou,2022,33,8,113,151,18,7,106,136,19,9,104,136,20,11,104,137,20,9,65,94,16,8,65,86,18,10,64,85,19,12,64,85,19,10,33,38,19,5,30,35,19,7,29,35,20,9,30,35,20,7,15,19,20.90214815,7.849018519,11,15,24,5,12,16,27,7,11,16,26,8,13,PRC
Guangzhou,2022,34,8,106,139,19,15,105,135,19,10,105,138,19,10,104,136,20,10,71,96,18,18,65,87,18,12,65,88,19,12,64,86,19,11,27,30,20,8,30,35,19,7,29,34,20,8,29,34,20,8,8,13,21.95947917,5.189930556,10,13,23,6,11,17,24,7,11,16,26,8,9,PRC
Guangzhou,2022,35,8,95,150,18,5,103,140,19,9,105,138,19,9,104,138,20,10,51,93,17,7,62,90,18,11,64,88,18,10,63,87,19,11,32,39,18,4,30,35,19,7,30,34,19,6,30,35,20,7,12,18,22.72601852,2.856967593,11,15,23,5,11,16,24,5,11,16,26,7,12,PRC
Guangzhou,2022,36,8,90,118,17,6,101,140,18,8,104,137,19,8,103,136,20,10,60,76,17,7,62,90,17,10,64,87,18,10,63,86,19,11,21,27,17,3,28,34,19,5,29,34,19,6,28,34,20,7,9,15,18.18935185,3.744722222,11,16,21,5,11,16,23,4,11,16,25,6,13,PRC
Guangzhou,2022,37,9,115,142,19,7,102,137,18,8,104,136,19,8,103,137,20,10,76,96,19,9,65,90,18,10,65,88,18,10,64,87,19,12,30,32,18,5,28,32,18,5,29,34,19,6,29,34,20,8,9,14,19.94216049,1.3275,10,15,21,3,10,15,22,4,11,16,25,6,10,PRC
Guangzhou,2022,38,9,112,141,18,4,103,138,18,6,104,136,18,8,105,138,19,9,68,92,17,5,64,89,17,7,64,88,18,9,65,88,18,10,31,35,20,3,29,33,18,4,29,34,19,5,29,34,19,6,13,14,23.1232265,3.087307692,11,15,21,3,10,14,22,4,11,16,23,5,10,PRC
Guangzhou,2022,39,9,96,134,18,7,103,134,18,6,103,137,18,8,104,137,19,8,54,79,18,10,65,86,18,8,63,88,18,9,64,87,18,9,31,37,18,5,28,33,18,4,29,34,19,5,29,34,19,5,11,18,23.3114899,2.898080808,11,15,21,3,11,15,22,4,11,16,23,4,13,PRC
Guangzhou,2022,40,9,104,128,18,4,107,136,18,6,104,138,18,7,105,136,19,7,61,79,16,6,65,87,17,7,63,88,17,9,64,87,18,9,32,37,19,3,31,35,19,4,30,34,19,4,30,35,19,5,11,12,19.82540404,0.363636364,11,15,22,2,11,15,21,3,11,15,23,4,9,PRC
Guangzhou,2022,41,10,94,116,18,4,102,130,18,5,102,134,18,7,103,134,18,7,55,67,18,5,60,79,17,6,62,85,18,8,63,85,18,9,28,35,18,2,31,36,19,3,29,34,18,4,29,34,19,5,11,14,21.1510101,1.69520202,12,15,22,2,11,15,21,3,11,15,22,4,12,PRC
Guangzhou,2022,42,10,88,122,19,10,96,125,18,6,99,131,18,6,101,132,18,7,56,80,17,12,57,76,17,8,60,83,17,8,62,84,18,9,22,31,22,8,28,35,19,4,28,34,19,4,29,34,19,5,10,11,23.54716667,3.365888889,11,14,22,2,11,15,21,2,10,14,22,4,9,PRC
Guangzhou,2022,43,10,108,144,20,8,99,128,19,7,101,131,18,6,101,134,18,7,63,85,18,11,59,78,17,9,62,82,18,8,62,84,18,9,29,38,21,4,28,35,20,4,28,34,19,4,29,34,19,5,16,21,20.81460069,0.792951389,12,15,21,2,11,15,21,2,11,15,22,3,15,PRC
Guangzhou,2022,44,10,102,135,23,14,98,129,20,9,102,133,19,7,102,135,19,8,59,79,22,16,58,78,19,11,62,82,18,9,62,85,18,9,30,37,23,12,27,35,21,7,29,35,20,5,29,35,19,5,13,19,26.72205128,8.821880342,13,16,23,4,12,15,22,3,12,16,22,3,14,PRC
Guangzhou,2022,45,11,98,155,19,10,99,139,20,10,100,134,19,8,101,135,19,8,53,94,18,12,58,85,19,13,59,82,18,10,61,85,18,10,32,39,19,3,28,36,21,7,29,36,20,5,29,35,19,5,13,22,21.11463675,17.22752137,13,18,23,8,12,16,22,5,11,16,22,4,14,PRC
Guangzhou,2022,46,11,108,146,16,5,104,145,19,9,100,135,19,8,101,136,19,7,63,83,17,6,60,85,19,11,58,81,18,10,60,84,18,9,35,45,17,3,32,40,20,6,30,37,19,5,29,36,19,5,10,18,14.39677778,7.243222222,13,20,21,9,12,17,21,5,12,16,21,4,12,PRC
Guangzhou,2022,47,11,107,140,19,7,104,144,19,9,101,136,19,8,102,135,19,7,66,84,18,8,60,85,19,10,60,81,18,10,61,83,18,9,28,38,20,6,31,40,20,6,30,38,20,5,29,36,19,5,13,18,19.04523504,2.526581197,12,19,20,9,12,17,21,5,12,16,21,4,13,PRC
Guangzhou,2022,48,11,92,124,19,9,101,141,18,8,100,135,19,8,102,136,19,7,54,74,17,12,59,84,17,10,59,81,18,10,61,83,18,9,26,32,19,2,30,39,19,4,29,37,20,5,30,36,19,5,12,18,24.8787963,7.843055556,12,19,20,9,12,18,21,6,12,17,21,5,15,PRC
Guangzhou,2022,49,11,107,133,18,7,104,136,18,7,101,137,19,9,101,135,19,7,71,85,18,7,64,82,17,9,61,83,18,11,60,82,18,9,25,30,19,8,29,36,19,5,28,36,20,6,29,36,20,5,11,18,16.78313131,2.802373737,12,18,19,5,12,18,21,6,12,17,21,5,14,PRC
Guangzhou,2022,50,12,113,154,18,11,105,138,19,8,104,141,19,9,101,136,19,8,67,95,17,14,65,85,17,11,62,85,18,11,60,82,18,10,31,39,20,5,28,35,20,5,30,37,20,5,29,37,20,5,15,20,22.09059259,8.902203704,13,19,21,6,13,19,21,7,12,17,21,5,13,PRC
Guangzhou,2022,51,12,111,151,19,11,106,141,19,10,105,142,19,9,103,137,19,8,68,90,17,12,65,86,17,12,63,86,18,11,61,83,18,10,31,40,23,10,28,35,20,7,30,38,20,6,29,37,20,6,12,21,22.42076389,6.257592593,13,19,22,6,12,19,21,8,12,18,21,6,14,PRC
Guangzhou,2022,52,12,119,161,18,5,113,150,18,9,107,146,18,8,104,140,19,8,74,99,17,5,70,92,17,10,65,88,17,10,62,85,18,10,31,42,17,4,30,38,20,7,30,38,19,5,29,37,20,6,14,20,22.36644841,7.518869048,13,20,21,6,13,19,20,8,13,18,21,6,12,PRC
Hamburg,2019,1,1,84,120,38,5,,,,,,,,,,,,,45,70,41,4,,,,,,,,,,,,,14,17,29,2,,,,,,,,,,,,,25,33,38.13165556,8.858644444,,,,,,,,,,,,,28,Germany
Hamburg,2019,2,1,58,95,39,9,,,,,,,,,,,,,29,52,38,5,,,,,,,,,,,,,11,14,27,9,,,,,,,,,,,,,18,29,48.38268519,14.27371914,,,,,,,,,,,,,31,Germany
Hamburg,2019,3,1,65,107,36,7,,,,,,,,,,,,,32,57,35,4,,,,,,,,,,,,,14,17,31,8,,,,,,,,,,,,,19,33,41.70837719,11.77260234,,,,,,,,,,,,,31,Germany
Hamburg,2019,4,1,63,103,37,3,68,106,38,6,,,,,,,,,33,57,34,1,35,59,37,4,,,,,,,,,10,15,28,4,12,16,29,6,,,,,,,,,20,31,45.74738889,5.694583333,21,32,43,10,,,,,,,,,30,Germany
Hamburg,2019,5,1,71,106,43,4,64,103,39,6,,,,,,,,,38,54,50,1,33,55,39,3,,,,,,,,,15,19,27,6,13,16,28,7,,,,,,,,,18,33,41.69089506,9.162114198,19,32,44,10,,,,,,,,,31,Germany
Hamburg,2019,6,2,63,103,36,4,66,105,38,5,,,,,,,,,35,56,31,3,35,56,37,2,,,,,,,,,10,19,34,7,12,18,30,6,,,,,,,,,18,28,45.8041821,3.696450617,19,31,44,8,,,,,,,,,27,Germany
Hamburg,2019,7,2,71,110,40,6,67,106,39,4,,,,,,,,,36,59,41,2,36,57,39,2,,,,,,,,,17,24,30,9,13,19,30,6,,,,,,,,,18,27,48.07334877,12.8670679,19,30,45,8,,,,,,,,,25,Germany
Hamburg,2019,8,2,65,106,36,3,68,106,39,4,68,106,38,5,,,,,35,58,32,1,36,57,38,2,35,58,38,3,,,,,12,19,31,4,14,20,31,6,13,18,30,6,,,,,18,29,46.56563272,6.376404321,18,29,46,8,19,30,45,9,,,,,27,Germany
Hamburg,2019,9,2,69,102,39,4,67,105,38,4,66,104,38,5,,,,,36,56,40,2,36,57,36,2,34,56,38,3,,,,,11,15,27,2,13,19,31,5,13,18,29,6,,,,,22,31,43.61877525,7.441287879,19,29,46,8,19,30,45,9,,,,,30,Germany
Hamburg,2019,10,3,68,105,38,2,68,106,38,4,67,105,38,4,,,,,42,64,32,1,37,59,36,2,36,58,37,2,,,,,10,13,36,1,13,18,31,4,12,18,31,5,,,,,16,28,56.22835069,6.751892361,19,29,49,8,19,30,46,8,,,,,27,Germany
Hamburg,2019,11,3,64,105,40,6,67,105,38,4,67,105,39,4,,,,,32,55,37,1,36,58,35,1,36,57,37,2,,,,,15,20,28,7,12,17,31,4,13,18,30,5,,,,,17,30,55.83947712,13.58037582,18,30,51,9,18,30,48,8,,,,,29,Germany
Hamburg,2019,12,3,68,110,39,5,67,106,39,4,67,106,39,4,67,106,38,5,36,58,37,2,37,58,37,1,36,58,37,2,36,58,37,2,12,19,30,10,12,17,30,5,13,19,30,6,13,18,30,6,20,33,46.95941667,9.279291667,19,31,51,9,18,30,48,9,19,30,47,9,30,Germany
Hamburg,2019,13,3,68,108,38,8,67,107,39,5,67,106,38,5,66,105,38,5,37,56,35,4,37,58,35,2,36,58,36,2,35,57,37,2,12,18,27,8,12,18,30,6,12,18,30,6,12,18,30,6,19,34,49.39080409,13.67134503,18,31,52,11,19,30,49,9,19,31,48,10,31,Germany
Hamburg,2019,14,4,68,110,36,5,67,108,38,6,68,107,38,5,67,106,38,5,36,60,34,2,35,57,36,2,36,58,36,2,36,58,36,2,15,20,30,7,14,19,29,8,13,19,30,6,13,18,30,6,17,30,44.18962418,11.19830065,18,32,49,12,18,30,49,10,19,31,47,9,27,Germany
Hamburg,2019,15,4,64,103,37,6,67,108,37,6,67,106,38,5,67,106,38,5,35,57,36,4,36,58,36,3,36,58,35,2,36,58,37,2,10,17,28,13,12,19,29,9,12,18,30,6,12,18,30,6,19,29,42.61074561,7.806447368,19,32,46,10,19,31,48,10,19,30,47,9,28,Germany
Hamburg,2019,16,4,60,97,40,6,65,105,38,6,66,105,38,5,67,105,38,5,33,57,40,3,35,58,36,3,36,58,36,2,36,58,37,2,12,16,28,8,12,18,28,9,12,17,29,7,13,18,30,7,15,24,50.22203704,10.08577778,18,29,47,11,18,30,49,10,18,30,48,9,25,Germany
Hamburg,2019,17,4,69,102,39,4,65,103,38,5,66,105,38,5,66,105,38,5,36,56,44,3,35,58,39,3,36,58,37,3,36,58,37,2,16,20,30,3,13,18,29,8,13,18,30,7,13,18,30,6,17,26,38.16630719,7.542352941,17,27,44,9,18,29,48,10,18,29,47,9,25,Germany
Hamburg,2019,18,5,64,102,42,8,64,101,39,6,66,105,39,6,67,105,39,5,36,60,40,6,35,58,40,4,35,57,38,3,36,58,37,3,12,18,32,9,13,18,29,8,13,19,29,8,13,18,30,7,16,24,53.53394097,13.27786458,17,26,46,10,18,29,48,11,18,29,48,10,24,Germany
Hamburg,2019,19,5,68,108,39,4,65,102,40,6,66,105,39,6,66,105,38,5,33,60,38,2,35,58,40,4,35,58,38,3,36,58,37,3,14,18,29,7,14,18,30,7,13,18,29,8,13,18,30,7,21,30,46.12519841,4.687420635,17,26,47,9,18,29,46,10,18,29,48,9,28,Germany
Hamburg,2019,20,5,65,106,38,4,67,105,39,5,66,105,39,6,66,105,39,5,39,63,37,4,36,60,40,4,36,59,38,4,36,59,37,3,11,16,31,1,13,18,30,5,13,18,29,7,13,18,30,6,15,27,47.78005556,7.34387037,17,27,46,8,17,28,47,9,18,29,48,9,25,Germany
Hamburg,2019,21,5,72,115,37,10,67,108,39,7,66,105,38,6,67,106,39,6,37,66,35,13,36,62,37,6,36,60,38,5,36,59,37,4,18,21,33,6,14,18,31,6,14,18,30,7,13,18,30,7,17,28,46.6929085,8.636617647,17,27,49,8,17,27,46,9,17,29,48,9,24,Germany
Hamburg,2019,22,5,59,111,40,8,66,110,39,6,65,106,39,6,66,106,39,6,31,65,41,9,35,64,37,7,35,61,39,6,35,59,38,4,11,18,27,6,14,18,30,5,13,18,30,7,13,18,30,7,17,28,47.50462418,4.921650327,18,28,47,6,17,27,47,8,18,29,47,9,25,Germany
Hamburg,2019,23,6,61,99,47,5,64,108,41,7,65,105,40,6,66,106,39,6,33,59,49,1,35,63,40,7,35,61,40,5,35,60,39,4,11,16,35,15,13,18,32,7,13,18,31,7,13,18,30,8,17,24,50.74034314,7.77998366,17,27,48,7,17,26,48,8,18,28,47,9,24,Germany
Hamburg,2019,24,6,69,113,39,6,65,110,41,7,66,107,40,6,66,106,39,6,31,59,39,2,33,62,41,6,35,61,40,5,35,60,39,4,19,24,27,6,15,20,31,8,14,19,31,7,13,19,30,7,19,30,50.56773392,12.24995614,18,28,49,8,17,27,48,8,17,28,47,9,27,Germany
Hamburg,2019,25,6,63,109,39,5,63,108,41,6,65,108,40,6,65,106,39,6,36,64,38,4,33,62,42,4,35,62,39,5,35,61,39,4,15,23,33,8,14,20,31,9,14,19,31,7,14,19,30,7,12,22,53.21606481,4.802361111,16,26,51,7,17,27,50,8,17,27,48,8,20,Germany
Hamburg,2019,26,6,62,106,38,8,64,107,41,6,65,108,40,6,65,106,40,6,28,56,38,6,32,60,41,3,34,62,39,5,34,60,39,5,13,20,30,9,15,21,31,10,14,20,31,7,14,19,30,8,21,30,42.17074074,9.057751323,17,27,49,8,17,27,48,7,17,27,47,8,28,Germany
Hamburg,2019,27,7,67,108,40,6,65,109,39,6,65,108,40,6,65,106,40,6,37,58,40,2,33,59,39,3,34,61,39,5,34,60,40,5,14,20,35,8,15,22,31,8,14,20,31,7,14,19,31,7,16,30,47.30404514,11.756875,17,28,48,9,17,27,48,8,17,27,48,9,28,Germany
Hamburg,2019,28,7,70,107,41,4,66,108,39,6,65,109,40,6,66,107,40,6,39,60,42,3,35,60,39,4,34,61,40,5,35,61,40,5,13,17,31,8,14,20,32,8,14,20,31,8,14,19,31,7,18,30,45.56660494,4.111990741,17,28,47,7,17,28,48,8,17,27,47,8,28,Germany
Hamburg,2019,29,7,71,110,36,8,68,108,39,6,65,108,40,6,66,108,40,6,35,57,36,3,35,58,39,4,34,60,40,4,35,61,39,5,18,23,25,14,15,20,30,10,14,20,30,9,14,20,31,8,18,30,45.3712037,10.0699537,18,30,45,9,17,28,48,8,17,28,48,8,27,Germany
Hamburg,2019,30,7,67,111,41,11,69,109,39,7,66,108,40,7,66,109,40,7,36,63,38,14,37,60,39,6,34,60,40,4,35,61,39,5,14,21,33,5,15,20,31,9,15,21,31,9,14,20,31,8,17,27,52.41068627,9.942271242,17,29,48,9,17,28,48,9,17,28,48,8,24,Germany
Hamburg,2019,31,7,59,113,37,6,67,110,38,7,66,110,39,7,65,109,39,7,29,62,38,2,35,61,39,6,34,60,39,5,34,61,39,5,12,20,24,11,14,20,28,10,15,21,30,9,14,20,30,8,18,31,43.47433642,8.388009259,18,30,47,8,17,29,48,9,17,28,48,8,27,Germany
Hamburg,2019,32,8,64,105,35,3,65,110,37,7,65,109,38,6,65,109,39,7,32,58,37,2,33,60,37,5,34,60,38,5,34,61,39,5,16,20,26,5,15,21,27,9,14,21,29,9,15,20,30,8,16,27,42.71034722,4.965208333,17,29,46,8,17,28,47,8,17,28,47,8,26,Germany
Hamburg,2019,33,8,62,95,34,4,63,106,37,6,65,107,38,6,65,107,39,6,33,55,36,1,33,60,37,5,34,59,38,4,33,60,39,4,15,18,27,9,14,20,27,8,14,20,29,9,14,20,29,9,14,22,36.51279762,5.406607143,16,27,44,7,17,28,44,8,17,28,46,8,23,Germany
Hamburg,2019,34,8,62,98,36,5,62,103,36,5,65,106,37,6,65,106,39,6,29,52,36,1,31,57,37,1,34,58,38,4,33,59,39,3,18,23,30,10,15,20,27,9,15,20,29,9,15,20,30,9,15,23,43.06518519,7.999481481,16,26,41,7,17,28,45,8,17,27,46,8,23,Germany
Hamburg,2019,35,8,66,103,38,4,64,100,36,4,65,105,37,6,65,107,38,6,32,56,38,2,32,55,37,1,33,58,38,4,33,58,38,3,15,21,28,4,16,21,27,7,15,20,28,8,15,21,29,8,19,26,46.19413743,5.738640351,16,25,42,6,17,27,44,7,17,27,46,8,25,Germany
Hamburg,2019,36,9,63,100,35,5,63,99,36,4,64,104,36,6,65,105,37,6,33,51,35,1,32,54,36,1,32,57,37,3,33,58,38,3,16,23,27,10,16,21,28,9,16,21,27,9,15,21,29,9,14,26,41.86702381,7.502400794,16,24,42,7,16,27,44,8,17,27,45,7,26,Germany
Hamburg,2019,37,9,59,99,39,6,63,100,37,5,63,103,37,5,64,105,37,6,31,54,40,2,31,53,37,2,32,56,37,3,33,57,38,3,12,20,28,11,15,22,28,9,15,21,28,8,15,21,29,9,16,25,46.05704861,8.607552083,16,25,44,7,16,26,44,7,17,27,44,8,25,Germany
Hamburg,2019,38,9,58,95,35,6,62,99,37,5,62,101,36,5,64,104,37,6,25,47,34,2,30,52,37,2,31,54,37,2,33,56,38,3,16,22,30,13,15,22,28,10,15,21,27,9,15,21,29,9,17,26,42.65746732,5.217745098,17,26,44,7,16,26,43,7,17,27,44,7,27,Germany
Hamburg,2019,39,9,71,97,40,6,63,98,37,6,63,99,37,5,64,103,37,6,42,52,41,6,33,51,38,3,32,53,37,2,33,56,38,3,12,20,26,6,14,21,28,10,15,21,28,9,15,21,28,9,17,25,46.7673366,6.465130719,16,26,44,7,16,25,43,6,17,27,44,7,26,Germany
Hamburg,2019,40,10,64,102,41,2,63,98,39,5,63,99,37,5,64,102,37,6,34,58,42,1,33,53,39,3,32,53,38,2,33,55,38,3,12,16,32,4,13,20,29,8,15,20,28,8,15,21,28,9,18,28,45.85175926,4.271404321,17,26,45,6,16,25,44,6,17,26,44,7,27,Germany
Hamburg,2019,41,10,61,96,44,5,64,98,40,5,63,99,39,5,63,101,38,5,29,55,49,3,33,53,42,3,32,53,40,2,32,55,39,3,11,13,29,8,13,18,29,8,14,20,29,8,14,20,28,8,21,28,45.27638889,6.253981481,18,27,45,6,17,26,45,7,17,26,44,7,29,Germany
Hamburg,2019,42,10,69,110,34,4,66,101,40,4,64,100,38,5,63,101,37,5,34,57,35,2,35,56,42,3,33,54,39,2,32,55,39,2,18,23,24,7,13,18,28,6,14,20,28,8,14,20,28,8,17,30,42.41124183,5.280294118,18,28,45,6,17,27,45,6,17,26,44,6,27,Germany
Hamburg,2019,43,10,59,95,40,3,63,101,40,4,63,99,39,5,63,100,38,5,33,57,40,1,33,57,42,2,33,54,40,2,32,54,39,2,11,16,34,10,13,17,30,7,14,19,29,9,14,20,28,8,15,22,42.99957407,3.89537037,18,27,44,5,17,26,44,6,17,26,44,6,23,Germany
Hamburg,2019,44,11,57,91,36,5,62,98,39,4,62,98,39,5,63,98,38,5,28,52,39,3,31,55,41,2,32,54,40,2,32,54,39,2,12,17,26,9,13,17,28,9,13,18,29,8,14,19,28,8,17,22,39.23406863,5.129330065,18,26,42,5,17,26,44,6,17,25,43,6,24,Germany
Hamburg,2019,45,11,57,92,35,3,61,97,36,4,62,97,38,4,62,98,38,5,31,53,35,1,32,55,37,2,32,54,39,2,32,54,39,2,14,17,28,4,14,18,28,7,13,18,29,8,14,19,28,8,12,22,43.38319444,5.236342593,15,24,42,5,17,25,44,5,17,25,44,6,24,Germany
Hamburg,2019,46,11,61,94,41,4,59,93,38,4,62,97,39,4,62,98,38,4,32,56,46,2,31,55,40,2,33,55,41,2,32,54,40,2,12,17,27,5,12,17,29,7,13,17,28,7,13,19,28,8,17,21,42.55181373,4.658660131,15,22,42,5,17,25,44,5,17,25,44,6,22,Germany
Hamburg,2019,47,11,63,102,38,5,60,95,38,4,61,98,39,4,62,98,38,4,32,57,40,3,31,55,40,2,32,56,41,2,32,54,40,2,14,19,28,9,13,18,27,7,13,17,28,7,13,19,28,8,17,26,41.77846405,5.464428105,16,23,42,5,17,25,43,5,17,25,43,6,25,Germany
Hamburg,2019,48,11,64,98,43,3,61,97,39,4,61,97,39,4,62,98,39,4,33,55,46,2,32,55,42,2,32,55,41,2,32,54,41,2,12,15,34,4,13,17,29,6,13,17,29,7,13,18,29,8,19,28,44.0946345,3.710599415,16,24,43,5,17,25,43,5,17,25,44,5,29,Germany
Hamburg,2019,49,12,60,103,37,4,62,99,40,4,61,98,38,4,62,98,39,4,27,54,38,1,31,56,43,2,31,55,40,2,32,54,40,2,15,20,27,7,13,18,29,6,14,18,28,7,13,18,29,7,18,29,44.19319444,5.420925926,18,26,43,5,17,25,43,5,17,26,43,5,28,Germany
Hamburg,2019,50,12,57,95,35,3,61,100,38,4,60,96,38,4,62,98,39,4,30,53,34,1,31,55,40,2,31,55,40,2,32,55,40,2,14,17,30,5,14,18,30,6,13,17,29,7,13,18,29,7,13,25,43.69391026,5.34275641,17,27,43,5,16,24,43,5,17,26,44,5,26,Germany
Hamburg,2019,51,12,69,102,38,6,63,100,38,4,61,97,38,4,62,98,39,4,32,54,38,1,31,54,39,1,31,54,39,2,31,55,40,2,15,21,30,5,14,18,30,5,14,18,29,6,13,18,29,6,22,27,44.15854798,13.61986111,18,27,44,7,17,25,43,6,17,26,43,6,26,Germany
Hamburg,2019,52,12,48,91,38,4,59,98,37,4,60,97,38,4,60,97,38,4,27,51,39,2,29,53,37,1,31,54,39,2,31,55,40,2,9,17,31,10,13,19,30,7,13,18,29,6,13,18,29,7,12,23,40.49835648,3.741875,16,26,43,7,16,25,43,6,17,25,43,6,25,Germany
Hamburg,2020,1,1,64,64,37,7,60,88,37,5,61,94,38,4,61,95,38,4,35,35,36,2,31,48,37,1,31,52,40,2,31,53,39,2,11,11,30,18,12,17,30,9,13,17,30,8,13,18,29,8,18,18,42.39427469,9.374537037,16,23,43,8,17,25,43,6,16,24,43,6,28,Germany
Hamburg,2020,2,1,66,106,37,4,62,91,37,5,61,95,38,4,60,94,38,4,34,53,41,1,32,48,38,1,31,52,39,2,31,53,39,2,15,22,24,11,13,18,29,11,13,18,29,9,13,17,29,8,17,31,40.57189542,5.022614379,17,25,42,8,17,26,43,6,16,25,42,6,29,Germany
Hamburg,2020,3,1,66,102,41,4,61,91,38,5,62,95,38,4,61,95,38,4,35,55,44,2,33,49,40,2,32,51,40,1,31,52,40,2,12,20,25,6,12,18,28,11,13,18,29,8,13,18,28,8,19,27,45.52194444,7.017923977,17,25,42,6,17,26,43,7,17,25,43,6,26,Germany
Hamburg,2020,4,1,61,104,36,3,64,94,38,5,61,96,37,4,61,96,38,4,34,61,35,3,35,51,39,2,32,52,38,2,32,53,39,2,10,16,24,0,12,17,26,9,13,18,28,8,13,18,28,7,17,27,43.99462418,5.218071895,18,26,43,7,17,26,43,7,17,25,43,6,26,Germany
Hamburg,2020,5,1,69,108,39,5,66,105,38,4,63,97,38,5,62,97,38,4,35,61,38,4,35,58,40,3,33,53,38,2,32,54,40,2,15,19,33,2,13,19,27,5,13,18,29,7,13,18,29,7,19,28,46.51407895,8.452368421,18,28,44,6,17,26,43,7,17,26,43,6,26,Germany
Hamburg,2020,6,2,61,104,45,5,64,105,40,4,63,98,39,5,62,98,39,4,31,57,42,2,34,59,40,3,33,53,39,2,32,54,39,2,13,18,29,1,13,18,28,2,13,18,28,7,13,18,29,7,17,29,65.08176471,14.10929739,18,28,50,9,18,26,46,8,17,27,45,7,28,Germany
Hamburg,2020,7,2,54,92,42,5,61,102,41,4,61,96,39,5,62,97,39,4,28,51,42,2,32,58,39,3,32,53,40,2,32,53,39,2,12,17,31,6,13,18,29,3,12,18,29,7,13,18,29,6,14,24,52.4555754,8.133373016,17,27,52,9,17,26,47,8,17,26,46,7,26,Germany
Hamburg,2020,8,2,56,98,40,7,60,101,42,5,62,97,40,5,61,97,39,5,27,50,36,4,30,55,40,3,32,53,39,3,31,53,39,2,13,19,28,4,13,18,30,3,13,18,28,6,13,18,29,6,16,29,54.83348958,14.86592014,17,28,55,11,17,27,49,9,17,26,47,8,30,Germany
Hamburg,2020,9,2,68,108,44,5,60,101,43,6,63,103,41,5,62,98,39,5,34,57,43,3,30,54,41,3,32,56,40,3,32,53,39,2,15,20,31,7,13,19,30,5,13,19,28,5,13,18,29,6,19,31,56.01821637,7.897821637,17,28,57,11,17,28,51,9,17,27,48,9,29,Germany
Hamburg,2020,10,3,62,105,39,6,60,101,41,6,62,103,41,5,62,99,40,5,30,54,39,3,30,53,40,3,32,56,40,3,32,53,39,2,14,19,28,9,14,19,30,7,13,19,29,5,13,18,29,7,18,32,46.60319444,9.426589506,17,29,52,10,17,28,51,9,17,27,48,9,30,Germany
Hamburg,2020,11,3,60,105,42,6,62,104,41,6,61,103,41,5,61,99,40,5,30,55,43,2,30,54,40,3,31,56,40,3,32,53,40,3,12,19,31,8,14,19,29,7,13,18,29,5,13,18,29,7,18,31,49.17091049,11.85970679,18,31,52,11,17,29,52,10,17,28,49,9,30,Germany
Hamburg,2020,12,3,54,97,34,4,61,104,40,5,61,102,41,5,62,99,40,5,30,57,34,3,31,56,39,3,31,55,40,3,32,54,39,3,14,18,30,4,14,19,30,7,14,19,30,5,13,18,29,6,10,22,42.90236111,6.290222222,16,29,49,9,16,28,52,10,17,27,49,9,23,Germany
Hamburg,2020,13,3,58,96,43,32,59,101,40,12,59,101,41,9,61,102,40,7,33,61,46,50,31,57,40,14,30,55,41,9,32,56,40,7,12,16,28,5,13,18,29,7,13,18,30,6,13,19,29,5,13,19,49.68318376,11.15277778,15,26,47,10,16,27,52,10,16,28,49,9,20,Germany
Hamburg,2020,14,3,59,97,43,7,58,99,41,12,59,100,41,9,61,101,41,7,31,56,47,3,31,57,42,14,30,55,41,9,32,56,41,7,15,21,26,8,13,19,29,6,13,19,29,6,13,19,29,5,13,20,53.34647436,18.35638889,14,23,49,12,15,26,51,11,16,27,51,10,21,Germany
Hamburg,2020,15,4,55,96,37,15,57,97,39,15,59,100,40,10,60,101,40,8,26,56,35,20,30,58,40,19,30,56,40,11,31,56,40,8,14,19,33,9,14,19,29,6,14,19,29,7,13,18,29,5,15,21,43.6055,13.60685185,13,21,47,12,15,26,50,12,16,26,50,11,22,Germany
Hamburg,2020,16,4,52,95,41,7,56,96,41,15,59,100,40,10,59,100,41,9,25,55,44,2,29,57,43,19,30,56,41,11,30,56,41,8,14,19,26,8,14,19,28,7,14,19,29,7,14,19,29,6,13,21,50.12087607,16.06952991,14,20,49,15,15,25,49,12,15,26,51,12,22,Germany
Hamburg,2020,17,4,60,102,37,7,57,98,39,9,58,99,40,11,58,100,41,9,31,63,37,8,28,58,41,8,30,57,41,11,30,56,41,8,12,18,28,9,14,19,28,8,13,19,29,7,13,19,29,7,17,21,43.66637255,4.124068627,15,21,48,13,15,23,47,11,15,25,51,11,21,Germany
Hamburg,2020,18,4,58,100,43,7,56,98,40,9,57,99,40,11,58,99,40,9,28,60,41,4,28,59,39,8,29,58,41,11,29,56,41,9,15,20,36,13,14,19,31,10,14,19,30,8,14,19,30,8,15,20,55.24848148,6.156240741,15,21,48,10,14,22,48,11,15,24,50,11,20,Germany
Hamburg,2020,19,5,55,105,35,6,56,101,39,7,56,99,39,11,58,100,40,9,24,61,36,7,27,60,40,5,29,59,40,12,29,57,40,9,17,24,23,8,15,20,28,10,14,19,29,8,14,19,29,8,14,20,45.99640873,3.705535714,15,21,49,8,14,21,48,10,15,24,49,10,19,Germany
Hamburg,2020,20,5,64,112,39,8,59,105,38,7,58,100,40,11,59,102,40,9,35,69,36,12,30,63,38,7,29,60,40,13,30,59,40,10,11,17,33,4,14,20,30,9,14,19,29,8,14,19,29,8,18,26,46.61018519,4.513055556,16,22,48,5,15,21,49,10,15,24,49,9,23,Germany
Hamburg,2020,21,5,50,98,35,5,57,104,38,7,57,101,39,8,57,101,39,9,24,61,36,1,28,63,37,6,28,60,39,7,29,59,40,9,14,19,29,5,14,20,30,8,14,20,29,8,14,19,29,8,12,18,39.56819444,11.264375,15,21,47,6,15,21,47,10,15,23,47,10,18,Germany
Hamburg,2020,22,5,55,101,42,7,56,104,38,7,56,101,39,8,57,100,39,9,28,62,46,9,28,63,39,7,28,61,39,8,29,60,40,10,13,18,30,4,14,20,29,5,14,19,30,8,14,19,29,7,14,21,47.49208333,6.624206349,15,21,45,7,15,21,47,8,14,22,47,9,21,Germany
Hamburg,2020,23,6,55,102,42,7,56,103,39,7,56,102,39,7,56,100,39,9,28,61,46,6,29,63,41,7,28,62,40,6,29,60,40,10,11,17,28,12,12,18,30,6,13,19,29,8,14,19,29,7,16,24,43.01057292,5.676336806,15,22,44,7,15,21,46,7,14,21,47,9,24,Germany
Hamburg,2020,24,6,55,99,41,23,54,100,40,10,57,102,39,9,56,100,40,11,30,66,43,36,28,63,43,13,29,63,40,10,29,61,41,13,13,15,28,10,13,17,29,8,13,19,29,8,13,19,29,8,12,18,52.06511574,3.830162037,14,20,46,7,15,21,47,6,14,21,48,9,18,Germany
Hamburg,2020,25,6,59,104,39,5,56,102,41,11,56,103,39,9,56,101,39,9,32,69,42,3,30,65,44,14,29,64,41,10,29,62,41,9,15,18,28,11,13,17,29,9,14,19,29,8,14,19,29,8,12,17,42.15395833,6.167546296,14,20,46,6,14,21,47,6,14,21,47,8,16,Germany
Hamburg,2020,26,6,49,103,42,46,55,102,41,20,55,103,39,14,56,101,39,12,24,65,43,87,29,65,44,33,28,64,41,20,28,62,41,16,9,15,26,7,12,16,27,10,13,18,28,8,13,18,29,8,16,23,50.54567708,6.754982639,14,21,47,6,14,21,46,6,15,21,47,7,22,Germany
Hamburg,2020,27,7,61,105,40,6,56,103,41,20,56,103,40,13,56,102,40,11,30,65,40,4,29,66,42,32,29,65,42,20,28,63,41,15,16,18,27,9,13,17,27,9,13,17,29,8,13,18,28,8,15,22,54.2897037,4.010740741,14,20,50,5,14,21,47,6,15,21,48,7,21,Germany
Hamburg,2020,28,7,55,102,35,7,56,104,39,16,55,102,40,13,56,103,39,11,30,63,32,4,29,66,40,24,28,64,41,19,29,64,40,15,11,16,29,12,13,17,27,10,13,17,28,9,13,18,29,9,14,23,44.40875,8.803531746,14,21,48,6,14,21,47,7,15,21,47,6,23,Germany
Hamburg,2020,29,7,62,107,38,5,57,104,39,16,56,103,40,13,57,103,39,11,34,67,40,1,30,65,39,24,30,65,42,19,29,64,40,14,13,18,27,14,12,17,27,11,13,17,28,10,13,18,29,9,15,22,44.39096296,7.478074074,15,23,48,7,14,21,47,6,14,21,47,6,21,Germany
Hamburg,2020,30,7,59,99,40,14,59,103,38,8,57,103,40,14,57,103,39,12,31,60,40,18,31,64,38,7,30,65,41,20,29,64,40,16,11,16,31,18,13,17,29,13,12,17,28,12,13,18,28,9,17,23,47.08588235,2.399934641,15,23,48,6,15,22,47,6,15,21,46,6,23,Germany
Hamburg,2020,31,7,63,106,42,3,60,104,39,7,58,103,40,14,57,103,40,11,32,63,42,2,32,63,39,6,30,65,40,19,30,64,41,15,14,20,26,7,12,18,28,13,13,17,28,11,13,17,29,9,17,23,52.82047386,2.344215686,16,23,47,5,15,21,48,5,15,22,47,6,22,Germany
Hamburg,2020,32,8,62,102,39,2,62,104,40,6,59,104,39,11,57,102,40,11,31,61,37,1,32,63,40,6,31,64,40,15,30,64,41,14,13,17,28,3,13,18,28,11,13,17,28,10,13,17,28,9,18,24,49.2629784,3.399861111,17,23,48,4,16,22,48,5,15,22,47,6,24,Germany
Hamburg,2020,33,8,61,100,39,3,61,102,40,5,59,103,39,11,58,103,40,11,31,58,39,2,31,61,39,6,30,63,39,15,30,63,41,14,11,17,27,0,12,18,28,7,12,17,28,9,13,17,28,9,19,25,47.11722222,5.325833333,18,24,49,3,16,23,49,5,15,22,48,5,25,Germany
Hamburg,2020,34,8,62,100,39,2,62,102,40,3,61,103,39,5,59,102,40,10,36,60,39,1,33,61,39,2,32,62,39,4,31,63,40,14,12,17,27,2,13,18,27,3,13,17,28,8,12,17,28,9,14,23,48.66757937,3.539722222,17,24,49,4,16,23,49,5,15,22,48,5,23,Germany
Hamburg,2020,35,8,58,94,34,8,61,99,38,4,60,101,38,6,59,102,39,10,31,57,35,11,32,59,38,4,32,61,38,5,31,63,39,14,15,17,24,4,13,17,27,2,13,17,28,8,13,17,27,8,12,20,44.00164352,8.139467593,16,23,47,5,16,23,47,5,15,22,48,5,21,Germany
Hamburg,2020,36,9,68,107,39,5,62,100,38,5,62,102,39,5,60,102,39,9,35,60,40,4,33,59,38,5,33,61,39,5,31,62,39,12,12,19,29,4,13,18,27,3,13,18,28,7,13,17,27,8,21,28,42.92853175,7.889708995,17,24,46,6,17,24,47,5,16,23,47,6,26,Germany
Hamburg,2020,37,9,62,102,38,6,63,101,38,5,62,101,39,5,60,102,39,9,29,56,39,6,33,58,38,5,32,59,39,6,31,61,39,12,15,18,27,6,14,18,27,4,13,18,27,6,13,17,27,7,18,28,46.20467593,6.054583333,16,25,45,6,17,24,47,5,16,24,48,6,27,Germany
Hamburg,2020,38,9,56,96,36,3,61,100,37,6,62,101,38,4,61,102,38,5,28,52,37,2,31,56,38,6,32,58,39,4,32,60,38,5,12,19,23,5,14,18,26,5,13,18,26,4,13,18,27,7,16,25,44.56664931,4.551927083,17,25,44,7,17,25,47,5,16,24,47,5,26,Germany
Hamburg,2020,39,9,56,95,40,2,61,100,38,4,61,100,38,4,60,101,38,5,31,52,41,2,31,55,39,4,32,57,38,4,32,59,38,5,11,16,30,3,13,18,27,4,13,18,27,3,13,18,27,7,14,27,46.57888889,1.920496032,17,27,45,5,17,25,46,5,16,24,47,5,28,Germany
Hamburg,2020,40,9,64,102,38,3,60,99,38,4,61,100,38,4,61,101,39,5,31,52,39,3,30,53,39,3,32,56,39,4,32,58,39,4,16,23,26,3,14,19,27,4,13,18,27,3,13,18,27,6,17,27,49.97689542,5.489019608,16,27,47,5,16,25,46,5,17,25,47,5,26,Germany
Hamburg,2020,41,10,60,99,46,8,59,98,40,4,61,99,39,5,61,100,39,5,34,54,52,5,31,53,42,3,32,55,40,4,32,57,40,5,14,21,31,16,13,20,28,7,13,19,27,5,13,18,28,6,12,24,48.18590278,7.060787037,15,26,47,5,16,25,46,6,16,25,47,5,24,Germany
Hamburg,2020,42,10,65,98,39,2,61,99,41,4,61,99,39,5,61,100,39,4,34,53,40,1,33,53,43,3,32,55,40,4,32,57,40,3,13,21,26,3,14,20,28,6,14,19,27,5,13,19,27,5,18,24,46.84848765,3.461234568,15,26,48,4,16,25,46,6,16,25,47,5,24,Germany
Hamburg,2020,43,10,57,93,39,5,62,98,41,5,61,99,40,4,61,99,39,4,27,49,40,1,32,52,42,3,31,54,41,3,32,55,40,3,15,20,28,8,15,21,28,7,14,20,27,6,13,19,27,5,15,24,48.535,7.785574074,16,25,48,6,16,26,47,6,16,25,47,5,26,Germany
Hamburg,2020,44,10,59,92,38,4,60,96,40,5,60,97,39,4,61,98,39,4,35,55,38,2,33,53,42,2,31,53,41,3,32,55,40,3,12,17,28,10,14,20,28,9,14,19,27,7,13,19,27,5,12,20,44.39032407,5.337037037,14,23,47,6,15,25,47,5,16,25,47,6,22,Germany
Hamburg,2020,45,11,61,93,42,4,61,94,39,4,60,96,40,4,61,98,39,4,31,50,43,2,32,52,40,2,31,52,41,2,32,54,40,3,12,20,23,3,13,20,26,6,13,20,27,6,13,19,27,6,18,23,52.8812037,7.167283951,16,23,48,6,15,24,48,5,16,24,47,6,25,Germany
Hamburg,2020,46,11,56,89,41,3,58,92,40,4,60,95,40,4,60,97,39,5,28,48,41,1,30,51,40,1,31,52,42,2,31,53,40,3,12,14,32,8,13,18,28,7,13,19,28,7,13,19,27,6,16,27,48.68173611,3.6959375,15,24,49,6,15,25,48,5,16,25,47,6,30,Germany
Hamburg,2020,47,11,47,81,38,6,56,89,40,4,59,93,40,4,59,96,40,4,23,42,34,2,29,49,39,2,30,50,41,2,31,52,40,3,13,19,33,13,12,18,29,9,13,19,28,8,13,19,28,7,11,20,50.60936869,6.378106061,14,23,49,6,15,24,49,6,16,25,48,6,25,Germany
Hamburg,2020,48,11,63,92,43,3,57,89,41,4,59,92,41,4,59,94,40,4,36,51,39,2,30,48,39,2,31,50,41,2,31,51,40,2,9,16,35,0,12,17,31,6,13,19,29,8,13,19,28,7,18,25,53.26483025,5.771790123,16,24,51,6,15,23,49,6,15,25,48,5,27,Germany
Hamburg,2020,49,12,54,88,36,3,55,88,40,4,58,91,39,4,58,93,40,4,25,48,33,1,28,47,37,2,30,50,39,2,30,51,40,2,14,17,29,3,12,17,32,6,13,18,29,6,13,19,29,6,15,23,48.36559259,6.258851852,15,24,50,6,15,23,49,6,15,24,49,5,26,Germany
Hamburg,2020,50,12,63,90,41,4,57,88,40,4,58,90,40,4,59,93,40,4,35,49,38,1,30,48,36,1,30,49,38,1,31,50,40,2,14,17,36,8,13,17,33,6,13,18,30,7,13,18,30,7,14,24,56.71474206,7.641230159,15,23,52,7,15,23,50,6,15,24,50,6,27,Germany
Hamburg,2020,51,12,62,101,48,4,61,93,42,3,58,91,41,4,59,93,41,4,31,51,40,2,32,50,37,1,31,49,38,2,31,50,40,2,11,19,43,5,12,17,36,4,12,17,32,6,13,19,31,7,20,31,64.23356944,7.055236111,17,26,56,7,16,24,52,6,16,24,51,6,31,Germany
Hamburg,2020,52,12,42,82,46,8,55,90,43,5,56,90,42,4,57,92,41,4,27,44,44,1,30,48,39,1,30,48,39,1,31,50,40,2,9,15,37,23,12,17,36,10,12,17,34,8,12,18,32,8,6,23,69.02481481,13.99273148,14,25,60,9,15,25,55,7,15,24,53,7,28,Germany
Hamburg,2020,53,12,24,59,33,1,48,83,42,4,51,85,41,4,54,88,40,4,15,35,35,1,27,45,39,1,28,46,38,1,29,48,39,1,5,10,22,1,10,15,35,9,11,16,33,8,12,17,31,7,4,14,41.21729167,0,11,23,58,7,13,23,54,6,14,23,52,6,24,Germany
Hamburg,2021,1,1,50,93,37,3,45,84,41,4,51,86,40,4,53,88,40,4,27,54,36,2,25,46,39,1,27,47,37,1,28,48,38,1,13,18,32,2,10,16,34,8,11,16,33,7,12,17,32,7,10,21,48.21002778,5.396416667,10,22,56,7,12,23,54,7,13,23,52,6,23,Germany
Hamburg,2021,2,1,63,101,44,5,45,84,40,4,53,88,41,4,54,88,41,4,34,57,50,2,26,48,41,2,29,49,39,1,29,49,39,2,11,20,32,10,10,16,31,9,11,17,33,7,11,17,32,7,18,24,41.07848765,8.389367284,10,21,50,7,13,23,53,7,14,23,52,6,24,Germany
Hamburg,2021,3,1,63,96,38,5,50,87,38,3,53,89,41,4,54,89,41,4,27,47,35,1,26,48,39,2,28,48,39,1,28,48,39,2,16,23,33,9,11,18,30,6,12,17,33,8,12,17,32,7,20,26,47.91838889,6.260472222,13,21,45,5,13,23,52,7,14,23,52,7,27,Germany
Hamburg,2021,4,1,63,99,46,7,60,97,41,5,54,90,42,5,54,89,41,4,31,47,37,1,30,51,39,2,28,48,39,1,28,48,38,1,16,24,34,8,14,21,33,7,12,18,34,8,12,18,33,8,16,28,75.38532986,18.44407986,16,25,53,10,14,24,55,8,14,24,54,7,28,Germany
Hamburg,2021,5,1,52,95,45,4,60,98,43,5,52,91,42,5,54,90,41,4,28,47,43,3,30,50,41,2,28,48,40,2,28,48,39,2,13,22,29,4,14,22,32,8,12,19,33,8,12,18,33,7,11,26,67.77638889,7.734191919,16,26,58,10,13,24,57,8,14,24,55,8,27,Germany
Hamburg,2021,6,2,63,101,42,3,60,98,43,5,53,91,41,5,55,91,42,4,35,51,36,2,30,48,38,2,28,48,39,2,29,48,39,2,14,22,37,4,15,23,33,6,12,19,32,8,12,19,33,7,14,28,60.91373016,6.355734127,15,27,63,10,12,24,56,8,14,24,56,8,28,Germany
Hamburg,2021,7,2,59,100,41,7,59,99,44,6,55,93,41,5,55,92,42,5,30,51,42,1,31,49,40,2,28,49,39,2,29,48,39,2,18,26,30,15,15,24,32,8,13,21,31,7,13,19,33,8,11,23,58.53944444,10.13537879,13,26,66,11,13,24,55,8,13,24,57,8,23,Germany
Hamburg,2021,8,2,55,96,43,5,57,98,43,5,59,98,42,5,55,93,42,5,29,48,38,2,31,49,40,2,30,50,40,2,29,48,39,2,9,18,29,7,14,22,31,8,14,22,32,8,12,20,33,8,17,30,60.4520098,9.116454248,13,27,62,8,15,26,58,9,13,25,58,8,31,Germany
Hamburg,2021,9,2,62,105,42,5,60,101,42,5,60,99,43,5,55,94,42,5,33,53,41,2,32,51,40,2,31,50,40,2,29,49,40,2,13,20,36,1,14,22,33,7,14,22,32,7,12,20,33,8,16,32,48.6884375,12.56043403,15,28,57,10,15,27,58,10,14,26,57,9,30,Germany
Hamburg,2021,10,3,61,95,45,6,59,99,43,6,60,98,43,5,55,94,42,5,32,50,42,1,31,51,41,2,31,49,39,2,29,49,40,2,14,19,36,8,14,21,33,8,14,22,33,7,13,20,32,8,15,26,59.38287037,14.09648148,15,28,57,11,15,27,60,11,13,25,57,9,27,Germany
Hamburg,2021,11,3,61,102,47,5,60,100,44,5,60,99,44,5,56,95,42,5,32,55,46,2,32,52,42,2,31,50,41,2,29,50,40,2,13,17,34,9,12,19,34,6,14,21,33,7,13,20,32,7,16,30,56.58748264,9.935538194,16,30,56,11,15,28,61,11,14,26,56,9,29,Germany
Hamburg,2021,12,3,60,100,46,5,61,101,45,5,59,99,44,5,59,99,43,5,32,53,51,2,32,53,45,2,31,51,43,2,31,51,42,2,15,22,31,9,14,20,35,7,14,21,33,7,14,21,33,7,13,25,47.96271368,10.44707265,15,28,53,12,14,28,58,10,15,27,56,10,25,Germany
Hamburg,2021,13,3,58,97,53,4,60,99,47,5,60,100,45,5,60,99,44,5,26,45,51,2,31,51,48,2,31,51,44,2,31,50,43,2,15,23,37,8,14,20,35,8,14,21,34,8,14,21,33,8,17,29,68.73017974,3.998643791,15,28,58,10,15,28,58,10,15,27,58,10,30,Germany
Hamburg,2021,14,3,44,86,41,4,56,96,46,5,58,98,45,5,58,98,44,5,23,44,42,1,28,49,48,2,30,50,44,2,30,49,42,2,10,17,30,7,13,20,33,8,13,20,33,8,14,21,33,7,11,25,47.37171717,6.431717172,14,27,55,8,15,28,56,10,15,27,58,10,29,Germany
Hamburg,2021,15,4,58,85,50,6,55,92,47,5,57,96,46,5,58,97,45,5,30,44,55,1,28,47,50,1,30,49,46,2,30,49,44,2,15,17,39,17,14,20,34,10,13,19,34,8,14,21,33,8,13,24,50.72858974,6.700705128,14,26,54,7,15,28,55,9,14,27,59,10,28,Germany
Hamburg,2021,16,4,58,96,44,4,55,91,47,5,58,96,46,5,58,97,45,5,27,46,45,1,27,45,48,1,29,49,47,1,30,49,45,2,16,23,34,9,14,20,35,10,14,20,35,8,14,21,33,8,15,27,54.59214815,5.656,14,26,55,6,15,27,54,9,14,27,57,9,28,Germany
Hamburg,2021,17,4,59,95,47,13,55,91,45,7,57,95,46,6,58,97,45,6,27,46,47,6,27,45,47,2,29,48,48,2,30,49,45,2,15,23,29,19,14,20,33,13,14,20,34,11,14,21,33,9,17,26,61.8369281,17.78712418,14,26,54,9,15,27,56,9,15,27,56,9,27,Germany
Hamburg,2021,18,4,63,113,48,11,60,97,47,9,58,97,47,7,58,98,45,6,29,53,41,1,28,47,47,2,28,48,47,2,29,49,45,2,17,27,35,17,16,23,34,16,15,21,34,12,14,21,33,11,17,33,70.94785948,23.95165033,16,28,60,14,15,27,57,11,15,28,57,11,29,Germany
Hamburg,2021,19,5,58,103,40,6,60,102,45,9,57,97,46,7,58,98,45,6,32,49,34,5,29,49,42,3,28,48,46,2,29,49,45,2,11,22,36,6,15,24,33,13,14,22,34,12,14,21,34,10,15,32,54.99027778,7.083018519,16,30,61,14,15,28,57,10,15,28,57,11,31,Germany
Hamburg,2021,20,5,58,103,63,20,60,104,49,12,57,97,48,9,58,98,47,7,28,53,62,6,29,50,46,4,28,48,47,3,29,49,47,2,12,19,45,27,14,23,36,17,14,21,36,14,14,21,35,11,18,31,78.01375,37.48853395,17,31,66,22,15,28,61,14,15,28,58,13,30,Germany
Hamburg,2021,21,5,57,103,52,14,59,106,51,13,57,98,48,10,58,98,48,8,30,51,52,2,30,52,47,3,28,48,47,3,29,49,47,2,16,23,45,37,14,23,40,22,14,21,37,17,14,21,36,14,11,29,61.71570707,12.00563131,15,31,66,20,15,28,60,15,15,28,59,13,28,Germany
Hamburg,2021,22,5,53,105,47,17,57,104,51,14,58,100,49,11,57,99,48,9,25,48,39,8,29,50,47,5,29,49,47,4,28,49,47,3,13,27,41,17,13,23,42,22,14,23,38,19,14,22,36,15,15,30,64.86142593,30.07327778,15,31,65,22,15,29,62,18,15,28,60,14,29,Germany
Hamburg,2021,23,6,59,105,52,8,57,104,54,15,58,103,49,12,57,99,48,9,33,55,50,3,29,52,51,5,29,50,46,4,29,49,48,3,12,21,33,12,13,23,41,23,14,23,37,18,14,22,36,15,14,29,72.5321627,17.14839286,15,30,69,24,15,30,65,19,15,28,61,15,28,Germany
Hamburg,2021,24,6,56,99,51,7,56,103,50,11,58,103,50,12,57,99,49,10,27,49,49,5,29,51,48,4,29,51,47,4,28,49,47,3,14,22,40,13,14,23,40,20,14,23,38,19,14,22,37,16,15,28,63.44157407,7.320166667,14,29,66,17,15,30,66,19,15,29,62,15,28,Germany
Hamburg,2021,25,6,58,106,44,11,57,104,49,11,58,105,50,12,57,100,48,10,29,55,43,10,29,52,45,6,29,52,46,5,28,49,47,4,10,20,26,8,12,23,35,13,13,23,38,17,13,22,36,16,19,31,56.90415205,14.83057018,16,30,64,17,16,30,65,19,15,29,61,16,29,Germany
Hamburg,2021,26,6,60,103,43,9,58,103,48,9,57,103,49,12,58,101,48,11,28,51,45,2,29,53,47,5,29,51,47,5,29,50,47,4,18,24,34,10,14,22,33,11,13,22,38,16,14,22,36,16,14,28,53.71755952,23.49438492,16,29,62,16,15,30,63,19,15,29,62,17,27,Germany
Hamburg,2021,27,6,58,96,43,5,58,101,46,8,57,103,50,11,58,102,48,10,29,47,42,1,28,51,45,4,29,51,48,5,29,50,46,4,13,22,36,11,14,22,34,11,14,22,38,17,14,23,36,16,16,27,51.48274306,6.562864583,16,29,56,13,15,29,63,19,16,29,62,17,28,Germany
Hamburg,2021,28,7,64,102,45,8,60,102,44,8,58,102,47,10,59,103,48,11,35,52,44,2,30,51,43,4,30,51,46,4,29,51,46,4,14,20,30,10,14,22,32,10,14,22,36,15,14,23,36,16,15,30,61.47509259,19.79205556,16,29,56,16,15,29,61,16,16,30,63,18,29,Germany
Hamburg,2021,29,7,59,104,45,10,60,101,44,8,58,103,46,9,59,104,48,11,30,53,40,2,31,51,43,2,30,51,44,4,30,51,45,4,13,20,44,16,15,22,36,12,13,22,36,12,14,22,37,15,16,31,53.99895833,22.25300347,15,29,55,18,16,29,60,18,15,30,62,19,30,Germany
Hamburg,2021,30,7,60,109,45,12,60,103,45,9,59,103,46,9,58,103,48,11,28,52,39,4,31,51,41,2,30,52,44,3,30,51,45,4,14,21,33,4,14,21,36,10,14,21,34,10,13,22,37,14,18,36,65.51496914,31.28915123,16,31,58,20,16,30,60,18,16,30,62,19,33,Germany
Hamburg,2021,31,7,62,107,46,10,61,106,45,10,60,103,45,9,59,104,48,11,36,57,45,1,32,54,42,2,30,52,43,3,30,52,46,4,12,18,31,21,13,20,34,13,14,21,34,12,13,21,37,15,14,32,60.56335317,21.6321627,16,32,60,24,16,30,58,18,15,30,62,20,30,Germany
Hamburg,2021,32,8,60,103,40,7,60,106,44,10,60,104,44,9,59,104,46,10,34,57,39,4,32,55,41,3,31,53,42,3,30,52,44,4,13,19,28,8,13,20,34,12,13,21,33,11,14,21,35,14,13,27,55.63775641,14.68440171,15,32,59,22,16,30,57,19,15,30,60,18,26,Germany
Hamburg,2021,33,8,63,103,42,18,61,106,43,12,61,103,44,10,59,104,45,10,32,54,37,5,33,55,40,3,32,53,41,2,31,53,43,4,14,21,32,7,13,20,31,10,14,21,33,11,13,21,34,11,17,28,60.51292484,50.54970588,16,31,61,30,15,30,58,24,16,30,60,22,27,Germany
Hamburg,2021,34,8,54,93,32,8,60,102,40,11,60,102,42,10,59,103,44,9,33,51,31,3,34,55,38,3,32,53,40,3,31,53,42,3,11,18,25,16,13,19,29,13,13,20,32,12,13,21,33,11,10,24,40.06277778,17.41566667,14,28,54,26,15,29,56,23,15,29,58,21,26,Germany
Hamburg,2021,35,8,84,124,45,15,65,106,40,12,63,106,42,11,62,104,43,10,44,71,37,2,36,58,36,3,34,56,39,3,32,54,41,3,15,20,31,11,13,20,29,10,13,20,32,12,13,20,33,11,25,33,66.70534444,42.33362222,16,28,56,31,16,30,58,27,16,30,58,23,27,Germany
Hamburg,2021,36,9,60,106,41,12,65,107,40,13,63,106,42,12,62,105,43,11,30,52,42,6,35,57,37,4,33,56,39,3,32,54,40,3,17,23,30,9,14,21,30,11,14,20,32,11,14,21,32,11,13,31,53.14816239,31.55083333,16,29,55,35,16,30,57,29,16,30,57,25,29,Germany
Hamburg,2021,37,9,58,101,55,5,64,106,43,10,63,106,43,11,62,104,44,10,35,55,57,4,36,57,42,4,34,56,41,4,33,54,41,3,9,15,34,4,13,19,30,10,13,19,31,10,14,20,32,11,14,31,64.55176587,5.936686508,16,30,56,24,16,30,58,27,15,30,57,24,31,Germany
Hamburg,2021,38,9,57,95,40,7,65,107,45,10,62,104,43,10,62,104,43,10,32,51,37,1,35,57,43,3,35,56,41,3,33,54,41,3,11,14,37,8,13,18,33,8,13,19,31,10,13,19,33,10,14,30,48.41825397,19.24027778,17,31,58,25,15,30,56,25,15,30,57,24,32,Germany
Hamburg,2021,39,9,67,104,41,6,61,102,44,7,63,104,42,10,62,104,43,10,38,57,39,2,34,54,44,3,35,56,40,3,34,55,40,3,17,21,26,4,14,18,32,6,13,19,31,8,13,19,32,10,12,26,68.22476852,18.40282407,13,30,59,19,15,29,57,25,15,30,58,25,25,Germany
Hamburg,2021,40,10,66,108,43,11,62,102,45,7,64,104,42,10,63,105,43,10,39,61,41,4,36,56,43,3,35,57,40,3,34,56,40,3,10,16,33,8,12,17,32,6,13,19,31,8,13,19,32,10,17,31,54.54660131,31.08506536,14,30,59,19,15,29,57,27,15,30,58,26,29,Germany
Hamburg,2021,41,10,71,117,45,19,65,106,42,11,65,106,43,10,64,106,43,11,37,67,40,5,37,59,39,3,36,58,40,3,35,57,40,3,15,19,37,16,13,18,33,9,13,18,32,9,13,19,31,10,19,31,62.41748538,46.96429825,16,30,58,29,16,30,57,27,16,30,58,28,26,Germany
Hamburg,2021,42,10,59,104,46,7,66,108,44,11,65,107,45,10,63,105,43,10,36,59,43,1,38,61,41,3,36,59,42,3,36,58,41,3,9,15,34,13,13,18,33,10,13,18,33,9,13,18,32,10,14,30,61.94444444,18.87325397,16,30,62,29,16,30,60,27,15,30,58,27,29,Germany
Hamburg,2021,43,10,59,100,41,6,64,107,44,11,62,104,44,9,63,105,43,10,36,57,37,2,37,61,40,3,35,57,42,3,36,58,40,3,13,20,35,14,12,18,35,13,13,18,33,9,13,18,32,10,10,23,61.13297222,12.39688889,15,29,60,27,14,29,59,23,15,29,58,26,23,Germany
Hamburg,2021,44,10,67,105,43,5,64,107,44,9,63,104,44,8,64,105,43,10,40,60,39,1,37,61,40,2,37,58,41,3,36,58,40,3,12,22,33,6,12,19,35,12,12,18,34,9,13,19,32,10,15,23,62.45790741,13.69222222,15,27,62,23,14,28,60,21,15,28,59,26,22,Germany
Hamburg,2021,45,11,65,104,43,7,63,103,43,6,64,105,43,8,64,105,43,9,39,63,39,1,38,60,40,1,37,59,39,2,37,59,40,3,13,17,29,6,12,19,33,10,13,18,33,9,13,18,32,10,13,24,68.68594017,23.55811966,13,25,64,17,14,27,61,23,15,28,59,23,23,Germany
Hamburg,2021,46,11,62,108,42,6,63,104,42,6,65,106,43,8,65,106,44,9,36,66,36,3,38,62,38,2,38,61,39,2,37,60,40,3,11,17,35,14,12,19,33,10,13,18,33,10,13,18,33,9,15,25,60.91746296,6.9315,13,24,63,14,14,27,63,21,15,28,61,23,23,Germany
Hamburg,2021,47,11,57,104,46,5,63,105,43,6,63,106,44,8,62,105,44,8,35,62,40,2,38,63,39,2,37,62,39,2,36,59,41,3,12,17,40,14,12,18,34,10,12,18,35,11,12,18,34,10,10,25,73.79819444,7.702666667,13,24,66,13,14,27,63,20,14,28,62,20,24,Germany
Hamburg,2021,48,11,57,101,50,11,60,104,45,7,62,105,45,8,62,104,45,8,31,56,44,4,35,62,40,2,36,61,40,2,36,60,41,3,10,19,49,11,12,18,38,11,12,18,37,12,12,18,35,10,16,26,63.94578125,25.33704861,14,25,67,16,14,26,64,19,14,27,63,19,26,Germany
Hamburg,2021,49,12,59,106,52,20,59,105,48,11,61,104,45,8,62,105,44,9,31,57,44,7,33,60,41,4,36,60,40,3,36,60,40,3,10,16,38,37,11,17,41,19,11,18,37,14,12,18,36,13,18,33,73.68018519,32.18018519,15,27,68,18,14,26,66,18,14,27,63,21,31,Germany
Hamburg,2021,50,12,55,98,45,9,57,102,48,11,60,103,45,9,62,105,45,9,32,53,40,5,32,57,42,5,35,59,40,3,36,60,40,3,10,15,32,9,11,17,40,18,11,18,36,14,12,18,35,13,13,30,65.76014957,17.38752137,14,29,69,21,14,26,66,17,14,27,65,21,31,Germany
Hamburg,2021,51,12,52,92,48,9,56,99,49,12,59,102,46,9,61,104,45,10,31,54,44,4,31,55,43,5,34,59,41,3,35,60,41,3,13,17,49,13,11,17,42,17,11,18,38,14,12,18,37,13,8,21,59.81628472,19.97663194,14,28,66,24,14,26,66,18,14,27,64,21,23,Germany
Hamburg,2021,52,12,26,69,37,4,48,91,45,10,54,98,45,9,57,101,45,9,17,39,31,2,28,51,40,5,32,56,40,4,33,58,40,3,5,16,41,12,10,16,40,18,11,17,39,14,11,18,38,14,4,14,53.73777778,2.26625,11,25,63,18,12,25,65,17,13,25,64,19,20,Germany
Hamburg,2021,53,12,54,54,49,7,47,78,45,7,53,92,46,9,56,95,45,8,31,31,50,4,28,44,41,4,31,52,41,4,33,55,41,3,9,9,38,13,9,14,40,12,10,16,40,15,11,17,38,14,14,14,54.95771825,11.34656746,10,20,59,13,12,24,63,15,13,24,63,16,26,Germany
Hamburg,2022,1,1,65,112,45,18,49,82,45,10,53,92,46,10,57,96,45,9,31,55,40,1,28,45,41,3,30,51,42,4,33,54,40,3,16,23,35,11,11,16,41,12,11,17,40,15,11,17,38,13,18,34,61.70919753,52.79882716,11,21,58,22,13,25,63,21,13,24,63,19,30,Germany
Hamburg,2022,2,1,60,109,47,12,51,86,44,10,54,93,46,11,57,97,45,9,34,53,41,3,28,45,40,2,30,50,42,4,32,54,41,3,13,24,38,12,11,18,38,12,11,17,40,15,11,18,38,13,13,32,69.1065812,37.48292735,12,24,60,26,13,26,63,25,13,25,64,21,29,Germany
Hamburg,2022,3,1,62,103,52,15,60,95,48,13,54,93,47,12,56,97,46,10,34,52,46,3,33,48,44,3,30,49,42,4,32,53,41,3,11,18,39,20,12,19,37,14,11,17,39,16,11,17,39,14,17,33,74.5845915,34.75169935,16,28,65,34,13,26,64,26,13,26,65,23,32,Germany
Hamburg,2022,4,1,61,108,61,12,62,108,51,14,54,93,48,11,56,97,48,11,37,60,56,2,34,55,46,2,31,50,44,3,32,53,43,3,9,16,45,11,12,20,39,14,11,17,40,13,11,17,40,15,15,32,79.77985185,34.50416667,16,33,71,40,13,26,65,26,13,27,66,24,30,Germany
Hamburg,2022,5,1,52,104,45,12,59,106,51,13,54,94,48,11,55,97,48,11,26,54,40,2,33,55,46,3,30,50,44,3,31,52,43,3,9,12,33,9,11,18,39,13,11,17,40,13,11,17,40,14,17,38,59.59553922,29.88374183,16,34,71,34,13,27,64,28,14,28,66,25,37,Germany
Hamburg,2022,6,2,54,95,46,8,57,103,51,12,54,94,48,11,55,96,48,11,31,52,36,2,32,55,45,2,30,50,43,2,31,51,43,3,10,12,44,9,10,15,40,12,10,16,39,12,10,16,40,14,13,31,70.34903846,20.72044872,16,34,71,30,14,29,65,28,14,28,66,27,33,Germany
Hamburg,2022,7,2,48,87,55,10,54,99,52,10,57,97,50,12,54,95,48,11,30,53,53,2,31,55,46,2,32,51,45,2,30,51,44,3,8,10,45,10,9,13,42,10,11,16,40,12,10,16,40,14,10,24,68.79069444,35.227,14,31,70,30,15,30,67,32,13,28,66,27,28,Germany
Hamburg,2022,8,2,59,103,50,10,53,97,49,10,58,103,50,12,54,95,48,10,29,58,47,4,29,54,44,2,32,55,45,2,30,51,44,3,15,16,36,3,11,13,40,8,11,16,39,11,11,16,40,11,15,29,70.23294444,27.85627778,14,31,67,28,15,32,69,34,13,28,66,27,28,Germany
Hamburg,2022,9,2,59,104,48,21,55,97,50,12,57,102,50,12,54,95,49,11,29,49,43,2,30,53,45,2,31,54,45,2,30,51,44,3,14,23,36,16,12,15,40,10,11,16,40,11,11,16,40,12,16,32,65.88446181,60.00923611,14,29,69,36,15,31,70,35,13,28,66,31,31,Germany
Hamburg,2022,10,3,56,111,49,22,56,101,50,16,56,102,51,14,55,97,49,13,38,61,37,2,32,55,45,2,32,55,45,2,31,51,43,2,4,14,46,12,10,16,41,10,10,15,41,11,10,16,40,12,14,36,81.75662698,78.30636905,14,30,72,50,15,32,71,40,14,29,68,35,32,Germany
Hamburg,2022,11,3,71,118,49,32,61,109,49,21,58,104,50,16,58,101,50,15,42,68,42,6,35,59,42,3,33,57,44,3,33,54,44,3,11,13,34,22,11,17,38,13,10,15,40,12,11,16,39,12,18,37,76.48032407,100.9342593,16,34,74,67,15,32,72,48,15,31,69,44,31,Germany
Hamburg,2022,12,3,64,123,47,29,63,114,48,26,58,106,49,18,59,106,49,17,36,69,37,5,36,62,40,4,33,58,42,3,33,57,43,3,11,15,40,19,10,16,39,17,10,14,39,13,11,16,39,13,17,39,73.81470588,86.26738562,16,36,74,81,15,33,71,55,15,33,71,50,32,Germany
Hamburg,2022,13,3,49,109,57,54,60,115,51,34,58,106,50,23,58,106,51,20,24,54,44,6,35,63,40,5,32,58,42,3,33,57,44,3,8,13,36,10,9,14,39,16,10,15,40,13,10,16,39,13,17,42,86.18496732,142.5015359,17,39,80,102,15,34,74,69,15,34,73,57,39,Germany
Hamburg,2022,14,3,60,110,50,33,61,115,51,37,58,108,51,26,58,106,51,21,36,58,42,6,35,62,41,6,33,59,43,4,33,57,44,3,9,14,41,2,10,14,38,13,10,15,39,12,10,15,40,12,15,38,76.3205,116.6209444,17,39,78,112,15,35,75,81,15,34,74,64,35,Germany
Hamburg,2022,15,4,55,113,55,21,57,114,52,34,59,111,51,28,57,107,51,22,29,58,46,2,31,60,42,5,33,59,42,4,32,58,44,3,11,14,46,10,10,14,41,10,10,15,39,12,10,14,40,11,15,41,77.72909259,64.94618519,16,40,79,103,16,37,76,85,15,35,74,66,36,Germany
Hamburg,2022,16,4,55,115,48,25,55,112,53,33,59,113,50,30,57,108,50,23,31,54,51,5,30,56,46,5,33,59,43,4,32,57,43,4,10,18,33,7,10,15,39,7,10,16,39,12,10,15,39,11,14,43,52.80801587,81.10017857,15,41,73,101,16,39,74,91,15,36,72,70,37,Germany
Hamburg,2022,17,4,58,114,71,25,57,113,56,26,59,114,53,30,57,109,52,24,35,60,72,2,33,58,53,4,34,60,46,4,33,58,46,4,9,15,46,43,10,15,42,15,9,15,40,16,10,15,40,14,14,39,83.60126984,71.77730159,15,40,73,84,16,39,76,93,15,36,74,74,34,Germany
Hamburg,2022,18,4,59,121,51,36,57,116,56,27,59,115,54,32,58,111,53,27,30,60,41,3,31,58,52,3,33,60,47,4,32,59,46,4,14,22,34,27,11,17,40,22,10,16,39,18,10,16,40,15,15,39,86.83774074,111.1133148,15,41,75,82,16,40,77,97,15,37,75,81,32,Germany
Hamburg,2022,19,5,61,115,42,22,58,116,53,27,58,115,53,31,59,113,51,27,34,57,36,3,33,58,50,3,32,59,46,4,33,59,45,4,12,22,38,21,11,19,38,25,11,17,39,17,11,17,39,16,15,36,57.87748148,63.54298148,15,39,70,82,15,40,74,92,15,38,74,84,31,Germany
Hamburg,2022,20,5,62,112,48,25,60,116,53,27,57,114,53,30,59,114,51,29,32,56,39,5,33,58,47,3,31,57,46,4,33,59,44,4,11,17,37,11,12,19,39,26,11,17,39,16,10,17,39,17,19,39,70.145,67.30961988,16,38,75,78,16,40,74,90,16,38,74,87,35,Germany
Hamburg,2022,21,5,59,109,48,37,60,114,47,30,59,114,52,28,59,114,51,30,31,53,36,11,32,57,38,6,32,57,45,5,33,59,43,5,13,20,32,16,13,20,35,19,11,18,38,17,10,16,39,17,15,36,85.65659259,107.4578333,16,38,75,87,15,39,74,85,16,39,76,91,33,Germany
Hamburg,2022,22,5,61,114,63,30,61,113,50,28,59,114,53,28,60,114,52,31,36,56,59,6,33,56,43,6,32,57,48,5,33,59,45,5,8,17,46,14,11,19,38,16,11,18,39,19,11,17,39,17,17,41,78.66800654,88.95810458,17,38,73,82,16,39,74,82,16,39,76,92,36,Germany
Hamburg,2022,23,6,51,108,59,36,58,111,55,32,58,114,54,29,58,114,53,31,27,51,48,10,32,54,46,8,32,56,48,6,32,57,46,5,9,17,43,24,10,18,40,16,11,19,39,20,10,17,39,17,15,40,90.45933333,91.10127778,17,39,81,89,16,39,76,85,16,39,77,91,37,Germany
Hamburg,2022,24,6,55,117,53,53,57,112,56,39,58,114,54,33,57,113,54,33,28,56,40,18,31,54,46,11,32,56,46,7,31,56,46,6,15,23,48,31,11,19,42,21,11,19,41,23,11,18,40,18,12,38,89.02456019,164.3713657,15,39,86,113,15,39,80,96,15,39,78,98,32,Germany
Hamburg,2022,25,6,46,105,61,24,53,111,59,36,57,113,53,33,57,113,54,31,26,52,52,6,29,54,50,10,31,55,44,8,31,56,47,6,6,15,42,39,10,18,45,27,11,19,40,23,11,18,41,20,14,38,84.21027778,51.68007937,15,39,86,99,15,38,80,93,15,39,78,90,36,Germany
Hamburg,2022,26,6,47,112,52,30,50,111,56,36,55,112,53,32,56,113,54,30,26,58,46,5,27,54,46,10,30,55,45,8,30,56,47,6,9,14,36,26,10,17,42,30,10,18,40,23,11,18,40,22,12,40,78.27895833,85.25553241,13,39,85,98,15,39,79,90,15,39,78,87,36,Germany
Hamburg,2022,27,6,43,95,75,61,48,107,60,42,53,109,57,37,55,111,56,34,21,47,60,4,25,53,49,8,28,54,47,8,30,55,48,6,8,11,50,34,10,16,44,32,10,17,42,24,10,18,41,24,14,37,113.2214683,161.2265873,13,38,91,116,15,39,86,102,15,39,81,95,39,Germany
Hamburg,2022,28,7,46,91,72,96,46,101,65,53,51,106,60,46,54,109,58,40,24,43,55,6,24,50,53,5,27,52,49,8,29,54,49,7,9,14,69,64,8,14,49,41,10,16,46,31,10,17,43,29,13,34,105.5069231,285.3819658,13,37,95,146,14,38,91,129,15,38,85,112,37,Germany
Hamburg,2022,29,7,49,114,63,72,46,103,66,65,50,107,62,50,53,109,57,43,19,50,49,10,23,50,52,6,26,52,51,8,28,53,47,7,16,25,48,74,11,16,51,49,10,17,48,38,11,18,44,32,14,39,98.58194444,152.8650397,13,38,99,171,14,38,92,135,15,38,87,119,34,Germany
Hamburg,2022,30,7,61,130,59,52,50,108,67,70,50,109,62,53,53,110,58,45,31,55,50,4,24,49,53,6,25,52,50,8,28,53,47,7,12,28,39,89,11,20,51,65,11,18,47,48,11,19,44,37,18,47,88.57112654,108.2336728,15,39,101,177,14,39,93,138,15,39,87,119,36,Germany
Hamburg,2022,31,7,37,113,50,44,48,112,61,66,48,110,61,54,51,110,59,47,25,54,41,10,25,51,49,8,25,52,49,8,27,53,48,8,6,19,42,89,11,22,49,79,10,19,47,56,10,18,44,43,6,40,95.09518519,141.2711574,13,40,97,172,13,39,94,144,14,39,90,125,35,Germany
Hamburg,2022,32,8,53,114,55,57,50,118,57,56,48,109,61,54,51,110,59,49,31,58,50,9,27,54,47,8,25,52,50,7,27,53,49,8,8,15,37,114,11,22,41,91,9,18,45,66,10,18,44,51,14,41,78.95492063,131.9707341,13,42,90,134,13,40,93,140,14,39,91,131,36,Germany
Hamburg,2022,33,8,51,115,57,47,51,118,55,50,48,111,60,57,50,111,60,50,26,52,48,4,28,55,47,7,25,52,50,6,27,53,50,8,10,18,50,64,9,20,42,89,10,18,46,69,10,18,46,55,15,45,77.69944444,109.789537,13,43,85,123,13,40,92,147,14,40,90,131,39,Germany
Hamburg,2022,34,8,49,111,57,39,48,113,55,47,49,110,61,58,49,110,59,51,27,51,46,6,27,54,46,7,26,51,50,7,26,52,49,8,9,20,47,52,8,18,44,80,10,19,48,72,10,18,46,58,13,40,86.79905983,97.57995726,12,42,85,120,13,40,93,149,13,40,91,132,36,Germany
Hamburg,2022,35,8,49,110,43,24,51,113,53,42,49,112,57,54,49,111,58,50,26,52,41,3,28,53,46,5,26,52,47,6,26,52,48,7,15,24,33,51,11,19,42,70,11,20,46,74,10,19,45,60,8,34,69.12892361,43.03694444,13,40,78,96,13,40,88,134,13,39,89,128,31,Germany
Hamburg,2022,36,8,54,111,55,30,51,112,53,35,50,115,55,46,49,110,58,48,30,55,49,1,27,53,46,3,27,53,47,6,26,52,49,6,11,22,31,22,11,21,40,47,11,21,41,69,10,19,44,60,13,34,87.68544872,103.9749786,12,38,80,89,13,40,85,111,13,39,89,123,31,Germany
Hamburg,2022,37,9,49,100,49,30,50,108,51,31,50,113,53,40,49,110,57,48,25,49,42,5,27,52,45,4,28,53,46,5,26,52,48,6,11,17,42,32,12,21,38,39,10,20,40,64,10,19,44,59,13,34,68.75220085,74.84141026,12,36,78,80,13,39,82,101,13,39,87,125,34,Germany
Hamburg,2022,38,9,63,107,60,30,54,107,52,28,51,110,53,38,50,109,58,48,30,48,52,2,28,51,46,3,28,52,46,5,26,51,49,5,14,21,38,17,13,21,36,31,11,20,40,55,11,20,44,58,19,38,87.03635965,81.8869883,13,35,78,76,13,38,81,98,13,39,88,124,36,Germany
Hamburg,2022,39,9,56,112,48,27,56,108,53,29,53,110,53,35,51,111,56,46,28,51,33,2,28,51,44,3,28,52,45,4,27,52,46,5,10,18,34,26,12,20,36,24,11,19,39,47,11,20,42,58,18,43,79.34949074,66.59339506,16,37,81,82,14,39,79,89,14,39,85,116,38,Germany
Hamburg,2022,40,9,57,105,50,23,56,106,52,27,54,109,52,31,52,112,54,39,34,53,48,4,29,50,44,4,28,51,45,4,28,52,46,5,10,13,25,10,11,17,35,21,11,19,37,34,11,20,39,53,13,39,74.31621795,81.84929487,16,39,77,76,14,38,79,82,14,40,83,99,37,Germany
Hamburg,2022,41,10,56,102,47,22,58,107,51,26,54,107,51,28,53,111,53,35,29,52,37,2,30,51,43,3,29,51,44,3,29,53,45,4,13,17,40,32,12,17,34,21,12,19,36,30,11,19,38,50,14,33,76.29007937,54.90952381,16,38,79,71,14,37,79,76,14,39,81,91,32,Germany
Hamburg,2022,42,10,48,99,39,20,54,105,46,23,54,106,49,26,52,108,51,33,26,49,32,1,29,51,38,3,29,51,42,3,28,52,43,4,10,17,36,30,11,16,34,24,12,19,35,27,11,18,38,45,12,33,57.08212963,52.70928241,14,37,72,64,14,36,75,70,13,38,78,87,33,Germany
Hamburg,2022,43,10,57,105,49,11,55,103,46,19,55,105,50,24,54,108,51,30,27,52,40,3,29,52,39,3,29,51,42,3,28,52,43,4,10,15,40,11,11,16,35,21,11,18,36,23,11,18,38,38,20,38,64.48961111,22.38227778,15,36,68,53,15,37,74,67,14,38,76,77,36,Germany
Hamburg,2022,44,10,48,96,40,12,52,101,44,16,54,103,48,22,53,106,49,26,22,46,35,2,26,50,36,2,28,50,40,3,28,51,42,3,13,20,33,18,12,17,37,23,11,17,36,22,11,19,37,30,13,30,53.95361111,21.08472222,15,34,63,38,15,36,70,57,14,37,74,68,31,Germany
Hamburg,2022,45,11,57,101,42,9,53,100,42,13,55,103,47,19,54,105,48,23,31,50,34,3,27,49,35,2,28,50,39,3,28,51,41,3,9,16,28,12,11,17,34,18,11,17,34,20,11,18,36,26,17,35,62.6651634,18.54070261,16,34,60,29,16,36,69,50,14,36,72,60,35,Germany
Hamburg,2022,46,11,51,95,49,8,53,99,45,10,54,102,45,17,54,104,48,21,24,47,50,5,26,49,40,4,28,50,39,3,28,50,41,3,11,17,38,5,11,17,35,12,11,17,34,18,11,18,35,22,16,31,55.84420139,12.93157986,17,34,59,19,15,35,65,41,15,35,70,53,33,Germany
Hamburg,2022,47,11,50,90,42,5,52,96,43,8,53,99,45,14,54,102,47,19,24,48,39,3,25,48,39,3,27,50,39,3,28,50,41,3,11,15,32,12,11,17,33,12,11,16,34,16,11,17,35,19,15,27,54.58735185,3.198462963,15,31,57,14,15,33,62,33,15,35,69,50,30,Germany
Hamburg,2022,48,11,59,93,45,8,54,95,44,7,53,98,44,12,54,100,47,17,30,51,40,7,27,49,41,5,27,49,38,3,28,50,40,4,8,12,33,4,10,15,33,8,11,16,35,16,11,17,35,17,21,30,56.63312169,9.982050265,17,31,57,11,16,32,60,24,16,34,66,42,32,Germany
Hamburg,2022,49,11,56,96,45,5,54,94,45,6,53,97,44,10,55,100,46,15,25,48,38,2,26,49,42,4,26,49,39,3,28,50,40,3,11,14,37,1,10,15,35,6,10,16,35,12,11,16,34,15,20,34,57.79977778,11.10993056,18,31,56,9,17,32,58,19,17,34,65,36,35,Germany
Hamburg,2022,50,12,54,92,43,9,55,93,44,7,54,96,44,8,54,99,45,13,22,41,36,5,25,47,38,4,26,48,39,4,27,49,39,3,14,15,34,7,11,14,34,6,11,16,34,9,11,16,34,14,18,36,56.97402778,16.1479784,19,32,56,10,18,33,58,14,16,34,62,31,39,Germany
Hamburg,2022,51,12,48,92,49,8,54,93,46,8,53,94,44,8,53,97,45,12,21,42,44,8,25,46,40,5,25,47,40,4,26,48,39,4,10,17,48,2,11,15,38,3,11,16,35,8,11,16,35,12,17,33,56.86887255,12.68263072,19,33,57,12,17,32,57,13,16,33,61,26,36,Germany
Hamburg,2022,52,12,76,110,56,14,59,98,48,9,56,96,46,8,55,98,45,11,42,55,56,4,28,47,44,5,27,48,42,5,27,48,40,4,13,19,41,11,12,16,40,5,11,16,36,7,11,16,37,12,21,36,63.16935185,36.28230159,19,35,59,19,18,33,58,15,17,33,60,23,33,Germany
Hong Kong,2019,1,1,257,297,15,12,,,,,,,,,,,,,147,165,13,15,,,,,,,,,,,,,56,69,18,8,,,,,,,,,,,,,54,63,18.01981996,7.511466049,,,,,,,,,,,,,21,PRC
Hong Kong,2019,2,1,187,241,15,4,,,,,,,,,,,,,108,132,13,5,,,,,,,,,,,,,44,61,15,2,,,,,,,,,,,,,35,48,20.73525397,4.70402381,,,,,,,,,,,,,20,PRC
Hong Kong,2019,3,1,215,264,16,6,,,,,,,,,,,,,123,148,14,6,,,,,,,,,,,,,42,55,15,4,,,,,,,,,,,,,50,61,21.38351667,5.979827778,,,,,,,,,,,,,23,PRC
Hong Kong,2019,4,1,206,266,16,4,216,267,15,6,,,,,,,,,118,142,14,4,124,147,13,7,,,,,,,,,46,62,15,3,47,62,16,4,,,,,,,,,42,62,22.37011243,5.199768519,45,59,21,6,,,,,,,,,23,PRC
Hong Kong,2019,5,1,181,240,15,3,197,253,15,4,,,,,,,,,106,135,13,3,114,139,13,5,,,,,,,,,40,54,15,4,43,58,15,3,,,,,,,,,35,51,22.28638889,1.495674603,41,56,22,4,,,,,,,,,21,PRC
Hong Kong,2019,6,2,160,213,15,4,191,246,16,4,,,,,,,,,90,120,13,5,109,136,13,5,,,,,,,,,36,47,15,3,41,55,15,3,,,,,,,,,34,46,21.14813725,3.140759804,40,55,22,4,,,,,,,,,22,PRC
Hong Kong,2019,7,2,167,210,14,4,179,232,15,4,,,,,,,,,85,105,13,6,100,126,13,5,,,,,,,,,47,57,13,2,42,55,15,3,,,,,,,,,35,48,18.32551587,2.27915873,37,52,21,3,,,,,,,,,23,PRC
Hong Kong,2019,8,2,194,231,16,3,176,224,15,4,196,245,15,5,,,,,109,127,14,3,98,122,13,4,111,134,13,6,,,,,44,53,17,3,42,53,15,3,44,57,15,4,,,,,41,51,20.67,3.156808943,36,49,21,3,41,54,21,4,,,,,22,PRC
Hong Kong,2019,9,2,195,248,18,8,179,226,16,5,188,239,16,5,,,,,110,135,17,3,99,122,14,4,106,131,14,4,,,,,45,57,18,24,43,54,16,8,43,56,15,6,,,,,40,56,20.77025694,2.858305556,38,50,20,3,39,53,21,4,,,,,23,PRC
Hong Kong,2019,10,3,206,260,15,4,191,237,16,5,191,242,16,4,,,,,120,144,14,4,106,128,15,4,108,132,14,4,,,,,39,52,14,2,44,55,16,8,42,55,15,6,,,,,47,64,20.80796099,4.723593381,41,55,20,3,41,55,21,4,,,,,25,PRC
Hong Kong,2019,11,3,200,251,15,4,199,248,16,5,189,240,16,4,,,,,117,136,13,3,114,136,15,3,107,131,14,4,,,,,43,55,15,4,43,54,16,8,43,55,15,6,,,,,40,60,20.10829167,7.828715278,42,58,21,5,39,55,21,4,,,,,24,PRC
Hong Kong,2019,12,3,186,237,15,4,197,249,16,5,186,236,16,4,196,247,16,5,105,127,14,5,113,136,15,4,105,129,14,4,112,135,14,5,38,52,15,4,41,54,15,8,42,53,15,6,43,56,15,5,43,58,19.53301034,2.223927649,43,60,20,4,39,54,20,3,41,56,21,4,24,PRC
Hong Kong,2019,13,3,201,247,15,3,198,249,15,4,189,237,16,4,192,242,16,4,119,140,13,3,115,137,14,4,107,129,14,4,109,133,14,4,40,52,13,2,40,53,14,3,42,53,15,5,42,55,15,5,42,55,20.88393519,2.021838624,43,59,20,4,40,55,20,4,40,55,21,4,22,PRC
Hong Kong,2019,14,4,197,245,16,4,196,245,15,4,193,241,16,4,192,243,16,4,113,135,15,5,114,135,14,4,110,131,14,4,110,133,14,4,41,51,15,5,41,53,15,4,42,54,15,6,42,54,15,5,43,59,21.10067829,1.466595607,42,58,20,3,41,56,20,3,41,56,21,4,24,PRC
Hong Kong,2019,15,4,194,241,15,4,195,243,15,4,197,245,16,4,191,241,16,4,106,126,13,2,111,132,14,4,112,134,14,4,108,131,14,4,50,61,16,3,42,54,15,3,43,54,15,6,42,54,15,5,38,54,20.87554825,9.640994152,42,57,21,4,42,57,21,4,40,55,21,4,22,PRC
Hong Kong,2019,16,4,208,256,15,3,200,247,15,4,198,248,16,4,191,240,16,4,121,139,14,2,115,135,14,3,114,135,14,3,108,131,14,4,42,56,15,1,43,55,15,3,42,55,15,6,42,54,15,5,45,61,19.73446296,8.051277778,42,57,21,5,42,58,20,5,40,55,21,4,24,PRC
Hong Kong,2019,17,4,194,244,16,5,198,247,16,4,198,248,15,4,192,240,16,4,112,135,14,5,113,134,14,4,114,135,14,4,109,131,14,4,40,50,15,3,43,55,15,3,42,54,15,3,42,54,15,5,42,59,21.20194444,6.549933862,42,58,21,6,43,59,21,5,41,56,20,4,24,PRC
Hong Kong,2019,18,5,201,247,16,5,199,247,16,4,198,246,15,4,195,243,16,4,111,133,14,5,113,133,14,4,113,134,14,4,111,132,14,4,49,57,15,7,45,56,15,4,43,54,15,4,43,54,15,5,41,57,21.97810298,3.11,42,58,21,7,42,58,21,5,41,57,20,4,23,PRC
Hong Kong,2019,19,5,200,242,15,5,201,247,16,4,198,245,16,4,198,246,16,4,122,137,14,3,117,136,14,4,114,134,14,4,114,135,14,4,42,56,14,12,43,55,15,6,43,54,15,5,43,54,15,6,36,49,20.38970679,1.200100309,41,57,21,5,41,57,21,4,42,57,21,4,20,PRC
Hong Kong,2019,20,5,197,246,16,3,198,245,16,4,199,246,16,4,198,247,16,4,112,138,14,4,114,136,14,4,115,135,14,4,114,135,14,4,39,47,15,1,43,53,15,6,43,54,15,4,42,54,15,6,46,61,20.66444444,1.665676329,41,57,21,3,42,57,21,4,42,58,21,4,25,PRC
Hong Kong,2019,21,5,193,239,15,7,198,244,15,5,198,245,16,5,198,246,15,4,114,131,14,10,115,135,14,6,114,134,14,5,114,135,14,4,39,49,14,4,42,52,15,6,43,53,15,5,42,53,15,4,40,59,20.41713889,1.662548611,41,57,21,2,41,57,21,4,42,58,21,4,25,PRC
Hong Kong,2019,22,5,199,246,15,3,197,243,15,4,198,245,15,4,198,245,15,4,116,134,13,3,116,135,14,5,114,134,14,4,114,134,14,4,43,53,14,2,41,51,14,5,43,54,15,4,42,53,15,4,40,59,21.27948611,2.846916667,41,57,21,2,41,57,21,4,41,58,21,4,24,PRC
Hong Kong,2019,23,6,203,248,15,3,198,245,15,4,199,246,15,4,198,245,15,4,123,141,14,4,116,136,13,5,116,136,14,5,115,135,14,4,44,53,14,2,41,51,14,2,42,53,15,4,42,53,15,4,36,54,20.93263889,2.155339506,41,58,21,2,41,57,21,3,41,57,21,4,22,PRC
Hong Kong,2019,24,6,195,246,15,5,198,245,15,5,198,245,15,4,199,246,15,4,109,134,13,5,116,135,13,6,115,135,14,5,115,135,14,4,47,58,14,5,43,53,14,3,43,53,14,5,43,54,15,4,39,54,19.49054843,4.006602564,39,57,21,3,40,57,21,3,41,57,21,4,22,PRC
Hong Kong,2019,25,6,205,243,14,2,201,246,15,3,199,245,15,4,199,245,15,4,120,136,13,2,117,136,13,4,116,136,14,5,115,135,14,4,43,54,13,2,44,55,14,3,43,53,14,4,43,54,15,4,42,53,19.64406746,2.283240741,39,55,20,3,40,56,21,2,41,57,21,4,22,PRC
Hong Kong,2019,26,6,193,238,15,3,199,244,15,3,198,244,15,4,199,245,15,4,112,130,13,4,116,135,13,4,116,135,13,5,115,135,14,4,42,55,14,1,44,55,14,3,42,53,14,4,43,54,14,4,39,53,19.97748575,0.933639601,39,54,20,2,40,55,20,2,40,56,21,4,22,PRC
Hong Kong,2019,27,7,201,245,15,4,199,243,15,4,198,244,15,4,199,245,15,4,120,141,13,5,115,135,13,4,116,136,13,5,116,136,14,4,44,53,14,4,44,55,14,3,43,53,14,3,43,53,14,4,37,51,20.35123874,2.926343844,39,53,20,3,40,56,20,2,40,56,21,3,21,PRC
Hong Kong,2019,28,7,200,251,14,3,200,244,14,3,199,245,15,4,198,245,15,4,117,145,12,3,117,138,13,4,116,137,13,5,116,136,13,4,46,56,13,2,44,55,14,2,44,54,14,3,43,53,14,4,37,50,19.15442192,3.678521021,39,52,20,2,39,54,20,3,40,55,20,3,20,PRC
Hong Kong,2019,29,7,192,243,15,3,197,244,14,3,199,245,15,3,198,245,15,4,112,136,12,3,115,138,13,4,116,137,13,4,116,136,13,4,45,57,15,7,44,55,14,3,44,55,14,3,44,54,14,4,35,50,21.60905556,1.100865079,37,51,20,2,38,53,20,2,39,54,20,2,21,PRC
Hong Kong,2019,30,7,192,235,15,4,196,244,15,4,198,244,15,3,198,244,15,4,115,136,13,3,116,140,13,3,116,137,13,4,116,137,13,4,41,53,15,6,44,55,14,5,44,55,14,4,43,54,14,4,36,46,20.73986883,4.778796296,36,49,20,3,38,51,20,3,39,53,20,2,20,PRC
Hong Kong,2019,31,7,196,235,16,12,195,241,15,6,197,242,15,5,197,243,15,4,114,133,14,13,115,138,13,5,115,136,13,5,115,136,13,5,40,49,16,11,43,54,15,6,44,54,14,5,43,53,14,4,42,53,20.59005952,11.81493386,38,50,21,5,38,51,20,4,39,54,20,3,23,PRC
Hong Kong,2019,32,8,186,246,15,4,192,240,15,6,196,242,15,4,196,243,15,4,107,134,13,4,112,135,13,6,115,136,13,5,115,136,13,5,47,61,15,3,43,55,15,7,44,55,14,4,43,54,14,4,32,51,21.11585938,3.118932292,36,50,21,5,38,51,20,4,38,53,20,3,21,PRC
Hong Kong,2019,33,8,190,228,14,3,191,236,15,6,194,240,15,5,196,242,15,4,113,131,12,2,112,134,13,6,114,136,13,5,115,136,13,4,37,47,14,6,41,53,15,6,43,54,14,5,43,54,14,4,40,50,20.29608333,2.276041667,38,50,21,5,37,51,20,4,38,52,20,3,22,PRC
Hong Kong,2019,34,8,186,228,15,6,190,234,15,6,193,239,15,5,195,241,15,4,101,119,14,5,109,129,13,6,112,134,13,5,114,135,13,4,45,56,15,7,42,53,15,7,43,54,15,6,43,54,14,5,40,53,20.66622222,7.328305556,39,52,21,6,37,51,21,5,38,52,20,4,23,PRC
Hong Kong,2019,35,8,212,250,15,6,194,238,15,5,194,240,15,5,196,241,15,5,127,142,14,6,112,132,13,4,113,135,13,5,114,135,13,5,48,59,14,8,44,56,14,6,44,55,15,6,44,55,14,5,37,49,20.49587087,5.405015015,37,51,21,5,37,50,21,5,38,51,20,4,20,PRC
Hong Kong,2019,36,9,188,240,16,4,194,237,15,5,193,238,15,5,195,240,15,5,108,136,14,6,112,132,13,5,112,133,13,5,114,135,13,5,45,57,16,2,44,55,15,6,44,55,15,6,44,55,14,5,35,47,19.3615,3.13402381,38,50,20,5,37,50,21,5,38,51,20,4,20,PRC
Hong Kong,2019,37,9,207,250,15,4,198,242,15,5,195,239,15,5,195,241,15,5,109,130,13,4,111,132,14,5,112,133,13,5,113,134,13,5,48,60,14,3,47,58,15,5,44,55,15,6,44,55,15,5,50,60,20.44921111,2.413461111,41,52,20,5,39,51,20,5,38,51,20,4,24,PRC
Hong Kong,2019,38,9,192,239,14,3,200,245,15,4,195,240,15,5,195,241,15,5,116,132,13,4,115,135,13,5,112,132,13,5,113,135,13,5,44,59,14,2,46,59,15,4,44,56,15,5,44,56,15,5,32,48,19.24268229,0.975182292,39,51,20,3,39,51,20,5,38,51,20,4,20,PRC
Hong Kong,2019,39,9,180,226,14,4,192,239,15,4,193,238,15,4,193,239,15,5,109,130,12,5,111,132,13,5,111,132,13,5,112,134,13,5,39,51,15,3,44,57,15,3,44,56,15,4,44,55,15,5,32,45,18.79490451,2.186302083,37,50,19,2,37,50,20,3,37,50,20,4,20,PRC
Hong Kong,2019,40,10,174,211,15,11,188,232,15,5,191,234,15,5,191,236,15,5,100,121,14,15,109,128,13,7,110,130,13,6,111,132,13,6,44,55,14,6,44,56,14,3,44,56,14,5,44,55,15,5,30,35,20.38219444,1.423962963,36,47,20,2,37,48,20,3,37,49,20,4,17,PRC
Hong Kong,2019,41,10,185,232,14,7,183,227,14,6,191,235,15,6,191,235,15,6,107,133,13,8,108,129,13,8,110,130,13,7,111,131,13,6,46,56,14,8,43,55,14,5,45,57,14,5,44,55,15,5,32,43,19.69850694,1.791640625,32,43,20,2,36,48,20,3,37,48,20,4,19,PRC
Hong Kong,2019,42,10,174,231,15,3,178,225,14,6,189,235,15,5,189,235,15,6,93,120,13,3,102,126,13,8,109,131,13,6,109,130,13,6,42,59,14,2,43,55,14,5,45,57,14,4,44,56,15,5,39,52,19.78779915,2.248205128,33,44,20,2,36,47,20,2,37,49,20,4,23,PRC
Hong Kong,2019,43,10,191,245,16,4,181,230,15,6,186,234,15,5,189,236,15,5,109,134,14,5,102,127,13,8,106,130,13,6,108,130,13,6,45,57,16,3,44,57,14,5,44,57,15,4,44,56,14,4,37,54,22.16114865,4.961501502,35,46,21,3,36,48,20,2,36,49,20,3,22,PRC
Hong Kong,2019,44,11,182,241,15,4,183,237,15,4,186,234,15,5,188,235,15,5,105,133,14,3,104,130,13,5,106,129,13,6,108,130,13,6,40,56,15,4,43,57,15,4,44,57,14,4,44,56,15,4,37,52,20.12397898,4.408025526,36,50,20,3,36,49,20,3,37,49,20,3,22,PRC
Hong Kong,2019,45,11,186,228,14,2,183,236,15,3,183,232,15,5,188,235,15,5,107,123,13,3,104,128,13,3,106,128,13,6,108,129,13,6,38,49,14,2,41,55,15,3,42,55,14,4,44,56,15,4,41,56,18.50620596,1.604417344,39,54,20,3,35,48,20,2,37,50,20,3,25,PRC
Hong Kong,2019,46,11,192,236,15,6,188,238,15,4,183,231,15,5,189,236,15,5,111,137,13,2,108,132,13,3,105,129,13,6,108,131,13,5,44,52,16,18,42,54,15,7,42,54,15,6,44,56,15,5,37,47,19.6122973,4.680758258,38,52,20,4,36,48,20,3,37,49,20,3,20,PRC
Hong Kong,2019,47,11,196,244,14,3,189,237,15,4,185,234,15,5,187,235,15,5,109,131,13,2,108,131,13,2,105,129,13,5,107,130,13,5,48,59,14,6,43,54,15,7,43,55,15,6,44,56,15,5,39,54,17.29442308,2.229074074,39,52,19,3,37,49,20,3,37,49,20,3,22,PRC
Hong Kong,2019,48,11,184,225,14,2,190,233,14,3,186,235,15,4,187,234,15,4,109,126,12,2,109,129,13,2,106,130,13,3,107,129,13,5,43,53,14,4,43,53,14,8,43,55,15,6,43,56,14,5,32,46,17.12366319,1.795902778,37,51,18,3,37,51,19,3,37,49,19,3,20,PRC
Hong Kong,2019,49,12,177,217,15,3,187,231,14,4,185,233,15,3,184,231,15,4,101,125,13,2,108,130,13,2,106,129,13,3,106,129,13,5,37,44,14,2,43,52,14,8,42,54,15,5,43,54,14,5,39,48,20.30779915,3.388062678,37,49,19,3,38,51,19,3,36,48,19,3,22,PRC
Hong Kong,2019,50,12,202,244,14,3,190,233,14,3,189,235,15,3,185,232,15,4,118,138,13,2,109,130,13,2,109,131,13,3,107,129,13,4,47,56,14,3,44,53,14,4,43,53,15,5,43,54,14,5,37,50,18.5458033,6.293115616,37,50,18,3,37,51,19,4,36,49,19,3,20,PRC
Hong Kong,2019,51,12,193,231,15,3,189,229,14,3,189,233,14,3,186,232,15,4,112,130,13,5,110,130,13,3,109,130,13,3,107,129,13,4,45,53,15,1,43,52,14,3,43,53,14,5,43,54,14,5,36,48,19.94565586,1.931705247,36,48,19,3,37,50,19,3,36,49,19,3,21,PRC
Hong Kong,2019,52,12,189,238,14,3,190,233,14,3,190,233,14,3,188,234,15,4,112,135,12,3,111,132,13,3,110,131,13,3,108,130,13,3,42,54,14,2,43,52,14,2,43,53,14,5,43,54,15,5,35,49,19.27260317,5.997111111,37,49,20,4,37,50,19,3,37,50,19,3,21,PRC
Hong Kong,2020,1,1,176,176,14,10,190,222,14,5,189,226,14,4,187,230,15,4,109,109,13,11,113,128,13,5,110,129,13,4,108,128,13,4,37,37,15,10,43,50,15,4,43,51,15,6,42,52,15,5,30,30,18.34625,8.503240741,35,44,19,6,36,47,19,4,37,49,19,4,17,PRC
Hong Kong,2020,2,1,208,254,15,6,192,225,14,6,191,229,14,4,190,232,15,4,126,150,13,4,115,131,13,6,112,131,13,4,111,131,13,4,42,54,14,3,42,50,15,4,43,51,14,4,42,52,15,5,40,50,20.13165972,13.34527083,35,44,19,7,36,47,19,5,37,49,19,5,20,PRC
Hong Kong,2020,3,1,207,255,14,4,195,231,14,6,192,230,14,4,191,232,14,4,121,147,12,5,117,135,13,6,114,133,13,4,112,132,13,4,45,53,14,2,42,50,14,5,42,51,14,4,42,52,14,5,41,55,20.93117209,2.833617886,37,46,20,8,36,47,19,6,37,49,19,5,22,PRC
Hong Kong,2020,4,1,188,246,15,4,195,233,15,6,193,233,14,5,192,233,14,4,115,142,12,4,118,137,13,6,114,135,13,5,113,133,13,4,38,50,15,2,41,49,15,4,42,50,14,3,42,51,14,5,35,54,21.7645873,3.51165873,37,47,20,7,37,48,20,6,37,49,19,5,22,PRC
Hong Kong,2020,5,1,160,205,15,8,191,240,15,5,190,231,14,5,189,231,14,5,91,118,12,11,113,139,12,6,113,134,13,6,111,132,13,5,39,45,14,4,41,51,14,3,42,50,14,4,42,51,14,5,30,42,25.06611111,4.820444444,37,50,22,6,36,47,21,6,36,48,20,5,20,PRC
Hong Kong,2020,6,2,175,219,13,35,183,231,14,13,187,228,14,9,188,230,14,7,107,134,12,23,109,135,12,11,112,133,12,8,111,132,13,6,40,48,13,63,41,49,14,18,41,49,14,11,42,51,14,9,28,37,20.52084325,39.04043651,34,47,22,13,34,46,21,10,35,47,20,8,17,PRC
Hong Kong,2020,7,2,177,227,14,23,175,224,14,18,185,228,14,12,186,228,14,9,105,137,13,27,105,133,12,17,111,134,12,11,111,133,13,8,39,46,14,24,39,47,14,23,40,48,14,14,41,49,14,10,33,44,18.92540404,10.79973064,32,44,22,15,34,45,21,11,35,46,20,9,19,PRC
Hong Kong,2020,8,2,183,258,14,13,174,227,14,20,184,230,14,13,186,231,14,10,101,145,13,10,101,134,12,18,109,135,12,12,110,134,13,9,44,55,15,29,41,49,14,30,41,49,14,17,41,50,14,12,38,58,16.66424708,4.031725146,32,45,20,15,34,46,20,11,35,47,20,9,22,PRC
Hong Kong,2020,9,2,196,269,14,12,183,243,14,21,187,242,14,13,188,235,14,10,117,155,12,8,108,143,12,17,110,141,12,12,111,137,13,10,41,60,15,5,41,52,14,30,41,51,14,17,42,51,14,12,38,54,18.57034357,31.52654971,34,48,19,21,35,49,20,14,35,48,20,11,20,PRC
Hong Kong,2020,10,3,197,270,14,6,188,256,14,14,185,244,14,13,187,237,14,11,118,154,13,6,110,148,13,13,109,142,12,12,111,138,13,10,43,61,14,5,42,56,14,16,41,52,14,17,41,51,14,13,36,55,19.02146605,5.120416667,36,53,18,13,35,50,20,13,35,48,20,11,20,PRC
Hong Kong,2020,11,3,200,271,15,4,194,267,14,9,185,246,14,13,188,241,14,11,118,150,14,5,114,151,13,7,109,142,13,12,112,140,13,10,36,54,15,3,41,58,14,10,40,52,14,17,41,51,14,13,46,67,18.83367754,4.437252415,40,59,18,11,36,51,20,13,36,50,20,11,25,PRC
Hong Kong,2020,12,3,197,264,14,5,198,269,14,7,186,248,14,13,189,243,14,11,120,148,13,3,118,152,13,6,110,143,13,12,112,141,13,10,37,53,15,4,39,57,15,4,40,53,14,17,40,51,14,13,40,63,18.20870139,12.09299306,40,60,19,13,36,53,19,14,36,51,20,12,24,PRC
Hong Kong,2020,13,3,195,258,15,5,197,266,15,5,190,255,14,13,190,250,14,11,120,149,13,2,119,150,13,4,113,147,13,11,113,144,13,9,35,47,16,4,38,54,15,4,39,53,15,17,40,52,14,12,40,62,18.63180556,16.32506944,41,62,19,9,37,55,19,15,37,53,20,12,24,PRC
Hong Kong,2020,14,3,209,265,15,10,200,265,15,6,194,260,14,10,190,251,14,11,128,153,13,12,122,150,13,6,116,149,13,9,113,144,13,10,45,55,16,7,38,52,15,5,40,54,15,10,40,52,15,13,36,57,18.40449846,5.523055556,41,62,19,10,38,58,18,11,37,54,20,12,22,PRC
Hong Kong,2020,15,4,203,257,15,12,201,261,15,8,198,264,15,9,190,251,14,12,119,146,14,13,122,149,13,8,118,150,13,7,113,144,13,10,43,54,16,3,40,52,16,5,41,55,15,8,40,52,15,13,41,57,17.86983062,19.17196477,39,60,18,13,39,59,18,12,37,54,19,13,22,PRC
Hong Kong,2020,16,4,212,269,15,10,205,262,15,9,201,265,15,8,192,253,14,12,131,156,13,4,125,151,13,8,121,151,13,7,115,145,13,10,41,55,15,4,41,53,16,5,40,55,15,4,40,53,15,13,40,58,20.05646528,33.10152083,39,59,19,19,40,59,19,16,37,55,19,15,22,PRC
Hong Kong,2020,17,4,196,258,14,18,205,262,15,12,201,264,15,9,195,257,14,13,130,160,13,11,127,154,13,10,123,152,13,7,118,149,13,10,35,47,14,54,41,53,15,17,39,53,15,11,40,53,15,17,31,51,19.51467742,2.537428315,37,56,19,15,39,59,19,12,37,55,19,15,20,PRC
Hong Kong,2020,18,4,179,250,15,7,198,259,15,12,199,262,15,9,195,260,15,10,113,154,13,3,123,154,13,8,122,152,13,7,118,151,13,9,39,49,15,2,40,51,15,16,39,52,15,10,40,53,15,12,27,47,20.52442387,31.88835391,35,53,19,22,38,58,19,16,37,56,19,15,19,PRC
Hong Kong,2020,19,5,200,260,14,8,197,259,15,11,199,260,15,9,197,262,15,9,125,158,14,7,125,157,13,6,123,153,13,7,120,152,13,7,38,48,13,3,38,50,14,16,39,51,15,10,40,53,15,10,37,54,18.01346096,16.245503,34,53,20,21,37,56,19,17,38,57,19,15,21,PRC
Hong Kong,2020,20,5,187,260,14,9,191,257,14,10,198,260,15,10,198,263,15,9,116,151,13,5,121,156,13,7,123,153,13,7,121,153,13,7,42,58,15,19,39,51,14,20,40,52,15,12,40,53,15,10,29,51,18.60815134,8.48210728,31,51,19,15,35,55,19,17,37,56,19,16,20,PRC
Hong Kong,2020,21,5,199,264,15,10,191,259,15,9,198,260,15,10,198,262,15,9,128,157,14,8,121,155,13,6,124,154,13,8,122,153,13,7,38,53,14,4,39,52,15,7,40,52,15,12,39,53,15,9,33,54,20.4152862,26.51643939,32,52,19,21,34,54,19,18,36,56,19,15,20,PRC
Hong Kong,2020,22,5,204,285,15,4,198,267,15,8,198,263,15,10,198,263,15,9,123,165,14,4,123,158,13,6,123,156,13,7,123,154,13,7,41,56,17,2,40,54,15,7,40,53,15,11,39,52,15,9,40,64,19.6430625,7.073159722,35,56,19,15,35,55,19,18,37,57,19,15,22,PRC
Hong Kong,2020,23,6,207,284,15,7,199,273,15,8,198,266,15,9,199,265,15,9,129,163,14,6,124,159,13,6,124,158,13,6,124,155,13,7,33,51,16,5,39,55,16,7,38,52,15,12,39,52,15,9,45,70,19.20751235,10.89115432,37,60,19,13,35,56,19,17,37,57,19,16,25,PRC
Hong Kong,2020,24,6,183,262,16,4,198,274,15,6,194,265,15,8,198,264,15,9,119,156,14,5,125,160,14,6,123,158,13,6,123,156,13,7,36,49,17,3,37,52,16,3,38,51,15,12,39,52,15,9,28,57,20.57950397,5.364146825,37,61,20,12,34,56,20,14,36,57,19,15,22,PRC
Hong Kong,2020,25,6,202,275,15,5,199,277,15,5,195,268,15,7,198,266,15,9,130,170,14,6,125,164,14,5,123,159,13,6,124,157,13,7,35,47,16,3,36,51,16,3,38,51,16,5,39,52,15,9,37,58,19.77045796,4.519977477,38,62,20,7,35,57,20,14,35,57,19,14,21,PRC
Hong Kong,2020,26,6,192,252,15,4,196,268,15,5,197,268,15,7,197,265,15,8,118,148,14,4,124,159,14,5,124,159,14,6,123,157,13,6,41,51,14,2,36,50,16,3,38,52,15,5,39,52,15,9,33,53,20.4754798,6.619713805,36,60,20,7,35,58,20,11,35,56,20,14,21,PRC
Hong Kong,2020,27,7,200,255,15,5,194,261,15,5,197,267,15,6,197,265,15,8,124,150,13,5,123,156,14,5,123,158,14,5,124,157,13,6,41,51,16,3,38,50,16,3,38,52,16,5,38,51,15,9,35,54,21.65127778,6.435388889,33,56,21,6,35,58,20,9,35,56,20,13,21,PRC
Hong Kong,2020,28,7,203,262,15,7,199,261,15,5,199,267,15,6,196,264,15,7,127,157,14,5,125,156,14,5,125,158,14,5,124,157,13,6,37,48,16,7,39,49,15,4,38,51,16,4,38,51,15,9,39,57,19.15173077,12.12406695,36,56,20,7,36,58,20,10,35,56,20,12,22,PRC
Hong Kong,2020,29,7,206,252,15,6,200,255,15,5,200,266,15,5,197,263,15,6,130,151,13,5,125,152,13,5,125,158,14,5,124,157,13,5,44,51,16,3,41,50,15,4,39,51,16,3,39,51,15,5,32,50,18.5553559,11.05284722,35,54,20,9,36,58,20,8,35,56,20,12,20,PRC
Hong Kong,2020,30,7,204,257,14,3,203,257,15,5,200,262,15,5,199,264,15,6,132,157,13,3,128,154,13,4,126,157,14,5,125,157,13,5,40,50,15,1,41,50,16,4,38,50,16,3,39,51,15,5,32,50,18.79643229,3.946605903,35,53,20,8,35,56,20,8,35,56,20,10,19,PRC
Hong Kong,2020,31,7,212,273,15,6,206,261,15,5,200,261,15,5,200,265,15,6,133,165,14,5,131,158,13,4,127,157,14,5,126,158,13,5,43,53,17,9,41,51,16,5,40,50,16,4,39,52,16,5,36,55,20.22382716,3.079729938,35,53,19,8,34,54,20,7,35,56,20,9,20,PRC
Hong Kong,2020,32,8,209,266,15,4,208,262,15,5,204,262,15,5,202,266,15,5,129,158,13,4,131,158,13,4,128,157,13,5,127,158,13,5,41,52,18,3,42,52,16,4,40,50,16,4,39,51,16,4,39,56,19.72970085,7.154351852,35,53,19,6,35,54,20,7,36,57,20,9,21,PRC
Hong Kong,2020,33,8,199,264,15,4,206,265,15,4,203,260,15,5,202,266,15,5,127,160,14,4,130,160,13,4,128,156,13,4,127,158,14,5,40,56,14,3,41,53,16,4,41,52,16,4,39,51,16,4,32,48,20.83210938,3.669635417,35,52,20,4,35,53,20,7,36,56,20,7,18,PRC
Hong Kong,2020,34,8,211,276,16,10,208,270,16,6,206,263,15,5,202,265,15,5,129,166,14,9,130,162,14,5,129,158,14,5,127,158,14,5,46,57,19,11,43,55,17,7,42,52,16,5,40,51,16,4,36,53,21.16131944,13.32094136,36,53,20,7,35,53,20,8,35,55,20,7,19,PRC
Hong Kong,2020,35,8,202,282,15,4,205,272,15,6,206,267,15,5,202,265,15,5,124,167,13,5,127,163,14,5,129,160,14,5,127,159,14,5,42,60,15,3,42,56,16,5,42,53,16,5,41,52,16,4,36,55,19.74815586,4.021350309,36,53,20,7,35,53,20,7,35,54,20,7,20,PRC
Hong Kong,2020,36,9,212,276,16,4,206,275,16,6,207,268,15,5,204,266,15,5,136,173,14,4,129,167,14,5,130,162,14,5,128,160,14,5,42,52,17,3,43,56,16,5,42,54,16,5,41,52,16,4,34,51,22.19086601,4.501772876,35,52,21,6,35,52,20,6,35,53,20,7,18,PRC
Hong Kong,2020,37,9,208,267,15,4,208,275,15,6,207,270,15,5,205,265,15,5,127,162,13,4,129,167,14,5,130,164,14,5,128,160,14,5,40,51,16,4,43,55,17,5,42,54,16,5,41,53,16,4,41,54,18.70322493,7.000284553,37,53,20,7,36,53,20,6,35,53,20,7,20,PRC
Hong Kong,2020,38,9,214,279,14,3,209,276,15,4,208,273,15,5,207,267,15,5,137,175,13,4,131,169,13,4,130,166,14,5,130,162,14,5,46,54,15,3,43,54,16,3,43,54,16,5,42,53,16,5,31,50,17.99587814,0.922715054,36,53,20,4,36,53,20,5,35,53,20,6,18,PRC
Hong Kong,2020,39,9,205,271,15,4,210,273,15,4,208,273,15,5,207,269,15,5,130,169,14,5,133,170,13,4,130,166,14,5,130,163,14,5,40,55,15,3,42,53,16,3,42,55,16,4,42,53,16,5,35,47,20.07161111,1.367269841,35,51,20,3,36,52,20,5,35,52,20,6,17,PRC
Hong Kong,2020,40,9,203,268,15,3,208,271,15,4,207,273,15,5,207,269,15,5,129,164,14,3,131,168,14,4,130,167,14,5,130,164,14,5,38,52,16,4,41,53,16,3,42,55,16,4,42,54,16,4,36,52,19.46033951,2.893132716,36,51,19,3,35,51,20,5,35,52,20,5,19,PRC
Hong Kong,2020,41,10,199,261,15,6,205,270,15,4,207,273,15,5,207,270,15,5,121,156,13,5,129,166,14,4,129,167,14,5,130,164,14,5,48,59,16,7,43,55,15,4,43,55,16,5,42,54,16,5,30,46,20.01018519,6.723768519,33,49,19,3,35,51,20,5,35,51,20,5,18,PRC
Hong Kong,2020,42,10,186,236,16,7,198,259,15,5,204,268,15,4,205,268,15,5,115,144,14,6,124,158,14,5,127,164,14,4,128,163,14,5,34,44,16,6,40,53,16,5,41,53,16,4,42,54,16,5,37,48,20.62031532,8.389917417,35,48,20,5,35,50,20,4,35,51,20,5,20,PRC
Hong Kong,2020,43,10,204,264,15,4,198,257,15,5,204,265,15,4,204,268,15,5,130,164,13,4,124,157,14,5,128,163,14,4,128,163,14,5,42,55,15,3,41,53,16,5,41,53,16,4,42,54,16,4,32,45,19.86932292,7.600190972,34,48,20,6,35,49,20,5,35,50,20,6,17,PRC
Hong Kong,2020,44,10,205,266,15,5,199,257,15,5,203,264,15,5,204,268,15,5,136,171,14,5,126,159,14,5,128,163,14,5,128,164,14,5,35,50,16,4,40,52,16,5,40,53,16,4,41,54,16,5,34,45,19.66970588,3.451094771,33,46,20,7,35,48,20,5,35,50,20,5,17,PRC
Hong Kong,2020,45,11,191,239,16,6,197,251,15,5,201,261,15,5,203,265,15,5,123,155,14,6,126,159,14,5,128,162,14,5,128,164,14,5,36,40,17,7,37,47,16,5,40,51,16,5,41,52,16,5,32,44,20.28025174,4.432543403,34,46,20,6,33,47,20,4,35,49,20,5,18,PRC
Hong Kong,2020,46,11,185,238,14,5,196,252,15,5,197,255,15,5,201,262,15,5,113,145,12,6,126,159,14,5,125,159,14,5,127,162,14,5,41,51,16,4,39,49,16,5,39,51,16,5,40,52,16,4,31,42,19.93501792,4.264498208,32,44,20,5,33,46,20,5,34,48,20,5,18,PRC
Hong Kong,2020,47,11,214,260,16,4,199,251,15,5,198,254,15,5,202,260,15,5,138,162,14,5,128,158,14,5,126,158,14,5,128,162,14,5,37,50,17,4,37,48,17,5,39,50,16,5,40,51,16,4,39,48,20.37608262,3.44977208,34,45,20,4,34,46,20,5,34,48,20,5,18,PRC
Hong Kong,2020,48,11,190,246,15,3,195,246,15,5,197,251,15,5,200,258,15,5,124,156,14,3,125,155,13,5,125,157,14,5,127,160,14,5,37,46,16,4,38,47,17,5,39,49,16,5,40,51,16,4,29,44,22.2781705,2.774272031,33,45,21,4,33,45,20,5,34,47,20,4,18,PRC
Hong Kong,2020,49,12,192,251,16,3,195,249,15,4,196,250,15,5,199,257,15,4,121,156,14,4,124,155,14,4,125,157,14,5,126,160,14,5,44,55,15,2,40,51,16,4,38,49,16,4,40,51,16,4,27,40,21.48995885,3.728930041,32,44,21,4,33,45,21,5,33,46,20,4,16,PRC
Hong Kong,2020,50,12,207,256,16,5,201,253,16,4,199,253,15,5,198,255,15,5,133,162,14,4,129,159,14,4,127,159,14,5,126,159,14,5,39,50,16,8,39,50,16,5,39,50,16,5,39,51,16,5,35,44,22.64512698,6.639253968,33,44,22,4,32,44,21,5,33,45,21,5,17,PRC
Hong Kong,2020,51,12,194,242,16,4,196,249,16,4,197,250,15,5,198,252,15,5,121,144,14,3,125,155,14,3,126,156,14,4,125,157,14,5,37,52,17,8,39,51,16,6,38,49,16,5,39,50,16,5,36,46,20.98080247,2.690524691,32,44,22,4,33,44,21,4,33,45,21,5,19,PRC
Hong Kong,2020,52,12,209,268,16,4,201,254,16,4,198,250,16,4,198,252,15,5,132,164,14,4,127,157,14,4,126,156,14,4,126,157,14,5,40,55,16,4,40,53,16,6,39,50,16,5,39,51,16,5,37,49,24.5271997,3.523055556,34,45,22,4,33,45,22,4,33,45,21,5,18,PRC
Hong Kong,2020,53,12,90,143,14,3,175,227,16,4,185,238,15,4,189,242,15,5,55,82,12,4,110,138,14,4,117,146,14,4,120,150,14,4,21,32,15,1,34,47,16,5,37,49,16,4,37,48,16,5,14,29,19.47587302,4.546309524,31,42,22,4,31,43,21,4,32,44,21,5,20,PRC
Hong Kong,2021,1,1,196,252,16,5,172,226,16,4,187,240,16,4,190,244,15,4,128,162,14,5,109,138,14,4,119,149,14,4,121,152,14,4,40,45,16,4,35,46,16,4,37,48,16,4,37,48,16,4,28,45,22.85599206,2.604394841,29,42,22,3,31,43,22,4,31,43,21,4,18,PRC
Hong Kong,2021,2,1,219,269,16,6,179,233,16,4,187,241,16,4,191,244,16,4,140,172,15,6,114,145,14,5,119,150,14,4,122,153,14,5,49,59,17,6,38,48,16,4,38,49,16,5,38,49,16,5,30,38,24.69219444,3.980074074,27,40,23,4,30,42,22,4,31,43,22,4,14,PRC
Hong Kong,2021,3,1,201,265,16,4,177,232,16,4,189,243,16,4,191,244,16,4,134,173,14,3,114,147,14,4,121,152,14,4,122,153,14,4,35,48,18,3,36,46,17,4,38,50,16,5,38,49,16,5,32,44,24.36884549,5.217907986,26,39,23,4,30,42,23,4,31,43,22,4,17,PRC
Hong Kong,2021,4,1,185,248,16,4,200,259,16,5,188,243,16,4,190,245,16,4,119,150,15,4,130,164,14,4,120,151,14,4,122,152,14,4,34,46,16,7,40,50,17,5,37,48,16,5,38,49,16,5,32,52,22.79030382,3.98203125,31,45,24,4,31,43,23,4,31,43,22,4,21,PRC
Hong Kong,2021,5,1,192,247,16,5,199,257,16,5,186,242,16,4,191,246,16,4,128,159,14,4,130,164,14,4,120,151,14,4,123,154,14,4,37,48,18,9,39,50,17,7,37,48,17,5,38,49,16,5,27,40,24.34983539,6.671893004,30,44,24,5,30,43,23,4,31,43,23,4,16,PRC
Hong Kong,2021,6,2,188,257,16,8,192,254,16,5,185,244,16,5,189,245,16,5,118,157,13,9,125,160,14,5,119,152,14,5,121,153,14,4,40,56,17,5,37,50,17,6,37,49,17,5,38,49,16,5,30,44,23.43664815,9.732203704,30,45,24,6,29,43,23,5,30,43,23,5,17,PRC
Hong Kong,2021,7,2,174,246,14,6,185,250,15,6,181,241,16,5,187,245,16,5,110,146,12,6,119,153,14,6,117,150,14,5,120,152,14,5,34,51,14,7,36,50,16,7,36,48,16,5,38,50,16,5,30,49,18.62185185,4.200416667,30,46,22,6,28,43,23,5,30,43,23,5,20,PRC
Hong Kong,2021,8,2,191,229,16,6,186,245,15,6,193,252,16,5,187,244,16,5,122,142,14,7,120,151,13,6,125,158,14,5,120,151,14,5,32,39,15,3,36,49,16,6,38,49,16,6,37,48,16,6,37,48,22.48005255,5.620765766,31,45,22,7,31,45,23,5,31,44,23,5,21,PRC
Hong Kong,2021,9,2,201,252,16,4,189,246,15,6,194,252,16,5,187,243,16,5,131,160,14,3,120,151,13,6,125,157,14,5,120,151,14,5,43,52,15,6,37,50,15,5,38,50,16,6,37,49,16,5,27,40,22.22281893,4.919866255,31,45,22,6,31,44,23,6,30,44,23,5,16,PRC
Hong Kong,2021,10,3,217,268,17,6,196,249,15,5,194,252,16,5,189,245,16,5,146,174,15,6,127,156,14,6,126,158,14,5,122,153,14,5,40,49,17,3,37,48,15,5,37,49,16,6,37,48,16,5,31,45,23.57681004,5.6740681,31,46,22,5,31,45,23,6,30,44,23,5,17,PRC
Hong Kong,2021,11,3,201,260,16,4,203,252,16,5,194,251,16,5,188,245,16,5,130,170,14,5,132,162,14,5,126,157,14,5,122,154,14,5,38,47,17,4,38,47,16,4,37,49,16,6,37,48,16,5,33,43,20.91984848,3.223619529,32,44,22,5,31,45,22,6,29,43,22,5,17,PRC
Hong Kong,2021,12,3,202,256,16,4,205,259,16,5,196,252,16,5,197,254,16,5,137,173,15,4,136,169,15,4,128,160,14,5,129,162,14,5,37,45,16,9,40,48,16,6,38,48,16,6,38,49,16,6,28,38,20.81893849,1.790426587,30,42,22,4,30,43,22,5,30,44,23,5,15,PRC
Hong Kong,2021,13,3,204,264,15,4,206,262,16,4,197,254,15,5,198,255,16,5,130,167,13,3,136,171,14,4,128,161,14,5,129,162,14,5,41,57,16,6,39,50,17,6,38,50,16,6,38,50,16,6,33,40,20.64151515,3.007988215,31,42,21,3,31,43,22,5,31,43,22,5,15,PRC
Hong Kong,2021,14,3,208,264,15,4,204,261,15,4,200,255,15,5,197,255,16,5,144,177,14,5,135,172,14,4,131,164,14,5,129,162,14,5,34,47,16,4,38,49,16,6,37,48,16,5,37,49,16,6,30,40,20.75012037,1.88337963,31,40,21,2,31,43,21,4,31,44,22,5,15,PRC
Hong Kong,2021,15,4,207,268,16,4,205,263,15,4,204,258,16,4,198,255,16,5,135,179,15,4,137,174,14,4,134,168,14,4,129,163,14,5,45,52,15,4,39,50,16,6,39,49,16,5,38,49,16,6,27,37,21.28179012,3.904084362,30,39,21,3,31,41,22,4,30,43,22,5,14,PRC
Hong Kong,2021,16,4,201,252,16,4,205,262,16,4,205,261,16,4,199,255,16,5,136,167,14,4,136,173,14,4,136,171,14,4,131,164,14,5,31,42,17,3,38,50,16,4,39,49,16,5,38,49,16,5,34,43,24.1358415,6.94245098,31,40,22,4,30,41,22,4,31,42,22,5,17,PRC
Hong Kong,2021,17,4,234,278,17,7,213,266,16,5,209,264,16,5,202,258,16,5,150,174,16,6,141,174,15,5,139,173,14,5,132,166,14,5,45,53,18,14,39,49,17,6,39,49,17,6,38,49,16,6,39,51,23.58368946,5.184202279,33,43,22,4,32,42,22,4,32,43,22,5,18,PRC
Hong Kong,2021,18,4,203,281,17,7,211,270,17,6,208,265,16,5,204,260,16,5,134,177,15,8,139,174,15,5,137,173,15,5,134,167,14,5,43,60,19,6,41,52,17,7,39,50,17,6,39,50,16,6,26,44,22.6233547,6.323119658,32,44,23,6,31,42,22,4,31,43,22,4,16,PRC
Hong Kong,2021,19,5,195,252,17,10,208,266,17,7,207,264,16,6,205,260,16,5,129,161,15,4,137,170,15,6,137,172,15,5,135,168,15,5,35,49,19,33,39,51,18,14,39,51,17,10,39,49,17,8,31,42,22.72942652,5.457670251,33,45,23,6,31,42,22,4,31,43,22,4,17,PRC
Hong Kong,2021,20,5,204,273,18,6,209,271,17,8,207,267,16,6,206,264,16,5,134,179,16,6,137,173,16,6,137,173,15,5,136,172,15,5,35,50,17,6,40,53,18,15,39,51,17,9,39,50,17,8,35,44,24.46203968,4.258912698,33,45,23,5,32,43,23,5,31,42,22,4,16,PRC
Hong Kong,2021,21,5,211,286,19,14,203,273,18,9,208,269,17,7,207,267,17,6,140,185,17,9,134,176,16,7,138,175,15,6,137,174,15,5,37,52,19,27,38,53,18,18,38,51,18,12,38,50,17,10,34,49,25.58618464,15.8580719,32,45,24,8,32,44,23,6,32,43,23,5,17,PRC
Hong Kong,2021,22,5,190,287,21,21,200,275,19,12,206,272,18,9,205,268,17,7,111,166,19,19,129,173,17,10,134,174,16,8,134,173,15,6,43,59,19,20,38,53,19,21,39,52,18,14,39,51,17,11,36,62,29.71250772,26.30199846,34,49,26,13,33,47,24,9,32,44,23,7,22,PRC
Hong Kong,2021,23,6,179,273,22,33,196,280,20,18,202,273,18,13,203,270,17,10,119,168,20,34,126,175,18,17,132,172,17,11,133,173,16,9,35,55,23,26,38,54,20,20,38,53,19,17,38,52,18,13,25,50,29.97228889,41.44406667,33,51,27,22,33,48,25,14,32,45,24,10,18,PRC
Hong Kong,2021,24,6,185,276,24,42,191,281,21,27,200,276,19,17,202,271,18,13,121,178,22,41,123,174,19,26,130,174,17,16,132,173,16,12,35,52,21,36,38,55,21,27,39,54,19,21,38,52,18,15,29,46,35.6230364,51.54452107,31,52,30,34,32,49,27,20,32,46,25,14,17,PRC
Hong Kong,2021,25,6,174,268,24,55,182,276,23,38,193,275,20,23,199,272,19,17,120,177,21,55,118,172,20,37,126,174,18,22,131,174,17,16,32,45,26,55,36,53,22,34,37,53,20,26,38,51,19,19,22,46,40.03858586,55.17715909,28,51,34,44,30,48,29,26,31,46,27,19,17,PRC
Hong Kong,2021,26,6,139,251,27,57,169,267,24,47,185,271,21,30,194,270,20,22,87,160,23,58,112,171,21,47,120,172,19,28,126,173,18,21,29,48,26,57,33,50,24,43,35,51,21,32,37,51,20,24,23,43,40.98469807,53.36555556,25,46,37,50,29,48,31,32,30,46,28,23,17,PRC
Hong Kong,2021,27,6,119,222,26,49,154,254,25,51,175,267,23,34,186,267,21,25,79,142,23,50,102,164,22,51,114,169,20,34,122,170,18,25,21,41,27,41,29,47,25,47,33,50,22,34,35,51,21,27,19,39,38.93162281,54.24997076,23,44,39,54,28,47,33,38,29,47,30,27,18,PRC
Hong Kong,2021,28,7,132,206,25,33,141,237,26,48,166,259,23,38,180,263,21,28,80,127,22,28,92,152,22,47,107,163,21,37,117,166,19,26,33,46,25,35,29,45,26,47,33,50,23,37,35,51,22,30,19,33,34.51714912,52.5301462,21,40,39,54,26,46,34,44,28,46,31,31,16,PRC
Hong Kong,2021,29,7,122,186,23,12,128,216,25,38,155,246,24,38,171,255,22,28,71,104,19,9,79,133,22,36,99,153,21,37,110,160,19,27,21,40,26,10,26,44,26,36,31,48,24,35,33,50,22,29,30,42,31.81243519,17.84357407,23,39,37,44,25,45,35,44,27,45,31,32,23,PRC
Hong Kong,2021,30,7,144,203,21,10,129,204,24,26,149,236,24,36,166,249,22,28,101,125,19,8,83,125,21,24,97,148,21,35,108,156,20,27,20,33,19,14,24,40,24,25,28,45,24,34,31,48,22,30,23,45,31.16107488,15.98431159,23,40,34,35,24,43,35,43,27,45,32,33,22,PRC
Hong Kong,2021,31,7,121,182,21,7,130,194,22,15,142,224,24,33,160,243,22,28,75,113,19,5,82,117,20,13,92,141,21,32,103,152,20,27,23,29,23,8,24,37,23,17,27,42,24,32,30,46,23,28,23,40,25.99503623,10.51442029,24,40,31,24,24,42,35,39,27,45,32,33,22,PRC
Hong Kong,2021,32,8,151,203,19,6,135,194,21,9,138,215,23,29,156,237,23,28,94,123,16,5,85,116,18,7,88,134,20,27,100,147,20,27,31,39,23,9,24,35,23,10,26,40,24,29,30,45,23,28,26,41,26.02051282,9.699401709,26,42,29,14,23,41,34,34,26,45,33,34,20,PRC
Hong Kong,2021,33,8,153,224,20,8,142,203,20,8,135,210,23,23,151,232,23,28,101,137,18,7,93,125,18,6,86,129,20,21,97,143,20,27,31,48,18,12,26,37,21,11,26,41,23,23,30,45,23,27,21,39,30.93018519,4.884656085,23,41,29,10,23,40,33,27,25,44,33,33,17,PRC
Hong Kong,2021,34,8,157,230,20,8,146,210,20,7,137,207,22,17,148,227,23,27,104,144,19,6,94,129,18,6,88,127,19,15,96,142,20,25,29,47,19,10,29,41,21,10,26,40,23,17,28,44,23,26,24,39,28.98527778,16.29747685,24,40,28,10,23,40,31,23,24,42,33,32,17,PRC
Hong Kong,2021,35,8,186,240,20,12,162,224,20,9,146,209,21,12,149,224,22,25,116,139,17,6,104,136,17,6,93,127,19,9,96,139,20,23,44,59,21,14,34,48,20,11,29,43,22,14,29,44,23,25,26,42,29.56897436,29.7178312,24,40,29,15,24,40,30,20,24,41,33,31,18,PRC
Hong Kong,2021,36,9,147,217,22,13,161,228,21,10,148,211,21,9,145,219,22,22,105,141,20,10,107,140,18,7,96,128,18,7,94,136,20,21,20,38,22,10,31,48,20,11,27,42,21,11,28,43,23,23,22,38,35.60185606,34.12958333,23,40,31,21,24,41,30,17,23,41,33,30,18,PRC
Hong Kong,2021,37,9,150,210,21,8,160,224,21,10,151,214,20,9,143,215,22,19,95,130,18,6,105,139,18,7,99,132,18,7,92,132,19,16,32,40,21,9,31,46,21,11,29,42,21,11,28,42,22,19,23,40,29.51134058,12.32904589,24,40,31,23,24,41,30,17,23,40,32,26,19,PRC
Hong Kong,2021,38,9,150,211,20,7,158,220,21,10,152,215,20,9,144,211,21,14,102,138,17,6,105,137,18,7,99,133,18,6,94,130,19,12,29,37,22,4,31,44,21,9,30,42,21,10,28,41,22,15,19,36,31.63065789,14.6569883,23,39,32,23,23,39,30,17,23,40,31,23,17,PRC
Hong Kong,2021,39,9,169,222,20,8,154,215,21,9,158,220,20,9,149,211,21,11,112,146,17,6,104,139,18,7,104,137,18,6,96,131,18,8,32,39,22,4,28,39,22,6,31,43,21,9,29,41,22,12,25,37,30.50822222,27.31008889,22,38,32,22,23,39,30,19,23,39,31,20,17,PRC
Hong Kong,2021,40,10,147,204,21,21,154,212,20,11,157,220,20,11,150,211,21,10,91,122,18,20,100,134,18,9,103,137,18,8,97,130,18,8,39,49,22,21,33,41,22,9,32,45,21,10,29,42,21,10,17,33,31.83109477,28.8945915,21,37,31,21,22,38,31,21,23,39,30,19,16,PRC
Hong Kong,2021,41,10,156,230,23,49,156,217,21,21,158,221,21,16,153,215,21,13,94,137,21,43,100,136,18,18,102,137,18,13,99,133,18,11,34,52,25,53,34,44,23,20,32,45,22,15,30,43,21,14,28,41,31.9412004,63.01748016,22,37,31,33,23,38,31,28,23,39,30,22,18,PRC
Hong Kong,2021,42,10,146,253,23,30,155,227,22,27,156,223,21,18,153,219,21,15,105,164,22,28,101,142,19,24,103,140,19,15,100,136,18,12,20,44,23,40,31,46,23,29,31,45,22,19,30,43,22,16,21,45,32.41121693,31.10669312,23,39,32,38,23,39,32,30,23,39,30,24,18,PRC
Hong Kong,2021,43,10,139,227,25,29,147,229,23,32,151,222,22,20,154,223,21,17,90,144,22,24,95,142,21,28,99,140,19,18,101,139,19,14,26,40,22,36,30,46,23,37,29,42,22,22,31,44,22,18,23,43,35.4528744,38.11144928,22,41,33,40,22,39,32,31,23,40,31,26,19,PRC
Hong Kong,2021,44,10,137,216,26,23,145,232,24,32,149,222,22,22,153,224,22,18,80,131,23,25,92,144,22,30,96,139,20,20,100,139,19,15,33,46,28,23,28,46,24,38,31,43,23,24,31,45,22,20,24,39,30.65778935,14.37828704,24,42,33,37,23,39,32,29,23,39,32,26,18,PRC
Hong Kong,2021,45,11,152,222,25,14,144,230,25,24,150,223,23,23,153,224,22,18,104,148,22,14,95,147,22,23,97,141,20,21,100,140,20,16,23,38,24,5,26,42,24,26,30,43,24,23,30,44,23,19,25,36,38.52461111,24.04631111,23,41,34,27,23,39,33,30,23,39,32,28,16,PRC
Hong Kong,2021,46,11,150,214,24,17,145,220,25,21,150,224,23,24,152,222,22,19,95,135,21,14,92,140,22,19,96,141,21,22,99,140,20,17,35,49,23,23,29,43,24,22,30,45,24,26,31,44,23,20,20,30,37.98954167,19.35572222,23,37,36,24,23,38,34,31,23,38,33,28,14,PRC
Hong Kong,2021,47,11,160,217,21,11,150,217,24,16,148,223,23,24,150,220,23,19,102,132,19,8,95,137,21,15,95,139,21,22,98,139,20,17,33,49,22,14,31,46,24,16,30,46,24,27,30,43,23,20,25,36,28.96258889,19.37438889,24,35,34,19,23,38,33,30,23,38,33,27,17,PRC
Hong Kong,2021,48,11,136,206,23,9,150,215,23,13,147,223,24,23,149,219,23,19,88,131,20,6,97,137,21,11,95,140,21,20,97,138,20,17,28,43,25,15,30,45,24,14,29,45,24,26,30,44,23,21,20,32,32.64970833,14.93020833,23,34,35,19,23,38,34,28,23,37,33,26,16,PRC
Hong Kong,2021,49,12,157,201,20,8,151,210,22,11,147,220,23,18,150,219,23,19,108,136,18,8,98,134,20,9,97,140,21,16,98,139,20,17,30,40,20,7,32,45,22,15,29,44,23,20,30,44,23,20,19,25,30.82416667,12.28385965,21,31,33,16,22,36,33,22,22,36,33,26,12,PRC
Hong Kong,2021,50,12,133,178,20,4,147,201,21,8,146,210,23,14,149,216,23,19,91,119,18,3,97,130,19,6,95,135,21,13,97,137,20,16,22,30,21,7,28,41,22,11,29,42,23,16,30,43,23,21,20,29,29.30766667,4.911625,21,31,30,13,22,34,33,18,22,36,33,25,16,PRC
Hong Kong,2021,51,12,141,179,19,3,142,191,21,6,146,204,22,11,146,212,23,18,94,122,17,4,95,127,18,5,95,132,20,10,95,135,20,16,25,31,19,4,26,36,21,8,29,41,23,12,29,43,23,21,22,26,26.4272096,0.752777778,20,28,30,8,22,32,32,14,22,35,32,23,15,PRC
Hong Kong,2021,52,12,87,124,17,1,130,171,19,4,140,193,21,8,141,206,22,16,58,86,16,1,88,116,17,4,93,126,19,7,92,132,20,15,20,24,17,1,24,31,19,5,27,38,21,10,27,41,22,19,9,14,27.22033951,0.622376543,18,24,28,5,20,29,31,12,21,33,32,20,11,PRC
Hong Kong,2021,53,12,115,115,15,7,119,149,18,4,135,179,20,8,138,196,22,13,72,72,13,7,79,100,16,4,89,117,18,6,91,127,19,12,18,18,14,1,21,26,18,3,26,36,20,9,26,38,21,15,25,25,21.45932222,12.78907778,19,24,26,5,20,27,29,11,21,32,31,16,22,PRC
Hong Kong,2022,1,1,150,192,18,3,123,153,17,3,135,177,19,6,138,191,21,11,100,128,16,3,81,102,15,4,89,116,17,5,90,124,19,10,31,40,19,1,24,28,17,2,26,34,20,6,27,37,21,11,19,24,28.14355263,1.290526316,19,22,26,4,20,26,28,8,21,30,31,14,13,PRC
Hong Kong,2022,2,1,158,194,17,4,128,156,17,4,135,174,19,5,140,188,20,9,106,132,14,5,84,105,15,4,90,116,17,5,92,123,18,8,27,34,18,0,24,29,17,1,25,33,19,5,27,37,21,8,25,28,25.67084444,2.599011111,20,23,26,4,20,25,28,6,21,29,30,11,14,PRC
Hong Kong,2022,3,1,176,209,17,5,150,178,17,5,140,174,18,4,143,188,20,7,125,147,15,4,101,120,15,5,94,118,16,4,95,124,18,6,28,33,17,8,26,31,17,3,25,31,18,4,27,36,20,7,23,29,25.16208937,3.64781401,23,27,25,5,20,25,27,5,21,28,29,10,14,PRC
Hong Kong,2022,4,1,152,191,16,8,159,197,17,5,139,173,17,4,143,185,19,7,98,124,15,12,107,133,15,6,93,116,16,5,95,122,17,6,32,39,16,0,30,37,17,3,25,31,18,3,27,36,19,7,22,28,24.25405303,4.106729798,22,27,26,3,21,25,26,4,21,27,28,8,15,PRC
Hong Kong,2022,5,1,156,197,16,4,161,198,16,5,142,175,17,4,143,184,18,6,96,123,14,5,106,132,14,6,94,117,15,5,95,121,16,5,33,40,16,5,30,37,17,4,27,32,17,3,27,35,19,5,27,34,22.14496914,2.569454733,24,30,24,3,22,26,25,4,21,28,27,7,17,PRC
Hong Kong,2022,6,2,150,192,17,4,159,197,16,6,143,177,17,5,143,182,18,5,103,126,14,2,106,130,14,6,95,117,15,5,95,121,16,5,27,39,19,15,30,38,17,7,27,33,17,4,27,34,18,5,20,27,25.95136111,1.665444444,23,30,24,3,21,26,25,4,21,27,27,5,14,PRC
Hong Kong,2022,7,2,161,193,17,3,155,193,16,5,152,185,17,5,145,180,17,5,106,126,15,3,101,125,14,6,101,122,15,5,96,120,15,5,30,38,16,4,31,39,17,6,28,35,17,4,27,34,18,5,25,29,24.24617778,3.100466667,24,30,24,3,23,28,25,4,21,27,26,4,15,PRC
Hong Kong,2022,8,2,164,197,17,5,158,195,16,4,158,196,17,5,145,180,17,4,108,128,15,3,103,126,15,3,105,129,15,5,96,119,15,4,29,39,18,1,30,39,17,6,30,38,17,4,27,34,17,4,27,30,22.63760288,14.98272634,25,30,24,6,24,29,25,4,22,27,25,4,15,PRC
Hong Kong,2022,9,2,161,194,21,23,159,194,18,9,160,196,17,7,148,181,17,6,103,125,18,25,105,126,15,9,106,129,15,7,97,120,15,6,29,33,26,21,29,37,20,10,29,37,18,7,27,34,18,5,29,36,29.26911877,17.90015326,25,31,26,9,25,30,25,6,23,28,25,6,19,PRC
Hong Kong,2022,10,3,140,212,22,16,157,199,19,12,158,198,18,9,148,184,17,7,89,135,19,19,102,129,17,13,104,129,16,9,97,121,15,7,22,34,24,13,28,36,21,10,29,37,19,8,27,34,18,6,29,43,28.68951149,10.20808429,28,35,26,12,25,32,25,7,23,29,25,6,20,PRC
Hong Kong,2022,11,3,161,215,20,8,157,205,20,13,156,199,18,9,154,192,18,8,108,139,18,8,102,132,17,14,101,128,16,10,101,125,16,8,32,40,20,8,28,37,22,11,29,38,19,8,28,36,19,6,21,36,28.17997354,7.001111111,27,36,27,13,25,33,26,8,24,31,25,7,17,PRC
Hong Kong,2022,12,3,135,202,20,8,149,206,21,14,154,200,19,9,155,199,18,8,89,128,17,7,97,132,18,15,100,129,16,9,103,130,16,8,21,35,23,10,26,36,23,13,28,37,20,10,28,37,19,7,25,39,26.4664,7.665833333,26,39,28,11,25,34,26,8,24,32,26,6,19,PRC
Hong Kong,2022,13,3,145,204,19,6,145,208,20,9,152,201,19,9,155,200,18,8,91,127,17,5,94,132,18,10,100,129,17,9,102,130,16,8,24,33,19,8,25,36,22,10,27,36,21,10,28,36,19,8,30,44,26.39932407,7.067083333,26,41,27,8,26,36,26,9,25,34,26,7,22,PRC
Hong Kong,2022,14,3,160,214,17,6,150,209,19,7,153,204,19,9,155,202,18,8,112,143,15,8,100,134,17,7,101,131,17,10,102,131,16,8,26,35,18,3,26,36,20,7,27,36,21,8,28,37,19,8,22,36,25.1934596,2.525126263,25,39,27,6,26,37,26,9,25,34,26,7,17,PRC
Hong Kong,2022,15,4,155,209,18,4,149,207,19,6,153,206,19,9,153,202,18,8,103,139,16,3,99,134,16,6,100,133,17,10,101,130,16,8,29,38,21,7,25,35,20,7,27,36,21,9,28,37,20,8,23,32,26.58716184,4.40352657,25,38,26,5,26,37,27,9,25,35,26,7,15,PRC
Hong Kong,2022,16,4,169,208,20,5,157,209,19,5,153,207,20,9,155,203,19,8,115,139,17,5,105,137,16,5,101,134,17,10,102,132,16,8,28,36,22,4,27,36,20,6,26,36,22,9,28,37,20,8,26,33,26.99661325,2.984850427,25,36,26,4,26,37,27,7,25,35,26,7,16,PRC
Hong Kong,2022,17,4,178,220,17,3,166,213,18,5,155,211,19,7,157,205,19,8,115,143,15,3,111,141,16,5,103,137,17,7,104,133,16,8,33,40,17,3,29,37,19,4,27,36,20,7,28,37,20,8,30,37,24.39815741,2.950083333,25,35,26,3,26,38,27,6,26,35,26,7,17,PRC
Hong Kong,2022,18,4,153,213,18,4,164,213,18,4,157,211,19,5,157,207,19,8,108,146,16,4,110,142,16,4,105,138,16,5,104,135,17,8,24,38,21,3,29,38,20,5,27,37,20,6,27,37,20,7,21,29,25.78275132,4.976428571,25,33,26,4,25,36,26,5,26,35,26,7,14,PRC
Hong Kong,2022,19,5,168,213,16,9,167,214,18,5,158,210,18,6,157,208,19,8,110,142,15,8,112,143,16,5,105,138,16,5,104,136,17,8,32,37,17,13,29,38,19,6,27,37,20,7,27,37,20,8,26,34,20.05682692,11.94728632,26,33,24,6,25,36,25,6,26,36,26,8,16,PRC
Hong Kong,2022,20,5,170,246,18,5,167,223,17,5,162,216,18,5,158,213,19,8,112,158,16,5,111,147,15,5,108,142,16,5,105,139,17,8,28,44,22,5,29,40,19,6,28,38,20,6,27,37,21,8,30,44,24.48275,3.519277778,27,36,24,6,26,36,25,5,26,37,26,7,18,PRC
Hong Kong,2022,21,5,177,233,18,6,167,226,18,6,166,220,18,5,159,216,19,7,112,147,16,5,111,148,16,6,111,145,16,5,105,141,16,7,33,39,19,3,29,40,20,6,29,38,20,5,28,37,20,7,32,47,22.63544271,11.45585938,27,39,23,8,26,37,25,6,26,38,25,6,20,PRC
Hong Kong,2022,22,5,162,216,17,3,169,227,17,6,167,220,18,5,161,216,18,6,111,147,16,3,111,149,16,5,111,145,16,5,107,142,16,5,30,36,18,3,31,39,19,6,30,39,20,5,28,38,20,6,21,33,24.68252646,1.913677249,27,40,23,7,26,36,24,6,26,37,25,6,15,PRC
Hong Kong,2022,23,6,186,227,17,4,174,231,18,4,170,222,18,5,163,217,18,5,120,148,16,5,114,150,16,4,113,146,16,5,108,142,16,5,36,42,18,6,32,40,19,4,31,39,19,5,29,38,19,6,30,37,23.0032037,1.069046296,28,40,24,4,27,37,24,5,26,37,25,5,16,PRC
Hong Kong,2022,24,6,160,207,18,4,171,221,18,4,169,222,18,5,165,218,18,5,105,136,16,3,112,145,16,4,112,146,16,5,110,143,16,5,26,36,21,4,31,38,19,4,30,39,19,5,29,38,19,5,29,35,23.76114943,5.730613027,28,38,24,5,27,37,24,5,27,37,24,5,17,PRC
Hong Kong,2022,25,6,176,214,17,4,171,216,17,4,169,221,18,5,168,218,18,5,120,143,15,4,114,144,16,4,112,146,16,5,112,144,16,5,28,34,19,6,30,37,19,5,30,38,19,5,29,38,19,5,28,37,23.38296627,1.315753968,27,36,24,3,27,37,23,5,27,36,24,5,17,PRC
Hong Kong,2022,26,6,160,206,18,10,171,214,18,5,170,220,18,6,168,218,18,5,106,137,16,11,113,141,16,5,112,145,16,5,111,144,16,5,30,37,20,6,30,37,20,5,30,38,19,6,30,38,20,5,24,32,24.24449074,8.674606481,28,35,24,4,28,37,23,6,27,36,24,5,16,PRC
Hong Kong,2022,27,6,170,237,18,9,167,216,18,7,170,223,18,5,169,220,18,5,110,151,16,10,110,142,16,7,112,146,16,6,112,145,16,5,37,52,19,7,30,40,20,6,31,40,20,5,30,39,19,5,23,34,27.45711353,8.953224638,26,35,25,6,27,37,24,5,27,36,24,5,14,PRC
Hong Kong,2022,28,7,157,200,17,3,166,214,18,6,169,218,18,5,168,219,18,5,101,123,16,3,109,139,16,7,111,142,16,5,111,143,16,5,34,46,18,5,32,42,19,6,32,40,19,5,31,40,19,5,22,31,21.56877525,5.29905303,24,34,24,6,26,36,24,6,26,36,24,6,16,PRC
Hong Kong,2022,29,7,184,221,18,5,168,216,18,7,169,216,18,5,169,219,18,6,126,144,16,6,111,139,16,7,112,141,16,5,112,144,16,5,27,38,21,6,32,43,20,6,31,40,19,5,30,40,19,6,31,39,25.02556452,3.111460573,25,34,25,7,26,35,24,5,26,36,24,6,18,PRC
Hong Kong,2022,30,7,149,215,16,5,165,218,18,6,168,216,18,6,168,220,18,6,99,141,15,4,109,140,16,6,111,140,16,6,111,143,16,5,28,38,18,7,32,44,19,6,31,40,19,6,31,40,19,6,22,36,19.65342172,8.400618687,25,35,23,6,26,35,24,5,27,37,23,6,17,PRC
Hong Kong,2022,31,7,172,224,17,5,166,215,17,5,166,216,18,6,169,221,18,5,114,144,15,5,110,138,16,4,110,140,16,6,111,143,16,5,27,39,18,10,29,40,19,7,30,40,19,6,30,40,19,6,31,41,24.67853943,1.851747312,27,37,23,5,26,36,24,5,27,37,24,5,18,PRC
Hong Kong,2022,32,8,167,217,17,6,168,219,17,5,167,217,17,6,168,218,18,5,113,140,16,5,113,142,16,5,111,140,16,6,111,142,16,5,28,41,17,3,28,39,18,6,30,41,19,6,30,40,19,5,26,36,21.69428419,12.88311966,28,38,23,7,26,36,23,6,27,37,23,6,17,PRC
Hong Kong,2022,33,8,151,203,17,4,160,215,17,5,164,215,17,6,166,216,17,5,105,135,15,5,108,140,15,5,109,139,16,6,111,141,16,5,25,34,19,3,27,38,18,5,30,41,19,6,30,39,19,5,21,34,22.61853175,4.024920635,25,37,22,7,25,35,23,7,26,35,23,5,17,PRC
Hong Kong,2022,34,8,165,206,16,6,164,213,17,5,164,215,17,6,166,215,17,5,112,140,14,5,111,140,15,5,110,140,15,5,111,140,16,5,31,39,18,11,28,38,18,7,30,41,19,6,30,40,19,6,22,27,22.98954545,4.297373737,25,35,23,6,25,35,23,6,26,35,23,5,13,PRC
Hong Kong,2022,35,8,160,220,18,5,161,212,17,5,163,213,17,5,164,214,17,6,102,143,15,5,108,140,15,5,109,139,15,5,109,140,15,5,28,39,20,7,28,38,18,6,29,39,19,6,29,39,19,6,30,38,26.87088889,5.640453704,25,34,24,7,26,35,23,6,26,35,24,6,17,PRC
Hong Kong,2022,36,8,168,225,17,5,161,214,17,5,165,216,17,5,165,216,17,6,110,145,15,3,107,141,15,4,110,142,15,5,110,141,15,5,34,44,19,9,30,39,19,7,29,39,19,7,30,40,19,6,24,36,22.27890046,8.873333333,24,34,24,6,26,36,23,6,25,35,24,6,16,PRC
Hong Kong,2022,37,9,160,195,16,5,163,212,17,5,162,213,17,5,164,214,17,6,114,133,15,6,110,140,15,5,109,140,15,5,109,140,15,6,22,30,17,1,29,38,18,7,28,38,18,6,29,40,19,6,24,32,21.51902778,1.469050926,25,33,23,5,25,35,23,6,25,35,23,6,16,PRC
Hong Kong,2022,38,9,153,192,16,3,160,208,17,5,162,210,17,5,163,213,17,5,93,123,15,3,105,136,15,4,108,138,15,4,108,139,15,5,34,37,17,2,30,38,18,5,29,38,18,6,30,40,18,6,26,32,21.56486111,7.13917735,26,35,23,6,26,35,23,6,25,35,23,6,17,PRC
Hong Kong,2022,39,9,162,204,16,2,161,204,16,4,161,208,17,5,162,210,17,5,109,136,15,3,107,134,15,4,107,137,15,4,108,137,15,4,29,36,15,0,30,37,17,3,29,38,18,4,29,38,18,5,24,32,23.6315625,3.60244213,25,33,22,5,25,33,23,6,25,35,23,6,16,PRC
Hong Kong,2022,40,9,154,194,15,2,157,196,16,3,159,205,16,4,162,210,17,4,104,132,14,2,105,131,15,3,106,136,15,4,108,138,15,4,28,34,14,1,28,34,16,1,29,37,17,4,28,37,18,5,22,28,18.08722222,1.168068182,24,31,21,3,24,32,22,5,25,34,23,5,14,PRC
Hong Kong,2022,41,10,159,192,16,3,157,196,16,3,160,204,16,4,160,207,16,4,105,126,14,3,103,129,14,3,106,135,15,4,107,137,15,4,33,39,17,2,31,37,16,1,30,37,17,4,29,38,17,5,21,27,21.85421958,4.741640212,23,30,21,4,24,32,22,5,24,33,22,5,14,PRC
Hong Kong,2022,42,10,153,191,16,5,157,195,16,3,159,202,16,4,160,205,16,4,101,126,14,5,105,130,14,3,105,133,15,4,107,135,15,4,25,34,17,3,29,36,16,2,29,37,17,3,29,37,17,4,27,31,21.40340535,7.097510288,24,30,21,4,25,32,22,5,25,33,22,5,16,PRC
Hong Kong,2022,43,10,156,202,16,6,156,195,16,4,158,199,16,4,159,203,16,4,96,126,15,7,102,128,14,4,104,131,15,4,105,134,15,4,33,37,17,1,30,36,16,2,30,36,16,2,29,37,17,4,27,39,20.06906379,5.648425926,24,31,20,5,24,32,21,5,25,33,22,6,19,PRC
Hong Kong,2022,44,10,163,198,17,11,158,196,16,6,158,196,16,5,159,202,16,5,114,135,16,11,104,128,15,7,105,130,15,5,105,133,15,5,27,32,19,11,30,36,17,4,29,35,16,3,29,36,17,4,22,31,22.44248737,12.21338384,24,32,21,7,24,32,21,5,24,32,22,5,16,PRC
Hong Kong,2022,45,11,164,232,17,6,159,206,17,7,158,201,16,5,160,204,16,5,106,150,15,7,104,134,15,7,104,132,15,5,106,135,15,5,32,42,18,5,29,36,18,5,30,36,17,3,30,37,17,5,26,40,22.0915812,4.678910256,26,35,22,7,24,33,21,6,25,33,22,6,17,PRC
Hong Kong,2022,46,11,158,214,16,2,160,212,17,6,159,203,16,5,159,205,16,5,105,138,14,2,105,137,15,7,105,134,15,5,105,134,15,5,28,41,18,1,30,38,18,5,29,37,17,3,29,37,17,4,25,35,18.99805556,1.8663,25,36,21,6,24,33,21,5,25,33,22,5,16,PRC
Hong Kong,2022,47,11,172,209,15,5,164,213,16,6,160,204,16,5,160,204,16,5,114,135,14,3,110,140,15,6,106,134,15,5,106,134,15,5,31,40,16,3,30,39,18,5,30,37,17,4,30,37,17,3,27,34,19.01608025,17.4116358,25,35,21,9,25,33,20,7,25,33,21,6,16,PRC
Hong Kong,2022,48,11,160,206,17,3,164,215,16,4,161,206,16,5,160,202,16,4,104,129,15,3,107,138,15,4,106,133,15,5,105,132,15,5,32,43,21,1,31,42,18,3,30,39,18,4,30,37,17,3,24,34,20.4584838,6.320555556,26,36,20,8,25,34,21,7,25,33,21,6,17,PRC
Hong Kong,2022,49,11,177,219,16,3,167,212,16,3,163,209,16,5,161,204,16,4,119,142,14,3,111,136,14,3,107,135,15,5,106,133,15,4,28,39,16,3,30,41,18,2,30,39,18,4,30,38,17,3,30,38,22.18412037,3.391638889,27,35,20,7,26,35,21,7,25,33,21,6,17,PRC
Hong Kong,2022,50,12,154,203,16,3,166,209,16,4,163,210,16,5,161,205,16,4,103,132,15,3,110,135,15,3,108,136,15,5,107,134,15,4,30,38,17,3,30,40,18,3,30,39,18,4,30,38,17,3,21,33,19.25084656,4.180886243,26,35,20,8,25,36,21,7,25,34,21,6,16,PRC
Hong Kong,2022,51,12,171,214,16,3,166,211,16,3,165,212,16,5,162,206,16,4,122,148,14,4,112,138,14,3,111,139,15,4,108,135,15,4,23,29,17,3,28,37,18,3,29,38,18,4,29,37,17,3,26,37,25.68657051,2.317147436,25,36,22,4,25,35,21,7,25,34,21,6,17,PRC
Hong Kong,2022,52,12,191,235,16,4,173,218,16,3,168,217,16,4,165,210,16,5,126,152,14,3,118,144,14,3,112,141,14,3,110,137,15,4,38,46,17,8,30,38,17,4,30,40,17,4,30,38,17,4,27,37,23.24213992,3.149773663,26,36,23,3,26,36,21,5,25,35,21,6,16,PRC
Kaohsiung,2019,1,1,204,261,20,7,,,,,,,,,,,,,130,175,21,7,,,,,,,,,,,,,42,49,13,5,,,,,,,,,,,,,32,37,23.23083333,9.315451389,,,,,,,,,,,,,14,PRC
Kaohsiung,2019,2,1,140,190,16,7,,,,,,,,,,,,,96,126,16,7,,,,,,,,,,,,,25,32,14,7,,,,,,,,,,,,,19,32,21.61159357,12.3149269,,,,,,,,,,,,,17,PRC
Kaohsiung,2019,3,1,148,200,18,5,,,,,,,,,,,,,100,131,18,5,,,,,,,,,,,,,30,41,15,3,,,,,,,,,,,,,18,28,21.3345679,1.780015432,,,,,,,,,,,,,14,PRC
Kaohsiung,2019,4,1,166,202,17,5,165,213,18,6,,,,,,,,,106,128,17,5,108,140,18,6,,,,,,,,,33,42,16,3,33,41,14,5,,,,,,,,,27,32,19.9312963,8.230895062,24,32,22,8,,,,,,,,,16,PRC
Kaohsiung,2019,5,1,122,174,14,8,144,192,16,6,,,,,,,,,82,112,14,9,96,124,16,7,,,,,,,,,25,37,13,5,28,38,14,4,,,,,,,,,15,25,18.01562963,4.422796296,20,29,20,7,,,,,,,,,14,PRC
Kaohsiung,2019,6,2,124,138,21,12,140,179,17,7,,,,,,,,,80,88,23,15,92,115,18,9,,,,,,,,,24,27,16,7,28,37,15,4,,,,,,,,,20,23,17.43320833,6.44875,20,27,19,5,,,,,,,,,17,PRC
Kaohsiung,2019,7,2,134,174,18,7,137,172,18,8,,,,,,,,,86,113,20,8,89,110,18,9,,,,,,,,,28,34,15,3,28,35,15,4,,,,,,,,,20,27,17.78729167,6.628097222,21,27,18,6,,,,,,,,,16,PRC
Kaohsiung,2019,8,2,139,179,17,7,130,166,18,8,147,190,18,7,,,,,90,118,17,7,85,108,18,10,96,124,18,8,,,,,25,30,17,6,26,32,15,5,29,37,15,5,,,,,24,31,16.4905787,7.123078704,20,27,17,6,22,29,19,7,,,,,17,PRC
Kaohsiung,2019,9,2,161,201,25,7,140,173,20,8,142,182,18,7,,,,,105,125,29,7,90,111,22,9,93,118,19,8,,,,,31,39,16,5,27,33,16,5,28,35,15,5,,,,,25,37,19.24541111,7.531044444,22,30,18,7,21,29,19,7,,,,,18,PRC
Kaohsiung,2019,10,3,142,200,17,7,144,189,19,7,142,184,18,7,,,,,90,125,18,8,93,120,21,8,92,118,19,8,,,,,28,41,14,6,28,36,15,5,28,36,15,5,,,,,24,34,17.19934028,5.96337963,23,32,18,7,22,30,18,6,,,,,17,PRC
Kaohsiung,2019,11,3,144,196,20,8,147,194,20,7,142,183,19,8,,,,,96,127,22,8,95,124,21,8,92,117,20,8,,,,,26,37,12,6,28,37,15,6,28,36,15,5,,,,,22,32,17.33265152,8.098396465,24,34,18,7,22,30,18,7,,,,,16,PRC
Kaohsiung,2019,12,3,160,209,18,10,152,202,20,8,141,184,19,8,149,194,18,7,108,142,18,11,100,130,22,9,92,119,20,9,97,126,19,8,28,35,14,7,28,38,14,6,27,35,15,6,29,37,15,5,24,32,18.56565972,6.502511574,24,34,18,7,22,30,18,7,23,31,19,7,15,PRC
Kaohsiung,2019,13,3,148,217,17,7,149,206,18,8,144,189,19,8,144,190,18,7,93,139,18,8,97,133,19,9,94,122,21,9,94,123,19,8,34,47,15,4,29,40,14,6,28,36,15,5,28,37,15,5,21,31,17.70916667,6.19707672,23,32,18,7,23,31,18,7,22,30,19,7,14,PRC
Kaohsiung,2019,14,4,158,214,17,9,153,209,18,8,148,199,19,8,146,192,18,8,104,139,18,10,100,137,19,9,97,129,20,8,95,124,19,9,26,39,14,8,29,40,14,6,28,38,15,6,28,37,15,5,28,36,18.2247123,7.997232143,24,33,18,7,24,33,18,7,22,31,18,6,17,PRC
Kaohsiung,2019,15,4,155,218,17,7,155,215,17,8,151,204,18,8,146,194,18,8,96,140,18,7,100,140,18,9,98,132,20,8,95,125,19,9,38,44,14,9,32,41,14,7,30,39,15,6,29,38,15,6,21,34,20.40810847,4.430833333,24,33,19,6,24,33,18,7,23,31,18,7,16,PRC
Kaohsiung,2019,16,4,152,200,25,7,153,212,19,7,153,207,19,8,145,193,19,8,108,135,28,8,100,138,20,8,100,134,21,8,95,125,20,9,27,39,14,4,31,42,14,6,30,40,14,6,28,37,15,6,17,26,21.20555556,5.629248366,22,32,19,6,23,33,19,7,22,31,18,6,13,PRC
Kaohsiung,2019,17,4,164,217,16,9,157,212,19,8,153,209,18,8,148,197,19,8,99,135,16,11,102,137,20,9,99,135,20,9,96,127,20,9,36,45,13,5,32,42,14,6,30,41,14,6,29,38,15,6,29,37,17.42941571,6.949501916,24,33,19,6,23,33,19,6,23,32,18,7,17,PRC
Kaohsiung,2019,18,5,161,219,18,9,158,214,19,8,155,211,18,8,152,204,19,8,107,142,18,10,103,138,20,9,101,137,19,9,99,132,20,9,30,39,15,4,33,42,14,6,31,41,14,6,30,39,14,6,24,38,19.74400463,7.80962963,23,34,20,6,23,33,19,7,23,33,18,7,17,PRC
Kaohsiung,2019,19,5,150,211,17,6,157,212,19,8,156,213,18,8,153,207,19,8,100,141,17,7,104,138,20,9,102,139,19,9,100,134,20,8,29,36,15,5,31,40,14,5,31,41,14,6,30,39,14,6,21,34,17.56945767,5.381706349,23,34,19,6,23,34,19,6,23,34,18,7,16,PRC
Kaohsiung,2019,20,5,154,214,17,6,157,215,17,7,155,214,18,7,154,210,19,8,103,143,16,6,102,140,17,9,101,139,19,8,101,136,20,8,29,38,15,4,31,40,15,5,31,41,15,5,30,40,14,6,22,33,19.70310606,4.398762626,24,36,19,6,23,34,19,6,23,34,19,6,15,PRC
Kaohsiung,2019,21,5,154,208,17,6,155,213,17,7,156,213,18,7,154,210,18,8,104,141,17,7,104,142,17,8,103,140,18,8,101,137,19,8,29,37,15,3,29,38,15,4,31,40,15,5,30,40,14,6,21,30,17.93068783,8.533994709,22,34,19,7,23,34,19,6,23,33,19,6,14,PRC
Kaohsiung,2019,22,5,159,219,16,13,154,213,17,8,156,213,18,8,155,212,18,8,105,143,16,10,103,142,17,8,103,140,18,8,102,139,19,9,31,41,15,16,30,38,15,7,31,40,15,6,30,40,14,6,23,35,17.55454106,22.15880435,22,33,18,10,22,33,19,8,23,33,19,8,16,PRC
Kaohsiung,2019,23,6,149,216,17,7,154,214,17,8,155,213,18,8,155,214,18,8,103,146,16,7,104,143,16,7,104,141,18,8,103,141,18,8,27,39,16,6,29,39,15,7,30,39,15,6,30,40,15,6,19,31,21.34989766,7.55130117,21,32,19,11,22,33,19,9,23,33,19,8,14,PRC
Kaohsiung,2019,24,6,149,200,17,13,153,211,17,10,155,213,17,9,154,213,17,8,100,133,18,11,103,141,17,9,103,141,17,9,102,140,18,8,26,33,14,25,28,38,15,13,30,39,15,9,30,40,15,8,23,34,17.29503623,4.43673913,22,33,19,11,23,34,19,8,22,33,19,8,17,PRC
Kaohsiung,2019,25,6,161,212,15,7,155,212,16,10,155,212,17,8,156,212,17,8,109,141,15,8,104,141,16,9,104,141,17,8,103,140,18,8,29,38,12,5,28,38,14,13,29,38,15,9,30,39,14,8,23,33,18.51522947,2.531316425,22,33,19,9,22,34,19,8,23,33,19,7,16,PRC
Kaohsiung,2019,26,6,149,203,17,6,152,208,16,8,153,210,16,8,155,211,17,8,98,139,16,8,103,140,17,8,103,141,17,8,103,140,18,8,31,37,14,3,28,37,14,10,29,37,15,9,30,39,14,8,20,27,21.71190278,3.426930556,21,31,20,4,22,32,19,7,22,33,19,7,13,PRC
Kaohsiung,2019,27,7,162,214,17,7,155,207,16,8,155,211,16,8,155,211,17,8,109,144,17,8,104,139,17,9,104,141,16,8,104,140,18,8,31,39,14,6,29,37,13,10,29,38,14,9,30,38,14,7,22,31,18.38890152,7.928522727,22,31,19,5,22,32,19,8,22,32,19,7,14,PRC
Kaohsiung,2019,28,7,152,210,18,7,156,210,17,7,154,210,17,8,155,212,17,8,103,140,17,8,105,141,16,8,104,141,17,8,103,141,17,8,27,36,17,4,30,38,14,4,29,38,15,9,30,38,15,7,22,34,23.15286616,5.849141414,22,31,20,5,22,32,19,8,22,33,19,7,16,PRC
Kaohsiung,2019,29,7,147,195,17,7,153,206,17,7,154,209,17,8,154,210,17,8,101,130,16,6,103,138,17,7,104,140,17,8,104,140,17,8,25,33,15,13,29,36,15,6,28,37,15,10,29,37,15,8,21,32,19.07986772,4.684761905,21,31,21,5,22,32,20,7,22,33,19,7,16,PRC
Kaohsiung,2019,30,7,157,210,18,6,155,207,17,7,153,208,17,7,154,209,17,8,112,150,19,6,106,141,17,7,104,140,17,8,104,141,17,8,27,34,13,4,28,36,15,7,28,36,14,8,28,37,15,8,18,26,20.76239198,7.217083333,21,31,20,6,21,31,20,5,21,32,19,7,12,PRC
Kaohsiung,2019,31,7,152,206,16,6,152,205,17,7,154,206,17,7,154,209,17,8,106,142,16,7,106,141,17,7,105,140,17,8,104,141,17,8,28,36,16,5,27,35,15,7,28,36,14,8,28,37,15,8,18,28,18.28587963,4.34712963,20,30,20,6,21,31,20,5,21,31,19,7,14,PRC
Kaohsiung,2019,32,8,135,188,16,9,148,200,17,7,152,205,17,7,152,207,17,8,90,131,16,10,102,138,17,7,104,140,17,8,103,140,17,8,27,33,15,7,27,34,15,8,28,36,14,6,28,36,15,8,18,24,18.58052469,9.849598765,19,28,19,7,20,29,20,6,21,30,19,7,13,PRC
Kaohsiung,2019,33,8,149,202,18,7,148,202,17,7,150,204,17,7,152,206,17,8,98,136,19,7,102,140,18,8,102,139,17,8,103,140,17,8,28,35,14,5,28,35,15,5,28,35,15,6,28,36,15,8,23,31,20.48070048,5.980942029,19,27,20,7,20,29,20,6,21,31,20,7,15,PRC
Kaohsiung,2019,34,8,145,186,19,10,145,196,17,8,150,201,17,7,151,204,17,8,99,125,19,12,98,134,18,9,102,137,17,8,102,138,17,8,25,34,18,3,27,35,16,5,27,35,15,6,28,36,15,7,21,27,19.94025132,7.837910053,20,28,19,7,20,29,20,7,21,30,20,6,15,PRC
Kaohsiung,2019,35,8,164,220,15,7,148,199,17,8,150,202,17,7,152,204,17,8,105,148,15,8,98,135,17,9,102,138,17,8,103,138,17,8,36,41,16,7,29,36,16,6,28,35,15,6,28,36,15,7,23,31,17.22136473,3.161038647,21,28,19,7,21,29,20,6,21,30,19,6,14,PRC
Kaohsiung,2019,36,9,149,194,19,7,152,201,18,8,150,200,17,7,152,203,17,7,101,126,19,8,101,134,18,9,102,136,17,8,103,138,17,8,29,41,18,6,30,38,16,5,28,36,16,6,29,36,15,6,19,27,19.62980994,2.609839181,22,29,19,5,20,28,19,6,21,29,20,5,14,PRC
Kaohsiung,2019,37,9,148,194,16,11,152,199,17,9,150,200,17,8,151,202,17,8,104,132,15,13,102,133,17,10,102,136,17,9,102,137,17,8,25,35,17,6,29,38,17,6,28,36,16,6,28,36,16,6,19,27,19.74356725,5.700716374,21,28,19,5,20,28,19,6,20,29,20,6,14,PRC
Kaohsiung,2019,38,9,149,193,18,7,153,200,17,8,149,198,17,8,151,201,17,8,101,128,18,8,103,134,17,9,101,134,17,9,102,136,17,8,27,35,18,5,29,38,17,6,28,36,16,6,28,36,16,6,21,30,18.12493386,4.845555556,21,29,19,4,20,28,19,6,20,29,19,6,16,PRC
Kaohsiung,2019,39,9,147,183,17,5,148,191,17,7,148,195,17,8,150,198,17,7,105,128,17,5,103,129,17,8,100,132,17,9,102,135,17,8,25,32,14,2,27,36,17,5,28,36,16,5,27,35,16,6,17,23,19.4247549,4.113986928,19,27,19,4,20,28,19,6,20,28,20,6,13,PRC
Kaohsiung,2019,40,10,138,183,19,6,146,188,17,7,149,194,18,7,148,196,17,7,95,127,19,7,101,129,17,8,101,131,18,9,101,134,17,8,27,33,16,4,26,34,16,4,28,36,16,5,27,35,16,6,16,23,19.18609375,1.793524306,18,26,19,4,20,27,19,5,20,27,19,5,13,PRC
Kaohsiung,2019,41,10,144,191,20,9,145,188,18,7,148,193,18,8,148,196,18,7,99,131,23,11,100,129,19,8,101,131,18,9,101,134,18,9,26,33,13,4,26,33,15,4,28,36,16,5,28,35,16,5,19,27,17.05460526,3.701447368,18,26,18,4,19,27,19,4,19,27,19,5,14,PRC
Kaohsiung,2019,42,10,136,182,21,10,141,185,19,7,147,193,18,8,146,194,18,8,92,124,21,13,98,128,20,9,100,131,18,9,100,132,18,9,25,33,17,4,26,33,15,4,28,35,16,5,27,35,16,5,19,25,22.74483918,3.370614035,18,25,20,3,19,27,19,4,19,27,19,5,14,PRC
Kaohsiung,2019,43,10,151,207,15,7,142,191,19,8,145,191,18,8,146,194,18,8,102,144,15,8,97,132,19,10,100,130,18,9,99,132,18,9,30,35,16,4,27,34,16,4,27,35,16,4,28,35,16,5,19,28,17.34138889,4.742719298,18,26,19,3,19,26,19,4,20,27,19,5,14,PRC
Kaohsiung,2019,44,11,154,209,18,9,146,197,19,8,146,193,18,8,148,195,18,8,102,144,17,10,99,136,19,10,100,132,18,9,100,133,18,9,32,39,20,7,28,35,17,5,27,34,16,4,28,36,16,5,20,26,20.605125,5.992875,19,27,19,4,19,26,19,4,20,27,19,4,12,PRC
Kaohsiung,2019,45,11,148,206,17,6,147,201,18,8,146,194,18,7,148,196,18,8,105,143,18,7,100,139,18,9,100,134,18,9,101,133,18,9,21,32,14,2,27,35,17,4,27,34,16,4,27,35,16,5,22,31,15.39763889,4.192209596,20,28,19,5,19,27,19,4,20,27,19,4,15,PRC
Kaohsiung,2019,46,11,152,209,17,9,151,208,17,8,146,196,18,7,148,198,18,8,99,142,17,11,102,143,17,9,100,135,18,9,101,135,18,9,31,38,18,8,29,36,17,5,27,34,16,4,28,36,16,5,22,29,16.55127525,2.652045455,21,29,17,4,19,27,19,4,20,27,19,4,14,PRC
Kaohsiung,2019,47,11,155,211,15,7,152,209,17,8,147,200,18,8,148,197,18,8,108,148,15,7,104,144,16,9,100,138,18,9,101,135,18,9,25,32,16,4,27,35,17,5,27,34,16,5,27,35,16,5,22,31,16.52459596,6.197752525,22,29,17,5,20,28,18,4,20,27,19,4,15,PRC
Kaohsiung,2019,48,11,145,204,16,7,150,208,16,7,148,202,17,8,147,198,17,8,96,140,16,8,102,143,16,8,100,140,18,9,101,136,18,9,27,34,17,3,26,34,16,4,27,35,16,4,27,34,16,4,22,30,16.53430556,4.595959596,22,30,16,4,21,28,18,4,20,28,18,4,15,PRC
Kaohsiung,2019,49,12,143,198,19,7,149,206,17,7,148,203,17,8,147,198,18,7,97,138,20,7,100,142,17,8,100,140,17,9,100,136,18,9,25,32,15,6,27,34,16,5,27,34,17,5,27,34,16,4,21,28,18.46437831,6.795462963,22,30,17,5,21,29,18,5,20,28,18,4,14,PRC
Kaohsiung,2019,50,12,149,203,17,10,148,204,17,8,150,206,17,8,147,199,18,7,101,139,16,12,101,141,17,9,101,142,17,9,100,137,18,9,29,37,19,6,27,34,17,4,28,35,17,5,27,34,16,4,19,27,18.60017544,6.582280702,21,29,18,6,21,29,18,5,20,27,18,5,13,PRC
Kaohsiung,2019,51,12,152,214,17,9,147,205,17,8,150,207,17,8,147,201,18,8,105,145,16,9,100,141,17,9,102,142,17,9,100,139,18,9,25,36,16,5,27,35,17,5,27,35,17,5,27,35,16,5,22,33,21.15640152,13.54039141,21,30,19,8,21,29,18,6,20,28,18,5,15,PRC
Kaohsiung,2019,52,12,151,204,16,10,149,205,17,9,149,206,17,8,148,203,17,8,101,139,16,13,101,140,17,10,102,142,17,9,101,140,17,10,32,36,15,4,28,35,16,5,27,35,16,5,27,35,16,5,18,29,18.11419753,4.118966049,20,29,19,8,21,30,18,6,20,29,18,6,14,PRC
Kaohsiung,2020,1,1,150,150,40,10,151,193,22,10,150,199,20,9,149,200,19,8,105,105,49,12,103,132,24,12,102,137,21,10,101,138,20,10,26,26,16,7,28,34,17,5,28,34,17,5,27,34,17,5,19,19,20.30416667,5.633538012,20,27,20,7,21,28,18,6,20,28,19,6,13,PRC
Kaohsiung,2020,2,1,140,189,16,8,148,189,22,9,148,197,19,8,149,200,19,8,98,134,15,9,102,131,24,11,101,136,20,10,102,138,19,9,23,31,16,5,27,32,16,5,27,33,16,5,27,34,17,5,19,24,22.35020468,7.21,20,26,20,8,20,28,19,7,20,28,18,6,13,PRC
Kaohsiung,2020,3,1,160,209,19,9,150,188,23,9,149,196,20,9,150,201,19,8,108,144,18,11,103,131,24,11,101,136,21,10,102,138,19,10,31,35,18,3,28,32,16,5,27,33,17,5,27,34,17,5,21,30,25.85752646,4.860079365,19,26,22,5,20,28,20,7,21,28,19,6,14,PRC
Kaohsiung,2020,4,1,135,186,16,11,146,184,23,10,148,194,20,9,148,199,19,9,93,124,16,15,101,127,24,12,101,134,21,11,101,137,19,10,22,31,14,3,26,31,16,5,27,33,16,5,26,33,16,5,20,31,20.78090278,4.066611111,20,26,22,5,20,28,21,7,21,29,19,6,17,PRC
Kaohsiung,2020,5,1,129,188,17,7,141,193,17,9,146,193,20,9,147,197,19,9,86,128,17,7,96,133,17,10,100,132,20,11,100,136,19,10,27,32,17,5,26,32,16,4,27,33,16,5,27,33,16,5,16,28,17.39013889,4.658454861,19,28,22,5,19,28,21,6,20,28,19,6,15,PRC
Kaohsiung,2020,6,2,122,165,18,15,137,187,18,10,142,188,20,10,144,193,19,9,83,115,17,10,93,128,17,11,97,129,21,11,98,133,19,10,20,26,20,44,25,31,17,14,26,32,16,9,26,32,17,8,19,24,22.8430117,6.278567251,19,28,22,5,19,27,21,6,20,28,20,6,15,PRC
Kaohsiung,2020,7,2,137,180,19,17,131,180,18,12,141,184,20,11,143,191,19,10,95,126,17,18,89,123,17,13,96,127,21,12,97,131,19,11,29,34,22,15,25,31,18,17,26,31,17,11,26,33,17,9,13,20,24.98784188,15.0834188,17,26,22,8,18,26,22,6,19,27,21,7,11,PRC
Kaohsiung,2020,8,2,144,203,19,8,133,184,18,12,140,184,20,11,143,191,19,10,91,129,18,8,89,125,17,11,95,126,21,11,97,131,20,11,28,42,19,6,26,34,19,17,26,32,18,11,26,33,17,9,25,32,19.99246667,9.280133333,18,26,21,9,19,26,22,7,19,27,21,7,16,PRC
Kaohsiung,2020,9,2,141,205,18,10,136,188,18,13,139,191,18,11,143,191,19,10,95,137,16,10,91,127,17,11,94,130,17,11,97,130,19,11,24,36,21,13,25,35,20,19,26,33,18,12,26,34,18,10,22,32,21.33017677,9.678825758,20,27,22,10,19,28,22,8,19,27,21,8,16,PRC
Kaohsiung,2020,10,3,147,201,21,11,142,197,19,12,139,192,18,11,142,191,20,10,96,127,23,11,94,130,19,12,93,129,18,11,96,129,20,11,30,43,17,13,28,39,20,12,26,35,18,13,26,34,18,10,21,31,20.63078042,8.579285714,20,29,22,11,20,29,22,8,20,28,21,8,15,PRC
Kaohsiung,2020,11,3,142,203,17,8,144,203,19,9,137,191,18,11,142,190,20,10,99,135,16,9,95,132,18,9,92,128,18,11,96,129,20,11,23,37,18,3,26,40,19,9,25,35,18,13,26,34,18,10,20,31,17.75375,7.587986111,22,32,20,9,20,29,21,8,19,28,21,7,15,PRC
Kaohsiung,2020,12,3,137,194,17,8,142,201,18,9,137,192,18,10,140,189,20,10,96,132,17,7,97,133,18,9,93,129,18,10,95,128,20,11,20,29,16,9,24,36,18,10,25,35,19,13,25,34,18,11,21,33,20.89382275,12.0453836,21,32,20,9,20,29,21,9,20,28,21,8,17,PRC
Kaohsiung,2020,13,3,142,189,18,8,142,197,18,9,139,193,18,11,140,193,18,10,91,121,17,8,96,129,18,9,93,128,18,10,94,129,17,10,29,36,17,9,26,36,17,9,25,35,19,14,26,34,18,11,22,32,23.54688131,9.102234848,21,32,21,9,20,29,21,10,20,29,22,8,17,PRC
Kaohsiung,2020,14,3,141,198,27,8,141,196,20,8,141,197,19,10,140,193,19,10,95,132,32,8,95,130,20,8,95,130,19,10,94,129,19,10,29,39,16,11,25,35,17,8,27,37,18,10,26,35,18,11,17,27,17.76001634,4.215735294,20,31,20,8,20,30,21,9,20,29,21,8,14,PRC
Kaohsiung,2020,15,4,139,190,17,12,140,193,20,9,142,198,19,9,138,192,19,10,98,130,18,14,95,129,21,9,95,130,20,9,93,128,19,10,22,31,13,2,25,34,16,8,26,37,17,8,25,35,17,11,19,29,19.37020468,15.41697368,20,30,20,10,21,31,20,9,20,29,21,9,15,PRC
Kaohsiung,2020,16,4,152,199,16,9,144,194,19,9,143,197,19,9,139,193,19,10,104,136,16,9,97,130,21,10,97,131,19,9,94,129,19,10,30,36,14,5,28,36,15,7,26,36,17,8,26,35,17,11,18,27,19.21509259,11.86595679,19,29,20,10,20,30,20,10,19,29,20,9,14,PRC
Kaohsiung,2020,17,4,141,198,16,7,143,196,19,9,143,197,19,9,140,194,19,10,96,132,15,8,98,133,20,10,97,131,19,9,95,129,18,10,24,33,15,3,26,35,14,5,26,36,16,7,26,35,17,11,21,33,19.87953704,8.544457672,19,29,19,10,20,30,20,10,20,29,21,10,17,PRC
Kaohsiung,2020,18,4,146,206,16,23,145,198,16,13,143,197,18,10,142,197,18,11,105,146,16,17,101,136,16,12,98,133,18,10,97,132,18,11,23,29,15,6,25,32,14,4,25,34,16,6,26,35,17,8,18,31,21.63583333,73.32345679,19,30,20,27,20,30,20,18,20,30,21,15,15,PRC
Kaohsiung,2020,19,5,138,208,16,12,144,203,16,13,142,198,18,11,143,200,18,10,98,149,15,13,101,141,16,12,98,135,18,11,97,134,18,10,27,36,15,8,26,34,15,5,26,34,15,7,26,36,16,7,13,23,19.83354701,9.234850427,18,29,20,26,19,29,20,18,20,30,20,15,11,PRC
Kaohsiung,2020,20,5,136,201,16,11,140,203,16,13,142,199,18,11,142,199,18,11,89,135,16,8,97,141,16,12,97,135,18,11,97,134,18,10,21,31,16,25,24,32,15,10,26,34,15,9,25,35,16,9,26,35,17.42423077,11.38581197,20,31,20,26,19,30,20,18,20,30,20,15,17,PRC
Kaohsiung,2020,21,5,155,212,18,13,144,207,17,15,144,202,18,12,143,200,18,11,103,138,18,11,99,142,16,12,99,137,18,11,98,134,18,10,28,35,17,7,25,33,16,12,26,34,15,8,26,35,16,8,24,39,20.05508102,30.86041667,20,32,20,31,20,31,19,21,20,31,20,17,18,PRC
Kaohsiung,2020,22,5,137,212,19,10,142,208,17,12,143,203,17,12,142,201,18,11,96,135,19,11,97,139,17,11,99,138,17,11,98,135,18,10,22,37,16,8,25,35,16,12,25,34,15,8,25,34,16,8,19,40,19.71437135,6.789517544,21,34,19,15,20,32,20,21,20,32,20,17,19,PRC
Kaohsiung,2020,23,6,138,202,17,8,142,207,18,11,143,205,17,12,142,201,18,11,95,129,16,8,96,134,17,10,98,138,16,11,97,135,18,10,22,35,18,5,23,35,16,11,25,34,16,8,25,34,16,8,21,38,19.20652116,9.01015873,23,38,19,15,20,33,20,20,20,32,20,17,19,PRC
Kaohsiung,2020,24,6,143,206,17,11,143,208,18,10,142,206,17,12,142,202,18,11,102,137,17,7,99,135,18,9,98,138,17,10,98,135,18,10,19,31,19,41,23,35,17,15,23,33,16,13,25,34,16,11,22,38,16.98299242,3.591073232,22,39,19,13,21,35,19,19,20,33,20,16,18,PRC
Kaohsiung,2020,25,6,135,199,23,6,138,205,19,9,141,206,18,12,142,203,18,11,91,132,26,6,96,133,20,8,97,138,18,10,98,136,19,10,25,38,19,3,22,35,18,15,23,34,17,13,24,34,16,10,19,29,18.54016082,11.15937135,20,36,19,8,20,34,19,19,20,32,19,16,15,PRC
Kaohsiung,2020,26,6,138,194,18,9,139,200,19,8,140,204,18,10,142,202,17,11,102,135,18,7,98,133,19,7,97,136,18,9,98,136,17,10,21,34,20,8,22,35,19,15,23,35,17,13,24,34,16,10,15,25,17.38805556,22.06109259,19,33,18,11,20,33,19,13,20,32,19,18,13,PRC
Kaohsiung,2020,27,7,147,204,22,9,141,201,20,9,141,204,19,10,142,203,18,11,100,137,24,11,99,135,21,8,97,135,19,9,98,137,18,10,24,34,16,3,22,34,18,14,23,34,17,13,24,34,17,10,23,33,20.09624396,10.98169082,20,31,18,12,21,35,19,13,20,33,19,17,16,PRC
Kaohsiung,2020,28,7,149,207,16,8,142,201,20,8,143,205,19,9,142,204,18,11,103,140,16,8,99,136,21,8,99,135,19,8,98,137,18,10,24,30,16,6,24,34,18,5,23,34,17,10,23,34,17,10,22,37,17.94925505,8.790997475,20,31,18,13,21,35,19,13,20,33,19,17,18,PRC
Kaohsiung,2020,29,7,134,199,18,8,142,201,19,8,140,203,19,9,141,204,18,11,95,136,18,7,100,137,19,8,98,135,19,8,98,137,18,9,25,32,15,12,24,33,17,7,23,34,17,11,23,34,17,11,14,31,25.01117063,4.794940476,19,32,20,12,19,34,19,10,20,33,19,17,16,PRC
Kaohsiung,2020,30,7,144,196,17,10,144,202,18,9,141,201,19,9,141,203,18,10,97,132,17,12,99,136,19,9,98,135,19,8,98,136,18,9,26,35,16,9,25,33,16,7,23,34,17,11,24,34,17,11,21,29,18.73104497,5.961203704,20,33,20,8,20,33,19,10,20,33,19,11,15,PRC
Kaohsiung,2020,31,7,154,204,18,8,145,202,17,9,143,201,19,9,143,203,18,9,103,140,18,8,100,137,17,9,99,136,19,8,98,136,19,9,28,34,18,6,26,33,16,8,24,34,17,11,24,34,17,11,23,30,17.16428744,12.89361111,20,32,20,8,20,32,19,10,21,34,19,12,15,PRC
Kaohsiung,2020,32,8,140,206,19,8,143,201,18,9,143,201,19,8,143,203,19,9,99,143,19,9,99,138,18,9,99,137,19,8,99,136,19,9,25,33,20,6,26,34,17,8,25,34,18,7,24,34,17,10,16,30,18.55300347,5.963715278,19,30,20,7,19,31,19,10,20,33,19,11,15,PRC
Kaohsiung,2020,33,8,140,200,17,7,145,202,18,9,143,201,18,8,142,202,18,9,96,140,17,6,99,139,18,9,99,138,18,9,98,136,19,8,23,31,15,6,26,33,17,7,25,33,17,7,24,34,17,9,21,29,20.13600529,10.28414021,20,30,19,9,19,31,19,10,20,32,19,9,15,PRC
Kaohsiung,2020,34,8,150,209,18,8,146,205,18,8,145,203,18,8,143,202,18,8,102,143,16,8,100,142,18,8,99,139,18,9,99,137,18,8,28,34,19,7,26,33,18,6,25,33,17,7,24,33,18,9,20,32,21.75393056,9.789444444,20,30,19,10,20,31,20,9,20,32,19,10,15,PRC
Kaohsiung,2020,35,8,133,192,17,7,141,202,18,8,143,202,18,8,142,201,18,8,94,133,17,7,98,140,17,8,99,138,17,8,99,137,18,8,22,29,15,5,25,32,17,6,25,32,17,7,24,33,17,9,17,30,23.58673203,9.500866013,19,30,21,9,19,31,20,8,19,31,20,10,16,PRC
Kaohsiung,2020,36,9,137,192,17,10,140,198,17,8,142,200,18,8,142,200,18,8,96,135,17,11,97,138,17,8,98,138,17,9,98,137,18,8,25,31,15,9,25,31,16,7,25,32,17,8,25,33,17,7,16,26,19.10576389,4.032447917,19,29,21,8,19,30,21,8,19,30,20,10,14,PRC
Kaohsiung,2020,37,9,142,193,17,9,141,197,17,8,143,199,18,8,142,200,18,8,96,136,17,9,97,137,17,9,98,138,17,9,99,138,18,9,25,29,17,4,25,31,17,6,25,32,17,7,25,32,17,7,21,28,20.59092593,13.75097884,19,29,21,9,19,29,20,9,19,30,20,10,15,PRC
Kaohsiung,2020,38,9,143,196,17,7,139,193,17,8,142,199,18,8,143,200,18,8,98,133,18,8,96,134,17,9,98,138,17,8,98,137,18,9,31,38,15,5,26,32,15,6,26,32,17,6,26,33,16,7,14,25,19.2331746,6.457460317,17,27,21,8,19,29,20,9,19,30,20,9,13,PRC
Kaohsiung,2020,39,9,142,196,18,9,141,194,17,8,141,198,18,8,142,199,17,8,100,139,18,9,98,136,18,9,98,138,17,8,98,138,17,8,25,35,15,11,27,33,15,7,26,33,16,7,26,33,16,7,17,22,18.66869281,5.287647059,17,25,19,7,18,28,20,8,19,29,20,8,11,PRC
Kaohsiung,2020,40,9,129,186,18,7,139,193,18,8,140,196,17,8,141,197,18,8,91,130,17,7,96,135,18,8,97,136,17,8,97,137,17,8,24,32,18,8,26,34,16,7,25,32,16,7,26,33,16,7,14,24,23.16097222,8.453472222,17,25,20,8,18,27,21,8,18,28,20,8,13,PRC
Kaohsiung,2020,41,10,146,196,18,13,140,194,18,9,140,195,17,9,142,197,18,9,98,136,18,9,97,135,18,8,97,136,17,8,98,137,17,9,29,36,14,24,27,35,16,12,26,33,16,9,26,33,16,8,19,24,22.75119883,18.05520468,16,24,21,10,17,26,21,9,18,27,20,9,12,PRC
Kaohsiung,2020,42,10,135,190,18,8,138,192,18,9,138,193,18,9,141,197,18,8,92,130,18,8,95,134,18,8,96,134,17,8,97,137,17,8,24,32,17,2,26,34,16,11,26,33,16,9,26,33,17,8,19,28,19.05204678,14.65130117,17,25,21,12,17,26,21,10,18,27,20,10,15,PRC
Kaohsiung,2020,43,10,141,193,18,6,138,191,18,9,139,193,18,9,140,196,18,8,100,136,19,6,95,133,18,8,96,134,18,8,97,136,18,8,22,31,15,3,25,33,16,10,26,33,16,8,25,33,16,8,19,26,18.4277924,6.107792398,18,26,21,12,17,25,20,10,18,27,20,9,13,PRC
Kaohsiung,2020,44,10,136,180,18,7,140,190,18,9,139,191,18,8,140,194,18,8,94,123,17,8,96,131,18,8,96,133,18,8,96,135,17,8,23,28,18,6,25,32,16,9,25,33,16,8,25,32,16,8,19,29,21.25165205,6.069897661,19,27,20,11,18,26,20,10,18,27,21,9,16,PRC
Kaohsiung,2020,45,11,138,183,18,9,138,187,18,7,139,190,18,8,139,192,18,8,95,123,17,9,95,128,18,8,96,131,18,8,96,133,17,8,28,35,17,9,24,32,17,5,26,33,16,9,26,33,16,8,15,25,23.18135185,9.867759259,18,27,20,9,17,25,21,9,18,27,21,9,14,PRC
Kaohsiung,2020,46,11,129,182,20,5,136,185,18,7,137,188,18,8,138,190,18,8,88,125,20,5,94,127,18,7,95,130,18,8,95,132,18,8,22,28,15,4,24,31,16,5,25,32,16,8,25,32,16,8,19,29,22.62270468,6.295833333,18,27,21,7,18,26,21,9,17,26,21,9,16,PRC
Kaohsiung,2020,47,11,145,193,19,7,137,185,19,7,137,188,18,8,139,190,18,8,102,135,19,7,95,127,18,7,95,130,18,7,96,132,18,8,25,32,18,3,25,31,17,5,25,32,16,7,25,32,16,7,18,26,19.19195988,9.574197531,18,27,22,8,18,26,21,10,18,26,21,9,13,PRC
Kaohsiung,2020,48,11,128,179,18,5,135,184,19,6,137,187,18,8,138,189,18,8,92,126,18,6,94,127,19,7,95,129,18,7,96,131,18,8,22,32,18,5,24,32,17,5,24,32,16,7,25,32,16,7,14,21,21.69821429,2.594920635,17,25,22,7,18,26,21,9,17,26,21,9,12,PRC
Kaohsiung,2020,49,12,128,175,20,5,133,182,19,6,135,184,19,6,137,187,18,7,90,128,20,6,93,129,19,6,94,128,19,7,95,130,18,7,23,28,20,3,23,30,17,4,24,31,17,4,25,32,17,7,15,19,22.55438889,4.292851852,17,24,22,6,17,25,21,7,17,25,21,8,11,PRC
Kaohsiung,2020,50,12,145,183,21,10,137,183,20,7,136,184,19,7,137,186,19,8,104,133,20,8,97,131,19,7,96,129,19,7,96,130,18,7,20,24,22,12,23,29,19,6,23,30,18,6,24,31,17,7,21,26,27.50601852,16.80681217,17,23,23,8,18,25,22,8,17,25,22,9,14,PRC
Kaohsiung,2020,51,12,131,184,21,8,133,180,20,7,135,182,19,7,136,185,19,8,89,123,20,8,94,128,19,7,94,127,19,7,95,129,19,7,24,33,16,3,22,29,19,6,23,30,18,5,24,31,17,7,18,28,30.7029784,12.32762346,17,24,26,9,17,25,24,8,18,25,23,10,15,PRC
Kaohsiung,2020,52,12,137,193,22,15,135,184,21,10,135,184,20,8,137,186,19,8,95,134,22,18,95,130,20,10,94,128,19,8,95,129,19,8,24,31,19,9,23,29,19,7,24,30,18,6,24,31,17,7,18,28,23.12598765,7.557314815,18,25,26,10,17,25,24,9,18,26,23,10,15,PRC
Kaohsiung,2020,53,12,45,106,18,7,115,167,20,10,124,174,20,8,128,178,19,8,28,71,17,5,79,115,20,10,86,122,19,8,89,124,19,8,7,17,20,6,19,26,19,7,21,28,18,6,22,29,18,5,10,18,21.29561111,16.59044444,17,25,26,13,17,24,24,10,17,25,23,9,17,PRC
Kaohsiung,2021,1,1,129,170,30,9,111,163,23,10,124,173,21,8,128,177,20,8,94,121,33,10,77,112,23,10,87,121,21,8,89,123,20,8,16,20,20,2,18,25,19,5,20,27,19,5,21,28,18,5,19,29,22.52596491,6.702032164,16,26,24,11,17,24,24,10,17,25,23,9,17,PRC
Kaohsiung,2021,2,1,131,180,20,8,111,162,22,10,122,171,21,8,127,176,20,8,86,121,18,10,76,112,22,11,85,120,21,9,88,122,20,8,30,36,19,6,19,26,20,6,21,28,19,6,22,29,18,6,15,23,29.15437037,1.061259259,16,25,24,8,16,24,25,8,17,25,24,8,13,PRC
Kaohsiung,2021,3,1,137,178,20,6,111,159,22,8,123,171,21,9,127,176,20,8,97,125,20,7,76,110,22,8,85,120,21,9,88,122,20,8,22,31,17,5,19,26,19,5,21,28,19,6,22,29,18,6,18,22,22.54899691,3.102361111,16,23,24,7,17,24,25,9,17,25,24,8,12,PRC
Kaohsiung,2021,4,1,126,175,19,7,131,176,22,7,123,171,21,9,126,175,21,8,90,126,19,7,92,123,22,8,85,119,21,9,88,122,20,8,21,28,16,6,22,29,18,5,21,28,19,6,21,28,18,5,15,21,21.45596296,4.920166667,17,24,24,4,17,24,25,9,17,24,24,8,12,PRC
Kaohsiung,2021,5,1,131,182,21,7,131,179,20,7,121,171,21,8,126,175,21,8,94,128,20,8,92,125,19,8,84,119,21,9,88,123,20,8,18,28,20,4,23,31,18,5,20,28,18,5,21,28,19,5,19,26,26.00868421,6.033508772,17,23,25,4,17,24,25,7,17,24,24,8,14,PRC
Kaohsiung,2021,6,2,123,174,18,7,129,177,19,7,120,170,21,8,124,173,21,8,87,119,17,7,92,125,19,7,84,118,21,9,87,121,20,8,21,28,20,10,21,29,18,6,20,27,19,6,21,28,19,6,15,27,21.0047963,4.819444444,17,24,23,5,16,24,23,6,16,24,24,7,16,PRC
Kaohsiung,2021,7,2,126,183,30,12,127,179,22,8,119,169,22,8,124,174,22,8,87,125,33,13,90,125,22,9,83,117,22,8,87,121,21,9,24,33,17,9,21,29,18,8,20,28,19,6,21,28,19,6,15,25,31.42161111,9.731611111,16,25,25,6,16,24,24,7,17,24,25,8,14,PRC
Kaohsiung,2021,8,2,147,193,21,9,132,183,22,9,131,179,22,8,126,175,22,9,108,141,20,10,94,128,22,10,93,126,22,9,88,122,21,9,25,31,21,6,22,30,20,7,22,29,19,6,21,28,19,7,14,21,24.64839286,5.73672619,16,25,26,7,16,24,25,5,16,25,25,8,11,PRC
Kaohsiung,2021,9,2,127,185,20,7,131,184,22,9,131,181,21,8,124,175,21,9,90,138,18,7,93,131,22,10,92,128,21,9,87,123,21,9,19,25,18,8,22,29,19,8,23,30,19,7,21,28,19,6,18,22,30.15753086,5.284660494,16,24,27,6,16,23,26,5,16,24,25,7,12,PRC
Kaohsiung,2021,10,3,128,178,20,8,132,185,23,9,131,181,21,8,124,175,21,9,84,123,19,9,92,132,22,10,92,128,21,9,87,123,21,9,25,29,21,8,23,30,19,8,22,29,19,7,21,28,19,7,19,26,24.39182749,4.589254386,17,24,28,6,17,24,25,6,16,24,25,6,15,PRC
Kaohsiung,2021,11,3,147,198,19,10,137,189,20,9,132,184,21,9,125,175,21,8,105,143,18,10,97,136,19,9,93,130,20,9,88,123,21,9,25,32,19,13,24,29,20,9,22,29,19,8,21,28,19,7,17,23,21.77651961,8.01380719,17,23,25,6,17,24,25,6,16,24,25,6,12,PRC
Kaohsiung,2021,12,3,137,196,19,9,135,189,19,9,133,186,21,9,132,183,21,8,93,137,18,9,93,135,18,9,94,132,20,9,93,129,21,9,25,36,20,6,24,31,19,9,23,30,20,8,23,30,19,7,19,23,22.57501462,9.250292398,18,24,25,7,17,24,25,7,17,24,25,6,12,PRC
Kaohsiung,2021,13,3,150,205,22,10,141,194,20,9,136,189,21,9,134,186,21,8,104,138,23,11,97,135,19,10,95,133,21,10,94,130,20,9,26,37,16,9,25,34,19,9,24,31,19,9,23,31,19,8,20,30,23.012375,5.978916667,19,26,23,7,17,25,25,7,17,24,25,6,15,PRC
Kaohsiung,2021,14,3,128,190,18,7,141,197,19,9,136,191,21,9,134,186,20,8,91,138,17,8,98,139,19,10,95,135,21,10,94,132,20,9,26,33,14,4,26,35,17,8,24,32,18,8,23,31,18,8,11,19,28.05712121,6.658989899,17,24,24,7,17,24,26,7,17,24,25,6,10,PRC
Kaohsiung,2021,15,4,142,203,19,7,139,199,19,8,138,194,19,9,134,189,20,8,99,144,18,8,97,139,19,9,97,138,19,9,94,133,20,9,26,35,18,5,26,35,17,6,25,32,18,8,23,31,18,8,17,24,23.78447712,8.585441176,17,24,24,8,17,24,25,7,17,24,25,7,12,PRC
Kaohsiung,2021,16,4,125,188,20,8,136,197,20,8,136,193,19,8,134,190,20,9,94,143,20,9,97,141,20,9,95,138,19,9,95,135,20,9,19,25,18,6,24,33,17,6,24,32,18,8,23,31,19,8,12,20,24.9074537,1.751064815,15,23,25,6,17,23,25,6,16,24,25,6,11,PRC
Kaohsiung,2021,17,4,150,206,20,10,136,197,19,8,138,196,19,9,136,192,20,9,97,141,17,11,95,142,18,9,96,138,19,9,95,136,20,9,30,38,22,7,25,33,18,6,25,33,18,7,24,32,19,8,23,27,25.96289855,11.25945652,16,23,26,7,17,24,24,7,17,24,25,7,13,PRC
Kaohsiung,2021,18,4,132,207,19,8,137,201,19,8,139,199,19,9,137,194,20,9,92,144,19,9,96,143,19,9,97,141,19,9,95,138,20,10,25,38,15,5,25,34,18,6,25,34,18,7,25,33,18,7,15,25,20.9475,8.540888889,17,24,24,8,17,24,24,8,17,24,25,7,12,PRC
Kaohsiung,2021,19,5,131,197,19,9,135,200,19,9,137,199,19,9,137,196,19,9,95,141,18,10,95,142,19,10,96,141,19,9,96,139,19,9,25,36,21,4,25,34,19,6,25,35,18,6,25,33,19,7,11,20,22.08679293,5.691161616,15,23,23,7,16,24,24,7,16,23,24,7,10,PRC
Kaohsiung,2021,20,5,138,194,20,8,138,201,19,9,137,199,20,8,136,196,19,9,95,140,20,8,95,142,19,10,96,141,19,9,95,139,19,9,20,28,17,5,25,35,19,5,25,34,18,6,24,33,18,7,23,26,25.72258454,9.774227053,18,25,24,9,17,24,24,7,17,24,24,7,13,PRC
Kaohsiung,2021,21,5,130,192,25,9,133,198,21,8,135,197,20,8,137,196,20,9,93,144,27,9,94,142,21,9,95,142,20,9,95,140,20,9,21,24,18,9,23,32,18,6,24,32,18,6,24,33,18,7,16,24,25.04871528,8.677430556,16,24,23,8,16,23,25,8,17,24,24,7,13,PRC
Kaohsiung,2021,22,5,133,195,23,9,133,195,22,9,135,198,21,9,137,198,20,9,91,136,23,7,94,140,22,9,95,142,20,9,96,141,20,9,25,30,19,7,23,30,19,6,24,32,19,6,24,33,18,7,17,29,32.32204248,23.34401961,17,25,26,12,17,24,25,10,17,24,25,9,15,PRC
Kaohsiung,2021,23,6,131,201,20,10,133,196,22,9,134,198,21,9,136,198,20,9,93,142,20,12,93,141,22,9,94,141,20,10,95,141,20,9,24,30,20,5,23,28,18,6,24,31,19,6,24,33,18,6,14,29,23.64924603,4.913948413,18,27,27,12,16,25,25,9,17,25,25,9,14,PRC
Kaohsiung,2021,24,6,133,193,20,8,132,195,22,9,135,198,21,9,135,198,20,9,90,133,20,8,92,139,22,9,93,140,20,9,95,140,20,9,24,34,18,9,24,30,19,7,24,32,19,6,24,32,18,6,19,26,23.33288012,8.12748538,17,27,26,11,17,26,25,10,17,25,25,9,13,PRC
Kaohsiung,2021,25,6,120,193,21,12,129,196,21,10,131,197,21,9,133,197,20,9,84,133,20,13,90,136,21,10,92,139,21,10,93,140,20,9,23,33,19,10,24,32,19,8,23,32,18,7,24,32,18,6,13,27,29.24059829,8.623717949,16,28,27,11,16,26,25,10,16,25,25,9,14,PRC
Kaohsiung,2021,26,6,122,191,25,13,127,195,22,11,130,195,22,10,132,197,21,9,91,141,25,13,90,137,21,11,92,139,22,10,93,140,21,10,15,23,18,7,22,30,19,8,22,30,19,7,23,31,19,7,16,27,31.20434028,14.99868056,16,27,27,9,16,26,27,11,16,25,26,10,14,PRC
Kaohsiung,2021,27,6,113,188,21,7,122,191,22,10,128,193,22,9,130,195,21,9,81,137,21,7,87,136,22,10,90,138,22,10,91,140,21,10,19,26,15,7,20,29,18,8,21,29,18,7,23,30,18,7,13,25,27.54444444,10.54912393,15,26,28,11,16,27,27,11,16,25,26,10,13,PRC
Kaohsiung,2021,28,7,140,202,23,13,124,194,22,11,128,194,22,10,131,197,21,10,100,147,21,14,89,140,22,12,90,139,22,10,92,140,21,10,25,30,23,7,21,28,19,8,22,29,19,7,23,31,19,7,15,25,34.23840741,14.27224074,14,26,31,12,15,27,28,12,16,26,27,11,12,PRC
Kaohsiung,2021,29,7,75,153,22,9,113,184,23,10,121,190,22,10,125,192,22,10,45,104,22,9,79,132,22,11,84,134,21,10,88,137,21,10,22,29,17,9,20,27,18,7,22,29,19,7,22,30,18,7,8,20,33.35069444,8.431770833,13,24,32,12,14,26,29,12,15,25,27,10,13,PRC
Kaohsiung,2021,30,7,142,180,23,13,118,181,22,11,122,188,22,11,126,190,22,10,108,132,22,13,84,130,22,11,87,134,21,11,89,136,22,10,20,26,26,16,22,28,20,10,22,29,20,9,22,29,19,8,14,22,27.53043651,7.938412698,13,23,31,10,14,25,29,10,15,25,28,10,12,PRC
Kaohsiung,2021,31,7,117,181,24,32,119,179,23,17,120,185,22,13,125,189,22,12,77,124,23,32,83,127,22,17,85,131,22,14,87,134,22,12,20,31,21,24,22,29,22,14,21,29,20,11,22,29,19,9,20,26,34.07397222,37.66497222,14,23,32,17,15,25,30,14,16,26,29,13,14,PRC
Kaohsiung,2021,32,8,117,203,27,16,113,179,24,18,118,186,23,14,123,189,23,13,82,140,26,12,78,125,23,17,84,132,23,14,86,134,22,12,20,35,27,16,21,30,23,16,21,29,21,12,22,29,20,10,15,28,34.83566667,37.82305556,14,24,32,23,14,25,32,18,15,26,30,15,14,PRC
Kaohsiung,2021,33,8,129,208,24,15,126,193,25,19,119,188,24,15,123,191,23,13,93,144,23,15,90,135,24,18,85,134,23,14,86,134,22,13,20,33,22,5,20,31,24,16,20,29,21,11,21,30,20,10,16,31,30.23461806,26.85725694,16,27,32,28,15,26,32,20,15,26,30,17,15,PRC
Kaohsiung,2021,34,8,106,191,22,9,117,196,24,18,117,188,23,14,120,190,23,13,75,133,21,10,82,135,23,17,83,133,22,14,85,134,22,13,22,34,21,4,21,33,23,12,21,31,21,11,21,30,21,10,9,24,29.99882716,12.61429012,15,27,32,29,14,25,31,20,14,26,30,16,13,PRC
Kaohsiung,2021,35,8,135,188,39,16,122,198,28,14,120,188,26,15,121,189,24,14,92,127,42,13,86,136,28,12,84,131,25,15,85,133,24,13,24,34,20,14,22,34,22,10,22,32,22,12,21,31,21,11,19,27,43.26681287,32.97185673,15,28,35,28,15,25,33,22,15,26,32,18,14,PRC
Kaohsiung,2021,36,9,108,172,24,13,120,190,27,13,116,185,26,15,119,188,25,14,77,119,23,11,84,131,27,12,81,128,25,15,84,132,24,14,16,25,18,11,21,32,20,9,21,31,21,12,21,30,21,11,15,28,35.05294444,24.40364815,15,28,35,24,15,26,34,24,14,26,33,20,16,PRC
Kaohsiung,2021,37,9,107,189,23,13,114,185,27,13,120,189,26,16,118,187,25,14,79,134,23,14,81,128,27,12,85,132,25,15,83,132,24,14,22,31,17,12,21,31,19,10,21,31,21,13,20,30,20,11,6,24,39.16236111,7.040972222,12,26,37,19,14,26,34,23,14,26,33,20,13,PRC
Kaohsiung,2021,38,9,124,189,25,11,119,185,28,13,118,190,26,16,118,187,25,14,86,138,23,12,84,130,28,13,83,132,26,15,83,132,24,14,22,27,26,7,21,29,20,11,21,31,21,12,21,30,21,11,16,24,34.62940972,9.884305556,14,26,38,19,15,27,35,24,14,25,34,19,13,PRC
Kaohsiung,2021,39,9,112,177,24,8,113,182,24,11,117,190,26,13,118,186,25,14,81,124,23,6,81,129,23,11,83,132,26,12,83,131,24,14,21,32,25,10,20,29,21,10,21,31,22,10,21,31,22,11,10,21,34.11688889,19.08247222,12,24,36,15,13,26,35,21,14,25,34,20,12,PRC
Kaohsiung,2021,40,10,124,176,24,13,117,183,24,11,118,186,25,12,116,184,25,14,83,119,23,10,82,129,23,11,83,130,25,11,82,128,24,13,26,35,22,17,23,31,22,11,22,31,21,10,21,31,22,12,15,22,33.78833333,18.63805556,12,23,35,14,13,25,35,19,14,25,34,20,13,PRC
Kaohsiung,2021,41,10,112,178,26,10,118,180,25,10,116,183,26,12,119,186,25,14,83,124,24,11,83,126,23,10,82,127,25,11,85,130,25,13,19,34,24,2,22,32,24,9,22,32,22,10,21,31,22,12,10,20,40.38122222,12.81569444,13,22,36,15,13,24,36,17,14,25,35,21,11,PRC
Kaohsiung,2021,42,10,98,172,21,7,112,176,24,9,115,180,26,11,116,185,25,14,67,123,20,8,79,123,22,9,81,126,25,11,81,129,24,13,18,29,18,5,21,33,22,8,21,31,21,10,21,32,22,11,13,20,28.61194444,5.143888889,12,21,34,14,13,23,36,16,14,25,35,20,12,PRC
Kaohsiung,2021,43,10,121,173,25,11,114,175,24,10,113,178,24,11,116,185,25,12,90,126,23,11,81,123,23,10,81,126,23,11,82,129,25,11,13,22,17,6,19,30,20,8,20,29,21,9,20,31,21,9,18,25,41.78532407,8.850848765,14,22,36,11,13,23,36,13,14,25,35,18,14,PRC
Kaohsiung,2021,44,10,117,174,25,12,112,174,24,10,114,179,24,10,116,182,25,11,81,127,22,9,80,125,22,10,81,127,23,10,82,128,24,11,18,19,21,7,17,26,20,5,20,29,21,8,20,30,21,8,18,28,44.19563272,28.62276235,15,23,39,14,13,23,37,14,14,25,36,17,16,PRC
Kaohsiung,2021,45,11,114,160,26,10,113,170,24,10,115,175,25,10,115,178,25,11,82,114,23,10,80,123,22,10,82,124,23,10,81,126,24,11,19,23,22,6,17,23,20,6,20,28,22,7,20,29,21,8,13,23,47.69867521,14.33002137,16,24,41,14,14,23,38,15,14,24,38,16,14,PRC
Kaohsiung,2021,46,11,106,161,27,15,115,167,26,12,113,171,25,11,115,176,26,11,72,110,25,14,81,119,23,11,80,121,23,10,81,124,25,11,21,29,28,17,18,23,22,9,19,28,22,9,20,28,21,9,13,22,33.9308547,22.68961538,16,25,42,19,14,23,38,16,14,24,38,17,14,PRC
Kaohsiung,2021,47,11,122,163,22,12,115,165,25,12,114,170,24,11,114,174,24,11,83,111,22,11,80,116,23,11,80,119,23,11,80,122,23,11,23,30,21,15,20,25,23,11,20,28,22,9,20,28,21,10,16,22,28.21258681,11.28689236,15,24,39,19,15,23,37,15,14,23,37,15,13,PRC
Kaohsiung,2021,48,11,121,168,23,15,116,163,24,13,114,169,24,11,115,173,24,11,89,124,23,16,82,115,23,13,81,120,23,11,81,123,23,11,18,25,17,11,20,27,22,12,19,26,21,9,20,28,21,10,14,19,31.32589286,13.58402778,14,22,35,15,14,22,37,15,14,23,36,14,11,PRC
Kaohsiung,2021,49,12,108,165,26,14,114,164,25,14,113,167,24,12,115,171,25,11,80,125,26,15,81,118,24,14,81,120,23,12,81,122,23,11,18,23,22,10,20,27,22,13,19,25,21,10,20,27,22,9,10,17,37.99308333,10.21586111,13,20,33,14,14,22,37,14,14,22,36,15,10,PRC
Kaohsiung,2021,50,12,107,158,22,7,115,164,23,12,115,165,25,12,114,169,24,11,78,123,20,7,83,121,23,12,82,120,23,12,81,121,23,11,15,19,21,5,19,24,20,10,18,24,21,10,19,27,21,9,14,16,34.67492063,12.23289683,14,19,33,12,15,22,37,15,14,21,36,15,10,PRC
Kaohsiung,2021,51,12,112,150,22,8,112,160,23,11,113,162,24,12,114,167,24,11,80,110,21,10,82,121,23,12,81,118,23,11,81,120,23,11,20,24,16,5,18,23,19,8,19,24,21,9,19,26,21,9,12,16,36.28305556,2.586875,13,17,35,10,14,20,37,14,14,21,37,13,11,PRC
Kaohsiung,2021,52,12,58,99,22,7,96,143,23,9,106,153,24,11,108,160,24,11,41,74,21,7,70,108,22,10,76,111,23,11,77,116,23,11,9,12,22,2,16,20,20,5,18,23,21,9,18,24,21,8,8,13,23.4425,9.819097222,11,16,33,9,13,19,34,12,13,20,36,13,13,PRC
Kaohsiung,2021,53,12,82,82,31,8,90,122,24,8,102,143,24,11,106,152,24,10,54,54,36,9,63,90,25,8,72,104,24,11,75,110,24,11,12,12,16,3,14,17,19,4,17,22,20,8,17,22,20,8,16,16,26.76828125,10.72305556,13,15,30,9,13,18,32,12,14,20,35,13,20,PRC
Kaohsiung,2022,1,1,120,173,23,9,93,126,25,8,104,145,24,10,107,152,25,11,90,133,22,10,66,93,25,9,74,107,24,11,77,111,24,11,17,20,17,6,15,17,18,4,17,21,19,7,17,22,20,8,13,20,35.1542735,6.294081197,12,16,30,7,13,17,32,10,14,20,35,13,12,PRC
Kaohsiung,2022,2,1,109,160,21,6,92,129,24,8,102,144,24,9,106,151,24,10,78,123,20,8,66,96,25,9,74,108,24,10,76,111,23,10,18,20,18,2,14,16,18,3,16,19,19,5,17,21,20,7,13,17,30.79527778,2.079081197,13,17,29,7,13,17,32,8,13,19,34,12,11,PRC
Kaohsiung,2022,3,1,128,165,24,7,110,145,25,8,103,144,24,8,107,150,24,10,94,125,23,7,79,109,25,9,74,108,24,9,77,111,24,10,22,24,20,4,17,19,18,4,16,19,19,5,18,22,20,7,12,16,43.43541667,11.12791667,14,17,34,8,12,16,34,8,13,18,34,11,10,PRC
Kaohsiung,2022,4,1,126,161,24,11,121,165,23,8,105,144,24,8,108,150,24,10,88,114,23,12,88,124,22,9,75,107,23,9,77,111,24,10,18,23,20,5,19,22,19,4,16,19,19,4,18,22,20,7,20,24,33.55095833,11.15806944,15,19,36,8,14,17,33,8,13,18,33,10,15,PRC
Kaohsiung,2022,5,1,117,162,21,13,120,162,23,9,107,144,24,9,109,151,24,10,82,117,19,16,86,120,21,11,76,106,23,10,78,111,23,11,26,32,24,7,21,25,21,5,18,21,19,4,18,22,20,6,9,13,30.34564815,4.414382716,14,18,35,7,13,17,32,7,13,17,33,9,8,PRC
Kaohsiung,2022,6,2,122,165,21,11,123,163,23,11,108,146,23,9,109,151,23,10,86,116,20,15,88,118,21,12,77,107,23,11,78,112,23,11,23,30,18,3,22,27,21,5,18,22,20,4,18,22,19,5,13,19,31.84153846,3.953803419,14,18,35,8,13,17,32,7,13,17,33,8,12,PRC
Kaohsiung,2022,7,2,117,160,23,10,121,162,22,11,115,154,24,9,109,150,23,9,90,125,21,10,87,118,21,13,83,113,23,11,78,112,23,10,14,19,18,2,20,26,20,4,19,23,19,4,18,22,19,5,13,16,44.89848291,16.80318376,14,18,35,9,14,18,35,8,13,17,34,8,10,PRC
Kaohsiung,2022,8,2,131,182,22,12,122,167,22,11,121,166,22,10,111,151,23,9,93,133,20,13,88,123,20,13,88,123,21,11,80,112,22,10,22,26,17,10,21,27,19,6,20,24,19,5,18,22,19,5,16,23,34.18850694,6.221458333,13,18,35,8,14,19,36,8,13,17,34,8,13,PRC
Kaohsiung,2022,9,2,126,172,22,7,124,170,22,10,122,166,22,10,112,153,23,9,95,131,20,7,91,126,20,11,88,123,21,11,81,113,22,10,16,20,18,4,19,24,18,5,20,24,19,5,18,22,19,4,15,21,38.19157407,9.214814815,14,20,37,9,14,19,36,8,13,18,34,8,12,PRC
Kaohsiung,2022,10,3,141,189,24,10,129,176,23,10,126,170,23,10,115,156,23,9,100,139,21,11,95,132,21,10,91,125,21,11,83,115,22,10,21,24,21,6,18,22,18,6,20,25,20,5,18,22,19,5,20,26,37.24661111,12.72534722,16,22,39,11,15,20,37,9,14,19,34,9,14,PRC
Kaohsiung,2022,11,3,104,166,24,11,126,177,23,10,123,170,23,11,119,161,23,10,75,120,21,10,91,131,21,10,89,124,21,12,85,119,22,11,15,23,20,15,19,23,19,9,19,25,20,7,19,23,19,6,14,23,40.11503968,14.18295635,16,23,37,11,15,21,36,10,15,20,36,9,14,PRC
Kaohsiung,2022,12,3,120,169,22,9,123,174,23,9,122,171,22,10,122,169,23,10,88,123,21,11,90,128,21,10,89,126,21,11,88,125,21,11,15,19,17,5,17,22,19,7,19,24,19,7,19,23,19,6,17,27,28.74735294,4.302630719,17,24,36,10,15,21,36,9,15,20,36,9,16,PRC
Kaohsiung,2022,13,3,126,179,21,8,123,176,23,10,123,173,22,10,122,169,22,10,83,122,21,7,87,126,21,10,89,126,21,10,88,124,21,11,27,32,17,7,20,25,19,8,19,24,18,7,20,24,19,6,16,25,31.26373264,16.56522569,17,25,34,12,16,23,36,10,15,21,35,9,14,PRC
Kaohsiung,2022,14,3,127,177,21,10,119,173,22,10,124,174,22,10,124,171,22,10,93,129,20,10,85,124,21,9,90,128,21,10,89,125,21,11,21,28,19,6,20,26,19,8,19,24,19,7,20,25,19,6,13,20,33.04982906,15.47367521,15,24,33,13,16,23,36,12,15,21,36,11,11,PRC
Kaohsiung,2022,15,4,114,160,20,9,122,171,21,9,124,174,22,10,123,170,22,10,86,119,18,9,88,123,20,9,89,127,20,10,88,124,21,11,13,18,17,6,19,24,18,6,19,24,18,7,19,25,19,6,15,23,33.32666667,12.0057963,15,24,32,12,16,24,35,11,15,22,35,11,14,PRC
Kaohsiung,2022,16,4,118,166,21,7,121,171,21,9,122,172,22,9,122,171,22,10,82,122,19,8,86,123,20,9,88,126,20,9,88,125,20,11,23,24,20,4,21,26,19,6,19,24,19,7,20,25,19,6,13,20,29.65017094,4.423589744,14,22,32,12,15,23,34,11,15,21,34,10,12,PRC
Kaohsiung,2022,17,4,123,163,22,9,121,167,21,9,122,171,22,9,122,171,22,9,92,118,22,10,88,122,20,9,87,124,21,9,89,125,20,10,20,28,17,6,19,25,19,6,19,25,19,7,19,24,18,6,11,17,33.37575758,12.2160101,13,20,32,11,15,23,33,11,15,22,35,11,10,PRC
Kaohsiung,2022,18,4,115,164,23,8,118,163,21,8,118,168,22,9,122,171,22,9,85,128,22,7,86,122,20,9,86,123,21,9,89,126,21,9,16,18,23,8,18,22,19,6,19,24,19,7,19,23,19,7,14,18,28.43,10.35531746,13,20,31,10,14,22,32,11,15,22,34,11,11,PRC
Kaohsiung,2022,19,5,112,158,23,9,117,163,22,8,119,167,22,9,121,170,22,9,73,109,22,10,83,119,21,9,85,121,21,9,87,124,21,9,21,27,20,7,20,24,20,6,20,24,19,6,19,24,19,7,18,22,33.56282407,5.359197531,14,19,31,8,15,22,31,10,15,22,33,10,14,PRC
Kaohsiung,2022,20,5,134,176,20,7,121,165,22,8,121,168,22,8,122,170,22,9,93,124,20,6,86,120,21,8,86,121,20,8,87,124,21,9,22,28,18,11,20,25,20,8,20,25,19,7,19,24,19,7,19,24,27.23921053,5.625350877,16,20,31,8,15,21,31,10,15,22,33,10,14,PRC
Kaohsiung,2022,21,5,113,166,28,11,119,166,24,9,120,166,22,9,121,169,22,9,84,117,29,12,84,120,23,9,86,121,21,9,86,123,21,9,19,28,18,7,20,25,20,8,19,25,19,7,19,25,19,7,10,21,42.21711111,10.82016667,15,21,33,8,14,21,33,10,15,22,33,10,13,PRC
Kaohsiung,2022,22,5,121,175,24,12,120,169,24,10,119,166,23,9,119,168,23,9,87,128,23,14,84,120,23,10,85,121,22,10,85,122,22,9,19,23,22,6,20,27,19,8,19,24,19,7,19,25,19,7,15,24,35.53661111,7.23387037,16,23,35,7,14,21,33,9,15,22,33,10,14,PRC
Kaohsiung,2022,23,6,122,171,24,12,123,172,24,10,120,167,23,9,120,169,23,9,77,117,22,14,85,122,24,12,84,120,22,10,85,121,22,10,26,30,25,6,22,27,21,7,21,26,20,7,20,25,20,6,19,24,32.01669591,13.2919152,16,23,34,9,15,21,33,9,15,22,32,10,14,PRC
Kaohsiung,2022,24,6,125,177,26,16,120,172,26,13,121,169,24,10,121,169,23,10,95,125,25,17,86,122,25,14,86,121,23,11,86,122,22,10,16,29,21,12,20,28,21,7,20,26,20,8,20,26,20,7,14,23,38.46242063,15.82045635,15,23,37,12,15,22,34,10,15,22,33,11,13,PRC
Kaohsiung,2022,25,6,117,173,23,11,121,174,24,13,120,170,24,11,120,169,23,10,79,124,21,12,85,124,23,14,84,122,23,11,86,122,22,11,22,28,25,8,21,28,23,8,20,26,21,8,20,26,20,7,16,21,32.08059028,11.48888889,16,23,35,12,16,22,34,10,15,21,33,10,12,PRC
Kaohsiung,2022,26,6,125,171,25,10,122,173,25,12,121,171,24,11,120,168,23,10,92,123,24,12,86,122,23,14,85,121,23,12,85,121,22,11,18,24,22,8,21,28,23,8,20,27,21,8,20,25,21,7,15,24,32.55444444,4.827074074,16,23,34,11,16,23,34,9,15,22,33,9,14,PRC
Kaohsiung,2022,27,6,108,157,24,8,119,170,24,11,121,171,24,11,119,168,24,10,75,111,22,8,85,121,23,12,85,121,23,12,85,121,23,11,20,27,22,4,19,27,23,8,20,27,22,8,20,26,21,7,13,19,33.81305556,17.20025641,15,22,34,12,15,23,34,11,15,21,33,10,12,PRC
Kaohsiung,2022,28,7,136,172,29,11,122,168,25,10,121,170,25,11,121,169,24,10,93,118,29,9,85,119,24,10,85,120,24,12,85,120,23,11,27,33,24,12,22,28,23,8,21,28,22,8,21,27,21,8,16,21,38.45085069,14.82329861,15,21,34,12,15,22,36,12,15,22,34,11,12,PRC
Kaohsiung,2022,29,7,135,186,23,11,126,172,25,10,124,173,25,11,122,171,24,10,99,135,22,11,90,122,24,10,87,123,24,12,86,122,23,11,17,25,18,7,21,27,22,8,21,27,22,8,20,27,21,8,19,26,34.60030702,12.26127193,16,23,35,12,16,23,35,12,16,22,34,11,14,PRC
Kaohsiung,2022,30,7,118,182,24,14,124,174,25,11,123,174,25,12,122,172,25,11,89,137,24,13,89,125,24,10,87,124,24,12,86,122,24,11,17,23,18,15,20,27,20,10,20,27,22,9,20,27,21,9,12,22,35.95201389,20.0019213,15,22,36,16,16,23,35,14,16,23,35,12,12,PRC
Kaohsiung,2022,31,7,118,176,20,7,127,179,24,11,123,174,24,11,123,174,24,11,87,132,19,8,92,131,23,10,89,126,23,11,88,124,23,11,19,25,18,4,20,27,20,10,20,27,21,9,20,27,21,8,12,19,31.95351852,5.037847222,15,22,35,13,15,22,35,13,15,22,35,12,11,PRC
Kaohsiung,2022,32,8,127,174,22,9,125,180,22,10,123,174,24,10,122,173,24,11,92,128,22,10,92,133,22,10,88,126,23,10,87,125,24,12,20,25,18,5,18,25,18,8,20,26,21,8,20,27,21,8,15,21,26.59362963,13.52209259,15,22,32,13,15,22,33,12,15,22,35,12,12,PRC
Kaohsiung,2022,33,8,129,174,25,9,123,177,23,10,125,174,24,10,123,174,24,11,96,127,25,10,91,131,23,10,90,126,23,10,88,125,23,11,17,25,20,6,18,25,19,8,19,26,20,8,20,26,21,8,16,22,29.01685764,5.984513889,14,21,31,11,15,22,33,12,15,22,33,12,13,PRC
Kaohsiung,2022,34,8,134,189,21,9,127,178,22,9,126,176,24,10,125,175,24,11,100,143,20,10,94,133,22,10,91,129,23,10,90,127,23,11,21,28,19,9,19,26,19,6,20,26,20,8,20,27,21,8,13,18,28.9783547,0.92241453,14,20,29,6,15,21,32,11,15,22,33,11,10,PRC
Kaohsiung,2022,35,8,104,150,21,10,124,172,22,10,125,175,23,10,123,173,24,10,75,111,20,12,91,127,22,11,91,129,23,11,89,126,23,11,17,24,19,3,19,26,19,6,19,26,19,8,19,26,20,8,12,15,32.59097222,3.788935185,14,19,29,6,14,21,32,10,14,21,33,10,10,PRC
Kaohsiung,2022,36,8,128,177,23,8,124,173,22,9,124,176,22,10,123,173,23,10,88,126,21,9,90,127,22,10,91,130,22,10,89,126,22,10,20,24,20,7,19,25,20,6,19,25,19,7,20,26,20,8,20,27,31.30401389,7.520819444,15,21,30,5,15,21,31,9,15,21,32,10,15,PRC
Kaohsiung,2022,37,9,130,181,19,8,124,174,21,9,124,175,22,9,124,174,23,10,91,127,18,8,89,127,20,10,90,129,21,10,90,127,22,10,19,23,17,7,19,25,19,7,19,25,19,7,19,26,20,7,20,31,24.53052778,9.206625,16,23,29,5,15,22,30,8,15,22,32,10,17,PRC
Kaohsiung,2022,38,9,112,167,20,7,119,169,21,8,123,174,21,9,123,174,23,9,80,123,20,6,84,122,20,9,89,127,21,9,89,127,22,10,17,21,16,9,18,23,18,7,19,24,18,6,19,25,19,8,15,23,22.93411111,7.198166667,17,24,28,7,15,22,28,7,15,22,31,10,14,PRC
Kaohsiung,2022,39,9,130,178,20,8,125,176,20,8,124,174,21,9,125,176,22,9,95,131,20,9,89,127,20,8,90,127,21,9,90,128,22,10,19,25,17,7,19,23,18,7,19,24,18,7,19,25,19,8,16,22,26.12055556,4.155069444,18,26,26,7,16,22,28,7,16,22,30,9,12,PRC
Kaohsiung,2022,40,9,118,167,19,16,123,173,20,10,123,173,21,9,124,175,21,10,83,122,19,11,87,126,19,9,89,126,20,10,90,129,21,10,21,26,17,24,19,24,17,12,19,25,18,9,19,25,18,9,14,19,21.77734127,33.51958333,16,24,24,14,16,22,27,9,15,22,29,10,11,PRC
Kaohsiung,2022,41,10,120,161,27,11,120,168,21,10,122,171,21,10,122,173,22,10,88,112,28,12,87,122,22,10,88,124,21,10,89,127,21,10,19,30,17,11,19,26,17,13,19,25,18,10,19,25,18,9,13,19,29.7915812,5.135363248,15,21,25,13,15,22,27,9,15,22,28,10,12,PRC
Kaohsiung,2022,42,10,117,172,21,10,121,170,22,11,120,169,21,10,122,172,21,9,84,126,20,10,88,123,22,11,86,122,21,10,88,126,21,10,15,25,17,5,19,27,17,11,18,25,18,9,19,25,18,8,18,21,28.22589506,13.21759259,15,20,26,14,16,22,27,10,15,21,28,9,12,PRC
Kaohsiung,2022,43,10,120,173,22,9,119,168,22,12,122,172,21,10,122,172,22,10,78,115,22,11,83,119,22,11,86,123,21,10,88,124,21,10,22,29,16,3,19,28,17,11,19,25,17,9,19,25,18,8,20,29,24.91354167,7.861625,16,22,26,15,17,24,26,11,16,22,27,9,17,PRC
Kaohsiung,2022,44,10,130,183,20,10,122,172,22,10,122,173,21,10,123,173,21,10,88,123,20,12,85,119,23,11,86,122,21,10,87,124,21,10,28,35,16,9,21,30,17,7,20,27,17,9,20,26,18,8,14,25,24.10214286,5.829126984,16,24,27,8,16,24,25,11,16,23,27,9,14,PRC
Kaohsiung,2022,45,11,114,181,24,6,120,177,22,9,120,173,22,10,121,173,21,9,88,133,24,6,85,124,22,10,86,123,22,10,87,124,21,10,13,25,19,5,20,29,17,5,19,27,17,9,19,26,18,8,13,23,26.71717949,8.115854701,16,25,26,9,15,23,26,11,16,23,27,9,13,PRC
Kaohsiung,2022,46,11,125,179,19,7,122,179,21,8,122,174,21,10,121,172,21,9,88,125,18,8,86,124,21,9,87,123,22,10,86,123,21,10,21,30,16,3,21,30,17,5,20,28,17,8,19,26,17,8,16,24,28.536875,5.526319444,16,25,26,7,16,23,26,10,16,23,27,9,13,PRC
Kaohsiung,2022,47,11,135,185,19,8,126,182,20,8,122,175,21,10,123,175,21,9,98,135,18,8,91,129,20,8,87,124,21,10,87,125,21,9,20,25,16,2,21,29,17,5,20,28,17,8,20,27,17,8,17,25,25.7773366,11.38196078,15,24,26,8,16,23,26,11,16,24,26,10,14,PRC
Kaohsiung,2022,48,11,117,173,19,6,123,180,20,7,122,176,21,8,122,175,21,9,86,126,19,7,90,130,20,7,87,124,21,9,87,125,21,9,17,25,15,2,18,26,17,3,19,28,17,5,19,27,17,7,14,22,25.12886905,2.34406746,15,24,27,7,16,24,27,7,16,24,26,9,13,PRC
Kaohsiung,2022,49,11,132,176,19,9,127,178,19,7,124,178,20,8,123,175,21,9,95,131,18,9,92,129,18,8,88,127,20,9,88,125,21,9,17,21,15,6,19,25,16,3,19,27,16,4,19,26,16,7,20,24,26.41534722,7.677319444,17,24,26,7,17,24,26,8,16,23,26,9,14,PRC
Kaohsiung,2022,50,12,119,174,19,5,126,177,19,7,124,178,20,7,123,175,21,9,89,130,18,6,92,131,18,7,89,127,20,8,88,126,20,9,18,22,17,1,18,23,16,3,20,27,16,4,19,27,17,6,12,22,25.03303241,2.86412037,16,23,26,6,16,24,26,6,16,23,26,9,13,PRC
Kaohsiung,2022,51,12,129,178,18,7,124,175,19,7,125,179,20,7,123,175,20,9,89,130,17,7,90,129,18,7,90,129,19,8,88,126,20,9,26,29,18,7,20,24,16,4,20,27,17,4,20,27,17,7,14,19,23.53938492,5.862519841,15,22,25,5,15,23,26,6,15,23,26,9,11,PRC
Kaohsiung,2022,52,12,154,203,35,6,134,183,23,7,128,181,21,7,126,178,22,8,119,152,38,7,98,136,23,7,94,133,21,7,91,128,22,9,16,25,16,2,19,24,16,4,19,25,17,4,19,27,17,5,19,26,27.35959064,5.712309942,16,23,26,6,16,23,26,6,16,23,26,7,13,PRC
LALB,2019,1,1,63,84,86,14,,,,,,,,,,,,,8,8,26,21,,,,,,,,,,,,,25,33,77,15,,,,,,,,,,,,,30,43,109.6518981,10.46673148,,,,,,,,,,,,,51,USA
LALB,2019,2,1,39,67,96,18,,,,,,,,,,,,,7,8,36,24,,,,,,,,,,,,,14,26,80,3,,,,,,,,,,,,,18,33,131.9868673,27.68603395,,,,,,,,,,,,,49,USA
LALB,2019,3,1,38,63,77,9,,,,,,,,,,,,,5,7,31,8,,,,,,,,,,,,,17,25,52,7,,,,,,,,,,,,,16,31,117.1953993,12.74873264,,,,,,,,,,,,,49,USA
LALB,2019,4,1,45,68,79,7,46,71,84,12,,,,,,,,,10,10,49,3,8,8,36,14,,,,,,,,,15,24,64,1,18,27,68,6,,,,,,,,,20,34,104.1377639,12.89911111,21,35,116,16,,,,,,,,,50,USA
LALB,2019,5,1,40,62,72,6,41,65,81,10,,,,,,,,,4,6,46,1,7,8,41,9,,,,,,,,,20,27,57,9,17,26,63,5,,,,,,,,,16,29,98.41105903,2.812638889,18,32,113,14,,,,,,,,,47,USA
LALB,2019,6,2,43,65,80,2,42,65,77,6,,,,,,,,,8,8,43,2,7,8,42,3,,,,,,,,,16,24,60,1,17,25,58,4,,,,,,,,,19,33,113.5792251,3.642309942,18,32,108,8,,,,,,,,,51,USA
LALB,2019,7,2,36,66,74,1,41,65,76,4,,,,,,,,,5,7,43,0,7,8,45,2,,,,,,,,,16,26,57,1,17,25,59,3,,,,,,,,,15,33,102.8498333,2.533537037,18,32,105,5,,,,,,,,,50,USA
LALB,2019,8,2,36,61,77,2,39,64,76,3,43,67,80,7,,,,,7,9,55,6,6,8,47,2,7,8,41,8,,,,,10,21,65,1,16,25,59,3,17,26,64,5,,,,,19,31,92.31823099,0.736842105,17,32,102,2,19,33,109,9,,,,,51,USA
LALB,2019,9,2,33,55,67,4,37,62,75,2,39,63,78,6,,,,,6,7,38,1,7,8,45,2,7,8,43,6,,,,,14,20,59,8,14,23,60,3,15,24,62,4,,,,,13,28,88.64027778,0.538461538,17,31,99,2,17,32,106,8,,,,,51,USA
LALB,2019,10,3,30,48,66,2,34,58,71,2,38,61,74,4,,,,,7,8,45,3,6,8,45,2,7,8,44,3,,,,,10,18,49,1,13,21,57,3,15,23,58,3,,,,,13,22,90.57916667,2.316153846,15,29,94,2,16,30,101,5,,,,,46,USA
LALB,2019,11,3,39,52,66,2,35,54,69,2,38,60,73,3,,,,,5,6,34,1,6,8,43,2,7,8,44,2,,,,,17,22,45,4,13,20,54,3,15,23,57,3,,,,,17,24,95.42598039,0.647058824,16,26,92,1,17,29,98,3,,,,,46,USA
LALB,2019,12,3,33,50,73,3,34,51,68,3,36,57,72,3,40,62,76,6,7,8,40,3,6,7,39,2,6,7,43,2,7,8,41,6,10,17,51,2,13,19,51,4,14,22,55,3,15,24,60,4,16,25,100.5981424,3.375329861,15,25,94,2,16,28,98,2,18,31,104,7,50,USA
LALB,2019,13,3,40,55,67,4,36,51,68,3,36,57,71,2,38,59,75,5,5,6,35,1,6,7,39,2,6,7,42,2,6,8,41,4,19,23,53,7,14,20,50,3,14,21,55,3,15,23,58,4,16,26,94.63486111,0.625,16,24,95,2,16,28,97,2,17,29,103,6,47,USA
LALB,2019,14,4,37,56,69,1,37,53,69,2,36,55,70,2,38,58,72,4,8,10,41,1,6,8,38,1,6,8,41,2,6,8,42,2,13,22,49,1,15,21,50,3,14,21,53,3,15,22,55,3,16,24,99.18913194,1.456128472,16,25,97,2,16,27,96,2,16,28,100,4,43,USA
LALB,2019,15,4,45,63,58,3,39,56,67,3,37,55,68,3,38,58,71,3,6,7,31,1,7,8,37,1,6,8,40,2,7,8,42,2,23,30,45,6,16,23,50,4,15,22,52,4,15,23,54,3,16,26,86.72914931,0.5,16,25,95,1,16,26,94,1,16,28,97,3,41,USA
LALB,2019,16,4,35,52,70,1,39,57,66,2,37,54,67,2,37,57,70,3,7,8,36,0,7,8,36,1,6,8,38,1,6,8,41,2,10,18,51,1,16,23,50,3,15,21,50,4,15,22,53,3,18,26,93.9095216,0.722222222,17,26,94,1,16,25,94,1,16,27,96,2,50,USA
LALB,2019,17,4,38,50,70,3,39,55,67,2,37,53,67,2,37,56,70,2,5,6,35,1,7,8,36,1,6,7,37,1,6,8,40,2,14,17,51,4,15,22,49,3,15,21,49,3,14,22,53,3,19,27,93.0695614,2.294269006,17,26,93,1,16,25,94,1,16,27,96,2,54,USA
LALB,2019,18,5,34,52,70,1,38,54,67,2,38,54,68,2,36,55,69,2,8,8,36,1,7,7,35,1,6,7,36,1,6,8,39,1,9,17,52,1,14,21,50,3,14,21,50,3,14,21,52,3,17,27,95.74795752,0.588235294,18,27,92,1,17,26,95,1,16,27,94,1,52,USA
LALB,2019,19,5,39,55,65,2,37,52,69,2,38,54,68,2,37,54,68,2,6,6,37,4,7,7,36,1,7,7,36,1,6,7,39,2,15,18,43,3,12,18,49,2,14,20,50,3,14,20,51,3,18,31,91.5553858,1.450185185,18,28,94,1,17,27,94,1,17,26,94,1,56,USA
LALB,2019,20,5,40,54,77,2,38,53,70,2,39,55,68,2,37,54,68,2,8,9,42,3,7,7,37,2,7,8,37,1,7,7,38,1,11,15,67,1,12,17,53,2,14,20,51,3,14,20,51,3,21,30,95.4556746,2.761957672,19,29,94,2,18,27,94,1,17,26,94,1,56,USA
LALB,2019,21,5,35,54,64,5,37,54,69,3,38,55,68,2,37,53,68,2,6,8,38,1,7,8,38,2,7,8,37,1,7,8,38,1,13,17,48,12,12,17,52,4,14,19,51,3,14,20,50,3,16,29,87.41067708,1.754079861,18,29,93,2,18,28,93,1,17,26,94,2,54,USA
LALB,2019,22,5,35,56,69,1,37,55,69,3,38,55,68,2,38,54,68,2,6,8,39,1,7,8,39,2,7,8,37,1,6,8,37,1,12,18,53,1,13,17,53,4,13,19,51,3,14,20,51,3,17,30,91.06877451,0.764705882,18,30,91,2,18,28,92,1,17,27,94,1,54,USA
LALB,2019,23,6,39,51,72,1,37,54,70,2,37,53,70,2,38,54,69,2,6,7,40,1,7,8,40,1,7,8,38,1,7,8,37,1,15,18,59,1,13,17,57,4,12,17,53,3,14,19,52,3,18,26,92.29746914,0.611111111,18,29,92,1,18,28,93,1,17,27,93,1,51,USA
LALB,2019,24,6,35,53,71,0,36,54,69,2,37,53,70,2,38,54,68,2,6,7,41,1,6,8,39,1,6,7,38,1,6,8,38,1,12,17,54,1,13,18,54,4,13,17,53,3,14,19,52,3,17,29,93.09831699,0.470588235,17,29,91,1,18,29,92,1,17,28,93,1,55,USA
LALB,2019,25,6,40,57,70,3,37,54,70,1,37,54,70,2,38,54,69,2,7,7,36,0,6,7,39,1,7,8,38,1,7,8,38,1,13,19,49,9,13,18,54,3,13,17,53,3,13,19,52,3,20,31,95.52263889,0.55,18,29,93,1,18,29,93,1,18,28,93,1,54,USA
LALB,2019,26,6,35,55,67,2,37,54,70,2,37,54,69,2,38,54,69,2,7,9,44,1,7,8,40,1,7,8,39,1,7,8,38,1,13,18,56,4,13,18,55,3,13,18,54,4,13,19,52,3,15,28,86.84690741,0.733333333,18,29,92,1,18,29,92,1,18,28,92,1,51,USA
LALB,2019,27,7,37,48,78,8,37,53,71,3,37,54,71,3,37,53,70,2,5,6,34,1,6,7,39,1,6,8,39,1,6,7,38,1,14,18,57,11,13,18,54,6,13,18,55,5,13,18,53,4,18,24,107.1830247,8.219521605,18,28,96,2,18,28,94,2,18,28,94,2,50,USA
LALB,2019,28,7,43,62,72,3,39,56,72,4,37,55,70,3,38,54,70,3,8,8,46,1,7,8,40,1,6,8,40,1,7,7,39,1,15,22,56,1,14,19,54,6,13,18,54,5,13,18,54,4,20,32,95.60540278,5.947097222,18,29,96,4,18,29,94,2,18,29,94,2,52,USA
LALB,2019,29,7,35,58,67,7,38,56,71,5,37,55,71,3,37,55,70,3,5,6,42,1,6,7,41,1,6,7,40,1,7,7,39,1,13,21,49,14,14,20,54,7,13,19,54,5,13,18,54,5,17,31,89.34753268,3.593562092,18,29,95,5,18,29,94,3,18,29,93,2,53,USA
LALB,2019,30,7,39,57,70,1,39,56,72,5,38,55,71,3,38,55,70,3,8,9,38,0,7,7,40,1,7,7,40,1,7,8,40,1,11,16,54,1,13,19,54,6,13,19,54,5,13,18,54,5,20,32,91.10476389,0.6,19,30,96,5,18,29,94,3,18,29,93,2,56,USA
LALB,2019,31,7,39,54,76,5,39,58,72,4,38,56,72,4,38,55,71,3,5,6,32,1,7,7,40,1,6,7,39,1,6,8,39,1,14,19,57,13,13,20,54,7,13,19,54,6,13,18,55,5,20,29,101.2290972,0.65,19,31,94,3,18,30,95,3,18,29,94,2,54,USA
LALB,2019,32,8,37,60,71,1,38,57,71,3,38,56,71,4,37,55,71,3,8,10,39,0,7,8,38,1,7,8,39,1,6,8,39,1,10,17,55,1,12,18,54,7,13,19,54,6,13,18,54,5,19,33,91.84011696,1.789502924,19,31,93,2,19,30,95,3,18,30,94,2,55,USA
LALB,2019,33,8,36,52,66,8,38,56,71,4,38,56,71,4,38,55,71,3,6,7,50,3,7,8,40,1,7,8,41,1,6,8,40,1,13,17,49,20,12,17,54,8,13,19,54,8,13,18,54,6,17,28,84.82614379,0.529411765,19,31,92,1,18,30,93,3,18,29,93,2,54,USA
LALB,2019,34,8,37,53,74,1,37,55,72,4,38,56,72,4,38,55,71,3,5,7,43,0,6,8,41,1,6,7,41,1,6,7,40,1,13,18,56,3,13,18,54,9,13,19,54,8,13,18,54,6,19,28,93.90919591,0.847909357,19,30,93,1,19,30,94,3,18,29,94,2,53,USA
LALB,2019,35,8,41,54,70,8,38,55,70,4,38,56,71,4,38,55,71,4,8,8,37,4,7,8,42,2,7,8,41,1,7,8,40,1,15,20,57,18,13,18,54,10,13,19,54,9,13,19,54,8,18,26,95.79490741,0.452777778,18,29,92,1,19,30,93,2,18,29,94,2,48,USA
LALB,2019,36,9,36,55,73,8,38,54,71,6,38,55,71,5,38,55,71,5,5,7,46,1,6,7,44,2,6,8,41,1,6,8,41,1,12,19,53,24,13,19,54,16,13,18,54,11,13,19,54,10,19,29,92.95668129,0.526315789,18,28,92,1,19,30,93,1,19,29,94,2,53,USA
LALB,2019,37,9,42,61,68,1,39,56,71,4,38,56,71,4,38,56,71,4,6,6,36,1,6,7,40,1,6,8,40,1,6,7,41,1,15,22,56,1,14,20,55,11,13,19,55,10,13,19,54,9,21,33,85.0906746,0.476190476,19,29,92,1,19,30,92,1,19,29,93,2,54,USA
LALB,2019,38,9,36,56,67,1,39,57,69,4,38,56,71,4,38,56,71,4,7,9,44,1,7,8,41,1,6,8,41,1,6,7,41,1,11,19,46,1,13,20,53,11,13,19,54,10,13,19,54,9,18,28,88.49228395,0.555555556,19,29,91,1,19,29,92,1,19,29,93,2,50,USA
LALB,2019,39,9,40,61,67,8,39,58,69,4,38,57,69,4,38,57,70,4,5,6,35,1,6,7,40,1,6,8,41,1,6,7,41,1,16,24,52,19,14,21,52,11,13,20,53,11,13,20,53,9,19,31,87.90973684,0.631578947,19,30,89,1,19,30,90,1,19,30,92,1,51,USA
LALB,2019,40,10,35,52,70,1,38,58,68,3,38,56,69,4,38,56,70,4,7,8,46,1,6,7,40,1,6,7,42,1,6,7,41,1,12,20,49,3,14,21,51,6,13,20,52,11,13,19,53,10,16,24,95.98347222,0.4375,19,29,89,1,18,28,91,1,19,29,92,1,46,USA
LALB,2019,41,10,38,52,66,5,37,55,67,4,38,56,69,4,38,56,70,4,6,6,29,1,6,7,38,1,6,7,39,1,6,7,40,1,12,18,46,16,13,20,48,9,13,20,52,10,13,19,52,10,20,28,87.95334722,0.512541667,18,28,90,1,19,28,91,1,19,29,91,1,54,USA
LALB,2019,42,10,41,59,72,1,39,56,69,4,39,56,69,4,38,56,70,4,7,7,43,1,6,7,38,1,6,7,39,1,6,7,40,1,15,21,54,1,14,21,50,9,14,20,52,10,13,20,52,10,19,31,97.93665205,1.175614035,19,29,92,1,19,29,92,1,19,29,92,1,53,USA
LALB,2019,43,10,34,55,60,1,37,55,67,2,38,56,68,3,38,56,69,4,4,5,27,1,6,7,36,1,6,7,38,1,6,7,40,1,15,23,46,1,14,21,49,5,14,21,50,8,13,20,52,9,15,27,83.14546296,0.466666667,18,28,91,1,18,29,90,1,18,29,90,1,49,USA
LALB,2019,44,11,33,50,65,6,37,54,66,3,37,56,67,3,37,55,68,4,8,8,40,16,6,7,35,5,6,7,37,3,6,7,40,2,10,16,56,1,13,20,51,4,13,20,51,5,13,20,52,9,15,26,84.51561111,3.333351852,17,28,88,1,18,29,89,1,18,28,90,1,52,USA
LALB,2019,45,11,37,53,68,9,36,54,66,4,37,55,67,4,38,55,68,4,6,8,40,1,6,7,37,5,6,7,38,3,6,7,39,2,14,19,52,21,14,20,52,6,13,20,50,8,13,20,52,9,17,26,90.43968954,1.35379085,17,28,89,2,17,28,90,1,18,28,90,1,49,USA
LALB,2019,46,11,35,52,69,1,35,53,66,4,37,54,67,4,37,55,68,4,7,8,35,1,6,7,35,5,6,7,37,3,6,7,38,2,11,19,59,2,13,19,53,6,13,20,52,8,13,20,52,9,17,25,90.15238562,0.529411765,16,26,87,1,17,27,90,1,18,28,90,1,48,USA
LALB,2019,47,11,36,51,70,8,35,52,68,6,36,53,67,4,37,55,68,4,4,4,35,1,6,7,37,5,6,7,37,3,6,7,38,2,13,20,53,20,12,19,55,11,13,20,52,8,13,20,52,9,19,27,88.49447368,1.789181287,17,26,88,2,17,27,90,1,18,28,89,1,53,USA
LALB,2019,48,11,34,53,72,1,36,52,70,5,36,53,68,4,37,55,68,3,7,7,39,1,6,7,37,1,6,7,36,3,6,7,37,2,11,19,57,1,12,19,55,11,13,19,53,8,13,20,52,7,16,27,98.08699653,1.571614583,17,26,92,1,17,27,90,1,18,28,90,1,51,USA
LALB,2019,49,12,35,53,68,7,35,52,70,4,36,53,68,4,36,54,68,4,6,6,36,1,6,6,36,1,6,7,37,3,6,7,37,2,13,19,59,17,12,19,57,10,13,20,55,8,13,20,53,8,16,28,87.79133681,0.4375,17,27,91,1,17,27,90,1,17,27,90,1,53,USA
LALB,2019,50,12,35,55,68,1,35,53,70,4,35,53,68,4,36,54,68,4,6,7,46,1,6,6,39,1,6,7,37,3,6,7,37,2,13,20,60,0,13,20,57,10,13,19,55,8,13,20,54,8,16,28,81.865,0.571857639,17,28,89,1,16,27,88,1,17,27,90,1,51,USA
LALB,2019,51,12,41,53,69,6,36,54,69,4,36,53,69,5,36,53,68,4,6,6,29,1,6,7,37,1,6,7,37,3,6,7,37,2,16,22,57,15,13,20,59,8,13,19,57,10,13,20,54,8,19,25,90.92828947,0.578947368,17,27,90,1,17,27,89,1,17,27,90,1,47,USA
LALB,2019,52,12,34,50,60,3,36,53,66,4,36,53,68,4,36,53,67,4,6,6,33,1,6,6,36,1,6,7,36,1,6,7,36,2,12,20,53,2,14,20,58,9,13,20,57,10,13,20,55,8,16,24,75.14545139,3.516111111,17,26,84,1,17,26,88,1,17,27,88,1,48,USA
LALB,2020,1,1,36,36,67,7,37,49,66,4,36,50,68,4,36,52,67,4,4,4,32,0,6,6,35,1,6,6,35,1,6,6,36,2,14,14,58,16,14,19,57,8,13,19,57,9,13,19,55,8,18,18,82.64058642,0.388888889,17,24,83,1,17,25,87,1,17,26,88,1,50,USA
LALB,2020,2,1,38,57,69,2,37,49,66,4,36,51,68,4,36,52,67,4,7,8,33,1,6,6,32,1,6,6,35,1,6,6,35,2,11,18,64,1,13,19,58,9,13,19,58,9,13,19,56,8,20,31,84.77611111,3.600277778,18,25,83,2,18,26,86,2,17,26,86,2,54,USA
LALB,2020,3,1,39,55,66,3,37,50,66,4,37,52,67,4,36,52,68,4,6,7,57,10,6,6,39,3,6,6,38,2,6,7,38,3,17,22,54,2,14,19,57,5,13,19,58,7,13,19,57,8,16,26,81.22180556,0.4375,18,25,81,2,17,26,85,1,17,26,86,2,47,USA
LALB,2020,4,1,32,52,65,1,36,50,67,3,36,51,67,4,36,52,68,4,5,8,39,1,6,7,40,3,6,7,38,2,6,7,38,2,11,17,57,0,13,18,58,5,13,19,58,7,13,19,57,8,16,27,78.94574653,2.026475694,18,26,82,2,17,26,83,1,17,26,86,1,52,USA
LALB,2020,5,1,36,50,65,7,36,54,66,3,36,51,66,4,36,51,67,4,5,5,33,3,6,7,41,4,6,6,38,2,6,6,37,2,15,21,58,15,14,20,58,5,14,19,58,6,13,19,58,8,16,24,81.00972222,0.375,17,27,81,2,17,25,82,1,17,26,85,1,48,USA
LALB,2020,6,2,37,49,68,1,36,52,66,3,37,50,66,4,36,51,67,4,6,6,35,1,6,7,41,4,6,6,36,2,6,6,37,2,12,18,50,1,14,20,55,5,14,19,56,7,13,19,57,8,19,25,88.59587719,0.526315789,17,26,82,1,18,25,83,1,17,26,85,1,51,USA
LALB,2020,7,2,34,49,65,7,35,50,66,4,36,50,66,4,36,51,67,4,6,6,67,1,6,6,43,1,6,6,41,2,6,6,40,2,13,17,42,17,13,18,52,8,13,18,55,7,13,19,56,7,15,26,84.18007407,0.466666667,17,26,83,1,17,25,82,1,17,26,85,1,53,USA
LALB,2020,8,2,28,44,62,1,34,48,65,4,35,49,66,3,35,50,66,4,6,8,37,1,6,6,43,1,6,7,42,2,6,6,40,2,9,15,53,1,12,18,51,8,13,18,55,7,13,19,56,7,13,21,78.88391026,0.692307692,16,24,83,1,17,25,83,1,17,25,83,1,48,USA
LALB,2020,9,2,22,33,62,11,30,44,64,5,33,49,65,4,34,49,65,4,4,5,59,1,6,6,49,1,6,7,45,2,6,6,42,2,9,11,47,26,11,15,48,11,12,17,53,8,13,18,55,8,9,17,78.15858025,0.444444444,14,22,82,1,16,25,82,1,16,24,82,1,52,USA
LALB,2020,10,3,30,42,65,9,29,42,63,7,32,47,65,5,34,48,65,5,8,9,71,1,6,7,58,1,6,7,50,2,6,7,44,2,11,17,50,22,11,15,48,16,12,17,51,10,13,18,54,10,11,16,77.06431818,0.454545455,12,20,80,1,14,23,81,1,16,23,82,1,38,USA
LALB,2020,11,3,28,41,66,3,27,40,64,6,31,45,65,5,33,47,65,4,5,8,73,1,6,8,60,1,6,7,52,1,6,7,47,2,10,14,45,6,10,14,49,14,11,16,50,11,12,17,53,9,13,19,79.55683761,0.384615385,12,18,78,0,14,22,81,1,15,23,81,1,46,USA
LALB,2020,12,3,37,51,61,1,29,42,64,6,32,45,64,5,33,47,65,4,7,9,47,1,6,8,62,1,6,7,53,1,6,7,49,2,14,18,49,1,11,15,48,14,12,16,49,11,12,17,52,9,16,24,76.81855903,0.4375,12,19,78,0,14,22,81,0,15,23,81,1,47,USA
LALB,2020,13,3,33,49,61,9,32,46,63,5,31,45,64,5,33,48,65,4,6,8,41,1,7,9,58,1,6,7,54,1,6,7,49,2,14,20,52,20,12,17,49,13,12,16,49,12,12,17,52,9,13,21,80.09111111,0.615384615,13,20,78,0,14,21,80,1,15,23,81,1,43,USA
LALB,2020,14,3,32,44,70,2,33,46,65,4,31,44,64,5,32,47,65,4,5,6,31,7,6,8,48,2,6,7,53,1,6,7,49,2,10,14,51,1,12,17,50,7,11,16,49,12,12,17,51,9,17,24,92.46730392,1.702924837,15,22,82,1,13,21,81,1,15,23,81,1,55,USA
LALB,2020,15,4,36,53,64,7,35,49,64,5,31,45,64,5,32,46,64,5,7,7,37,1,6,8,39,2,6,8,50,1,6,7,47,1,15,19,60,15,13,18,53,9,12,16,51,12,12,17,51,10,14,27,81.47535714,0.571428571,15,24,83,1,13,21,81,1,14,23,81,1,51,USA
LALB,2020,16,4,30,47,63,0,33,48,65,5,31,45,64,5,32,46,64,5,5,6,36,1,6,7,36,2,6,7,49,2,6,7,47,1,10,17,47,0,12,18,53,9,12,16,50,11,12,17,50,10,15,24,83.73340741,0.4,15,24,84,1,14,22,81,1,14,22,82,1,51,USA
LALB,2020,17,4,44,54,81,6,36,50,69,4,34,48,66,5,33,46,66,5,9,9,151,3,7,7,64,3,7,8,61,2,6,7,57,1,16,19,48,15,13,17,52,8,13,17,50,10,12,17,50,10,19,26,74.66410819,0.621140351,16,25,83,1,15,23,81,1,15,23,81,1,48,USA
LALB,2020,18,4,31,50,61,9,35,51,67,6,34,49,66,5,32,46,65,5,6,9,34,3,7,8,64,2,6,8,56,2,6,8,57,2,10,16,43,24,13,18,50,14,12,17,50,10,12,16,49,12,15,25,83.86751852,0.6,16,26,81,1,15,24,82,1,14,23,81,1,50,USA
LALB,2020,19,5,32,46,67,1,34,49,68,4,34,49,66,4,32,46,65,5,5,8,24,5,6,8,61,3,6,8,50,3,6,8,53,2,10,14,46,1,12,17,46,10,12,17,50,10,12,16,49,11,17,24,92.80926471,0.470588235,17,25,84,1,16,24,83,1,14,22,82,1,52,USA
LALB,2020,20,5,23,39,68,2,33,47,69,5,33,48,67,5,32,46,66,5,5,8,30,5,6,9,60,4,6,8,48,3,6,8,53,2,5,8,43,1,10,14,45,10,11,16,49,10,11,16,48,11,13,23,91.97925214,1.623141026,16,25,86,1,15,24,85,1,14,23,83,1,59,USA
LALB,2020,21,5,34,46,62,8,30,45,65,5,33,47,67,4,33,47,66,5,6,8,33,5,6,8,30,5,6,8,47,4,6,8,51,3,13,14,45,18,10,13,44,11,11,15,48,9,12,16,48,10,15,24,88.36031481,1.271925926,15,24,89,1,16,25,86,1,15,23,84,1,52,USA
LALB,2020,22,5,24,38,66,2,28,42,66,3,32,47,67,4,32,47,66,4,6,9,42,5,6,8,32,5,6,8,48,3,6,8,48,3,5,10,42,1,8,12,44,5,11,15,47,9,11,15,48,9,13,19,86.02976496,0.461538462,15,23,90,1,15,24,85,1,15,23,84,1,50,USA
LALB,2020,23,6,35,45,97,2,29,42,73,3,32,46,71,4,33,47,68,4,6,9,38,4,6,9,36,4,6,8,49,4,6,8,45,3,13,15,137,1,9,12,67,5,10,14,56,7,11,15,55,8,16,21,86.84539931,1.678489583,14,22,88,1,15,23,86,1,15,24,85,1,47,USA
LALB,2020,24,6,35,50,69,0,32,45,73,3,32,46,71,4,32,47,69,4,6,8,90,1,6,9,51,3,6,9,55,4,6,8,49,3,10,14,36,0,10,13,65,5,10,14,55,7,11,15,54,8,19,28,79.50524854,0.473684211,16,23,85,1,16,24,86,1,16,24,85,1,56,USA
LALB,2020,25,6,35,53,70,10,32,47,76,3,31,46,70,4,33,47,70,4,4,7,37,1,6,8,52,3,6,8,41,4,6,8,49,3,12,16,45,28,10,14,65,7,10,13,55,9,11,15,54,9,19,30,92.97584795,0.368421053,17,25,86,1,16,24,88,1,16,25,86,1,57,USA
LALB,2020,26,6,35,56,69,7,35,51,76,5,32,47,71,4,33,48,70,5,6,8,37,1,6,8,50,2,6,8,41,3,6,8,49,3,8,14,39,28,11,15,64,14,10,13,54,10,11,15,53,11,21,34,89.58838624,0.571428571,19,28,87,1,17,25,89,1,16,25,86,1,61,USA
LALB,2020,27,7,35,50,71,0,35,52,70,4,32,47,72,4,33,48,70,4,7,9,53,1,6,8,54,1,6,8,45,3,6,8,50,3,10,13,37,0,10,14,39,14,10,13,53,10,10,14,51,10,18,28,97.72098765,0.444444444,19,30,90,0,17,26,89,1,17,26,87,1,56,USA
LALB,2020,28,7,45,59,70,9,38,55,70,7,35,50,72,5,34,49,71,5,7,10,29,5,6,9,39,2,6,9,45,3,6,9,50,3,16,19,52,22,12,16,43,20,11,14,54,12,11,14,51,12,22,30,95.57361111,0.636363636,20,31,94,1,18,27,90,1,17,26,88,1,51,USA
LALB,2020,29,7,38,63,88,3,38,57,75,5,35,52,75,4,34,50,72,4,7,10,142,13,7,9,65,5,6,9,59,4,6,9,49,4,13,22,47,2,12,17,44,13,11,15,54,10,10,15,51,11,18,31,96.79424383,0.611111111,20,31,95,1,18,28,91,1,17,26,90,1,49,USA
LALB,2020,30,7,40,58,73,4,40,58,76,4,37,54,76,5,34,50,73,4,6,9,32,13,7,10,64,8,6,9,57,5,6,9,49,5,12,18,49,1,13,18,46,6,12,16,55,10,11,15,52,9,22,31,97.37516414,3.612209596,20,30,97,1,19,29,92,1,18,27,91,1,53,USA
LALB,2020,31,7,41,60,69,12,41,60,75,7,38,56,72,6,35,51,73,5,8,10,38,14,7,10,60,11,6,9,57,6,6,9,50,6,12,18,46,25,13,19,48,12,12,17,44,13,11,15,51,11,21,32,94.13568783,4.528161376,21,31,96,2,20,31,93,1,18,28,91,1,53,USA
LALB,2020,32,8,37,58,76,6,39,60,76,7,38,57,73,7,36,53,73,5,6,9,35,3,7,10,62,11,6,9,50,6,6,9,50,5,9,15,47,23,12,18,47,13,12,17,45,16,11,16,52,12,22,34,98.17877525,0.409090909,21,32,97,2,20,31,95,1,19,29,92,1,59,USA
LALB,2020,33,8,40,61,72,4,40,59,72,7,39,58,73,6,37,54,74,5,7,11,36,8,7,10,35,10,7,10,50,7,6,9,51,6,11,13,41,8,11,16,46,14,11,17,45,14,11,16,52,12,22,37,98.11679293,1.000075758,22,34,97,2,21,32,96,1,19,30,93,1,61,USA
LALB,2020,34,8,40,59,76,7,40,60,73,7,40,59,74,6,38,56,75,5,5,7,30,6,7,9,35,8,7,9,49,8,6,9,50,6,16,19,56,14,12,16,48,17,12,17,47,12,12,16,53,13,19,33,104.4992982,0.526315789,21,34,99,2,21,32,98,1,20,31,94,1,56,USA
LALB,2020,35,8,39,63,73,6,39,60,74,6,40,60,74,6,38,58,73,6,9,12,37,23,7,10,34,10,7,10,47,11,7,9,50,7,11,21,49,1,12,17,48,11,13,18,48,12,12,17,45,13,19,30,104.3546345,0.631578947,21,34,101,1,21,32,99,1,20,32,96,1,48,USA
LALB,2020,36,9,38,61,86,1,39,61,77,4,39,60,77,5,39,58,74,6,5,8,45,1,7,10,37,9,7,10,49,10,6,9,46,7,13,18,58,1,13,18,51,6,12,18,49,9,12,17,47,13,20,35,114.7474861,0.602194444,20,34,105,1,20,33,101,1,20,32,99,1,57,USA
LALB,2020,37,9,45,68,77,7,41,63,78,5,40,61,75,6,39,60,75,6,8,12,39,1,7,10,38,7,7,10,36,9,7,10,46,7,15,20,56,16,14,20,55,8,12,18,50,11,12,18,48,12,22,36,105.0700253,3.814558081,20,34,107,1,21,34,102,2,21,33,100,1,53,USA
LALB,2020,38,9,41,66,80,5,41,65,79,5,40,62,76,6,40,61,76,5,7,10,38,8,7,11,40,8,7,10,37,8,7,10,46,8,9,17,41,5,12,19,51,5,12,18,49,11,12,18,48,10,25,39,106.3217889,4.707655556,22,35,108,2,21,35,103,2,21,33,101,2,59,USA
LALB,2020,39,9,40,63,81,9,41,65,81,5,40,62,78,6,40,62,77,6,5,8,37,15,6,10,40,6,7,10,37,8,7,10,45,9,17,17,53,14,14,18,52,9,13,18,50,10,13,18,50,11,18,38,120.8675309,1.609907407,21,37,112,3,21,35,107,2,21,34,103,2,60,USA
LALB,2020,40,9,41,62,83,3,42,65,80,6,41,63,79,5,40,62,78,6,8,9,34,5,7,10,37,7,7,10,37,8,7,10,45,9,12,19,54,3,13,18,51,9,13,18,51,8,13,18,50,9,21,34,117.7328704,2.428981481,22,37,112,3,21,35,109,2,21,34,105,2,55,USA
LALB,2020,41,10,46,67,91,6,42,65,84,6,41,64,81,5,41,62,78,6,7,8,33,5,7,9,36,8,7,9,37,8,7,9,36,8,18,23,72,8,14,19,55,7,14,19,55,8,13,18,52,10,21,36,126.5734524,5.321018519,21,37,118,4,21,35,113,2,21,35,107,2,54,USA
LALB,2020,42,10,42,70,110,13,42,66,91,8,42,65,85,6,41,63,81,7,6,7,41,13,7,8,36,9,7,9,38,9,7,9,37,8,14,26,83,17,15,21,65,10,14,20,58,8,13,19,55,11,22,37,147.0282071,9.679431818,21,36,128,5,21,36,118,4,21,35,111,3,53,USA
LALB,2020,43,10,47,78,113,22,44,69,99,11,43,67,90,8,41,65,85,7,8,12,51,12,7,9,40,9,7,9,40,8,7,9,38,8,13,23,71,25,14,23,70,13,14,20,61,11,13,19,57,11,26,43,152.4261645,22.68982906,23,38,136,10,22,37,124,6,21,36,116,4,55,USA
LALB,2020,44,10,37,76,112,32,43,73,107,18,42,69,93,12,41,66,88,9,4,6,58,11,6,8,46,10,7,9,41,9,7,9,40,9,12,23,74,34,14,24,75,21,14,21,63,15,13,20,59,12,21,47,144.2800397,35.17455026,23,41,143,18,22,39,128,11,21,37,120,7,62,USA
LALB,2020,45,11,38,77,98,45,41,75,108,28,42,70,96,17,41,68,90,13,8,9,43,26,7,9,48,16,7,9,42,12,7,9,40,10,13,22,82,55,13,24,77,33,14,21,66,20,14,21,62,16,17,46,135.4969608,46.34411765,22,43,145,28,21,40,131,16,21,38,123,11,60,USA
LALB,2020,46,11,37,73,113,34,40,76,109,33,41,71,100,20,41,69,93,15,6,8,59,12,7,9,53,15,7,8,44,12,7,9,43,11,13,24,82,34,13,23,77,37,14,22,71,24,13,21,64,18,18,41,154.2143981,42.10805556,21,44,147,37,21,40,137,21,21,39,127,15,56,USA
LALB,2020,47,11,47,82,113,49,40,77,109,40,42,73,104,25,42,70,96,19,10,13,56,25,7,9,54,19,7,9,47,14,7,9,44,11,14,25,66,53,13,24,76,44,14,23,73,29,14,21,66,22,23,44,165.5603382,56.79707729,20,45,150,45,21,41,143,28,21,40,133,19,54,USA
LALB,2020,48,11,42,80,124,63,41,78,112,48,42,75,109,33,42,72,100,24,7,12,47,72,8,11,51,34,7,9,48,22,7,10,45,17,10,19,91,51,13,23,80,48,13,23,77,35,13,22,69,26,25,49,158.2127778,65.78151111,21,45,153,53,22,43,148,35,22,41,136,25,61,USA
LALB,2020,49,12,38,86,115,69,41,80,116,54,41,78,112,41,41,73,103,29,6,12,29,44,7,11,48,38,7,10,48,27,7,10,44,21,14,22,93,63,13,23,83,50,13,23,80,41,13,22,72,30,18,52,160.8909105,81.64546296,21,47,160,62,21,45,152,45,21,42,141,31,60,USA
LALB,2020,50,12,43,92,115,74,43,85,117,64,41,81,113,49,42,76,106,35,11,14,69,58,9,13,50,50,8,11,51,33,7,10,46,25,15,29,92,78,13,24,85,61,13,23,81,49,14,23,76,36,17,49,166.1845261,82.39661765,21,49,163,72,21,46,155,54,21,43,146,38,53,USA
LALB,2020,51,12,40,90,131,81,41,87,121,72,40,82,115,56,42,78,110,41,6,13,48,38,8,13,48,53,7,11,51,36,7,10,47,27,12,25,105,81,13,24,95,68,13,24,86,56,13,23,80,42,22,52,168.2779419,93.52486111,21,51,163,81,20,48,157,63,21,44,150,45,58,USA
LALB,2020,52,12,20,71,93,99,35,85,114,81,38,81,113,64,40,79,111,49,3,7,39,113,7,12,46,63,7,11,49,48,7,10,48,36,7,23,127,66,12,25,104,72,12,24,92,60,13,24,86,47,10,41,84.59491667,116.5598056,17,49,145,94,19,47,149,73,20,45,147,55,58,USA
LALB,2020,53,12,9,47,43,7,28,75,95,65,35,78,106,60,37,77,107,49,3,5,42,1,6,10,49,52,7,11,49,45,7,10,48,35,2,12,66,1,9,22,98,56,11,22,90,53,12,23,86,46,4,30,31.19548611,14.45590278,13,43,113,77,17,45,136,69,19,44,139,56,64,USA
LALB,2021,1,1,40,104,121,95,27,78,97,70,35,82,107,67,37,80,107,56,7,15,46,59,5,10,44,53,7,11,47,51,7,11,49,39,8,30,102,163,7,23,100,78,10,23,93,69,11,23,87,59,25,59,148.6750778,82.7445,15,46,108,77,18,47,135,74,19,46,139,62,57,USA
LALB,2021,2,1,30,96,126,107,25,80,96,77,33,83,108,74,35,81,109,63,6,12,49,100,5,10,44,68,6,11,46,61,6,11,49,47,10,30,112,123,7,24,102,88,10,24,98,78,11,24,91,67,14,54,168.859246,98.43519841,13,46,108,78,17,48,136,79,18,47,141,68,56,USA
LALB,2021,3,1,42,101,130,71,30,87,105,70,33,86,109,75,36,83,110,66,8,13,40,88,6,11,44,62,6,11,45,62,7,11,47,53,13,30,121,19,8,26,100,76,10,25,102,74,11,24,95,65,21,58,169.6736111,96.99970899,16,50,130,73,16,49,137,83,18,48,143,73,57,USA
LALB,2021,4,1,45,111,120,127,39,103,124,100,34,89,110,83,36,86,112,73,8,14,64,33,7,14,50,70,7,12,50,61,7,12,49,53,12,33,81,157,11,31,104,116,10,27,101,86,11,25,95,74,25,64,156.7785111,143.1534222,21,59,161,105,17,51,137,91,19,49,144,81,58,USA
LALB,2021,5,1,29,105,139,133,37,103,129,110,32,91,113,90,35,89,114,81,3,10,30,112,6,12,46,83,6,11,45,68,7,12,47,62,9,30,134,131,11,31,112,108,9,27,106,93,11,26,99,82,17,65,160.143219,137.8661438,19,60,164,119,17,53,136,98,18,51,145,89,62,USA
LALB,2021,6,2,33,104,134,83,37,105,131,104,31,92,113,90,34,91,116,84,6,10,46,68,6,12,45,75,6,11,44,72,6,11,46,65,9,30,102,98,11,31,109,101,9,27,105,95,10,26,102,86,18,64,179.0863889,80.65033951,20,63,166,115,17,54,137,96,18,53,146,91,62,USA
LALB,2021,7,2,36,103,123,110,36,106,129,113,33,96,117,92,34,93,116,88,5,8,57,142,6,11,49,89,6,11,47,75,6,11,47,71,12,35,92,117,11,32,102,126,9,29,101,101,10,27,102,91,19,60,160.5725877,97.40925439,20,63,164,115,18,57,147,94,18,54,146,94,58,USA
LALB,2021,8,2,36,106,115,87,34,105,128,103,36,104,126,102,34,94,116,90,8,13,45,75,6,10,45,99,6,12,47,84,6,11,48,74,10,32,83,94,10,32,103,110,10,31,103,113,10,28,101,94,18,61,163.6610185,88.60095679,18,63,166,101,20,61,163,103,18,55,146,94,58,USA
LALB,2021,9,2,31,103,120,126,34,104,123,102,35,104,126,106,33,95,116,94,4,11,39,144,6,11,47,107,6,11,46,95,6,11,45,81,11,29,79,107,11,32,89,104,11,31,100,106,10,28,100,96,16,63,168.6111458,133.6248611,18,62,168,100,19,61,166,110,17,56,147,99,61,USA
LALB,2021,10,3,33,101,129,75,34,103,122,99,36,104,126,102,32,96,116,93,8,13,55,27,6,11,49,97,6,12,47,86,6,11,46,80,6,23,112,46,10,30,92,91,10,30,100,96,9,28,101,94,19,65,165.2474415,103.5244006,18,62,165,106,19,63,165,110,17,57,146,100,64,USA
LALB,2021,11,3,35,98,130,99,34,102,124,97,35,104,126,105,33,98,119,93,3,8,41,92,6,11,45,85,6,11,47,87,6,11,46,78,12,27,89,81,10,28,91,82,10,30,97,104,10,28,98,95,20,63,168.0437222,111.3547083,18,63,166,109,19,63,165,112,18,59,153,99,64,USA
LALB,2021,12,3,35,98,115,76,34,100,123,94,34,102,126,99,35,103,125,99,6,9,51,21,5,10,47,71,5,10,46,85,6,11,47,80,9,25,86,74,10,26,91,77,10,29,97,94,10,30,99,101,20,64,147.1030833,94.06829167,19,64,162,111,18,63,164,106,19,62,163,106,65,USA
LALB,2021,13,3,35,95,143,95,35,98,129,86,34,101,126,94,35,102,127,99,2,5,48,80,5,9,49,55,5,10,48,81,6,11,47,82,14,27,106,81,10,26,98,70,10,29,94,87,11,29,100,94,19,63,180.571345,106.982383,20,64,165,104,19,63,167,102,19,62,166,108,66,USA
LALB,2021,14,3,36,93,129,95,35,96,129,91,35,100,126,95,36,102,127,98,6,7,55,18,4,7,49,53,5,9,49,75,6,10,48,75,10,22,104,84,11,25,96,80,11,28,94,86,11,29,99,91,20,64,164.3149583,123.11875,20,64,165,109,19,63,165,107,19,63,165,110,69,USA
LALB,2021,15,4,27,84,113,73,33,93,125,85,34,97,124,91,34,100,126,98,4,5,45,1,5,7,50,30,5,9,48,57,5,9,48,68,12,25,94,53,11,25,97,73,11,26,94,77,11,28,97,94,11,54,159.2017677,122.0719444,18,61,163,112,18,62,165,110,19,63,164,112,64,USA
LALB,2021,16,4,37,89,125,57,34,90,128,80,34,95,126,87,34,98,126,92,6,7,59,4,5,6,52,26,5,8,49,48,5,9,48,65,10,24,99,36,12,25,101,63,11,25,96,70,10,27,98,84,21,58,156.0033862,82.85048942,18,60,165,109,18,62,164,110,18,62,164,107,65,USA
LALB,2021,17,4,34,87,131,81,34,88,125,77,34,93,127,82,34,97,126,88,3,5,42,0,5,6,50,6,5,7,50,30,5,8,49,56,13,24,100,52,11,24,99,56,11,25,99,63,11,27,95,77,18,58,168.74,115.9580556,18,59,162,111,19,61,164,107,18,61,165,105,67,USA
LALB,2021,18,4,35,87,120,75,33,87,122,72,34,91,126,82,34,95,124,88,6,7,54,56,5,6,50,15,5,7,50,34,5,8,49,55,12,24,99,70,12,24,98,53,12,25,97,66,11,26,95,75,17,56,157.0481699,85.88970588,17,57,160,102,18,60,163,105,18,61,163,105,64,USA
LALB,2021,19,5,35,93,129,79,35,89,126,73,34,91,126,79,34,95,125,85,3,6,61,7,5,6,54,17,5,6,52,23,5,8,50,44,12,31,100,88,12,26,99,62,12,25,98,67,11,26,96,72,20,56,157.0925,84.74890278,19,57,160,92,18,59,161,102,18,60,163,104,60,USA
LALB,2021,20,5,39,93,122,81,36,90,126,79,35,90,127,80,34,93,126,84,6,8,49,3,5,7,52,17,5,6,52,21,5,8,50,38,14,29,109,112,13,27,102,81,12,26,101,72,11,26,98,74,19,56,155.0206287,82.41872807,19,57,159,92,18,58,162,101,18,60,162,104,60,USA
LALB,2021,21,5,30,85,119,86,35,90,123,80,34,89,124,78,34,92,125,81,1,4,59,1,4,6,56,17,4,6,53,11,5,7,52,26,14,30,86,87,13,29,99,89,12,26,99,73,12,26,99,72,15,51,153.5800185,90.55872222,18,55,156,86,18,57,159,98,18,59,161,100,60,USA
LALB,2021,22,5,40,87,115,57,36,90,121,76,35,88,122,74,35,91,124,80,8,9,44,9,5,7,53,5,5,6,52,10,5,7,51,24,14,30,107,83,14,30,101,92,13,27,99,73,12,27,98,75,18,48,152.3584877,58.58929012,18,53,155,79,17,55,157,90,18,58,160,97,55,USA
LALB,2021,23,6,31,84,100,46,35,87,114,68,35,88,120,70,35,90,122,75,4,9,74,31,5,8,56,11,5,7,55,14,5,7,54,19,17,37,87,64,15,32,97,86,13,29,98,74,13,27,98,74,10,38,131.5431944,23.31613889,16,48,148,64,17,53,154,78,17,56,157,89,45,USA
LALB,2021,24,6,39,82,121,49,35,85,113,60,35,87,120,69,35,88,122,73,7,9,53,23,5,8,57,16,5,7,54,16,5,7,54,20,11,34,98,94,14,33,94,82,13,30,98,81,13,28,99,75,21,39,155.4744577,33.4460582,16,44,148,51,17,50,154,72,17,53,158,84,48,USA
LALB,2021,25,6,31,71,112,51,35,81,112,51,35,85,117,66,35,86,120,69,5,9,47,1,6,9,54,16,5,8,55,17,5,7,54,13,12,26,75,100,14,32,92,85,13,30,95,87,13,28,96,77,14,36,166.529881,27.5630754,16,40,151,36,17,48,154,61,17,51,156,78,51,USA
LALB,2021,26,6,38,78,121,73,35,79,113,55,35,84,117,65,35,85,119,68,4,5,61,53,5,8,59,27,5,7,56,16,5,7,54,16,18,36,84,119,15,33,86,94,14,32,93,93,13,29,95,80,16,37,177.2367188,26.87359375,15,38,158,28,17,45,156,53,17,49,157,70,47,USA
LALB,2021,27,6,35,78,129,68,36,77,121,60,35,82,117,64,35,85,120,67,6,8,51,6,6,8,53,21,5,8,55,16,5,7,55,16,11,32,111,120,13,32,92,108,14,32,95,97,13,30,96,85,18,38,165.8933488,56.56447531,17,38,166,36,16,43,157,50,17,48,158,64,49,USA
LALB,2021,28,7,38,86,132,66,36,78,123,65,35,81,118,62,35,84,121,68,7,10,58,23,6,8,54,21,5,8,56,18,5,7,54,18,15,35,99,107,14,32,92,112,14,33,93,97,14,31,96,91,16,41,195.5872396,45.25748264,16,38,176,39,16,41,162,45,17,46,161,61,48,USA
LALB,2021,29,7,39,85,133,100,38,82,129,77,36,81,120,64,36,84,121,69,7,9,48,138,6,8,55,55,6,9,54,35,5,8,55,29,11,32,105,148,14,34,100,124,14,33,96,104,13,31,97,99,21,44,176.5366534,62.39617725,18,40,179,48,17,40,165,42,17,45,162,56,52,USA
LALB,2021,30,7,37,89,135,66,37,85,132,75,36,82,123,65,36,84,122,69,4,10,51,1,6,9,52,42,6,9,55,34,5,8,55,25,12,29,122,93,12,32,109,117,13,33,97,106,13,32,98,101,21,50,158.3084524,64.05011905,19,43,174,57,17,40,166,42,17,45,162,55,56,USA
LALB,2021,31,7,35,94,136,106,37,89,134,85,37,83,127,72,36,84,123,71,5,10,53,85,6,10,53,61,6,9,53,41,5,8,54,31,14,33,107,129,13,32,108,119,13,32,100,114,14,32,99,105,16,51,187.7917535,93.38196181,19,47,180,66,18,42,173,51,17,44,165,55,54,USA
LALB,2021,32,8,39,95,121,134,38,91,131,102,37,85,127,83,36,85,123,75,8,13,52,77,6,11,51,75,6,9,53,48,6,9,54,37,13,34,98,162,13,32,108,133,13,32,100,122,14,32,98,109,18,48,168.3869444,138.4577932,19,48,173,90,18,43,175,64,17,43,166,60,51,USA
LALB,2021,33,8,25,90,100,78,34,92,123,96,36,87,126,86,36,85,121,75,4,10,63,56,5,11,55,55,6,9,55,55,6,9,55,42,11,34,79,103,13,33,101,122,13,33,101,123,13,33,98,110,10,46,138.5709167,57.78419444,16,49,163,88,17,44,171,68,17,43,165,57,51,USA
LALB,2021,34,8,9,65,75,4,27,86,108,80,32,85,120,78,33,83,118,70,3,6,59,11,5,10,57,57,6,10,54,49,5,9,56,42,1,23,57,0,10,31,85,99,11,32,97,108,12,32,93,103,5,36,87.79288889,1,12,45,146,73,16,44,160,65,16,42,159,53,55,USA
LALB,2021,35,8,97,132,122,89,43,96,104,76,40,92,119,80,39,87,120,74,16,19,76,191,8,12,63,84,7,11,58,73,6,10,56,55,41,54,104,106,17,36,84,93,15,34,96,106,14,34,95,107,40,59,157.9670417,30.25026389,18,47,138,57,18,47,159,62,18,44,161,53,45,USA
LALB,2021,36,9,46,116,141,149,44,101,110,80,41,96,120,91,39,90,121,82,11,22,71,270,9,14,67,132,7,12,59,104,7,11,58,76,16,45,119,175,17,39,90,96,15,36,99,115,15,34,97,114,19,49,200.7156433,56.37480994,19,48,146,36,19,48,160,63,18,45,165,55,42,USA
LALB,2021,37,9,47,130,127,135,50,111,116,94,42,101,120,95,40,95,123,89,7,21,61,135,9,17,67,152,7,14,61,103,7,12,59,87,23,59,108,191,20,45,97,118,16,39,99,120,16,37,99,121,17,50,179.6366176,59.92455882,20,49,157,37,18,49,160,63,18,46,166,58,38,USA
LALB,2021,38,9,32,133,147,149,56,128,134,130,41,107,121,105,40,99,125,95,7,26,63,270,10,22,68,217,8,16,62,137,7,14,59,105,10,54,109,124,23,53,110,149,16,42,98,124,15,39,101,122,15,53,211.2391481,109.1718519,23,53,187,64,18,49,167,68,18,47,169,65,40,USA
LALB,2021,39,9,38,131,147,129,41,128,141,141,42,112,123,108,40,104,126,100,5,21,57,26,8,23,63,175,8,17,63,130,7,15,59,107,18,57,124,170,17,54,115,165,17,45,100,129,15,41,103,126,15,53,206.1604074,114.9676111,17,51,199,85,17,49,169,71,18,48,172,69,40,USA
LALB,2021,40,10,34,128,149,157,38,131,143,143,41,116,126,111,40,107,128,108,4,19,62,45,6,22,61,119,7,18,64,126,7,16,60,109,14,55,112,253,16,56,113,185,17,48,102,140,15,42,104,138,16,54,204.116059,99.95079861,16,53,200,96,17,50,173,66,18,49,173,74,42,USA
LALB,2021,41,10,37,128,170,122,35,130,153,139,43,120,135,117,40,111,131,110,5,15,39,1,5,20,55,85,7,19,61,119,7,16,59,97,14,54,127,234,14,55,118,195,17,50,108,157,16,44,106,145,18,59,239.4761111,67.99072531,16,55,215,98,18,52,186,67,18,51,178,74,46,USA
LALB,2021,42,10,45,142,141,139,39,132,152,137,47,130,143,134,40,115,131,116,10,20,50,60,6,19,52,33,8,20,60,125,7,17,59,102,13,54,126,303,15,55,122,240,19,54,116,195,16,46,106,163,22,68,190.3447475,78.96996212,18,59,210,90,20,56,199,77,18,52,181,76,48,USA
LALB,2021,43,10,27,138,127,52,36,134,147,117,38,131,144,129,40,119,131,111,6,20,49,99,6,19,50,51,7,21,57,113,7,18,59,103,9,52,90,25,13,54,114,204,15,54,114,184,15,48,104,154,12,66,193.8125694,48.76490741,17,62,207,74,17,57,203,80,17,53,182,72,48,USA
LALB,2021,44,10,39,141,132,104,37,137,142,104,37,134,143,123,40,123,132,109,9,25,69,148,8,20,52,77,7,21,56,98,7,19,60,109,13,49,117,124,12,52,115,172,14,54,114,178,15,49,106,151,17,67,177.0242647,64.17663399,17,65,200,65,17,59,200,80,17,55,182,66,48,USA
LALB,2021,45,11,33,141,162,60,36,141,140,89,36,135,147,114,40,127,137,107,4,20,66,70,7,21,59,94,6,21,57,90,7,20,60,110,8,47,134,46,11,51,117,124,12,53,117,160,15,50,111,146,21,74,190.6667593,63.97633598,18,69,188,64,17,62,202,81,18,57,187,66,52,USA
LALB,2021,46,11,20,129,126,4,30,137,137,55,34,135,144,96,41,132,141,107,3,18,37,0,6,21,55,79,6,20,54,56,7,21,58,110,10,49,125,6,10,49,117,50,12,52,119,145,16,52,116,147,7,62,165.3961111,0.857142857,14,67,182,44,16,63,196,67,18,60,193,66,48,USA
LALB,2021,47,11,18,110,113,3,28,130,133,43,32,132,140,80,35,131,140,100,4,12,59,8,5,19,58,57,6,19,54,54,6,20,57,94,8,45,75,1,10,48,113,44,11,51,113,124,13,52,114,138,6,53,197.7764815,0.833333333,13,64,183,32,15,63,195,53,15,59,196,64,48,USA
LALB,2021,48,11,22,100,105,1,23,120,126,17,30,129,134,60,33,129,137,88,7,14,61,1,5,16,56,20,6,18,54,48,6,19,56,72,7,37,90,1,8,45,106,14,10,48,111,93,12,51,111,123,8,49,155.9823264,0.75,11,60,177,17,14,62,189,41,15,59,193,59,49,USA
LALB,2021,49,12,27,96,145,9,22,109,122,4,29,125,131,46,31,126,139,77,6,14,60,1,5,15,54,2,6,18,56,48,6,19,56,61,9,35,112,22,9,42,101,8,10,46,109,66,11,49,112,109,12,47,212.8110185,2.915671296,8,53,183,1,13,61,185,33,14,59,195,54,49,USA
LALB,2021,50,12,27,85,133,7,24,98,124,5,27,118,130,30,31,122,137,65,5,12,39,1,6,13,55,3,6,17,55,41,6,18,54,38,11,32,108,15,9,37,96,10,9,43,106,30,11,47,112,100,11,41,202.0701768,0.909090909,9,48,192,1,12,57,187,23,14,58,195,45,48,USA
LALB,2021,51,12,10,63,121,1,22,86,126,4,25,108,130,23,28,117,135,55,2,5,43,1,5,11,50,1,5,15,54,29,5,16,53,36,5,26,144,1,8,33,113,10,9,40,113,27,10,45,113,86,3,32,133.4144444,1,9,42,176,1,11,53,179,17,13,56,189,36,51,USA
LALB,2021,52,12,10,51,57,1,19,74,114,4,21,97,120,11,26,110,128,42,4,4,33,1,4,9,44,1,4,12,50,10,5,15,50,32,3,21,53,0,7,29,104,10,8,37,105,12,9,42,108,65,3,26,92.70759259,1,7,37,160,1,9,48,169,9,12,54,179,28,51,USA
LALB,2021,53,12,72,72,109,74,30,68,105,20,26,88,114,12,29,106,122,38,11,11,37,91,6,8,38,23,5,11,46,13,6,15,50,40,23,23,81,107,11,26,96,31,10,34,98,19,10,39,105,54,38,38,146.636557,48.21751462,14,34,144,13,11,44,163,7,13,52,172,26,53,USA
LALB,2022,1,1,35,102,143,28,32,72,107,26,28,85,116,15,28,102,123,28,7,13,46,48,6,8,40,35,6,11,47,19,6,14,50,39,12,40,115,40,11,28,98,37,10,32,97,23,10,38,104,32,16,49,206.3907292,10.30892361,15,36,145,15,12,42,168,8,13,50,173,20,48,USA
LALB,2022,2,1,23,95,133,10,35,80,111,28,28,83,118,16,28,99,123,25,3,13,27,1,6,10,36,35,6,11,43,18,5,13,48,31,9,37,91,23,12,30,85,42,10,31,99,26,10,37,104,32,11,45,197.265303,2.985429293,17,40,161,16,13,41,168,9,13,49,173,16,47,USA
LALB,2022,3,1,37,99,109,7,42,92,124,30,30,83,119,17,28,95,121,17,10,15,54,14,8,13,41,39,6,11,42,20,6,13,47,20,9,35,108,13,13,34,99,46,10,31,101,28,10,36,103,23,18,49,140.8296296,0.666666667,21,45,173,16,14,41,167,9,13,47,170,11,49,USA
LALB,2022,4,1,32,98,124,10,32,99,128,14,31,83,116,17,28,92,118,13,6,17,39,5,7,15,41,17,6,11,40,20,6,12,45,14,10,31,91,8,10,36,101,21,10,31,99,26,10,34,99,20,16,50,177.0620313,13.79298611,15,48,180,7,15,41,162,10,12,45,169,7,51,USA
LALB,2022,5,1,37,95,108,18,32,97,119,12,32,84,113,19,29,89,117,14,9,14,47,52,7,15,42,18,7,12,41,27,6,12,45,19,12,32,95,15,10,34,96,15,10,31,97,26,10,33,97,21,16,49,152.9627604,1,15,48,167,5,15,42,156,10,13,44,168,7,52,USA
LALB,2022,6,2,28,92,124,7,34,96,116,11,34,88,113,19,30,87,118,14,3,15,41,0,7,15,45,18,7,13,40,26,6,12,44,18,9,26,85,10,10,31,95,12,11,31,90,27,10,31,98,21,16,51,160.9267535,5.878888889,17,50,158,5,17,45,159,10,14,44,165,7,55,USA
LALB,2022,7,2,38,83,132,7,34,92,122,11,38,92,123,20,31,86,120,15,5,9,51,24,6,14,44,20,7,13,43,29,6,12,43,20,17,30,108,9,12,30,94,10,13,32,97,28,11,31,99,22,16,44,182.792309,0.9375,16,49,168,5,18,47,171,10,15,43,167,7,53,USA
LALB,2022,8,2,35,86,120,1,35,89,121,8,33,94,124,11,32,85,118,14,10,13,62,1,7,13,50,19,7,14,46,18,6,12,43,20,10,31,87,1,12,30,94,9,11,33,97,15,11,30,97,20,15,42,180.3179815,2.132314815,16,47,169,2,16,47,175,5,15,43,164,7,49,USA
LALB,2022,9,2,39,85,110,7,35,87,121,5,34,92,120,8,33,85,116,14,6,10,58,28,6,12,53,13,7,13,47,16,6,12,45,22,16,29,78,5,13,29,89,6,12,31,93,10,11,30,95,19,17,46,157.1563889,0.823529412,16,46,170,2,16,47,169,4,15,43,161,7,54,USA
LALB,2022,10,3,28,73,128,4,35,82,122,5,34,89,119,8,35,86,116,15,6,9,43,1,7,10,54,13,7,13,49,16,7,12,45,22,8,22,107,7,13,28,95,5,11,30,95,8,12,30,92,20,14,42,175.3304365,4.071686508,16,44,174,2,16,47,166,4,16,44,164,8,58,USA
LALB,2022,11,3,33,70,117,8,34,79,119,5,34,85,120,8,36,88,121,15,5,9,62,1,7,10,56,8,6,12,50,14,7,12,47,22,11,19,75,21,11,25,87,8,12,28,91,9,12,30,93,21,17,42,161.0218954,0.882352941,16,43,168,2,16,46,168,4,18,46,170,8,60,USA
LALB,2022,12,3,41,75,137,11,35,76,123,7,35,82,122,8,34,88,124,10,5,8,79,24,6,9,61,13,6,11,56,16,6,12,51,17,16,24,107,5,13,24,92,10,12,27,93,9,12,30,96,13,20,43,174.8736111,11.28330556,17,43,167,4,16,45,168,3,16,46,172,5,57,USA
LALB,2022,13,3,26,66,147,8,32,71,132,8,34,79,127,7,33,85,124,8,4,7,51,5,5,8,59,7,6,10,56,10,6,12,51,13,7,20,75,17,11,21,91,13,12,25,90,9,11,28,92,11,15,39,205.4285556,4.67312963,17,42,179,5,16,44,175,4,16,45,172,4,59,USA
LALB,2022,14,3,39,72,136,21,35,71,134,12,35,76,128,8,34,83,124,9,9,12,106,8,6,9,75,9,6,10,64,11,7,12,58,13,15,21,107,46,12,21,91,22,13,25,93,14,12,27,94,13,15,39,181.7484815,4.203425926,17,41,181,5,16,42,177,4,16,45,171,4,54,USA
LALB,2022,15,4,28,70,139,14,34,71,139,13,34,75,129,9,34,80,127,10,3,8,55,1,5,9,73,9,6,10,65,8,6,11,58,12,10,24,84,35,12,22,93,26,12,24,90,17,12,26,92,15,15,38,192.706963,3.579907407,16,40,189,6,16,41,179,4,16,44,175,4,54,USA
LALB,2022,16,4,36,79,142,4,32,72,141,12,34,74,132,10,34,79,128,9,6,8,61,1,6,9,68,4,6,9,64,8,6,10,60,12,11,26,115,12,11,23,95,27,12,23,94,19,12,25,94,15,19,45,182.6915351,0.842105263,16,40,191,3,17,42,179,4,16,43,176,3,57,USA
LALB,2022,17,4,31,71,111,18,34,73,132,14,33,72,132,11,34,77,128,9,8,10,49,14,7,10,68,6,6,9,63,7,6,10,60,9,8,22,83,13,11,23,97,26,11,22,94,20,12,25,93,15,15,39,159.9329444,23.21746296,16,40,179,8,16,41,179,7,16,43,176,5,55,USA
LALB,2022,18,4,29,69,128,10,31,72,130,12,33,72,132,12,34,75,129,9,3,8,81,1,5,9,61,4,5,9,68,7,6,9,63,9,11,19,95,22,10,23,94,20,11,22,93,21,12,24,93,16,15,42,162.3076296,3.263740741,16,41,174,8,16,41,178,6,16,42,176,5,61,USA
LALB,2022,19,5,37,72,117,17,33,73,125,12,33,72,132,13,34,74,128,10,4,5,59,1,5,8,62,4,5,8,68,7,6,9,64,7,17,27,82,37,12,24,94,21,12,23,94,23,12,24,91,18,16,40,169.2608681,0.875,16,42,169,7,16,41,179,6,16,41,175,5,56,USA
LALB,2022,20,5,36,74,124,7,33,72,120,13,33,72,131,13,34,73,128,11,7,8,49,1,6,8,59,4,6,8,64,4,6,9,63,7,8,21,88,22,11,22,87,23,11,23,91,25,12,23,91,20,21,45,163.5090344,3.71484127,17,42,164,8,16,41,177,6,17,42,174,5,61,USA
LALB,2022,21,5,31,68,112,1,33,71,120,9,33,72,126,12,33,72,128,10,6,9,47,1,5,8,59,1,6,9,63,3,6,8,62,5,9,19,77,3,11,22,86,21,11,22,92,24,11,22,91,20,16,40,155.1091319,0.6875,17,42,163,2,17,41,171,5,17,41,174,5,59,USA
LALB,2022,22,5,38,65,104,1,36,70,114,7,33,71,122,9,34,71,126,10,7,8,41,2,6,8,49,1,6,8,55,2,6,8,62,5,16,21,90,2,13,22,84,16,11,22,89,18,12,22,90,20,15,36,148.7615556,0.666666667,17,40,159,1,17,41,167,5,17,41,171,5,55,USA
LALB,2022,23,6,39,71,124,12,36,70,116,5,35,71,120,9,34,71,127,10,7,9,65,1,7,9,51,1,6,8,56,2,6,8,62,5,11,21,71,12,11,21,81,10,11,22,88,15,12,22,90,19,21,41,171.4750397,15.57794974,18,41,160,5,17,41,164,6,17,41,172,6,58,USA
LALB,2022,24,6,34,68,117,7,36,68,114,5,34,70,117,9,34,70,125,10,6,9,45,12,7,9,50,4,6,8,54,4,6,8,59,4,12,19,88,4,12,20,82,5,12,21,84,14,11,22,88,19,16,40,166.6868576,7.250138889,17,39,161,6,17,40,162,7,17,40,172,6,59,USA
LALB,2022,25,6,33,64,133,11,36,67,120,8,35,69,120,8,34,70,124,10,6,9,60,40,7,9,53,13,6,8,56,7,6,9,60,7,9,17,82,11,12,20,83,7,12,21,84,14,11,21,89,18,18,38,183.3059877,1.931141975,18,39,168,6,17,40,165,4,17,40,170,5,59,USA
LALB,2022,26,6,38,66,129,4,36,67,126,8,36,69,120,8,34,70,124,9,7,8,44,1,7,9,53,13,6,8,51,7,6,8,55,6,12,18,83,5,11,19,81,8,12,20,83,12,11,21,87,15,19,40,190.0865936,4.475336257,19,40,178,7,18,40,169,4,17,40,170,6,61,USA
LALB,2022,27,6,29,62,116,10,34,65,124,8,35,67,120,7,34,69,122,9,6,8,59,13,6,9,52,16,7,9,51,9,6,8,55,7,11,17,86,7,11,18,85,7,11,19,83,8,11,21,87,12,12,37,171.6787269,11.89819444,16,39,178,6,17,40,169,6,17,40,169,6,60,USA
LALB,2022,28,7,36,67,118,7,34,65,124,8,35,66,119,7,34,68,120,9,5,9,50,13,6,9,53,17,6,9,51,10,6,8,54,8,14,21,92,9,12,18,86,8,12,19,84,7,12,20,85,12,17,37,160.1979575,3.181879085,17,38,176,5,17,39,168,6,17,40,167,6,55,USA
LALB,2022,29,7,34,69,112,2,34,66,119,6,35,67,119,7,35,68,120,8,7,11,40,1,6,9,48,7,6,9,51,10,6,8,53,7,12,24,86,4,12,20,87,6,12,20,85,7,12,20,85,11,15,34,165.552463,1.5815,16,37,172,5,17,38,170,6,17,39,167,5,49,USA
LALB,2022,30,7,40,69,120,12,35,67,117,8,35,67,121,8,35,68,119,8,7,9,45,1,6,9,49,7,6,9,51,10,6,9,50,7,12,21,74,19,12,21,84,10,12,20,83,9,12,21,83,11,21,39,171.6143783,11.65808201,16,37,167,7,17,38,173,7,17,39,168,5,57,USA
LALB,2022,31,7,32,64,121,4,36,67,118,6,35,66,121,7,35,67,119,7,6,7,48,12,6,9,46,7,6,9,49,11,6,9,49,8,13,24,99,3,13,23,88,9,12,20,86,8,12,20,85,8,13,33,177.0969444,0.846153846,17,36,169,4,16,37,173,5,17,38,169,5,52,USA
LALB,2022,32,8,28,57,117,2,34,65,118,5,34,65,121,7,34,66,119,6,3,4,57,0,6,8,47,3,6,8,50,10,6,8,50,8,11,22,89,4,12,23,87,8,12,21,86,8,12,20,85,7,14,31,153.2171825,0.714285714,16,34,167,4,16,36,172,5,16,37,168,5,54,USA
LALB,2022,33,8,35,60,122,2,34,63,120,5,34,64,120,5,35,65,120,6,7,8,65,2,6,7,54,4,6,8,51,5,6,8,52,8,8,15,66,5,11,21,82,8,12,20,84,7,12,20,84,7,20,37,164.4078194,0.798069444,17,35,167,4,16,36,169,4,17,37,169,5,62,USA
LALB,2022,34,8,31,59,114,6,32,60,119,4,33,63,118,6,34,65,120,7,6,9,54,4,6,7,56,5,6,8,52,6,6,8,53,8,10,13,75,1,11,19,82,3,11,20,83,6,11,19,83,7,15,37,163.0690926,11.07898148,16,35,164,3,16,36,166,5,17,37,170,6,63,USA
LALB,2022,35,8,26,54,119,1,30,58,118,3,33,62,118,5,33,63,120,6,6,7,56,1,6,7,58,2,6,8,52,4,6,8,52,8,7,13,80,1,9,16,78,3,11,19,83,6,11,19,83,6,13,34,169.5276282,0.846153846,16,35,163,3,16,35,166,4,16,36,170,5,63,USA
LALB,2022,36,8,31,53,94,1,31,57,112,3,32,61,115,4,33,62,118,5,4,6,38,1,6,8,53,2,6,8,50,3,6,8,51,7,13,16,73,0,10,14,74,2,11,19,80,5,11,18,82,6,14,31,129.8872619,1.930575397,16,35,157,4,16,35,162,4,16,36,167,4,58,USA
LALB,2022,37,9,27,51,105,3,29,54,108,3,31,58,114,4,32,61,116,4,6,6,50,10,6,7,49,4,6,7,52,4,6,8,50,5,8,15,77,1,10,14,76,1,10,17,79,4,11,18,82,5,13,30,147.5827137,0.692307692,14,33,153,4,15,34,160,4,16,35,164,4,59,USA
LALB,2022,38,9,32,49,90,3,29,52,102,2,30,56,110,3,32,60,112,4,7,8,42,1,6,7,47,3,6,7,51,4,6,8,50,5,11,16,68,5,10,15,75,2,10,17,78,2,11,18,80,5,14,25,130.5489484,2.073095238,14,30,144,1,15,32,154,2,15,34,159,4,51,USA
LALB,2022,39,9,32,52,90,1,31,51,95,2,30,54,106,2,32,59,110,4,5,6,50,1,6,7,45,3,6,7,51,2,6,8,50,4,9,15,67,1,10,16,71,2,10,16,74,2,11,18,79,4,18,31,113.558858,0.722222222,15,29,130,1,15,32,146,2,16,33,154,3,60,USA
LALB,2022,40,9,34,51,89,1,31,51,94,2,31,54,103,2,32,57,108,3,5,6,51,1,6,7,48,3,6,7,51,2,6,7,50,3,15,18,63,1,11,16,69,2,10,15,71,2,11,18,76,4,14,27,129.8607143,0.857142857,15,28,130,1,15,32,144,2,15,32,151,3,53,USA
LALB,2022,41,10,31,55,97,2,32,52,91,2,31,53,100,2,32,56,107,3,4,6,44,4,5,7,47,1,5,7,48,3,6,7,50,3,10,18,62,4,11,17,65,3,10,16,71,2,11,17,74,4,17,31,129.1565359,0.823529412,16,29,126,1,15,31,139,2,16,32,148,3,56,USA
LALB,2022,42,10,32,48,87,6,32,52,91,2,31,52,96,2,31,54,104,3,8,9,51,1,6,7,49,1,6,7,48,2,6,7,51,3,10,15,88,16,11,17,70,5,10,16,72,4,10,17,76,3,14,24,105.3843849,1.424880952,16,28,119,1,15,29,132,1,15,31,143,2,50,USA
LALB,2022,43,10,26,46,83,0,31,50,89,2,31,51,92,2,30,53,101,2,5,7,44,0,6,7,48,1,6,7,46,2,6,7,50,2,9,16,64,0,11,17,70,5,11,16,70,3,10,16,73,3,12,23,113.5259954,0.5,14,26,119,1,15,28,125,1,15,30,137,2,50,USA
LALB,2022,44,10,29,48,82,1,30,49,87,2,30,50,90,2,31,52,98,2,4,6,48,1,5,7,47,1,6,7,48,2,6,7,50,2,11,16,61,1,10,16,69,5,10,16,69,4,10,16,70,3,14,26,107.5778571,0.571428571,14,26,114,1,15,27,122,1,15,30,134,2,54,USA
LALB,2022,45,11,31,48,93,1,30,48,86,2,31,50,89,2,30,51,95,2,5,6,64,0,6,7,52,1,5,7,49,1,5,7,49,2,11,17,67,1,10,16,70,4,11,16,67,4,10,16,70,3,15,25,121.0344815,0.6,14,25,112,1,15,27,119,1,14,29,130,2,52,USA
LALB,2022,46,11,28,50,89,3,29,48,87,1,30,50,89,2,30,50,93,2,3,5,40,1,4,6,49,1,5,6,49,1,5,7,48,2,12,18,56,6,11,17,62,2,11,17,66,4,11,16,69,3,13,27,130.3477778,0.769230769,14,25,118,1,15,27,119,1,14,28,127,1,54,USA
LALB,2022,47,11,29,50,71,4,29,49,83,2,30,50,86,2,30,50,89,2,8,8,39,13,5,6,48,4,5,7,48,3,5,7,47,3,10,19,58,1,11,18,60,2,11,17,65,4,11,17,67,3,11,23,105.1746465,0.636363636,13,25,116,1,14,26,118,1,14,27,122,1,46,USA
LALB,2022,48,11,30,53,81,1,30,50,83,2,30,50,85,2,30,50,88,2,6,10,45,1,6,7,47,4,5,7,47,3,6,7,47,3,12,20,61,1,11,19,61,2,11,17,65,4,11,17,66,3,12,23,118.155463,0.75,13,25,119,1,14,25,116,1,14,26,121,1,43,USA
LALB,2022,49,11,39,58,87,6,32,53,82,3,31,50,84,3,31,51,86,2,2,4,47,1,5,7,43,4,5,7,47,2,5,7,47,2,14,22,50,14,12,20,56,5,11,18,63,5,11,18,64,4,23,32,112.4723068,0.826086957,15,26,117,1,14,25,114,1,15,26,118,1,55,USA
LALB,2022,50,12,26,53,79,1,31,54,79,3,30,51,83,2,31,51,86,2,6,6,37,1,6,7,42,4,5,7,46,2,5,7,47,2,8,16,54,1,11,19,56,4,11,18,59,3,11,18,63,4,12,31,117.0925463,0.583333333,15,27,113,1,14,26,116,1,15,27,117,1,58,USA
LALB,2022,51,12,23,38,81,6,30,51,82,3,29,50,83,3,30,50,85,3,5,5,46,1,5,6,44,1,5,6,46,2,5,7,46,2,9,12,57,14,11,18,56,7,11,18,58,5,11,17,62,5,9,21,124.8917284,0.888888889,14,27,118,1,14,26,117,1,14,26,118,1,55,USA
LALB,2022,52,12,98,113,116,12,47,66,91,6,38,58,87,4,35,55,87,4,12,12,52,71,6,7,46,18,6,7,46,11,6,7,47,8,40,44,89,7,18,24,63,9,15,21,62,5,13,19,64,5,46,57,156.8313527,1.284486715,23,35,128,1,18,30,123,1,17,29,120,1,50,USA
NYNJ,2019,1,1,52,66,43,25,,,,,,,,,,,,,10,10,30,8,,,,,,,,,,,,,20,26,36,20,,,,,,,,,,,,,22,30,54.02875,36.15051768,,,,,,,,,,,,,45,USA
NYNJ,2019,2,1,35,56,39,11,,,,,,,,,,,,,6,9,22,4,,,,,,,,,,,,,12,18,29,3,,,,,,,,,,,,,17,29,51.30125817,19.68401961,,,,,,,,,,,,,52,USA
NYNJ,2019,3,1,33,51,38,2,,,,,,,,,,,,,6,7,27,1,,,,,,,,,,,,,13,19,28,2,,,,,,,,,,,,,14,25,52.20547619,3.204186508,,,,,,,,,,,,,49,USA
NYNJ,2019,4,1,38,48,38,5,40,55,39,11,,,,,,,,,7,9,21,4,7,9,25,4,,,,,,,,,17,18,35,1,16,20,32,7,,,,,,,,,14,21,51.91869048,9.9275,17,26,52,17,,,,,,,,,44,USA
NYNJ,2019,5,1,39,52,35,3,36,52,38,5,,,,,,,,,7,9,22,6,7,9,23,4,,,,,,,,,16,21,29,1,15,19,30,2,,,,,,,,,16,22,47.51138889,2.375625,15,24,51,9,,,,,,,,,42,USA
NYNJ,2019,6,2,39,48,39,2,37,50,38,3,,,,,,,,,7,8,20,2,7,8,22,3,,,,,,,,,15,17,30,4,15,19,30,2,,,,,,,,,17,23,54.02882353,0.938267974,15,23,51,4,,,,,,,,,48,USA
NYNJ,2019,7,2,37,47,35,6,38,49,37,4,,,,,,,,,7,8,21,9,7,9,21,5,,,,,,,,,15,17,29,2,16,18,31,2,,,,,,,,,15,22,48.04338889,7.703259259,16,22,50,5,,,,,,,,,47,USA
NYNJ,2019,8,2,37,48,43,2,38,49,38,3,39,52,39,7,,,,,5,6,26,1,7,8,22,5,7,8,24,4,,,,,15,19,32,2,15,19,30,2,15,19,31,4,,,,,17,23,56.84810458,2.194934641,16,23,52,3,17,24,52,10,,,,,48,USA
NYNJ,2019,9,2,39,50,38,4,38,48,39,3,37,50,38,4,,,,,10,10,25,6,7,8,23,4,7,8,23,4,,,,,12,16,31,1,14,17,31,2,14,18,30,2,,,,,17,24,50.72653595,5.262843137,17,23,52,4,16,24,52,6,,,,,48,USA
NYNJ,2019,10,3,38,50,36,6,38,49,38,4,38,49,38,4,,,,,7,9,19,1,7,8,23,4,7,8,23,4,,,,,16,19,26,7,15,18,30,3,15,18,30,2,,,,,15,22,53.74907407,7.903759259,16,23,52,6,16,23,52,5,,,,,44,USA
NYNJ,2019,11,3,37,52,34,4,38,50,38,4,38,49,37,4,,,,,7,8,19,1,7,8,22,2,7,8,22,4,,,,,16,20,30,7,15,19,30,4,15,18,30,3,,,,,14,24,46.90132937,1.36234127,16,23,52,4,16,23,51,5,,,,,46,USA
NYNJ,2019,12,3,33,50,30,2,37,51,34,4,37,50,36,4,38,52,37,6,7,8,20,0,8,9,21,2,7,8,22,3,7,8,23,4,15,23,26,2,15,20,28,4,15,19,29,3,15,19,30,4,11,19,41.76234848,3.108964646,14,22,48,4,15,22,50,4,16,24,51,8,38,USA
NYNJ,2019,13,3,39,49,36,4,37,50,34,4,37,49,36,4,37,50,37,4,7,8,30,1,7,8,22,1,7,8,22,3,7,8,23,3,16,21,33,8,16,21,29,6,15,19,30,4,15,19,30,3,16,20,42.31300347,1.93296875,14,21,46,4,15,22,49,4,15,23,50,5,41,USA
NYNJ,2019,14,4,39,53,33,4,37,51,33,4,37,50,36,4,37,50,36,4,7,7,23,1,7,8,23,1,7,8,23,3,7,8,23,3,13,20,27,6,15,21,29,6,15,19,29,4,15,19,30,4,19,26,40.40219298,4.245935673,15,22,43,3,16,23,48,4,15,23,49,4,49,USA
NYNJ,2019,15,4,38,47,30,2,37,50,32,3,38,50,35,4,38,50,36,4,7,7,24,2,7,8,24,1,7,8,23,2,7,8,22,3,17,20,24,1,15,21,28,4,15,20,29,4,15,19,29,3,14,20,39.13202381,3.165218254,15,21,41,3,15,22,46,4,15,22,48,4,43,USA
NYNJ,2019,16,4,40,48,34,1,39,49,33,3,38,50,34,3,38,50,35,3,8,9,20,0,7,8,24,1,8,8,22,2,7,8,22,3,14,17,26,1,15,20,28,4,15,20,28,4,15,19,29,3,18,22,45.29800926,1.078935185,17,22,42,3,16,22,45,4,16,22,47,3,46,USA
NYNJ,2019,17,4,35,44,31,2,38,48,32,2,37,49,33,3,38,49,35,3,6,6,23,2,7,7,22,1,7,8,22,1,7,8,22,2,15,17,25,1,15,19,26,2,15,20,27,4,15,19,28,4,14,21,39.62855159,3.717678571,16,22,41,3,15,22,44,3,16,22,47,4,48,USA
NYNJ,2019,18,5,44,51,31,3,39,48,31,2,38,49,32,3,38,49,34,3,8,8,22,1,7,8,22,1,7,8,23,1,7,8,23,2,20,24,29,3,17,20,26,2,16,20,28,4,15,19,28,3,16,19,38.23902778,5.279548611,16,21,41,3,15,21,42,3,16,22,45,4,37,USA
NYNJ,2019,19,5,38,50,29,2,39,48,31,2,38,49,32,3,38,49,34,3,9,10,19,3,8,8,21,2,7,8,22,1,7,8,22,2,14,18,25,2,16,19,26,2,16,20,27,3,15,20,28,3,15,22,38.14814815,2.382,16,21,40,3,15,21,41,3,16,22,44,3,44,USA
NYNJ,2019,20,5,41,49,34,4,40,49,31,3,39,49,32,3,38,49,33,3,6,8,22,4,7,8,22,2,7,8,23,2,7,8,22,2,14,17,31,2,16,19,28,2,15,19,28,3,15,19,28,3,21,24,39.5884127,5.993095238,17,22,39,4,17,22,40,3,16,22,43,4,49,USA
NYNJ,2019,21,5,35,49,30,2,40,50,31,3,39,49,31,3,38,49,32,3,7,8,14,5,8,9,19,3,7,8,21,2,7,8,21,2,14,17,25,1,16,19,28,2,15,19,27,2,15,19,27,3,14,24,42.9780754,1.454702381,17,22,40,4,16,22,40,3,16,22,42,3,49,USA
NYNJ,2019,22,5,39,48,33,3,38,49,32,3,39,48,31,2,38,49,32,3,6,8,19,4,7,9,18,4,7,8,20,3,7,8,21,2,17,20,24,3,15,18,26,2,16,19,26,2,15,20,27,3,16,20,48.49736111,2.085347222,17,23,42,3,16,22,41,3,16,22,42,3,42,USA
NYNJ,2019,23,6,47,59,32,3,41,51,32,3,40,50,32,3,39,50,32,3,10,12,17,5,7,9,18,4,8,9,20,3,7,8,21,2,19,22,25,2,16,19,26,2,16,19,26,2,16,20,27,3,18,25,48.02515432,2.227361111,17,23,45,3,17,22,43,3,16,22,42,3,42,USA
NYNJ,2019,24,6,36,51,28,4,39,52,31,3,39,50,31,3,39,50,32,3,10,13,21,2,8,10,18,4,8,9,20,3,8,9,21,2,14,19,23,6,16,20,25,3,16,19,26,2,16,19,27,3,12,19,38.99122685,4.50962963,15,22,45,3,16,22,42,3,16,22,42,3,37,USA
NYNJ,2019,25,6,37,47,34,6,40,51,32,4,40,51,31,3,39,50,31,3,5,8,16,5,8,10,18,4,8,9,19,4,7,9,20,3,16,18,33,7,17,20,26,4,16,19,27,3,16,19,27,3,16,21,39.89336806,5.139513889,16,21,44,3,16,22,42,4,16,22,42,3,45,USA
NYNJ,2019,26,6,45,58,33,5,41,54,32,5,40,51,32,4,40,50,31,3,10,11,21,5,9,11,18,4,8,10,18,4,8,9,20,3,17,23,25,7,17,21,26,5,16,19,26,4,16,19,26,3,18,24,47.9437037,4.225200617,16,22,44,4,16,22,43,4,16,22,42,3,41,USA
NYNJ,2019,27,7,34,51,36,5,38,52,33,5,39,52,33,4,39,50,32,3,7,10,18,8,8,11,19,5,8,10,18,5,8,9,19,4,13,19,35,5,15,20,29,6,16,19,28,4,16,19,27,3,14,22,46.66878968,2.001865079,15,22,43,4,16,22,44,3,16,22,43,3,43,USA
NYNJ,2019,28,7,41,56,31,4,39,53,33,5,39,52,32,4,39,51,32,4,7,9,20,4,7,10,19,6,8,10,18,5,8,9,19,4,18,24,23,1,16,21,29,5,16,20,27,4,16,20,27,3,16,23,43.96623264,6.884149306,16,23,45,5,16,22,45,4,16,22,43,4,41,USA
NYNJ,2019,29,7,42,52,37,4,41,54,34,4,40,53,33,4,40,52,32,4,10,11,28,8,9,10,22,6,8,10,20,5,8,10,20,5,15,18,33,1,16,21,29,3,16,20,28,4,16,20,28,3,17,23,45.08616013,4.437124183,16,23,46,4,16,22,45,4,16,22,43,4,44,USA
NYNJ,2019,30,7,37,52,34,4,39,53,34,4,40,53,33,4,39,52,33,4,8,11,20,6,8,10,21,7,8,11,20,5,8,10,19,5,12,17,29,5,15,20,30,3,16,20,28,4,15,19,28,3,17,24,44.48849673,2.297434641,16,23,45,4,16,23,44,4,16,23,44,4,46,USA
NYNJ,2019,31,7,39,51,34,2,40,53,34,3,39,52,33,4,39,52,33,4,8,9,20,2,8,10,22,5,8,10,20,5,8,10,20,5,16,19,30,2,15,20,29,2,15,20,29,4,15,19,28,3,15,23,44.91225926,1.927407407,16,23,45,4,16,22,44,4,16,23,44,4,45,USA
NYNJ,2019,32,8,38,50,34,1,39,51,35,3,39,52,34,4,39,52,33,4,6,8,18,1,8,10,21,4,8,10,20,5,8,10,19,5,17,22,27,1,15,19,30,2,16,20,29,4,16,20,28,3,15,20,48.05818519,2.111111111,16,23,46,3,16,23,45,4,16,22,45,3,40,USA
NYNJ,2019,33,8,43,52,37,5,39,51,35,3,40,53,34,4,40,52,34,4,7,8,19,5,7,9,19,3,8,10,20,5,8,10,20,5,18,21,29,4,16,20,29,3,16,20,29,3,16,20,28,4,18,23,51.53498457,5.442885802,16,23,47,3,16,23,47,4,16,22,46,4,44,USA
NYNJ,2019,34,8,40,54,37,4,40,52,35,3,39,52,35,4,40,53,34,4,9,10,26,11,8,9,21,5,8,10,21,6,8,10,20,5,17,21,32,2,17,21,30,2,16,20,30,3,16,20,29,4,14,23,49.99831349,1.589305556,16,22,49,3,16,23,47,3,16,23,46,4,43,USA
NYNJ,2019,35,8,36,51,36,3,39,52,36,3,40,52,35,3,39,52,34,4,8,11,19,3,8,9,20,5,8,10,21,5,8,10,20,5,14,19,34,2,17,21,30,2,16,20,30,2,16,20,29,4,14,21,49.46097222,3.983472222,15,22,50,3,16,23,47,4,16,22,46,4,41,USA
NYNJ,2019,36,9,31,44,36,4,38,50,36,4,38,51,36,3,39,52,35,4,6,8,26,4,8,9,22,6,8,10,22,5,8,10,21,5,12,16,23,1,15,19,29,2,15,19,30,2,15,20,29,3,13,20,51.06356838,7.431730769,15,22,51,5,15,22,48,4,16,22,47,4,45,USA
NYNJ,2019,37,9,40,48,37,6,37,49,37,4,38,50,36,4,39,52,35,4,7,9,22,6,8,10,23,6,7,9,21,5,8,10,21,5,17,19,39,10,15,19,32,4,15,19,30,3,16,20,30,3,16,20,42.4496875,1.262725694,14,21,48,4,15,22,48,3,16,22,47,4,42,USA
NYNJ,2019,38,9,38,53,31,4,36,49,35,4,38,50,35,4,38,51,35,4,8,10,20,1,7,10,22,4,7,9,21,4,8,10,21,5,15,21,24,6,15,19,30,5,16,20,30,4,15,20,30,3,15,22,43.84903704,4.534740741,15,21,47,4,15,22,48,4,15,22,47,4,42,USA
NYNJ,2019,39,9,43,53,34,5,38,50,34,5,39,51,35,4,39,51,35,4,10,13,21,7,8,10,22,5,8,10,21,5,8,10,21,5,16,18,27,3,15,19,28,5,16,20,29,4,16,20,29,3,17,22,47.94736928,5.74004902,15,21,46,5,15,21,48,4,16,22,47,4,42,USA
NYNJ,2019,40,10,41,54,36,5,41,52,35,5,39,51,36,5,39,51,35,4,7,9,26,1,8,10,22,4,8,10,22,5,8,10,22,5,17,22,28,7,16,20,29,7,16,20,29,4,16,19,30,4,17,23,48.94318627,4.411944444,16,22,46,4,16,22,48,4,16,22,47,4,43,USA
NYNJ,2019,41,10,37,47,30,4,40,52,33,5,38,51,35,4,39,51,35,4,6,8,16,5,8,10,21,4,8,10,22,5,8,10,21,4,16,19,27,3,16,20,26,5,16,19,29,4,16,20,29,4,15,20,38.12018519,3.46,16,22,45,5,15,21,46,4,16,22,47,4,43,USA
NYNJ,2019,42,10,43,53,28,3,41,52,32,4,39,50,33,4,39,51,34,4,9,10,14,3,8,10,19,4,8,10,20,4,8,9,21,4,17,20,23,3,17,20,26,4,16,19,28,4,16,20,29,4,17,23,39.48065359,2.311372549,17,22,44,4,16,21,45,4,16,22,46,4,43,USA
NYNJ,2019,43,10,42,54,33,4,41,52,32,4,39,51,33,4,39,51,34,4,7,9,20,6,7,9,19,4,8,10,21,4,8,9,20,5,17,19,25,4,17,20,26,4,16,19,27,5,16,20,28,4,18,26,45.97864198,2.833287037,17,23,43,3,16,22,45,4,16,22,46,4,48,USA
NYNJ,2019,44,11,34,48,36,2,39,51,32,3,40,51,33,4,39,51,34,4,6,8,18,3,7,9,17,4,8,10,20,4,8,9,21,5,13,16,29,1,16,19,26,3,16,19,28,5,16,19,28,4,15,24,48.98461111,2.610907407,16,23,43,3,16,23,44,3,16,22,46,4,50,USA
NYNJ,2019,45,11,42,55,34,3,40,53,33,3,40,52,33,4,39,51,34,4,8,10,15,2,8,9,17,4,8,10,19,4,8,10,20,4,16,18,27,1,16,18,26,2,16,19,26,4,16,19,28,4,18,27,47.35424383,4.55587963,17,25,45,3,17,23,45,4,16,23,46,4,49,USA
NYNJ,2019,46,11,39,52,31,2,39,52,33,3,40,52,33,3,39,51,33,4,8,9,15,3,7,9,17,4,8,10,18,4,8,10,19,4,17,20,31,1,16,18,28,2,16,19,27,3,16,19,28,4,14,23,41.30289683,1.726865079,16,25,46,3,16,24,45,3,16,23,45,4,44,USA
NYNJ,2019,47,11,38,54,30,2,38,52,33,2,40,52,32,3,39,51,33,4,10,11,17,4,8,10,16,3,8,9,18,3,8,10,19,4,12,19,26,1,15,18,28,1,16,19,27,3,15,19,27,4,16,24,40.99659722,1.026336806,16,25,45,2,16,24,44,3,16,23,45,3,44,USA
NYNJ,2019,48,11,35,45,33,3,39,52,32,2,39,51,32,3,39,51,33,4,6,8,18,3,8,10,16,3,8,9,17,4,8,10,18,4,16,18,30,5,15,19,28,2,16,19,27,2,16,19,28,4,13,19,44.70064103,1.157286325,15,23,44,2,16,23,43,2,16,23,44,3,42,USA
NYNJ,2019,49,12,40,50,34,4,38,50,32,3,39,51,32,3,39,52,32,3,7,9,27,10,8,9,19,5,8,9,18,4,8,10,19,4,15,17,26,4,15,19,28,3,15,18,27,3,16,19,27,3,18,24,43.78,1.420910494,15,23,43,1,16,24,44,2,16,23,44,3,48,USA
NYNJ,2019,50,12,43,54,32,6,39,51,32,4,39,52,33,3,40,52,33,3,10,12,15,2,8,10,19,5,8,10,18,4,8,10,18,4,18,19,28,7,15,18,27,4,16,18,28,3,16,19,27,3,15,23,47.09768519,7.091037037,16,23,44,3,16,24,45,3,16,23,45,3,43,USA
NYNJ,2019,51,12,36,50,32,5,39,50,33,5,38,51,33,3,39,51,32,3,9,11,18,2,8,10,19,4,8,10,18,4,8,10,18,4,13,17,24,6,16,18,27,5,15,18,28,3,16,19,27,4,14,22,48.48039683,7.089880952,15,22,46,4,15,23,45,3,16,23,45,3,44,USA
NYNJ,2019,52,12,31,45,37,2,38,50,34,4,38,51,33,3,38,51,32,3,3,6,13,13,7,10,18,7,8,10,17,5,7,9,17,5,15,17,31,1,15,18,27,4,15,18,28,3,15,18,27,3,13,22,49.06429487,0.769230769,15,23,47,4,15,23,45,3,16,23,45,3,49,USA
NYNJ,2020,1,1,33,33,35,5,36,46,34,5,37,48,33,4,38,49,33,3,6,6,26,1,7,9,18,5,7,9,19,5,7,9,18,4,12,12,23,9,15,16,26,6,15,17,27,4,15,18,27,4,15,15,48.39644444,4.003648148,14,21,48,5,15,22,45,3,16,23,45,3,45,USA
NYNJ,2020,2,1,38,51,32,2,35,45,34,4,37,48,33,4,38,49,33,3,4,5,17,1,6,7,19,4,7,9,19,4,7,9,18,4,18,24,27,1,15,18,26,5,15,18,27,4,15,18,27,4,16,22,41.93270833,2.614565972,15,20,47,4,15,21,46,3,15,23,46,3,43,USA
NYNJ,2020,3,1,33,43,30,2,34,43,33,3,36,46,33,4,37,48,33,3,8,8,17,3,5,6,18,4,7,8,19,4,7,9,18,4,12,17,24,1,14,18,26,3,15,18,27,4,15,18,27,3,13,18,43.36551282,1.757735043,14,19,46,2,15,21,46,3,15,22,45,3,42,USA
NYNJ,2020,4,1,41,47,31,3,36,44,32,3,37,47,33,4,37,48,33,3,8,9,14,2,7,7,18,2,7,8,18,4,7,9,18,4,14,16,26,2,14,17,25,4,15,17,26,4,15,18,27,3,19,22,41.74353801,4.321461988,16,19,44,3,15,21,45,4,15,22,45,3,47,USA
NYNJ,2020,5,1,38,53,33,3,38,49,32,3,37,47,33,4,37,48,33,3,7,8,24,1,7,8,18,2,7,8,18,3,7,9,18,4,14,19,25,2,15,19,26,2,15,18,26,4,15,18,27,3,17,26,43.92341503,5.58377451,16,22,43,4,15,21,46,4,15,22,45,3,49,USA
NYNJ,2020,6,2,36,44,32,3,37,47,31,3,36,46,33,3,37,47,33,3,5,6,15,2,7,8,17,2,6,7,18,3,7,8,18,4,16,16,25,2,14,17,25,2,14,17,26,3,15,18,26,3,15,22,43.74053704,3.333944444,16,22,43,4,15,21,45,4,15,22,45,3,50,USA
NYNJ,2020,7,2,39,47,30,2,39,48,31,3,36,45,32,3,37,47,33,3,8,8,19,1,7,8,18,1,6,7,18,3,7,8,19,3,17,18,26,3,15,17,26,2,15,17,26,3,15,18,26,4,14,21,40.94902778,3.087698413,16,23,43,4,15,21,44,3,15,21,45,4,45,USA
NYNJ,2020,8,2,36,44,30,4,37,47,31,3,37,45,32,3,37,47,32,3,7,9,14,7,7,8,18,3,7,7,18,2,7,8,18,4,16,18,28,2,16,18,26,2,15,18,26,3,15,18,26,3,13,17,41.82777778,3.228803419,15,22,43,4,15,20,43,3,15,21,45,4,39,USA
NYNJ,2020,9,2,37,48,33,8,37,46,31,4,37,47,31,3,37,47,32,4,8,10,16,3,7,8,16,3,7,8,17,2,7,8,17,3,13,16,29,8,16,17,27,4,15,18,26,3,15,17,26,4,16,22,43.49616319,9.748576389,15,21,43,5,15,21,43,4,15,21,45,4,46,USA
NYNJ,2020,10,3,35,48,35,2,37,47,32,4,37,47,32,3,36,46,32,4,6,8,35,0,7,9,21,3,7,8,19,2,7,8,19,3,16,22,28,2,16,19,28,4,15,18,27,3,15,18,26,3,13,18,41.75457265,4.084764957,14,20,42,5,15,21,43,4,15,21,44,4,38,USA
NYNJ,2020,11,3,40,49,29,4,37,47,32,4,38,48,31,4,36,46,32,3,8,8,18,2,7,9,21,3,7,8,19,2,7,8,19,3,16,21,27,7,15,19,28,5,15,18,27,4,15,18,27,3,16,20,35.96482639,2.267881944,15,19,41,5,15,21,42,4,15,20,43,4,41,USA
NYNJ,2020,12,3,35,45,27,3,37,48,31,4,37,47,31,4,37,46,31,3,8,8,15,1,8,9,21,2,7,8,19,2,7,8,19,2,15,19,25,1,15,20,28,4,15,19,27,3,15,18,26,3,12,18,38.17125,5.575856481,14,20,40,5,15,21,41,5,15,20,42,4,40,USA
NYNJ,2020,13,3,36,47,28,2,37,47,30,3,37,47,30,3,37,47,31,3,8,9,13,3,8,8,20,2,7,8,18,2,7,8,18,2,14,18,28,2,15,20,27,3,15,19,27,3,15,19,27,3,14,20,36.9214881,1.288055556,14,19,38,3,14,20,40,4,15,21,41,4,43,USA
NYNJ,2020,14,3,37,43,30,2,37,46,29,3,37,46,30,3,37,47,31,3,10,10,22,1,9,9,17,2,8,9,19,2,8,8,18,2,13,17,29,1,15,19,27,3,15,19,28,3,15,18,27,3,14,16,35.91103175,3.071468254,14,19,37,3,14,19,39,4,15,20,41,4,37,USA
NYNJ,2020,15,4,36,44,37,7,36,45,31,3,37,46,31,4,37,47,31,4,5,5,32,10,8,8,21,4,8,8,21,3,7,8,20,3,15,16,25,8,14,18,27,3,15,18,28,4,15,18,27,3,16,23,49.81552083,4.487916667,14,19,40,4,14,19,40,4,15,20,41,4,52,USA
NYNJ,2020,16,4,41,49,30,10,38,46,31,5,37,47,31,5,37,47,31,4,6,8,18,12,7,8,21,6,7,8,21,4,7,8,20,4,20,20,26,12,16,18,27,6,15,19,27,5,15,18,27,4,15,21,41.22918519,6.543555556,15,20,41,4,15,20,40,5,15,20,41,4,43,USA
NYNJ,2020,17,4,40,54,31,5,39,48,32,6,38,47,31,4,37,47,31,4,8,9,21,13,7,8,23,9,7,8,22,5,7,8,20,5,15,21,28,5,16,19,27,6,16,19,27,5,16,19,27,4,17,24,38.32382353,2.010130719,16,21,41,4,15,20,40,4,15,20,41,4,44,USA
NYNJ,2020,18,4,33,45,31,2,38,48,32,6,37,47,30,4,37,47,31,4,8,8,17,4,7,8,22,10,8,8,19,6,8,8,20,5,12,15,27,1,16,18,27,6,15,18,27,5,15,18,27,4,13,22,42.49972222,0.692307692,15,23,43,3,15,21,40,3,14,20,41,4,49,USA
NYNJ,2020,19,5,36,43,30,3,38,48,31,5,37,46,31,4,37,47,31,4,7,7,18,9,7,8,19,9,8,8,20,7,7,8,20,5,15,17,23,1,16,18,26,5,15,18,26,4,15,18,27,4,14,19,42.96587302,2.022480159,15,22,41,3,14,20,41,3,14,20,41,4,44,USA
NYNJ,2020,20,5,35,43,29,1,36,46,30,3,37,46,31,4,37,47,31,4,5,6,22,4,7,8,20,7,7,8,20,7,7,8,21,5,15,17,23,1,14,18,25,2,15,18,26,4,15,18,27,4,15,20,37.43748148,0.733333333,15,21,40,1,15,21,41,3,15,20,40,4,47,USA
NYNJ,2020,21,5,38,46,28,1,36,44,29,2,37,46,31,4,37,46,30,3,11,13,23,2,8,9,20,5,8,8,22,7,8,8,21,5,14,16,23,1,14,16,24,1,15,17,26,4,15,18,26,3,13,17,37.48916667,0.860876068,14,20,40,1,15,20,41,3,14,20,40,3,37,USA
NYNJ,2020,22,5,35,46,30,2,36,45,29,2,37,46,31,4,37,46,30,3,7,9,19,5,8,9,21,5,7,8,21,7,8,8,20,5,14,15,25,2,15,16,24,1,15,17,25,4,15,18,26,3,14,22,39.89281746,1.377222222,14,20,39,1,15,21,41,2,14,20,40,3,48,USA
NYNJ,2020,23,6,34,45,28,1,36,45,29,1,37,46,30,3,36,46,30,3,6,8,20,2,7,9,21,3,7,9,20,6,7,8,20,5,14,17,23,1,14,16,24,1,15,17,25,3,15,17,25,3,14,20,37.78418651,0.928650794,14,20,38,1,14,21,40,2,14,20,40,2,44,USA
NYNJ,2020,24,6,31,43,34,6,35,45,30,3,35,46,30,3,36,46,31,4,6,8,15,14,8,10,19,6,7,9,20,6,7,8,20,6,13,15,38,2,14,16,27,1,14,17,26,2,15,17,27,3,12,20,37.42592593,7.004259259,13,20,38,3,14,21,39,2,14,20,40,3,47,USA
NYNJ,2020,25,6,36,47,30,1,34,45,30,3,35,45,30,2,36,46,31,3,6,7,21,1,6,8,19,5,7,8,20,5,7,8,21,6,14,18,24,1,14,16,28,2,14,16,26,1,15,17,26,3,16,22,37.28336806,1.5784375,14,21,38,3,14,20,39,2,14,21,40,3,47,USA
NYNJ,2020,26,6,34,46,28,1,34,45,30,2,35,45,30,2,36,46,30,3,7,9,18,1,6,8,19,4,7,8,20,4,7,8,20,6,12,16,26,1,13,17,28,1,14,16,26,1,14,17,26,3,15,21,34.76527778,1.880037037,14,21,37,3,14,20,38,2,15,21,40,3,46,USA
NYNJ,2020,27,7,37,47,33,3,35,46,31,3,35,45,30,2,36,46,30,3,7,8,22,6,7,8,19,5,7,9,20,4,7,8,20,6,16,20,27,2,14,17,29,2,14,17,26,1,15,17,26,2,14,19,46.76107143,2.929325397,14,21,39,3,14,20,39,2,14,21,39,2,40,USA
NYNJ,2020,28,7,35,50,33,2,36,48,31,2,35,46,31,2,35,46,30,2,7,8,19,3,7,8,20,2,7,9,20,4,7,8,20,5,13,19,26,2,14,18,26,2,14,17,27,2,14,17,26,2,15,23,45.57290741,1.432314815,15,21,41,2,14,21,40,2,14,21,40,2,46,USA
NYNJ,2020,29,7,36,47,30,2,36,48,31,2,35,46,31,2,35,46,30,2,7,8,20,1,7,8,20,2,7,8,19,4,7,8,20,4,15,18,26,2,14,18,26,2,14,17,27,2,14,17,26,1,14,21,38.69380952,3.802063492,15,21,41,3,14,21,40,3,14,21,40,2,45,USA
NYNJ,2020,30,7,41,48,33,2,37,48,32,2,36,47,31,2,36,46,30,2,11,12,20,1,8,9,20,2,7,9,20,3,7,9,20,4,13,16,25,4,14,18,26,3,14,17,27,2,14,17,26,2,17,20,47.13321895,1.348545752,15,21,45,2,15,21,41,3,14,20,40,2,42,USA
NYNJ,2020,31,7,41,56,32,3,38,50,32,2,36,48,32,3,36,47,31,2,9,12,20,5,9,10,20,2,8,9,20,4,7,9,20,3,12,14,23,4,13,17,25,3,14,17,27,2,14,17,26,2,20,30,43.104,1.787569444,17,24,44,2,15,22,41,3,15,21,40,2,54,USA
NYNJ,2020,32,8,41,53,37,5,40,51,33,3,38,49,32,3,37,48,31,3,8,10,22,6,9,11,21,3,8,9,20,3,8,9,20,4,17,19,28,5,14,17,25,4,14,18,26,3,14,17,26,2,16,24,55.2984375,4.406753472,17,24,46,3,16,23,44,2,15,22,42,2,45,USA
NYNJ,2020,33,8,40,55,35,6,41,53,34,4,38,50,33,3,37,49,32,3,6,8,17,14,9,11,20,6,8,9,20,4,7,9,20,5,17,21,27,6,15,18,26,5,14,18,26,3,14,17,26,3,17,26,48.58627451,3.071078431,18,25,49,3,16,23,45,3,15,22,43,3,47,USA
NYNJ,2020,34,8,40,50,33,2,41,54,34,4,39,51,33,3,37,49,32,3,10,11,27,2,8,10,22,7,8,10,21,5,8,9,20,4,13,16,24,1,15,18,25,4,15,18,26,3,14,17,26,3,17,23,43.99308824,1.255555556,18,26,48,3,16,23,46,3,16,22,43,3,46,USA
NYNJ,2020,35,8,38,49,35,2,40,52,35,4,39,51,34,3,38,49,33,3,4,7,20,4,7,9,21,7,8,10,21,4,7,9,20,5,18,20,27,2,16,19,26,4,15,18,26,3,14,18,27,3,16,22,48.45052083,1.616111111,17,24,49,3,17,24,46,2,16,23,44,3,45,USA
NYNJ,2020,36,9,43,53,34,5,40,52,34,4,40,51,34,3,39,50,33,3,5,5,23,5,6,8,22,6,8,9,21,5,7,9,21,4,17,19,27,1,16,19,26,3,15,18,26,3,15,18,26,3,21,29,42.99812169,8.80037037,18,25,46,4,17,24,46,3,17,23,44,3,55,USA
NYNJ,2020,37,9,38,50,37,3,40,51,35,3,40,52,35,4,39,50,33,3,6,6,32,3,6,7,25,4,7,9,23,5,7,9,22,4,13,17,28,2,15,18,27,2,15,18,26,3,15,18,26,3,19,27,44.60124269,3.15998538,18,25,45,4,18,25,47,3,17,24,45,3,54,USA
NYNJ,2020,38,9,39,52,36,2,40,51,36,3,40,52,35,3,39,51,34,3,6,7,23,1,5,6,24,3,7,8,23,5,7,9,22,4,19,20,34,1,17,19,29,2,16,18,27,3,15,18,27,3,14,25,43.49696429,3.053710317,18,26,45,4,18,26,46,3,17,24,46,3,48,USA
NYNJ,2020,39,9,38,51,53,5,40,52,40,4,40,52,38,4,39,51,36,3,5,6,20,1,6,6,24,2,6,8,23,4,7,8,22,4,14,19,70,1,16,19,40,1,16,19,33,3,15,18,30,3,19,26,50.08630117,8.113406433,18,27,45,6,17,25,47,4,17,25,46,3,51,USA
NYNJ,2020,40,9,35,49,34,3,38,51,40,3,39,51,37,3,39,51,36,3,6,7,20,1,6,7,24,1,6,7,23,4,7,8,22,4,14,19,26,4,15,19,40,2,16,19,33,2,15,18,30,3,15,23,45.97118519,2.918537037,17,25,46,4,17,25,46,4,17,25,46,4,47,USA
NYNJ,2020,41,10,42,52,37,4,39,51,40,3,39,51,37,3,40,52,36,3,4,5,25,4,5,6,22,1,6,7,24,3,7,8,22,4,16,18,26,4,16,19,39,2,16,19,33,2,15,18,30,3,22,29,46.03796717,4.527348485,18,26,46,5,18,26,46,4,18,25,47,4,56,USA
NYNJ,2020,42,10,42,61,37,4,39,53,40,4,39,52,38,4,40,53,37,4,7,7,23,4,6,6,22,2,5,6,23,3,6,8,23,4,15,21,29,3,15,19,38,3,16,19,34,2,15,19,31,3,20,33,47.92704167,5.64175,19,28,48,5,18,27,46,5,18,26,47,4,54,USA
NYNJ,2020,43,10,37,53,40,6,39,54,37,4,39,53,38,4,39,52,37,4,5,6,23,5,6,6,23,3,6,6,24,3,6,7,23,4,13,17,31,8,15,19,28,5,15,19,34,3,16,19,32,3,19,30,50.03847953,5.108508772,19,29,47,5,19,28,46,5,18,26,47,4,57,USA
NYNJ,2020,44,10,41,56,38,2,41,56,38,4,39,53,39,4,39,53,37,4,8,10,23,0,6,7,24,3,6,7,24,2,6,7,23,4,14,18,32,1,15,19,30,4,15,19,35,3,15,19,32,3,19,28,48.56418129,4.296842105,20,30,48,5,18,28,47,5,18,27,47,4,50,USA
NYNJ,2020,45,11,36,55,37,3,39,56,38,4,39,54,39,4,39,53,38,3,6,7,22,4,7,8,23,3,6,7,22,2,6,7,23,3,13,16,30,4,14,18,31,4,15,19,35,3,15,18,32,3,17,32,47.09473856,1.638186275,19,31,48,4,18,28,47,4,18,27,47,4,58,USA
NYNJ,2020,46,11,47,63,40,6,40,57,39,4,40,55,39,4,40,54,38,4,7,9,21,8,7,8,22,4,6,7,22,3,6,7,23,3,18,22,30,7,15,18,31,5,15,19,34,4,15,19,33,3,22,32,54.27542929,5.042967172,19,31,50,4,19,29,49,5,19,28,47,4,51,USA
NYNJ,2020,47,11,39,55,35,3,41,57,38,4,40,56,37,4,40,54,38,4,5,6,19,1,7,8,21,3,6,7,22,3,6,7,23,3,15,21,31,5,15,19,31,4,15,19,30,4,15,19,33,3,19,28,42.94415205,1.470774854,19,30,48,3,19,29,48,4,19,29,47,4,51,USA
NYNJ,2020,48,11,41,58,43,10,41,58,39,5,41,57,38,5,40,55,39,4,8,10,28,7,7,8,22,5,6,8,23,4,6,7,23,3,14,20,34,17,15,20,32,8,15,19,31,6,15,19,34,5,19,28,55.64590643,5.482368421,19,30,50,3,20,30,49,4,19,28,48,4,48,USA
NYNJ,2020,49,12,37,53,38,5,41,57,39,6,40,57,38,5,40,55,39,4,4,6,21,2,6,8,22,4,6,8,23,4,6,7,22,3,15,20,31,2,16,21,32,8,15,19,31,6,15,19,34,5,18,27,46.88694444,7.825061728,20,29,50,5,19,30,49,5,19,28,48,5,51,USA
NYNJ,2020,50,12,42,55,39,4,40,55,39,5,40,56,39,5,40,55,39,5,7,8,24,1,6,8,23,3,6,8,23,4,6,7,23,3,14,17,29,5,15,20,31,7,15,19,31,6,15,19,33,5,21,30,50.96572751,3.972989418,19,28,49,5,19,29,50,4,19,29,49,5,55,USA
NYNJ,2020,51,12,38,50,54,7,40,54,43,6,40,56,40,5,40,55,39,5,7,7,30,9,7,8,26,5,7,8,24,4,6,7,23,4,13,17,44,4,14,19,35,7,15,19,33,6,15,19,31,5,18,26,70.0437037,8.0075,19,28,56,6,19,29,52,5,19,29,51,5,52,USA
NYNJ,2020,52,12,27,43,48,12,36,50,45,7,38,54,42,6,39,55,40,5,2,3,29,1,5,6,26,3,6,7,24,4,6,7,24,4,11,15,31,9,13,17,34,5,14,19,33,6,14,19,32,6,14,25,64.02831349,16.04380952,18,27,58,9,19,29,54,6,19,29,52,6,58,USA
NYNJ,2020,53,12,19,34,37,1,32,46,45,6,36,51,42,6,37,53,41,5,5,6,23,1,5,6,27,3,6,7,24,4,6,7,24,4,7,11,27,1,11,15,33,5,13,18,32,6,14,18,32,5,7,17,57.73484127,2.135079365,15,25,61,8,17,27,55,6,18,28,53,6,50,USA
NYNJ,2021,1,1,40,56,38,9,31,46,44,7,35,51,42,6,37,53,41,6,7,9,25,6,5,6,27,4,6,7,25,3,6,7,24,4,15,19,32,13,12,16,34,6,13,18,32,7,14,18,32,6,18,28,48.66361111,6.24087963,14,24,60,8,17,26,55,6,18,28,53,6,50,USA
NYNJ,2021,2,1,38,55,42,6,31,47,41,7,35,51,42,7,37,53,41,6,7,8,24,13,5,7,25,5,6,7,26,5,6,7,24,4,10,16,28,4,11,15,29,6,12,17,32,7,13,18,32,6,21,31,54.22165344,3.961865079,15,25,56,7,17,27,56,7,18,28,53,6,56,USA
NYNJ,2021,3,1,36,51,40,5,33,49,39,5,35,50,42,6,37,52,41,6,5,6,22,0,6,7,24,5,6,7,25,4,6,7,24,4,16,20,33,7,12,17,30,6,13,17,32,5,13,18,32,6,15,25,54.31377778,5.158166667,15,25,54,4,17,26,56,7,17,27,54,6,49,USA
NYNJ,2021,4,1,31,44,67,6,36,52,47,6,34,49,46,6,36,51,43,6,5,6,39,3,6,7,28,6,6,7,27,4,6,7,26,4,10,15,47,1,13,18,35,6,12,16,34,5,13,18,33,6,16,23,88.4475,10.09605903,18,27,61,6,16,26,61,7,17,27,57,6,52,USA
NYNJ,2021,5,1,38,50,48,15,36,50,49,8,33,48,47,8,36,50,44,7,5,6,21,10,6,7,27,7,5,6,27,5,6,7,26,5,14,16,40,18,13,17,37,7,12,16,35,7,13,17,34,7,19,28,61.73700292,13.23004386,18,27,65,8,16,25,62,8,17,26,58,7,56,USA
NYNJ,2021,6,2,43,66,40,16,37,53,49,11,34,50,45,9,36,51,45,8,9,10,25,17,6,7,27,8,6,7,26,6,6,7,26,6,15,19,34,18,14,18,38,11,12,16,34,9,13,17,34,8,19,37,52.12323099,15.36182749,17,28,64,11,16,27,60,9,17,27,59,8,56,USA
NYNJ,2021,7,2,36,59,47,16,37,55,51,13,35,52,45,9,35,51,45,8,7,11,23,4,7,8,27,9,6,8,25,7,6,7,26,6,9,17,33,30,12,17,38,17,12,17,34,11,12,17,34,9,20,31,60.76434722,13.83740278,19,30,66,13,17,28,60,9,17,27,59,9,53,USA
NYNJ,2021,8,2,33,52,40,9,38,57,44,14,37,54,45,10,35,51,45,9,6,8,23,4,7,9,23,9,6,8,25,7,6,7,26,6,12,14,28,8,13,17,34,19,13,17,34,12,12,16,34,10,15,30,55.71627778,12.84192593,18,32,58,14,18,29,59,10,17,28,60,9,58,USA
NYNJ,2021,9,2,39,55,46,5,38,58,43,12,37,54,46,10,35,51,46,9,4,6,27,11,7,9,25,9,6,8,26,8,6,7,26,7,14,19,32,2,13,17,32,15,13,17,34,11,12,17,34,9,21,30,58.9019709,5.520753968,19,32,57,12,18,29,61,10,17,28,61,9,55,USA
NYNJ,2021,10,3,37,54,39,8,36,55,43,9,37,54,46,10,35,52,44,9,7,8,26,6,6,8,25,6,6,8,26,7,6,7,26,6,15,18,35,1,13,17,32,10,13,17,35,11,12,17,33,9,15,28,49.84705556,14.29177778,18,30,56,12,18,29,60,11,17,28,59,10,52,USA
NYNJ,2021,11,3,36,50,40,7,36,53,41,7,37,54,46,10,36,52,44,9,4,5,25,1,5,7,25,5,6,8,26,7,6,7,25,6,13,18,29,12,14,17,31,6,13,17,35,11,13,17,33,10,19,27,50.18361111,4.399576023,18,29,54,9,18,29,60,11,17,28,58,9,54,USA
NYNJ,2021,12,3,43,56,42,6,39,54,42,6,38,55,43,10,38,54,44,9,5,5,30,1,5,6,27,5,6,7,25,7,6,7,26,6,16,19,30,6,15,19,32,5,14,18,33,12,13,18,33,10,22,32,53.27767677,6.317436869,19,29,53,8,19,30,55,11,18,29,57,9,57,USA
NYNJ,2021,13,3,34,48,46,9,38,52,42,7,38,55,42,9,37,53,45,9,7,7,23,6,6,6,26,3,6,8,25,6,6,7,26,6,12,16,42,5,14,18,34,6,13,18,33,10,13,17,34,9,15,25,59.87561111,13.80081481,18,28,53,10,18,30,55,11,18,29,58,10,52,USA
NYNJ,2021,14,3,33,48,39,5,37,51,42,7,36,53,42,8,37,53,45,9,5,7,27,5,5,6,26,3,6,7,26,5,6,7,26,6,12,18,28,6,13,18,32,7,13,17,32,9,13,17,34,10,16,23,51.85519097,3.858940972,18,27,54,7,18,28,55,9,18,28,58,10,48,USA
NYNJ,2021,15,4,40,53,37,2,38,51,41,5,37,52,41,6,37,53,44,9,8,10,24,4,6,7,26,4,6,7,26,5,6,7,26,6,14,17,32,1,14,18,33,4,14,17,32,5,13,17,34,9,18,26,46.86016975,2.603317901,18,27,53,7,18,28,53,8,18,28,57,10,49,USA
NYNJ,2021,16,4,34,49,39,5,35,50,40,5,37,52,41,6,37,53,42,9,5,6,24,7,6,8,25,6,6,7,26,5,6,7,25,6,9,13,30,3,12,16,33,4,13,17,32,5,13,17,33,9,20,30,46.84586111,5.530902778,17,26,51,6,18,28,52,7,18,29,54,9,61,USA
NYNJ,2021,17,4,38,46,41,5,36,49,39,4,37,51,40,6,37,53,41,8,3,4,30,1,5,7,26,4,6,7,26,4,6,7,26,6,18,18,31,4,13,17,30,3,14,17,32,5,13,17,32,8,17,24,53.11665033,8.222124183,18,26,50,5,18,27,51,7,18,29,53,9,52,USA
NYNJ,2021,18,4,42,48,38,4,39,49,39,4,38,50,40,5,37,52,41,7,7,7,22,1,6,7,25,3,6,6,26,3,6,7,25,4,16,18,34,1,14,17,32,2,14,17,32,5,13,17,32,7,19,23,46.40247076,7.266535088,19,26,48,6,18,26,51,6,18,27,53,8,48,USA
NYNJ,2021,19,5,32,47,41,5,37,48,40,5,37,49,40,5,37,51,41,6,5,6,25,22,5,6,25,8,6,7,26,6,6,7,25,6,9,15,27,1,13,16,31,2,13,17,32,3,13,17,31,4,18,26,52.71992284,1.768302469,19,26,50,6,18,26,51,6,18,27,52,7,55,USA
NYNJ,2021,20,5,44,53,40,5,39,49,40,5,37,49,40,5,38,51,41,5,6,7,23,1,5,6,25,6,6,7,25,6,6,7,25,5,20,21,32,3,16,18,31,2,14,17,32,3,14,18,32,4,18,25,53.03587963,8.58912037,18,25,51,6,18,25,51,6,18,27,52,7,47,USA
NYNJ,2021,21,5,36,51,39,6,39,50,39,5,37,49,39,5,37,50,40,5,4,5,23,3,6,6,23,7,5,7,25,6,6,6,25,5,15,19,32,9,15,18,31,3,14,17,31,3,14,18,32,4,17,27,49.18047386,4.068986928,18,25,50,5,18,26,50,5,18,26,51,7,53,USA
NYNJ,2021,22,5,41,56,41,4,38,52,40,5,38,50,39,5,38,50,40,5,6,6,23,5,5,6,24,8,6,6,24,5,5,6,25,5,14,20,32,5,15,19,31,4,14,18,31,3,14,18,32,5,21,30,50.86440476,3.736071429,19,27,51,5,19,26,50,5,18,27,51,6,54,USA
NYNJ,2021,23,6,44,58,41,5,41,55,40,5,39,51,40,5,38,51,40,5,5,5,25,0,5,6,24,2,5,6,24,5,6,6,25,5,18,23,33,4,17,21,32,5,15,18,31,4,14,18,32,4,21,30,52.52171958,6.749047619,19,28,51,6,19,27,51,6,19,27,51,6,52,USA
NYNJ,2021,24,6,34,54,41,2,39,55,40,4,39,52,40,5,38,51,40,5,4,5,29,1,5,5,25,2,5,6,25,4,5,6,25,5,10,18,28,1,14,20,31,5,15,19,31,3,14,18,32,4,20,31,49.57411111,3.267902778,20,30,51,4,19,27,51,5,18,27,51,6,57,USA
NYNJ,2021,25,6,44,54,43,10,41,56,42,5,40,53,40,5,39,51,40,5,8,8,25,4,6,6,25,2,6,6,24,5,6,6,25,4,14,15,35,13,14,19,32,6,15,19,32,5,14,18,31,4,22,31,55.44612374,9.559356061,21,31,52,6,20,28,51,6,19,27,51,5,57,USA
NYNJ,2021,26,6,36,53,42,7,40,55,42,6,39,53,41,5,39,52,40,5,3,5,44,1,5,6,31,1,5,6,27,5,5,6,26,4,14,19,25,11,14,19,30,7,14,19,31,6,14,18,31,5,19,29,53.83654971,4.204868421,21,30,53,6,20,29,52,5,19,28,51,5,55,USA
NYNJ,2021,27,6,34,49,42,4,37,53,42,6,39,54,41,5,38,52,41,5,4,5,21,7,5,6,30,3,5,6,27,3,5,6,26,4,13,16,28,3,13,17,29,7,15,19,31,6,14,18,31,5,17,28,58.50073529,3.604722222,20,30,54,5,19,29,53,5,19,28,52,6,57,USA
NYNJ,2021,28,7,34,46,39,5,37,51,42,6,38,53,41,5,38,51,41,5,5,6,24,1,5,6,28,3,5,6,27,3,5,6,26,4,14,16,29,8,14,17,29,9,14,18,30,7,15,18,31,5,15,24,53.18827778,3.731759259,18,28,55,5,19,29,53,5,19,27,52,5,52,USA
NYNJ,2021,29,7,39,53,42,3,36,50,41,5,38,53,41,5,38,52,41,5,5,5,26,2,4,5,29,2,5,6,27,2,5,6,26,4,15,21,32,7,14,18,28,7,14,19,30,7,14,18,31,5,19,27,54.39672515,1.370818713,18,27,55,3,19,29,54,5,19,28,52,5,51,USA
NYNJ,2021,30,7,42,58,38,6,37,52,40,5,38,53,41,5,38,53,41,5,9,10,23,2,6,7,23,3,5,6,27,2,5,6,26,4,15,20,29,13,14,18,29,8,14,19,30,7,14,19,30,6,18,28,52.8858642,2.956481481,17,27,55,3,19,29,54,4,19,28,53,4,48,USA
NYNJ,2021,31,7,42,59,45,8,39,54,41,6,38,53,42,6,39,54,41,5,5,7,26,23,6,7,25,7,5,6,27,5,5,6,26,4,13,16,31,4,14,18,30,8,14,18,30,8,15,19,31,7,24,36,56.81927083,6.098611111,19,29,54,4,19,29,54,4,19,29,53,5,61,USA
NYNJ,2021,32,8,44,62,43,17,42,58,42,9,39,54,42,7,39,54,41,6,6,8,23,11,6,8,24,10,6,7,26,6,5,6,26,5,16,19,36,18,15,19,32,10,14,18,31,10,14,19,31,8,22,35,52.5702399,18.32824495,21,32,54,7,20,30,55,6,20,30,53,6,56,USA
NYNJ,2021,33,8,35,55,39,9,41,59,41,10,38,54,41,7,39,55,41,7,5,5,22,4,6,8,23,10,5,6,26,6,5,6,26,5,15,22,27,14,15,19,31,12,14,19,30,10,14,19,30,8,15,28,57.67962963,4.501648148,20,32,55,8,19,29,55,6,19,30,54,6,51,USA
NYNJ,2021,34,8,39,56,37,5,40,58,41,9,39,55,41,7,39,55,41,7,6,8,21,5,6,7,23,11,6,7,23,7,5,6,26,5,15,20,32,7,15,19,32,11,15,19,30,9,14,19,30,9,18,28,46.01632716,2.413425926,20,32,53,8,19,29,54,5,19,30,54,6,50,USA
NYNJ,2021,35,8,47,62,40,14,41,59,40,11,40,56,40,8,39,55,41,7,5,6,26,1,6,7,23,5,6,7,24,6,5,7,26,5,18,21,34,23,16,21,32,15,15,19,31,12,14,19,30,10,24,35,47.48626157,10.59547454,20,32,51,9,19,30,53,6,19,30,53,6,56,USA
NYNJ,2021,36,9,50,65,43,18,43,60,40,11,42,59,41,10,41,56,41,9,8,8,23,24,6,7,23,8,6,7,24,9,6,7,25,7,23,27,33,18,18,23,31,16,16,21,32,13,15,19,31,12,19,30,62.7553655,16.14922515,19,30,53,8,20,31,54,8,19,30,54,7,46,USA
NYNJ,2021,37,9,39,68,41,13,44,63,40,13,42,61,41,11,40,57,41,9,6,9,26,15,6,8,24,11,6,8,24,11,6,7,25,8,14,27,28,17,18,24,32,16,16,22,31,14,15,20,30,12,19,32,56.08135965,9.628961988,20,31,53,10,20,32,54,9,19,30,54,7,47,USA
NYNJ,2021,38,9,35,59,39,18,43,64,41,16,41,61,41,13,40,58,41,10,7,9,20,17,7,8,24,14,6,8,23,12,6,7,23,9,10,18,27,5,16,23,31,16,16,21,31,13,15,20,30,11,18,32,53.36402778,24.90013889,20,32,55,15,20,32,54,12,19,30,54,9,54,USA
NYNJ,2021,39,9,33,53,42,7,39,61,41,14,40,60,41,13,40,58,41,10,4,7,21,10,6,8,22,16,6,8,23,11,6,7,23,9,16,19,36,7,16,23,31,12,16,22,32,14,15,21,31,12,13,27,56.84632479,5.312115385,17,30,57,14,19,31,54,11,19,30,54,9,51,USA
NYNJ,2021,40,10,32,53,44,5,35,58,42,10,39,59,41,11,40,59,41,10,6,6,26,1,6,8,23,11,6,7,23,9,6,7,23,9,9,18,31,11,12,21,31,10,15,22,31,13,15,21,31,12,17,29,57.67869281,2.815767974,17,30,56,11,18,30,55,10,19,31,55,9,55,USA
NYNJ,2021,41,10,36,51,39,8,34,54,41,9,39,58,41,11,40,58,41,11,7,8,25,14,6,8,23,10,6,8,23,11,6,8,23,10,11,15,25,12,12,18,30,9,15,21,31,12,15,20,31,12,18,28,52.53118827,3.313472222,17,29,55,9,18,30,54,9,19,31,54,9,55,USA
NYNJ,2021,42,10,40,61,40,7,35,55,41,6,39,59,41,11,39,59,41,11,9,11,21,3,7,8,23,7,7,8,23,11,6,8,23,11,14,20,28,13,13,18,30,11,14,21,30,13,15,20,31,12,17,30,60.36387255,2.934183007,16,29,57,4,18,30,56,9,19,31,55,9,49,USA
NYNJ,2021,43,10,44,58,39,8,38,56,40,7,39,59,41,10,40,59,40,11,9,11,24,13,8,9,24,8,7,9,23,12,7,8,23,10,19,22,33,11,13,19,29,12,15,21,30,12,15,21,31,13,16,25,54.89913194,2.55453125,17,28,56,3,17,29,57,8,18,30,55,9,43,USA
NYNJ,2021,44,10,45,59,41,10,41,57,40,8,38,58,41,9,40,58,40,10,7,9,30,4,8,10,25,9,7,9,24,10,7,8,24,9,16,20,32,14,15,19,29,13,14,20,30,11,15,21,30,13,22,30,51.51150253,8.870290404,18,28,55,4,18,29,55,8,18,30,55,8,51,USA
NYNJ,2021,45,11,39,62,45,13,42,60,41,9,38,57,41,9,40,59,41,10,7,11,25,3,8,11,25,6,7,9,24,8,7,9,24,9,17,22,35,11,17,21,32,12,14,19,31,11,15,21,31,12,15,29,64.96653704,18.84605556,18,29,58,8,17,29,57,9,18,30,55,9,47,USA
NYNJ,2021,46,11,38,56,45,7,42,59,42,10,38,57,42,8,40,59,41,11,6,7,32,1,7,10,28,5,7,9,25,6,7,9,25,9,15,22,34,10,17,22,34,12,15,20,32,11,15,21,31,13,17,27,58.23866013,6.895686275,18,28,57,9,17,28,57,6,18,30,56,9,48,USA
NYNJ,2021,47,11,39,56,41,6,40,58,43,9,39,57,42,8,39,58,42,10,10,13,34,7,8,10,30,4,8,10,27,6,7,9,25,9,14,19,32,9,16,21,33,11,14,20,31,11,15,21,31,12,15,24,54.43033333,2.774685185,17,28,57,9,17,28,57,6,17,29,57,9,43,USA
NYNJ,2021,48,11,44,63,49,5,40,59,45,8,41,58,42,8,39,58,42,9,6,10,49,3,7,10,35,3,8,10,30,6,7,9,28,8,15,20,38,5,15,21,35,9,15,20,32,11,14,20,32,10,23,33,55.71059179,5.737910628,18,28,58,9,18,28,57,6,18,29,56,8,52,USA
NYNJ,2021,49,12,39,58,42,11,40,58,44,7,41,59,43,8,39,57,42,9,5,6,33,1,7,9,37,3,7,10,31,4,7,9,28,6,18,24,32,7,16,21,34,8,16,21,33,10,15,20,32,10,16,28,54.61545139,18.98524306,18,28,56,9,18,28,57,8,17,29,56,9,48,USA
NYNJ,2021,50,12,45,65,42,17,42,61,43,10,42,60,43,10,40,58,42,9,10,12,27,1,8,10,36,3,8,10,32,4,7,9,29,5,13,22,32,27,15,21,34,12,16,21,34,12,15,20,32,11,22,31,54.80194444,18.43169192,19,29,55,11,18,28,56,10,18,28,56,8,48,USA
NYNJ,2021,51,12,31,51,60,19,40,59,48,13,40,59,45,11,39,58,44,10,4,6,33,13,6,9,36,4,7,9,33,4,7,9,30,5,12,19,47,16,15,21,37,14,15,21,35,12,14,20,33,12,15,26,76.99155556,23.88162963,19,30,61,17,18,29,59,13,18,28,58,10,51,USA
NYNJ,2021,52,12,17,42,36,2,33,54,45,12,37,57,45,10,38,57,43,9,5,7,19,4,6,8,28,4,7,9,32,4,7,9,29,6,5,14,38,1,12,20,37,13,14,20,36,11,14,20,34,11,7,21,47.64440476,1.535952381,15,27,59,16,16,27,58,12,17,28,57,10,50,USA
NYNJ,2021,53,12,23,23,51,18,29,45,47,14,35,52,46,11,37,55,44,10,2,2,32,1,5,7,28,4,6,8,32,4,7,9,30,4,8,8,43,17,10,16,40,15,13,19,37,11,14,19,35,12,13,13,58.88130342,21.22457265,14,23,60,16,16,25,58,12,17,26,58,11,57,USA
NYNJ,2022,1,1,42,66,51,26,28,46,49,16,35,53,46,13,37,55,45,12,5,8,25,38,4,6,27,14,6,8,32,8,6,9,30,7,18,25,39,19,11,17,42,13,13,19,38,13,14,20,36,12,19,33,68.97700292,29.06530702,14,23,63,19,16,26,59,15,17,27,58,13,50,USA
NYNJ,2022,2,1,36,64,45,9,30,49,46,14,35,54,47,13,37,55,46,12,8,10,22,11,5,7,25,13,6,8,30,9,6,8,30,7,12,23,36,10,11,18,39,12,13,19,38,13,14,20,37,12,16,31,62.18572917,7.032934028,14,25,59,15,16,27,60,16,17,27,59,14,48,USA
NYNJ,2022,3,1,42,65,49,19,36,55,49,18,34,54,47,15,36,56,46,13,5,7,25,11,5,7,26,15,6,7,27,10,6,8,30,8,18,26,35,17,14,21,38,16,13,20,38,14,14,20,37,12,19,32,68.19144737,24.08166667,17,27,65,20,16,27,62,18,16,27,60,15,49,USA
NYNJ,2022,4,1,33,55,53,39,38,63,49,23,34,54,48,19,36,55,47,15,7,10,42,21,6,9,29,21,6,8,28,12,6,8,31,9,14,18,39,58,16,23,37,26,13,19,39,21,14,20,37,16,12,27,75.05259259,25.91060185,17,31,69,22,15,27,64,19,16,27,61,15,49,USA
NYNJ,2022,5,1,38,65,47,30,37,62,48,24,33,54,49,20,36,56,47,17,7,10,26,3,7,9,29,12,5,8,28,13,6,8,31,9,11,19,41,39,14,22,38,31,12,19,40,22,13,20,38,19,20,36,58.71720833,35.560625,17,32,66,23,15,27,65,21,16,28,61,18,55,USA
NYNJ,2022,6,2,42,65,47,19,39,63,49,27,34,56,47,20,36,57,48,18,6,7,29,1,6,9,30,9,6,8,27,11,6,8,30,9,19,26,35,35,16,22,37,37,13,20,38,24,14,20,38,21,17,32,67.67454248,7.039607843,17,32,67,23,15,28,63,19,17,29,62,18,49,USA
NYNJ,2022,7,2,38,65,48,22,38,63,49,27,37,59,49,23,36,57,47,19,7,8,37,50,7,9,33,19,6,8,30,17,6,8,29,13,12,22,37,8,14,21,38,35,14,21,38,25,13,21,38,21,19,35,58.66103801,19.86979532,17,33,65,22,17,30,65,21,16,29,63,19,54,USA
NYNJ,2022,8,2,40,68,45,38,40,66,47,27,39,64,48,25,36,58,48,21,5,8,27,9,6,8,29,16,6,9,29,18,6,8,29,14,21,28,33,34,16,24,36,29,16,23,37,28,14,21,38,23,14,32,70.19992063,52.5375,18,34,64,29,17,32,66,25,16,29,64,22,47,USA
NYNJ,2022,9,2,37,63,46,22,39,65,47,25,38,64,47,25,35,58,48,22,5,6,25,1,6,7,29,15,6,8,29,13,6,7,28,14,15,24,40,25,17,25,36,26,15,23,37,28,14,21,38,23,17,33,56.89251634,24.68650327,17,33,63,26,17,32,65,25,16,29,64,23,52,USA
NYNJ,2022,10,3,43,67,49,14,40,66,47,24,39,64,48,25,36,59,47,21,9,11,30,14,7,8,30,19,6,8,30,14,6,8,28,14,18,25,36,23,17,25,37,23,16,24,37,30,14,22,38,24,16,31,74.26232639,2.675711806,17,33,65,25,17,32,66,24,16,30,64,21,46,USA
NYNJ,2022,11,3,40,69,43,18,40,67,46,23,39,65,47,25,38,61,48,23,11,14,28,8,8,10,27,8,7,9,30,13,6,8,29,14,15,26,39,17,17,26,37,25,16,24,37,30,15,23,38,25,14,29,57.69859127,25.72172619,15,31,65,26,16,32,65,24,16,30,65,23,42,USA
NYNJ,2022,12,3,38,63,47,17,40,66,46,17,40,66,47,22,39,65,47,23,5,10,28,3,8,10,28,7,7,9,29,11,7,9,29,14,17,24,39,29,16,25,39,23,16,24,38,26,16,24,37,26,16,29,61.91770833,8.665034722,16,31,63,15,17,32,63,22,17,32,65,22,46,USA
NYNJ,2022,13,3,42,64,46,14,41,66,46,15,40,66,46,20,39,64,47,22,8,9,24,27,8,11,27,13,7,9,28,14,7,9,28,13,15,24,32,15,16,25,37,21,17,25,37,23,16,24,37,26,19,31,67.36877193,7.15498538,16,30,65,11,17,32,64,19,17,32,65,20,48,USA
NYNJ,2022,14,3,41,67,47,25,40,66,46,18,40,66,46,21,40,65,47,23,8,12,24,14,8,11,26,13,7,10,28,16,7,9,29,14,16,21,33,40,16,24,36,25,16,24,36,24,16,24,37,28,17,34,71.5794281,15.47246732,17,31,65,14,17,32,65,20,17,32,66,21,51,USA
NYNJ,2022,15,4,43,71,54,40,41,66,49,24,41,67,47,23,40,65,48,25,7,8,29,21,7,10,26,16,7,10,27,12,7,9,29,14,16,26,40,23,16,24,36,27,17,25,37,26,16,24,37,29,20,37,73.31281944,59.942,18,33,69,23,17,32,67,25,17,32,66,24,52,USA
NYNJ,2022,16,4,31,62,49,26,39,66,49,26,39,66,48,22,39,66,47,24,5,7,28,36,7,9,26,25,7,10,27,16,7,9,28,16,16,25,39,21,16,24,36,25,16,24,37,24,16,24,37,26,10,30,74.52516667,29.97338889,17,33,72,28,16,32,67,22,17,32,66,24,48,USA
NYNJ,2022,17,4,38,69,54,23,38,67,51,28,40,67,49,22,39,66,48,23,10,12,31,24,8,10,28,24,8,10,28,18,7,9,28,17,9,20,41,1,14,23,38,21,15,24,38,21,16,24,37,23,19,37,72.37850877,33.73375731,17,35,73,35,16,32,69,23,17,33,67,24,54,USA
NYNJ,2022,18,4,30,53,48,21,36,64,51,28,38,65,49,23,38,65,48,23,6,10,35,27,7,9,31,27,8,10,28,20,7,10,29,20,15,18,43,12,14,22,41,14,15,23,38,20,15,24,38,21,9,25,65.07271605,32.28419753,15,32,71,39,16,32,68,27,16,32,67,26,47,USA
NYNJ,2022,19,5,50,73,51,29,37,64,51,25,39,65,50,24,39,66,48,24,9,11,37,3,8,10,33,22,7,10,30,19,7,10,29,16,22,31,41,43,16,24,41,19,16,24,39,23,16,24,38,23,19,31,70.52574561,25.89760234,14,31,71,30,16,32,70,27,16,32,68,27,42,USA
NYNJ,2022,20,5,35,72,53,18,38,67,52,23,39,66,50,24,39,66,49,22,4,6,37,43,7,10,35,24,7,9,31,24,7,10,30,18,18,32,48,9,16,25,43,16,16,25,40,20,16,25,39,21,13,34,63.57480769,22.69604701,15,32,68,29,16,32,70,28,16,32,67,24,47,USA
NYNJ,2022,21,5,38,66,47,45,38,66,50,28,38,67,50,28,39,66,49,24,8,9,35,4,7,9,36,19,7,9,32,21,8,10,31,19,15,28,37,65,18,27,42,32,16,25,40,26,16,25,39,25,15,29,63.67025926,46.03287037,14,30,66,32,15,32,69,33,16,31,68,26,44,USA
NYNJ,2022,22,5,48,76,44,18,43,72,49,27,39,68,50,27,40,67,49,24,10,13,21,4,8,10,33,13,7,10,32,20,8,10,30,18,22,36,34,22,19,32,40,35,17,27,40,24,16,26,39,25,16,27,71.90010417,22.03555556,16,30,67,29,15,31,69,34,16,31,68,27,36,USA
NYNJ,2022,23,6,37,72,55,27,40,72,50,27,38,68,50,26,39,67,50,25,7,11,30,22,7,10,31,18,7,10,32,20,7,10,30,19,11,26,33,8,17,31,38,26,16,27,40,22,16,26,38,24,19,35,77.15533626,40.79777778,16,31,69,33,15,31,70,32,16,32,69,29,49,USA
NYNJ,2022,24,6,40,72,50,25,41,72,49,29,40,69,50,26,39,68,50,26,10,13,29,2,9,12,29,8,8,11,32,16,8,10,30,19,12,21,39,7,15,28,36,25,16,27,40,21,16,26,38,22,18,38,68.64524691,50.85555556,17,32,70,40,16,32,69,34,16,32,70,32,53,USA
NYNJ,2022,25,6,40,69,57,40,41,72,51,28,40,69,51,28,39,69,51,28,6,8,23,1,8,11,26,7,8,10,31,13,8,10,30,17,15,23,51,10,15,27,39,12,16,27,41,22,16,26,40,21,19,38,71.9494883,76.95321637,18,35,72,48,16,32,69,40,16,33,70,38,55,USA
NYNJ,2022,26,6,34,66,55,21,38,70,54,28,40,71,51,28,39,68,51,28,6,7,33,4,7,10,29,7,8,10,31,10,7,10,31,16,15,25,45,25,13,24,42,12,16,28,41,23,16,26,41,20,13,34,76.58444444,23.57004274,17,36,74,48,17,33,71,39,16,33,71,39,52,USA
NYNJ,2022,27,6,39,67,44,36,38,69,51,31,39,70,50,29,38,68,51,27,10,10,22,40,8,10,27,12,8,10,29,15,8,10,30,17,12,26,33,35,14,24,42,19,15,27,40,22,15,26,40,21,17,31,63.2070915,34.35375817,17,35,70,46,16,33,70,40,16,32,70,37,46,USA
NYNJ,2022,28,7,37,65,52,33,38,67,52,33,39,69,50,31,39,68,51,28,7,9,39,16,7,9,29,15,8,10,29,11,8,10,31,16,17,24,43,38,15,25,43,27,15,26,39,26,15,26,41,23,13,32,70.74051282,36.40188034,16,34,71,43,16,33,70,41,16,33,70,37,49,USA
NYNJ,2022,29,7,43,75,52,62,38,68,50,38,40,70,51,33,39,69,51,31,9,11,30,19,8,9,31,20,8,10,28,13,8,10,31,15,17,29,38,90,15,26,40,47,15,26,40,29,16,27,40,30,17,35,76.42705882,56.83276144,15,33,72,38,17,34,72,43,16,32,70,39,47,USA
NYNJ,2022,30,7,36,78,48,26,39,71,49,39,38,71,51,34,40,71,51,32,10,12,35,28,9,11,32,26,8,10,30,16,8,10,31,15,13,29,37,13,15,27,38,44,14,25,40,28,16,28,40,30,13,37,69.19980769,37.74745726,15,34,70,41,16,35,72,45,16,33,70,40,47,USA
NYNJ,2022,31,7,38,77,48,21,39,74,50,36,38,71,51,33,39,71,50,31,8,12,23,15,9,11,32,19,8,10,29,16,8,10,30,16,11,26,36,9,15,27,38,38,14,25,40,28,15,27,40,27,19,39,66.38211988,31.37894737,16,36,71,41,16,36,70,44,16,34,70,40,51,USA
NYNJ,2022,32,8,45,75,46,29,41,76,49,35,39,72,50,34,40,72,50,32,10,14,29,2,9,12,29,16,8,10,29,16,8,11,29,13,18,25,39,30,15,27,37,36,15,26,40,31,15,27,39,29,17,36,64.20921569,42.9854085,17,37,69,42,16,35,70,43,16,34,70,42,48,USA
NYNJ,2022,33,8,36,72,47,35,39,76,47,28,39,72,49,33,39,72,50,31,6,10,24,50,9,12,28,24,8,11,29,22,8,11,28,17,11,21,37,5,13,25,37,14,14,26,38,31,15,26,39,24,19,41,60.13307018,47.64517544,17,38,65,40,16,36,68,39,17,35,70,42,57,USA
NYNJ,2022,34,8,37,68,51,35,39,73,48,30,39,72,48,35,39,71,50,33,7,11,29,17,8,12,26,21,8,11,29,23,8,11,29,18,11,16,39,7,13,22,38,13,14,25,38,28,14,24,39,23,19,41,65.99567251,57.59837719,19,39,64,45,17,37,67,43,17,36,69,45,60,USA
NYNJ,2022,35,8,42,74,52,22,40,72,49,30,39,73,50,33,39,72,50,32,7,9,31,9,8,11,28,19,8,11,30,19,8,11,29,17,17,25,40,30,14,22,39,18,14,24,39,28,14,24,40,25,18,40,71.38154321,20.90737654,18,40,65,42,17,38,68,41,17,37,69,43,54,USA
NYNJ,2022,36,8,40,68,46,21,39,71,49,28,40,73,49,31,39,71,50,32,8,9,27,13,7,10,28,22,8,11,28,19,8,10,29,18,12,19,35,18,13,20,38,15,14,24,38,25,14,24,39,26,20,40,60.51618056,26.26070833,19,41,65,38,18,39,67,40,17,37,68,41,59,USA
NYNJ,2022,37,9,35,69,52,24,39,70,50,26,39,73,49,27,39,71,49,30,9,11,40,22,8,10,32,15,8,11,30,19,8,10,30,20,10,19,41,12,13,20,39,17,13,23,38,15,14,24,39,26,16,39,66.57598958,32.36217014,18,40,66,34,18,39,66,37,17,37,68,37,57,USA
NYNJ,2022,38,9,45,76,49,19,41,72,50,22,40,72,49,26,39,72,49,30,8,12,26,12,8,10,31,14,8,11,29,18,8,11,30,20,17,20,41,14,14,21,39,18,13,21,38,16,14,23,38,25,20,44,65.37126389,26.840625,19,41,66,27,19,40,65,36,17,38,67,38,58,USA
NYNJ,2022,39,9,38,68,49,21,40,70,49,21,40,71,49,26,39,72,49,29,10,12,24,6,9,11,29,13,8,11,29,16,8,11,30,17,11,17,35,18,13,19,38,16,13,20,38,17,14,23,38,24,17,39,72.63272876,32.01748366,18,41,66,29,18,40,66,36,17,39,67,37,57,USA
NYNJ,2022,40,9,34,61,48,22,38,69,50,21,38,70,49,25,39,72,49,28,6,10,26,12,8,11,29,13,8,11,28,18,8,11,29,17,11,17,29,4,12,18,36,12,13,19,37,13,13,22,37,21,17,34,68.7503268,36.77655229,18,39,68,32,18,40,66,35,18,39,67,37,56,USA
NYNJ,2022,41,10,43,67,42,25,40,68,47,22,39,69,49,24,39,71,48,25,8,11,27,42,8,11,26,18,8,11,29,17,8,11,28,19,15,18,32,16,14,18,34,13,13,19,36,15,13,21,37,15,20,38,55.12756944,25.439125,19,39,65,30,18,39,66,32,18,39,66,35,57,USA
NYNJ,2022,42,10,46,71,43,12,40,67,45,20,40,69,48,21,40,71,48,24,9,13,25,7,8,12,26,17,8,11,28,15,8,11,28,17,17,21,33,10,14,18,32,12,14,20,36,15,13,20,36,14,20,37,58.44527778,16.37505556,19,37,64,28,19,39,65,27,19,39,65,33,52,USA
NYNJ,2022,43,10,43,71,43,17,42,68,44,19,41,69,47,20,40,70,47,23,8,12,31,3,8,12,27,16,8,11,28,15,8,11,28,16,12,19,29,30,14,19,31,15,13,19,34,15,14,20,36,16,23,40,53.88907005,14.31638889,20,37,59,23,19,39,63,26,19,39,64,32,56,USA
NYNJ,2022,44,10,37,64,40,14,42,68,42,17,40,68,46,19,40,69,47,22,10,12,29,21,9,12,28,18,9,12,29,16,8,11,28,18,12,15,35,3,14,18,32,14,13,18,34,13,13,19,35,14,15,37,52.26427778,17.7397963,20,38,55,18,19,39,62,25,19,39,63,30,58,USA
NYNJ,2022,45,11,37,53,39,12,41,65,41,14,40,66,44,18,40,68,46,20,9,11,20,5,9,12,26,9,9,12,26,13,8,11,28,14,10,14,33,21,13,17,32,16,13,18,33,14,13,18,35,15,18,28,50.96603395,11.37891975,19,36,54,15,19,37,60,23,19,38,62,27,53,USA
NYNJ,2022,46,11,42,54,39,5,40,61,40,12,40,64,43,16,40,66,45,18,8,9,28,6,9,11,27,9,9,11,26,13,8,11,28,13,13,14,30,6,12,16,32,15,13,17,32,13,13,18,34,15,21,31,48.82035714,3.980224868,19,34,51,12,19,36,58,20,19,37,60,22,57,USA
NYNJ,2022,47,11,40,59,39,6,39,58,39,9,40,63,42,14,40,65,44,16,7,9,30,18,9,10,27,12,8,11,27,14,8,11,28,14,15,19,30,3,13,16,32,8,13,17,31,11,13,18,33,13,18,31,51.20084877,3.3725,18,32,51,9,19,35,55,16,19,37,59,21,53,USA
NYNJ,2022,48,11,40,64,40,10,40,58,39,8,41,63,41,13,40,65,44,16,7,10,24,1,8,10,26,7,8,11,27,13,8,11,28,13,12,19,27,23,13,17,30,13,13,17,31,14,13,18,33,13,21,35,52.86062169,6.697830688,20,31,51,6,20,35,53,12,19,36,58,19,55,USA
NYNJ,2022,49,11,38,59,36,7,40,59,39,7,40,62,40,10,40,64,42,14,8,10,23,2,8,10,26,7,8,11,26,8,8,11,26,11,15,21,30,13,14,18,29,11,13,18,31,14,13,18,32,13,15,28,47.9632963,3.620888889,19,31,50,4,19,33,52,10,19,35,57,17,47,USA
NYNJ,2022,50,12,42,62,38,15,40,61,38,10,40,61,39,11,40,63,41,14,9,12,22,18,8,10,25,10,8,11,26,9,8,11,26,12,13,19,32,18,14,20,30,14,13,18,31,15,13,18,31,14,20,31,50.191875,11.15023611,19,31,51,6,19,33,51,9,19,34,55,15,50,USA
NYNJ,2022,51,12,26,48,48,4,37,58,41,9,38,58,40,9,39,61,41,12,7,10,28,7,8,11,24,7,8,10,26,10,8,11,26,12,7,14,34,2,12,18,31,14,12,17,31,11,13,18,31,12,12,24,68.0031713,3.181087963,17,30,55,6,18,31,53,8,18,33,55,13,50,USA
NYNJ,2022,52,12,60,69,43,17,42,60,41,11,41,59,40,10,41,62,41,12,9,10,34,10,8,11,27,9,8,10,26,8,8,11,27,12,23,25,27,12,15,20,31,11,14,18,30,12,14,18,31,13,28,34,57.95869048,23.09623016,19,29,56,10,19,30,53,8,19,33,54,12,49,USA
Ningbo,2019,1,1,250,337,19,21,,,,,,,,,,,,,81,111,15,39,,,,,,,,,,,,,83,113,17,13,,,,,,,,,,,,,86,113,24.33180879,11.09023902,,,,,,,,,,,,,34,PRC
Ningbo,2019,2,1,204,287,27,21,,,,,,,,,,,,,75,99,34,16,,,,,,,,,,,,,63,86,19,17,,,,,,,,,,,,,66,102,25.5154798,31.37857323,,,,,,,,,,,,,36,PRC
Ningbo,2019,3,1,192,277,21,19,,,,,,,,,,,,,70,99,16,18,,,,,,,,,,,,,59,83,20,27,,,,,,,,,,,,,63,95,28.59165344,12.24455908,,,,,,,,,,,,,34,PRC
Ningbo,2019,4,1,187,272,23,19,208,293,22,20,,,,,,,,,65,98,19,14,73,102,21,22,,,,,,,,,60,80,22,29,66,91,19,21,,,,,,,,,62,94,29.06740143,13.80851703,69,101,27,17,,,,,,,,,35,PRC
Ningbo,2019,5,1,187,278,23,25,193,279,24,21,,,,,,,,,64,94,19,26,69,98,22,18,,,,,,,,,58,85,19,25,60,84,20,24,,,,,,,,,65,99,30.81205128,25.30983761,64,98,28,21,,,,,,,,,36,PRC
Ningbo,2019,6,2,132,229,20,32,175,264,22,24,,,,,,,,,37,69,16,68,59,90,17,31,,,,,,,,,44,72,17,12,55,80,19,23,,,,,,,,,51,88,24.90458061,23.10760893,60,94,28,19,,,,,,,,,38,PRC
Ningbo,2019,7,2,129,198,17,15,159,244,21,23,,,,,,,,,48,78,15,20,54,85,17,32,,,,,,,,,37,55,16,11,50,73,18,19,,,,,,,,,44,65,18.60666667,12.99458333,56,87,26,19,,,,,,,,,33,PRC
Ningbo,2019,8,2,162,245,18,11,153,238,19,21,180,265,21,20,,,,,54,92,15,12,51,83,16,31,62,93,19,26,,,,,54,74,18,12,48,72,17,15,57,81,18,18,,,,,54,79,21.57699074,7.746748971,54,83,24,17,61,92,25,17,,,,,32,PRC
Ningbo,2019,9,2,176,273,17,15,150,236,18,18,171,257,21,20,,,,,56,96,15,18,49,84,15,29,59,91,19,24,,,,,57,86,15,10,48,72,16,11,54,78,18,18,,,,,63,91,20.59224868,15.86376543,53,81,21,15,59,89,25,18,,,,,33,PRC
Ningbo,2019,10,3,184,276,22,18,163,248,19,15,169,256,20,19,,,,,63,97,26,17,55,91,18,17,57,90,18,24,,,,,58,83,17,24,52,75,16,14,53,77,18,19,,,,,63,96,22.70864638,13.06012787,56,83,21,12,58,88,25,16,,,,,35,PRC
Ningbo,2019,11,3,177,273,19,13,175,267,19,14,167,256,20,18,,,,,59,92,16,17,58,94,18,16,56,90,18,24,,,,,59,89,17,15,57,83,17,15,53,78,18,17,,,,,59,92,24.01813089,8.615404896,60,90,22,11,58,88,24,15,,,,,34,PRC
Ningbo,2019,12,3,201,278,19,20,185,275,19,16,169,256,19,19,182,269,20,19,73,97,15,13,63,96,18,16,57,89,17,24,62,94,18,23,63,88,17,29,59,87,17,19,54,79,17,17,58,83,18,19,65,93,23.99360256,19.62540598,63,93,23,14,58,88,23,16,62,92,25,16,33,PRC
Ningbo,2019,13,3,195,282,18,19,189,277,20,18,170,257,19,18,177,264,20,19,75,101,16,16,68,97,18,16,58,90,17,23,62,93,19,21,57,84,15,23,59,86,17,22,54,79,17,17,56,80,18,19,63,97,24.14419753,19.55306878,63,95,24,15,58,88,23,15,60,91,25,17,34,PRC
Ningbo,2019,14,4,199,280,21,22,193,278,19,19,178,263,19,17,177,263,20,19,73,100,17,19,70,98,16,16,63,94,17,16,61,93,17,21,56,82,19,22,59,86,17,22,55,80,17,18,55,80,18,20,70,98,26.09738095,24.38311508,64,95,25,18,60,89,23,15,60,91,25,16,35,PRC
Ningbo,2019,15,4,182,269,19,29,194,277,19,23,185,272,19,18,176,263,20,20,67,100,16,26,72,100,16,19,65,97,17,17,61,93,17,22,60,82,18,32,59,84,17,27,58,84,17,21,55,80,17,20,55,87,24.95917172,29.14534848,63,94,25,23,62,92,24,17,60,90,24,18,32,PRC
Ningbo,2019,16,4,196,279,26,35,193,278,21,26,189,276,20,21,177,263,20,21,73,103,25,31,72,101,18,23,67,98,18,20,62,93,18,24,60,85,21,45,58,83,18,30,59,85,18,25,55,80,17,22,63,91,33.14209877,30.15055115,63,93,27,26,63,93,25,20,60,90,25,19,33,PRC
Ningbo,2019,17,4,190,293,20,48,192,280,22,33,191,279,21,25,177,265,20,23,74,110,16,50,72,103,18,32,70,100,18,24,63,95,17,26,56,88,18,52,58,84,19,38,59,85,18,30,55,81,17,24,60,95,26.4022963,40.60720833,62,93,28,31,62,94,26,23,59,89,24,20,32,PRC
Ningbo,2019,18,5,205,326,20,28,193,292,21,35,193,285,20,27,183,273,20,23,66,107,16,31,70,105,18,35,70,101,17,25,65,98,17,22,73,106,19,35,62,90,19,41,61,88,18,32,58,84,18,26,66,113,24.81028199,18.78021044,61,97,27,30,63,96,26,24,60,91,24,20,35,PRC
Ningbo,2019,19,5,190,292,19,18,195,298,21,32,195,287,20,27,188,281,20,23,70,103,15,21,71,106,18,33,71,103,17,26,67,100,17,23,58,96,18,20,62,94,19,38,60,89,18,32,59,87,18,27,62,93,24.62382168,12.35078405,63,98,27,25,63,96,26,24,62,94,25,20,32,PRC
Ningbo,2019,20,5,174,257,22,21,190,292,20,29,191,285,21,28,189,282,20,24,65,96,18,21,69,104,16,31,70,103,17,27,68,100,18,23,56,82,19,25,61,93,18,33,60,88,18,32,59,88,18,28,53,79,28.76901468,17.28188155,60,95,26,22,62,94,27,24,62,94,25,21,31,PRC
Ningbo,2019,21,5,194,292,20,21,191,292,20,22,191,286,21,28,191,283,20,24,72,106,16,17,68,103,16,22,70,103,17,27,69,101,18,23,56,86,20,22,61,93,19,26,59,88,19,32,59,88,18,29,66,100,25.86854798,24.6879798,62,96,26,18,62,95,27,25,62,95,26,22,34,PRC
Ningbo,2019,22,5,186,279,20,18,186,280,20,19,190,286,21,27,191,283,20,24,72,106,15,14,70,103,16,18,70,104,17,26,70,102,17,23,56,84,19,15,57,87,19,20,59,89,19,31,59,88,18,28,58,89,26.59670019,24.96063697,60,90,26,20,60,93,27,25,62,94,26,23,32,PRC
Ningbo,2019,23,6,198,285,20,19,188,278,20,20,192,288,21,26,193,284,20,25,75,112,16,20,71,105,16,18,71,105,17,25,71,103,17,23,58,80,17,20,57,83,19,20,59,88,19,29,59,87,18,28,65,93,26.27435897,16.94682906,61,90,27,21,62,94,27,23,62,94,26,23,33,PRC
Ningbo,2019,24,6,189,284,19,21,192,285,20,20,191,289,20,24,192,285,20,25,69,105,16,14,72,107,15,16,70,106,16,23,71,104,17,23,59,87,17,23,57,84,18,20,59,89,18,27,59,87,18,28,61,92,25.32346084,25.38602914,63,94,26,23,61,94,26,23,62,94,26,24,32,PRC
Ningbo,2019,25,6,196,279,20,14,192,282,20,18,192,287,20,20,192,285,20,24,77,108,16,13,73,108,16,15,71,105,16,19,71,105,17,23,61,87,18,17,59,85,18,19,60,89,18,22,59,87,19,27,58,84,26.32823276,13.22036877,61,90,26,20,61,93,26,19,61,93,27,23,30,PRC
Ningbo,2019,26,6,200,282,20,19,196,283,20,18,191,281,20,19,192,285,20,24,76,104,16,16,74,107,16,16,72,105,16,17,71,105,17,23,62,89,16,24,60,86,17,21,58,86,18,21,60,88,18,27,62,89,26.67522401,16.8228181,62,90,26,18,61,90,26,19,61,92,27,23,32,PRC
Ningbo,2019,27,7,191,288,28,21,194,283,22,19,191,281,21,19,192,286,21,24,74,107,35,23,74,106,21,17,73,106,19,17,72,106,18,23,62,94,18,21,61,89,17,21,59,86,18,21,60,89,18,27,55,87,27.50606566,17.93507071,59,88,26,18,60,89,27,20,61,92,27,22,30,PRC
Ningbo,2019,28,7,195,280,23,14,196,282,23,17,194,284,21,18,192,286,21,22,77,109,25,15,76,107,23,17,74,107,19,16,72,106,18,21,59,88,18,18,61,90,18,20,59,87,18,20,60,89,18,24,59,83,26.29780603,9.192669492,59,86,27,14,61,90,26,19,60,91,26,20,30,PRC
Ningbo,2019,29,7,166,251,20,13,188,275,23,17,190,279,21,17,190,283,21,19,55,87,16,14,71,102,23,17,72,105,19,16,71,104,18,18,64,93,18,13,62,91,18,19,60,88,18,19,60,89,18,21,47,71,27.68845154,11.46946809,56,83,27,14,58,86,27,17,59,89,26,17,28,PRC
Ningbo,2019,30,7,197,262,19,12,187,270,23,15,192,276,21,17,190,278,21,17,81,100,14,10,72,101,23,16,73,104,19,16,72,104,18,16,55,78,18,14,60,88,18,16,60,87,18,19,59,87,18,19,61,84,27.01744536,11.77244991,56,81,27,13,59,85,27,15,59,87,27,17,32,PRC
Ningbo,2019,31,7,191,263,20,17,187,264,21,14,191,274,21,16,190,275,21,17,76,99,16,16,72,99,18,14,73,102,19,15,72,103,18,16,57,80,18,18,59,85,18,16,60,87,18,19,59,86,18,19,58,84,26.04021552,17.187409,56,81,27,12,58,84,27,15,59,86,27,17,32,PRC
Ningbo,2019,32,8,145,224,20,16,175,250,20,14,185,266,21,16,187,272,21,17,48,82,15,17,65,92,15,14,71,100,19,16,71,102,18,16,43,62,17,19,55,78,18,16,58,84,18,18,58,84,18,19,54,80,25.82230967,12.33113683,55,80,27,13,57,83,27,14,59,86,26,17,36,PRC
Ningbo,2019,33,8,201,283,20,26,184,258,20,18,186,267,21,17,188,272,21,17,79,102,16,27,71,96,15,18,71,99,19,17,72,102,18,17,63,90,19,27,55,78,18,20,58,84,18,19,58,84,18,19,59,91,26.4722693,21.66816384,58,85,26,16,57,84,27,15,58,86,27,17,32,PRC
Ningbo,2019,34,8,201,287,21,18,185,264,20,19,186,267,21,17,189,272,21,17,73,97,20,14,69,95,17,19,70,98,20,17,72,101,18,17,64,87,18,21,57,80,18,22,58,84,18,19,59,85,18,20,64,103,25.92,18.50044271,59,90,26,17,57,85,27,15,59,87,26,16,36,PRC
Ningbo,2019,35,8,179,273,19,17,182,267,20,19,184,265,20,17,188,271,21,17,70,100,15,18,68,95,16,19,70,97,17,16,71,100,18,17,56,79,19,20,57,80,18,22,58,82,18,19,59,85,18,20,53,94,26.43601677,13.87580189,58,92,26,17,57,86,26,14,58,87,26,16,34,PRC
Ningbo,2019,36,9,177,262,20,18,190,276,20,20,182,263,20,17,187,270,21,17,67,99,15,18,72,100,16,19,69,96,16,17,71,100,18,17,54,75,18,19,59,83,19,22,57,81,18,19,58,84,18,19,56,88,27.16617063,16.78452877,58,94,26,18,57,87,27,15,57,87,27,15,34,PRC
Ningbo,2019,37,9,192,280,20,15,187,276,20,17,185,267,20,17,186,270,21,17,72,107,16,16,71,101,17,16,71,98,16,17,71,99,18,17,61,83,18,17,59,81,18,19,57,79,18,19,58,83,18,19,59,90,25.49980697,12.44527778,58,94,26,15,58,89,26,16,57,87,27,15,32,PRC
Ningbo,2019,38,9,162,230,22,17,178,261,20,17,181,263,20,18,183,265,21,17,57,80,18,19,67,97,16,17,68,96,16,18,69,97,18,17,53,70,24,19,56,77,20,19,56,78,19,20,58,82,19,19,52,80,24.55501068,13.6870406,55,88,26,14,57,89,26,16,56,86,26,15,35,PRC
Ningbo,2019,39,9,171,255,20,22,176,257,20,18,179,262,20,19,181,263,20,17,66,99,16,23,66,96,17,19,67,96,16,19,68,97,17,17,51,73,18,23,55,75,20,20,56,77,19,21,57,80,19,19,54,83,26.19712449,18.09795782,55,85,26,15,56,89,26,16,56,86,26,15,33,PRC
Ningbo,2019,40,10,189,259,20,36,179,256,20,23,184,266,20,21,181,261,20,19,64,95,17,42,65,95,17,25,69,97,17,22,67,96,16,19,58,74,18,24,56,75,20,21,58,79,19,21,57,79,19,20,67,90,23.52604063,42.03048507,58,86,25,22,58,90,26,20,57,87,26,17,35,PRC
Ningbo,2019,41,10,142,252,21,14,166,249,21,22,177,262,20,20,179,261,20,19,56,94,19,14,61,92,17,24,66,96,17,20,67,96,16,19,47,70,18,17,52,72,20,21,56,76,19,20,55,77,19,20,39,88,26.89314815,12.58371083,53,85,25,22,56,90,26,19,56,88,26,18,35,PRC
Ningbo,2019,42,10,169,245,20,17,168,253,20,22,173,257,20,20,177,259,20,19,61,95,16,22,62,96,17,25,64,96,17,21,66,96,17,20,53,72,18,15,52,72,18,20,54,75,19,19,55,76,19,20,55,78,25.6965,13.06499495,54,85,26,21,54,86,26,18,56,87,26,18,32,PRC
Ningbo,2019,43,10,184,271,20,16,171,257,20,21,173,257,20,19,176,260,20,19,73,103,18,19,64,97,18,24,65,97,17,21,66,96,17,21,57,79,18,18,54,74,18,18,54,75,19,19,55,76,19,20,54,89,24.82024691,11.93675412,54,86,25,20,55,86,26,18,56,88,26,17,33,PRC
Ningbo,2019,44,11,176,264,21,19,168,258,20,17,173,257,20,20,179,263,20,20,66,96,17,17,64,97,18,18,64,96,17,21,67,97,17,21,51,80,19,20,52,75,18,17,54,75,19,19,56,78,19,20,59,88,26.0390113,19.3734322,52,86,26,14,55,86,25,18,56,89,26,18,33,PRC
Ningbo,2019,45,11,187,268,22,17,179,262,21,17,173,256,21,20,177,262,20,19,74,105,22,13,69,100,18,18,65,96,18,21,67,98,17,19,56,82,19,23,54,78,19,19,53,75,19,20,55,77,19,20,57,81,25.52211988,16.49267544,56,84,26,15,55,85,25,18,56,88,26,17,30,PRC
Ningbo,2019,46,11,178,262,20,21,181,266,21,18,175,260,20,20,176,260,20,19,74,109,16,22,72,103,18,18,67,100,18,21,67,99,17,20,48,73,18,20,53,79,18,20,53,75,18,20,54,76,19,19,56,80,26.08070437,21.41529266,57,85,26,17,55,85,26,19,55,86,26,18,31,PRC
Ningbo,2019,47,11,180,264,20,26,180,265,21,21,176,261,20,21,176,259,20,20,61,98,15,25,69,102,18,19,66,99,18,22,66,98,17,21,58,78,19,32,53,78,19,24,54,76,18,21,54,76,19,21,61,88,25.61326503,20.33678962,58,84,26,19,56,85,26,20,56,85,26,18,33,PRC
Ningbo,2019,48,11,171,265,23,21,179,265,21,21,173,261,21,19,175,260,21,20,74,102,21,21,71,104,18,20,67,100,18,19,67,99,18,21,45,79,19,21,52,78,19,24,52,77,19,21,53,76,19,21,52,84,29.38307692,22.82405449,57,83,27,20,54,85,26,17,55,85,26,19,32,PRC
Ningbo,2019,49,12,164,246,22,25,173,259,21,23,176,261,21,20,173,257,21,21,56,83,18,22,66,98,17,22,67,99,18,20,65,97,18,21,55,81,19,26,52,78,19,25,53,78,19,22,53,76,19,21,53,82,28.40555556,28.4123218,56,84,27,23,56,84,26,19,55,84,26,20,33,PRC
Ningbo,2019,50,12,201,284,21,24,179,265,21,24,180,266,21,21,176,261,21,22,82,105,17,21,68,97,18,22,70,100,18,20,67,99,18,22,56,79,19,27,54,79,19,27,53,79,19,23,53,77,19,22,63,100,27.65731922,25.63073633,57,89,28,24,57,87,27,21,56,86,26,21,35,PRC
Ningbo,2019,51,12,184,283,20,23,180,270,21,24,180,267,21,22,177,264,21,22,71,104,16,24,71,99,18,22,70,100,18,21,68,99,18,22,53,79,18,23,52,80,19,24,53,79,19,24,53,77,19,22,60,100,26.78669444,21.93707407,57,92,28,25,58,88,27,22,56,87,26,21,35,PRC
Ningbo,2019,52,12,169,267,21,27,180,270,21,25,179,267,21,23,175,264,21,21,69,101,17,25,70,98,17,23,70,101,18,22,68,100,18,20,54,79,19,29,55,80,19,26,53,79,19,25,53,78,19,23,46,87,27.33004227,25.8846558,56,92,28,25,56,88,27,23,55,87,27,20,33,PRC
Ningbo,2020,1,1,213,213,35,29,192,262,24,26,183,261,23,25,181,261,22,22,87,87,51,18,77,99,26,22,72,99,21,22,71,99,20,21,58,58,18,46,55,74,19,31,53,76,19,28,54,77,19,25,68,68,28.55020016,29.02480801,59,89,28,26,57,86,27,24,57,85,27,21,32,PRC
Ningbo,2020,2,1,190,292,22,29,189,264,24,27,184,264,23,26,183,265,22,23,65,105,18,31,73,99,26,24,71,98,22,23,71,100,21,21,67,91,20,35,58,77,19,33,56,78,19,30,55,78,19,27,58,96,28.75394157,21.55360632,58,88,28,25,58,88,28,24,57,87,27,22,33,PRC
Ningbo,2020,3,1,198,315,22,30,193,272,25,29,186,271,23,26,184,269,22,24,81,114,18,28,76,102,26,25,73,100,22,24,72,101,21,22,62,105,18,34,60,83,19,36,56,81,19,30,55,80,19,28,55,96,31.50062121,27.28458081,57,87,29,26,57,89,29,25,57,88,28,23,30,PRC
Ningbo,2020,4,1,174,299,30,29,194,280,27,29,187,275,24,27,184,272,23,25,64,108,40,28,74,104,32,26,72,101,24,25,72,102,22,23,48,90,18,23,59,86,18,34,57,83,19,30,55,81,19,28,62,101,28.73097222,34.79709677,61,90,29,28,58,91,28,27,58,89,28,25,34,PRC
Ningbo,2020,5,1,127,240,20,27,172,287,23,29,182,274,24,27,179,269,23,26,50,89,16,50,65,104,23,34,71,102,24,28,70,100,22,26,30,59,20,9,52,86,19,25,54,80,19,28,53,79,19,27,47,92,24.3391253,14.74468676,56,96,28,25,57,93,28,25,57,90,28,24,38,PRC
Ningbo,2020,6,2,126,202,21,50,156,264,23,34,173,264,24,30,175,264,23,28,48,86,19,65,61,99,23,43,67,99,24,34,67,99,22,30,37,51,20,62,44,76,19,32,51,77,19,33,52,77,19,31,41,65,24.71639566,19.85126694,51,89,27,24,55,88,28,24,56,88,28,24,32,PRC
Ningbo,2020,7,2,132,223,22,41,140,241,23,37,166,256,24,33,171,261,23,30,51,99,20,48,53,96,24,48,64,99,25,37,67,99,23,32,34,58,17,33,37,65,19,32,49,74,19,34,50,76,19,31,47,66,28.17654846,40.03416076,49,81,26,27,53,84,28,27,54,86,28,26,30,PRC
Ningbo,2020,8,2,145,291,18,26,133,239,20,36,163,259,24,33,169,263,23,30,50,116,16,14,50,98,18,44,62,101,25,35,65,100,22,31,50,87,18,54,38,64,19,39,48,75,18,37,50,76,19,33,45,88,21.59233951,9.92667284,45,78,25,21,53,84,27,25,54,87,27,25,30,PRC
Ningbo,2020,9,2,154,259,20,18,139,244,20,34,156,265,22,31,168,264,23,29,60,103,16,11,52,101,18,34,59,103,20,34,65,101,22,30,39,71,18,34,40,67,18,46,46,77,18,36,49,76,19,34,55,85,25.26225758,13.0540303,47,76,25,21,51,86,27,23,54,87,27,24,33,PRC
Ningbo,2020,10,3,171,269,21,17,151,261,20,25,153,262,22,30,165,263,23,29,75,106,20,19,59,106,18,23,60,103,21,33,64,102,22,30,46,77,16,17,42,73,17,35,43,75,18,33,48,75,18,33,50,86,26.84844444,12.80197222,49,81,25,19,50,85,26,22,53,86,27,23,32,PRC
Ningbo,2020,11,3,189,294,22,26,165,278,20,22,152,260,22,29,166,264,23,29,69,107,22,24,64,108,19,17,58,102,21,32,64,102,23,30,55,87,17,23,48,81,17,32,42,73,18,32,48,76,18,33,65,100,25.68133333,30.38469658,54,90,25,17,52,85,26,22,53,86,27,23,34,PRC
Ningbo,2020,12,3,175,293,23,30,172,279,21,23,152,259,21,29,166,266,23,29,76,108,18,20,70,106,19,19,60,102,18,31,65,102,23,30,36,74,18,50,44,77,17,31,41,71,18,35,47,76,18,35,63,111,31.52325838,30.9834612,58,96,27,22,52,87,26,21,55,88,27,24,38,PRC
Ningbo,2020,13,3,180,300,20,21,179,289,21,23,159,266,21,29,163,273,22,29,71,113,17,17,73,109,19,20,63,105,18,27,63,105,20,30,55,87,17,28,48,81,17,30,44,74,18,38,47,78,18,34,54,100,28.33002572,19.06080247,58,99,28,23,53,88,27,22,54,91,27,23,33,PRC
Ningbo,2020,14,3,196,312,25,20,185,300,23,24,168,280,21,25,164,275,22,28,76,116,30,18,73,111,22,20,66,109,20,21,64,105,21,29,48,83,18,20,49,83,18,30,45,78,17,32,45,77,18,32,72,113,24.74336806,23.07614583,64,106,28,26,56,94,27,22,55,92,27,23,36,PRC
Ningbo,2020,15,4,170,279,20,21,180,296,22,23,173,287,21,22,162,272,22,27,69,109,17,21,73,112,20,19,68,110,19,18,63,105,21,28,48,72,18,20,47,79,18,29,47,80,17,31,44,75,18,31,53,98,25.56666667,23.26745807,61,106,28,24,57,98,26,20,55,92,26,23,35,PRC
Ningbo,2020,16,4,179,283,29,19,181,294,24,20,177,286,22,21,162,270,22,26,73,111,41,16,72,112,26,18,71,109,23,18,64,105,21,27,50,72,18,17,50,79,18,21,47,78,17,26,44,73,18,31,56,100,24.41887401,24.57818452,59,103,26,22,59,99,27,22,54,92,26,22,35,PRC
Ningbo,2020,17,4,176,270,19,14,180,286,23,19,180,288,22,21,166,273,22,25,73,106,17,15,73,111,26,17,73,110,23,19,66,107,21,24,50,72,17,15,49,75,18,18,49,78,17,24,46,74,18,31,53,92,24.45823375,12.35762579,59,101,25,21,58,100,26,22,55,92,26,22,34,PRC
Ningbo,2020,18,4,179,270,23,19,176,276,23,18,181,288,23,21,171,279,22,23,71,103,20,16,72,107,24,17,72,109,23,18,68,108,21,20,47,69,19,23,49,71,18,19,49,77,18,24,47,76,18,28,61,98,28.19480874,19.28588342,56,97,26,20,60,102,27,23,56,95,26,22,36,PRC
Ningbo,2020,19,5,155,254,21,31,172,269,23,21,176,283,22,22,172,281,22,22,76,111,17,20,73,108,24,17,73,110,22,18,70,109,21,18,37,65,19,51,46,70,18,27,46,74,18,28,47,76,18,29,42,78,27.67068122,31.6473082,53,92,26,22,57,99,27,23,56,96,26,21,31,PRC
Ningbo,2020,20,5,193,279,23,23,176,268,21,22,179,281,22,21,176,280,22,22,77,107,20,23,74,107,19,18,73,110,22,18,72,108,21,18,52,76,20,26,47,71,19,29,48,75,18,25,47,75,18,27,64,96,29.03488715,19.33998698,55,91,27,21,57,97,27,22,57,96,27,22,34,PRC
Ningbo,2020,21,5,171,301,29,22,175,276,24,24,177,281,24,21,178,284,23,22,67,115,38,20,73,109,24,20,73,110,25,19,73,109,23,19,49,83,18,22,46,73,19,30,48,74,18,24,48,76,18,26,55,103,26.5155,25.78393939,56,94,28,24,57,97,26,22,57,98,27,23,34,PRC
Ningbo,2020,22,5,194,300,21,18,178,284,23,23,177,280,23,21,180,286,23,22,81,117,18,16,75,113,23,20,73,110,23,18,73,110,23,19,54,80,18,23,48,76,19,31,48,74,18,25,48,77,18,26,59,103,28.30247646,16.96486347,55,95,28,23,55,96,27,22,58,99,27,23,34,PRC
Ningbo,2020,23,6,190,297,23,38,187,294,24,25,180,282,23,23,180,287,23,23,77,110,19,31,76,112,24,23,74,110,24,20,74,111,23,19,46,77,21,63,50,79,19,33,48,74,19,30,48,76,18,30,67,110,29.54165008,28.916534,61,103,28,23,57,98,27,22,58,100,27,23,37,PRC
Ningbo,2020,24,6,189,321,23,28,186,305,24,27,181,287,23,24,181,289,23,23,81,123,21,30,77,116,24,24,75,112,21,21,74,112,23,20,52,89,19,29,50,82,19,34,48,76,19,31,49,77,19,28,56,109,30.31106647,23.47119048,59,106,29,24,57,99,28,22,58,100,27,22,34,PRC
Ningbo,2020,25,6,185,315,22,26,190,308,22,28,182,292,23,26,181,290,23,23,77,125,17,25,79,119,19,26,76,114,21,23,75,113,23,21,44,81,19,34,49,82,19,37,48,78,19,34,48,77,19,29,64,109,28.7590842,21.69819878,62,108,29,23,59,101,29,23,59,101,27,23,35,PRC
Ningbo,2020,26,6,193,303,24,23,189,309,23,29,184,296,23,26,181,289,23,24,77,112,19,25,78,118,19,28,77,115,21,24,75,112,22,22,54,82,19,25,49,82,20,38,49,79,19,34,49,77,19,29,62,109,34.80120072,17.6827733,62,109,31,23,59,102,29,23,58,100,28,22,36,PRC
Ningbo,2020,27,7,185,311,21,21,188,313,23,24,188,303,23,25,182,292,23,23,77,119,18,21,78,120,19,25,77,116,21,24,76,113,22,22,47,79,19,22,49,83,19,28,50,81,19,31,49,77,19,29,61,113,27.2978643,19.2640847,61,110,30,21,61,107,29,22,58,102,28,22,36,PRC
Ningbo,2020,28,7,191,298,21,32,189,307,22,25,187,306,23,26,183,293,22,25,78,120,17,31,77,119,18,26,77,118,21,25,76,114,20,23,53,76,18,36,50,80,19,29,50,81,19,32,49,77,19,31,60,102,28.625,28.48550926,62,108,30,22,61,107,29,23,59,102,29,22,34,PRC
Ningbo,2020,29,7,197,314,21,23,192,307,22,25,191,307,22,26,185,297,23,25,82,126,18,24,79,119,18,25,79,119,18,25,77,116,20,24,52,83,18,27,52,80,18,28,50,81,19,32,49,78,19,32,63,105,26.27451058,19.22235891,62,107,29,21,62,108,29,22,60,103,29,23,33,PRC
Ningbo,2020,30,7,197,311,21,25,193,309,21,25,191,309,22,27,187,300,22,26,74,120,18,23,78,121,18,25,78,119,18,26,77,117,20,24,63,91,19,23,54,82,18,27,51,82,19,32,50,80,19,32,60,100,27.61501852,31.34154167,61,105,27,25,62,107,29,24,59,103,29,24,32,PRC
Ningbo,2020,31,7,172,280,24,24,189,301,22,26,189,307,22,25,188,303,23,25,74,114,22,25,77,120,19,26,78,120,19,26,77,117,20,25,44,76,21,24,53,82,19,28,51,82,19,28,51,81,19,30,54,90,28.38278292,21.16049897,59,99,28,25,60,105,29,23,60,104,29,23,32,PRC
Ningbo,2020,32,8,225,301,22,40,198,302,22,28,193,304,22,27,191,304,23,27,80,110,18,40,78,118,19,28,77,118,18,27,77,118,20,26,70,84,19,51,57,84,19,31,53,82,19,30,52,82,19,32,75,107,28.59922963,30.65972963,63,101,28,26,62,104,29,24,61,105,29,24,36,PRC
Ningbo,2020,33,8,196,343,24,36,198,309,23,31,195,308,22,28,193,308,22,28,80,130,19,34,77,119,19,30,78,119,19,28,78,119,19,27,56,98,22,42,58,87,20,35,55,84,19,31,53,83,19,33,60,115,31.45225463,32.0819537,62,103,29,29,62,105,29,25,62,106,29,24,34,PRC
Ningbo,2020,34,8,184,321,23,30,194,311,23,32,193,310,22,29,192,310,22,29,73,125,19,31,77,120,19,33,77,121,19,29,78,120,19,28,58,95,20,31,57,88,20,37,55,85,19,32,53,84,19,34,53,101,31.54616876,28.34532495,61,103,30,28,61,104,29,26,61,106,29,25,31,PRC
Ningbo,2020,35,8,181,314,23,26,197,320,23,33,193,310,22,30,191,311,22,28,67,116,19,23,75,120,18,32,76,120,19,29,77,120,19,28,55,90,19,29,60,92,20,38,56,87,19,33,54,85,19,31,59,108,32.71554614,26.74898776,62,108,31,29,61,104,29,27,61,106,30,25,34,PRC
Ningbo,2020,36,9,174,286,25,28,184,316,24,30,191,309,23,29,190,308,23,28,66,102,27,28,72,118,21,29,75,118,20,28,75,118,19,27,53,79,18,40,56,91,20,35,56,87,19,33,54,85,19,32,55,105,29.96127273,17.13501515,57,107,31,26,60,104,30,26,61,105,30,24,37,PRC
Ningbo,2020,37,9,197,309,26,28,184,308,24,28,191,308,23,30,191,308,23,28,77,119,27,29,71,116,23,28,74,117,21,29,75,118,20,28,58,88,19,34,56,88,19,33,57,88,20,34,55,85,19,32,62,102,32.43263441,21.10171147,57,104,32,23,60,104,30,26,60,105,30,24,33,PRC
Ningbo,2020,38,9,190,310,23,33,186,305,24,29,190,308,24,31,191,308,23,29,72,112,18,35,71,112,23,29,74,116,21,31,75,118,20,29,47,83,18,39,53,85,19,36,55,87,19,36,55,85,19,33,71,115,31.31970266,25.84023083,62,108,32,23,61,105,31,25,61,105,30,25,37,PRC
Ningbo,2020,39,9,194,319,23,36,189,306,24,31,193,313,24,32,192,309,23,30,82,123,17,37,74,114,22,32,75,117,20,32,75,118,20,30,58,89,20,39,54,85,19,38,57,88,19,38,56,86,19,35,54,107,35.26417695,32.2573251,61,107,32,24,61,108,32,27,61,105,30,26,34,PRC
Ningbo,2020,40,9,198,317,25,32,195,314,24,32,189,315,24,31,192,310,23,30,73,117,22,29,76,118,21,33,74,118,21,31,75,118,20,30,61,98,21,37,56,90,20,37,56,90,20,36,56,88,19,35,64,102,31.89834201,31.26290365,63,107,33,28,60,107,32,27,61,105,31,26,32,PRC
Ningbo,2020,41,10,158,288,22,21,185,309,23,31,185,308,24,29,189,308,23,30,67,112,16,23,74,116,18,31,72,116,21,29,74,117,20,30,39,77,20,20,51,87,20,34,54,87,19,34,55,87,20,34,52,99,30.96293269,19.35660791,60,106,32,27,59,105,32,25,60,104,31,26,34,PRC
Ningbo,2020,42,10,176,272,24,19,182,299,23,27,184,302,24,28,187,305,24,29,72,117,22,23,74,117,19,28,72,115,21,28,74,116,20,30,50,75,20,22,52,85,20,29,53,85,19,32,54,86,20,34,54,80,29.85406379,12.42450103,56,97,32,24,59,102,32,23,59,103,31,25,29,PRC
Ningbo,2020,43,10,186,274,23,18,180,288,23,23,184,297,24,27,188,305,24,29,71,108,19,17,71,114,20,23,73,114,21,28,73,116,20,29,60,83,20,17,53,83,20,24,53,84,19,31,55,87,20,33,55,83,30.61217677,20.21684343,56,91,31,21,58,99,32,22,60,102,31,25,30,PRC
Ningbo,2020,44,10,215,305,23,23,184,285,23,20,189,299,24,26,187,305,24,28,92,121,19,23,76,115,19,22,76,116,20,27,74,117,20,28,54,81,20,26,51,79,20,21,53,84,20,29,54,86,20,31,69,103,30.33442029,21.64552335,58,91,30,18,60,99,32,23,59,102,32,24,34,PRC
Ningbo,2020,45,11,183,286,22,19,190,284,23,20,188,296,23,25,186,300,23,26,71,114,18,19,77,115,19,21,75,116,19,26,74,116,20,26,54,83,20,20,55,81,20,21,53,84,20,27,54,85,20,29,58,89,29.11597222,17.87476533,59,89,30,18,60,97,31,23,59,100,31,23,31,PRC
Ningbo,2020,46,11,191,283,22,14,194,287,22,19,188,293,23,23,187,297,23,25,80,117,18,13,79,115,18,18,76,116,19,23,74,115,20,25,52,78,21,16,55,81,20,20,54,83,20,25,53,84,20,28,59,88,29.57638889,12.95104991,60,91,30,18,58,94,31,21,59,98,31,22,31,PRC
Ningbo,2020,47,11,196,295,22,15,196,292,22,18,188,290,23,20,188,295,23,24,85,123,18,14,82,119,18,17,76,116,19,20,76,115,20,24,55,80,20,18,54,81,20,20,53,82,20,22,53,83,20,27,56,92,28.1897619,13.10540675,61,93,29,16,58,92,30,19,59,97,31,20,31,PRC
Ningbo,2020,48,11,192,274,21,14,191,285,22,15,187,285,22,18,190,294,23,23,82,117,17,14,80,118,18,15,78,116,18,18,77,117,19,23,55,72,20,16,54,78,20,17,52,79,20,19,54,82,20,25,55,85,28.2935202,13.53428283,57,89,29,14,57,90,30,16,59,95,31,20,31,PRC
Ningbo,2020,49,12,198,282,23,13,194,284,22,14,192,284,22,17,190,292,23,22,83,120,19,12,83,119,18,13,80,117,19,17,78,117,19,22,59,79,20,15,55,77,20,16,55,79,20,19,54,82,20,24,56,83,30.70222718,13.68176587,57,87,29,13,58,88,30,16,59,94,31,20,29,PRC
Ningbo,2020,50,12,193,273,23,14,195,281,22,14,194,284,22,16,190,289,23,20,91,122,20,16,85,121,19,14,82,118,19,16,79,118,19,20,49,71,21,14,55,76,20,16,55,78,20,18,54,81,20,22,53,80,30.87996855,12.18701782,55,85,30,13,58,88,30,16,57,91,30,18,29,PRC
Ningbo,2020,51,12,198,289,22,15,195,280,22,14,196,286,22,16,190,287,23,18,82,126,18,16,85,121,19,14,83,120,18,16,79,118,19,18,47,66,19,20,53,72,20,16,53,76,20,18,53,79,20,20,69,97,29.95358293,11.3112037,58,86,30,13,59,90,30,15,58,90,30,17,34,PRC
Ningbo,2020,52,12,183,289,21,16,193,283,22,15,192,284,22,15,189,284,22,17,79,127,17,15,84,124,19,15,82,121,18,15,80,119,18,17,54,76,19,24,52,73,19,18,53,76,20,18,52,77,20,19,50,86,29.38747222,10.78282778,57,87,30,12,57,88,30,13,57,89,30,15,30,PRC
Ningbo,2020,53,12,30,116,16,28,151,242,21,18,173,263,21,16,178,270,22,17,13,52,15,40,66,107,17,22,74,113,18,17,75,114,18,18,10,36,13,22,40,62,18,20,48,70,19,18,50,73,19,19,7,28,20.62373016,14.17281746,45,73,28,12,51,80,28,13,53,83,29,14,24,PRC
Ningbo,2021,1,1,192,311,23,34,151,251,21,23,173,266,21,19,180,273,22,19,80,126,19,34,64,108,17,26,74,114,18,20,76,114,18,19,53,85,21,37,41,66,18,26,48,71,19,21,50,74,19,20,59,100,31.52426083,32.04072034,46,78,28,17,51,81,29,15,54,85,29,16,32,PRC
Ningbo,2021,2,1,206,324,25,33,153,260,21,28,174,270,22,21,181,277,22,20,88,133,24,27,65,110,19,29,75,115,19,22,77,117,18,20,62,91,18,45,45,72,18,32,49,72,19,24,50,75,19,23,56,100,33.42746528,31.81517857,43,79,29,22,51,82,29,17,54,86,29,17,31,PRC
Ningbo,2021,3,1,192,317,23,30,155,267,22,31,174,275,22,23,180,278,22,21,81,127,20,30,66,110,19,33,75,117,19,24,76,117,19,21,54,97,21,35,45,77,18,35,49,75,19,26,50,76,19,23,57,93,29.88823587,26.42190058,45,80,29,26,51,83,30,19,53,85,29,17,29,PRC
Ningbo,2021,4,1,208,346,23,28,200,325,24,31,175,283,22,25,182,283,22,21,88,146,19,21,84,133,20,28,75,120,19,25,78,120,19,21,58,102,20,40,57,94,20,39,48,78,19,29,51,78,19,25,62,98,31.34662634,26.52439964,59,98,32,29,52,85,30,21,53,86,29,18,28,PRC
Ningbo,2021,5,1,200,334,24,32,202,330,24,31,176,291,22,27,182,288,22,23,78,132,20,29,84,135,21,27,74,121,19,26,78,121,19,22,65,100,21,33,60,98,20,38,50,82,19,32,52,80,19,26,57,102,31.77240741,34.95856238,58,98,32,30,52,88,30,24,53,87,30,20,31,PRC
Ningbo,2021,6,2,171,309,24,25,193,327,23,29,173,293,22,28,180,289,22,24,73,120,23,25,80,131,20,26,73,120,20,28,77,121,19,23,45,92,18,23,56,98,20,33,50,85,19,32,51,81,19,27,53,97,28.6131761,24.57083333,57,98,30,28,50,88,30,25,53,87,30,21,31,PRC
Ningbo,2021,7,2,165,274,20,17,186,316,23,25,171,291,22,28,178,289,22,24,62,101,17,19,75,125,20,24,70,117,20,28,75,119,19,24,47,78,18,19,54,93,19,29,49,85,19,32,50,81,19,27,56,95,24.58135913,12.93304067,57,98,29,25,51,89,29,25,53,88,29,21,35,PRC
Ningbo,2021,8,2,161,245,20,14,174,291,22,22,187,308,23,27,175,286,22,24,74,117,17,17,72,118,19,23,78,125,20,25,74,119,19,24,44,62,19,12,50,83,19,22,54,88,20,30,49,80,19,27,43,66,25.75403101,12.00567829,52,90,28,21,55,94,30,25,52,87,29,21,27,PRC
Ningbo,2021,9,2,196,284,20,14,173,278,21,17,187,304,22,24,175,287,22,24,94,138,18,14,76,119,19,19,80,127,20,23,74,120,19,24,55,76,18,16,48,77,18,18,54,87,19,28,50,80,19,27,47,70,24.8048818,10.78449173,50,82,26,15,54,90,29,23,51,86,28,21,25,PRC
Ningbo,2021,10,3,204,312,20,14,182,279,20,15,187,303,22,22,176,288,21,24,89,145,17,14,80,125,17,16,80,128,19,21,75,122,19,24,54,85,17,18,50,75,18,16,53,87,19,25,50,82,19,27,61,82,26.31415301,11.53925319,52,78,25,12,55,88,28,20,51,85,28,21,26,PRC
Ningbo,2021,11,3,213,318,22,17,194,290,20,15,190,303,21,20,178,291,22,24,93,138,19,15,88,135,18,15,81,130,19,19,76,123,19,24,53,80,20,23,52,76,18,17,53,84,19,23,50,82,19,27,67,100,27.17175788,12.99995025,55,80,26,12,56,89,28,18,52,86,28,21,31,PRC
Ningbo,2021,12,3,221,335,24,36,209,312,21,20,191,301,22,21,194,309,22,25,92,138,21,31,92,140,19,18,82,129,19,21,83,130,20,23,67,92,19,42,57,83,19,25,54,83,19,23,55,87,19,29,62,105,33.53761649,37.65638441,59,89,28,18,56,90,28,20,57,92,29,23,31,PRC
Ningbo,2021,13,3,165,323,24,44,201,322,22,28,187,300,22,23,192,310,22,25,70,127,22,42,86,137,20,26,81,128,19,22,82,130,20,24,45,92,19,49,55,87,19,33,51,82,19,25,54,87,19,30,50,104,30.12553333,42.4245,60,98,29,26,55,90,28,21,56,93,29,24,32,PRC
Ningbo,2021,14,3,225,370,21,30,206,337,23,32,194,308,21,23,193,314,22,25,93,146,18,25,87,137,20,28,83,131,19,22,82,131,19,23,66,104,18,34,58,92,19,37,54,84,19,27,54,88,19,29,66,120,29.45851431,33.16983165,61,107,30,32,57,93,28,22,57,94,29,24,32,PRC
Ningbo,2021,15,4,200,356,22,29,203,346,23,35,198,318,21,25,194,317,22,25,91,145,18,21,87,139,19,30,87,137,19,22,83,133,19,23,63,104,19,40,60,98,19,41,56,87,19,29,55,89,19,29,46,107,32.6653442,29.53099034,56,109,31,36,55,94,29,24,56,96,29,24,30,PRC
Ningbo,2021,16,4,194,321,22,33,196,343,22,34,202,327,22,27,193,315,22,25,92,130,19,34,87,137,19,30,89,138,19,24,83,131,19,24,55,100,19,38,57,100,19,40,57,92,19,33,55,89,19,29,47,91,31.12648936,25.78070922,52,106,31,33,56,97,29,25,55,95,29,24,28,PRC
Ningbo,2021,17,4,202,326,23,23,205,343,22,29,203,333,22,28,193,314,22,25,92,141,20,22,92,141,19,25,89,139,19,25,85,132,19,23,53,92,19,22,59,100,19,33,57,94,19,33,54,88,19,28,57,93,32.12502924,27.05065302,54,103,31,29,57,100,30,28,55,94,29,23,29,PRC
Ningbo,2021,18,4,199,316,26,41,199,330,23,31,202,333,23,32,195,315,22,26,86,131,21,32,90,137,19,27,89,137,20,28,86,133,19,24,56,91,22,54,57,97,20,38,57,94,20,38,55,88,19,31,57,94,37.32094055,39.82932749,52,96,33,31,57,102,32,31,55,94,30,25,30,PRC
Ningbo,2021,19,5,187,324,23,58,196,322,24,39,199,334,23,37,197,319,22,29,85,135,20,51,89,134,20,35,88,137,20,32,88,136,19,27,49,94,20,63,53,94,20,44,57,96,20,43,55,89,19,34,53,95,32.13050839,64.45507862,54,93,33,39,55,101,32,37,55,94,30,29,29,PRC
Ningbo,2021,20,5,192,353,24,43,195,330,24,41,196,336,23,38,200,328,22,32,82,147,18,37,86,139,20,36,86,138,19,33,88,138,19,28,51,97,20,43,52,94,21,45,55,97,20,43,56,92,19,37,59,109,34.03801789,51.77858286,57,98,34,46,54,102,32,39,56,98,31,32,31,PRC
Ningbo,2021,21,5,195,336,26,37,193,332,25,45,199,338,23,37,200,333,23,34,86,131,25,31,85,136,21,38,88,138,20,32,88,138,20,30,60,104,21,37,54,97,21,49,57,98,20,41,56,95,20,39,49,101,32.90674603,45.16909297,55,100,34,50,54,101,33,40,56,100,32,35,30,PRC
Ningbo,2021,22,5,204,337,26,40,195,338,25,44,197,334,24,38,200,335,24,36,92,138,20,32,86,138,21,38,88,137,20,33,88,137,20,31,49,91,23,49,52,97,21,48,55,97,21,43,56,95,20,41,63,108,36.28841711,44.09850529,56,103,34,51,54,100,34,41,56,102,32,38,32,PRC
Ningbo,2021,23,6,177,322,27,46,192,337,26,42,194,329,25,40,197,335,24,38,78,133,23,49,85,137,22,37,87,136,21,36,87,137,20,34,52,92,24,42,53,96,22,43,53,95,21,43,56,96,20,43,47,97,36.9630792,46.51586879,55,104,35,47,54,99,34,43,55,102,33,41,30,PRC
Ningbo,2021,24,6,196,334,25,37,193,332,26,40,194,331,25,41,195,335,24,38,89,148,23,36,86,138,23,37,86,138,21,36,86,138,21,34,57,91,22,35,55,95,22,41,53,94,21,43,55,96,21,42,50,95,33.33763889,41.33611111,52,100,35,44,54,99,34,45,54,101,33,41,28,PRC
Ningbo,2021,25,6,183,331,25,32,190,331,26,39,192,332,25,42,196,336,24,37,75,137,20,29,84,139,21,37,84,138,21,37,87,139,20,33,50,95,22,35,52,92,23,40,53,94,22,45,55,96,21,41,58,99,34.94879789,33.75345307,55,100,35,41,55,100,35,46,54,101,34,40,30,PRC
Ningbo,2021,26,6,199,335,25,35,189,331,26,38,192,334,25,41,194,333,24,38,88,140,21,31,83,140,22,36,84,139,21,37,86,138,21,34,54,92,23,40,53,93,23,38,53,95,22,43,54,95,21,42,57,103,34.27821637,35.74660819,53,99,35,39,55,101,34,45,54,99,34,40,31,PRC
Ningbo,2021,27,6,211,350,25,28,197,338,25,33,195,337,25,37,195,332,25,38,89,142,21,29,85,142,21,31,85,140,21,34,86,138,21,35,62,99,20,30,56,94,22,35,54,95,22,39,54,95,21,41,60,109,36.89458333,25.09828241,56,102,35,34,55,103,35,40,55,100,34,40,31,PRC
Ningbo,2021,28,7,176,321,23,25,192,334,25,30,193,333,25,35,193,332,25,37,85,137,19,26,84,139,20,29,85,138,21,33,86,138,21,34,48,86,21,26,54,93,21,33,54,94,22,37,53,94,21,40,43,98,34.5243863,23.86890181,55,102,35,30,53,101,35,37,54,100,35,40,31,PRC
Ningbo,2021,29,7,65,176,27,21,163,296,25,27,176,313,25,33,182,320,25,37,32,80,21,23,74,125,21,27,79,132,21,32,81,133,21,34,14,40,27,11,45,79,23,27,48,86,23,34,50,89,22,39,19,56,36.27635965,26.18700292,45,92,35,28,50,96,35,35,51,97,35,40,32,PRC
Ningbo,2021,30,7,278,319,25,44,183,292,25,30,186,311,25,34,189,320,25,37,121,147,21,38,82,127,21,29,82,133,21,33,84,135,21,34,81,88,22,44,51,78,22,28,52,85,23,33,52,89,22,38,76,84,36.5744481,51.61058845,50,87,36,32,51,93,35,36,53,96,35,41,26,PRC
Ningbo,2021,31,7,177,353,30,37,174,292,26,32,186,315,26,33,188,322,26,36,80,152,25,35,80,129,22,31,82,135,21,31,83,136,21,33,52,97,28,37,49,78,24,29,52,86,23,32,53,89,23,36,45,104,40.09474074,42.01254321,46,86,37,36,51,94,36,35,52,97,36,39,29,PRC
Ningbo,2021,32,8,172,330,30,54,173,295,28,39,183,314,26,35,186,320,26,36,67,130,24,47,75,127,23,36,80,133,21,32,82,135,22,34,67,112,26,62,54,84,26,38,54,89,24,36,54,91,23,37,38,88,46.55116959,50.74663743,45,83,40,43,50,93,38,36,50,95,37,39,27,PRC
Ningbo,2021,33,8,151,309,27,61,195,328,28,49,179,312,27,38,182,318,26,38,68,117,24,56,84,137,24,44,79,131,22,36,80,133,22,36,47,106,21,68,62,101,24,53,53,90,23,40,53,91,23,40,36,86,41.07603395,60.04071759,49,91,41,51,47,91,38,39,49,94,37,40,28,PRC
Ningbo,2021,34,8,88,226,28,40,147,305,29,48,165,298,27,39,173,309,27,38,42,93,22,37,64,123,24,44,73,125,22,37,76,130,22,36,20,66,23,45,47,95,25,53,49,87,23,40,50,89,23,40,26,67,41.46271368,39.52634615,36,86,42,48,43,87,39,40,46,91,38,40,30,PRC
Ningbo,2021,35,8,236,313,30,39,162,295,29,48,168,293,28,40,178,308,27,38,103,131,33,36,70,118,26,44,75,123,24,37,78,130,23,35,68,86,21,54,51,93,23,57,50,85,24,43,52,88,23,41,65,96,35.50114957,28.62135897,41,84,41,45,44,85,39,40,48,90,38,38,31,PRC
Ningbo,2021,36,9,101,229,26,25,144,269,28,41,159,282,28,40,170,299,27,37,51,106,23,34,66,112,26,41,71,120,24,39,75,126,23,35,25,58,21,21,40,79,22,47,47,82,24,43,49,85,23,39,25,65,36.44332222,9.549811111,38,79,39,34,41,81,39,39,46,88,38,36,28,PRC
Ningbo,2021,37,9,240,264,27,39,166,258,28,36,180,293,28,42,175,294,27,37,83,102,23,29,70,108,25,34,77,122,24,39,76,123,23,35,83,85,23,46,49,74,22,41,55,87,23,47,52,85,23,40,74,77,35.53048799,41.6039452,48,76,37,30,48,83,39,40,47,86,38,36,29,PRC
Ningbo,2021,38,9,161,340,26,40,185,287,27,36,166,296,28,42,171,294,27,38,76,138,22,40,78,119,25,35,71,121,25,39,75,123,23,36,47,111,24,44,56,85,22,41,51,90,23,47,51,86,23,41,38,91,36.39891082,36.86851608,51,82,36,29,43,84,39,39,45,85,38,36,27,PRC
Ningbo,2021,39,9,188,350,28,33,173,296,27,34,167,295,28,41,169,294,27,38,76,138,23,33,72,121,23,34,71,119,24,39,74,123,23,36,54,100,23,37,52,89,23,37,51,91,23,47,51,86,23,41,58,112,39.28733716,29.50761015,49,86,37,29,45,85,39,37,45,85,38,37,32,PRC
Ningbo,2021,40,10,160,316,27,26,187,318,27,34,166,293,27,38,168,294,28,38,75,128,24,28,78,127,23,32,72,119,24,37,73,122,24,36,39,83,20,24,56,95,22,38,48,87,22,42,50,86,23,41,46,105,38.90240942,23.95629227,54,96,38,33,46,87,38,34,46,86,39,37,33,PRC
Ningbo,2021,41,10,139,264,28,26,162,318,27,31,164,288,28,33,174,301,28,39,69,113,24,25,74,129,23,31,72,119,24,33,76,125,24,37,35,64,24,31,44,90,23,34,46,82,22,38,52,88,23,43,35,87,40.77520635,24.34253968,44,99,39,29,46,88,38,29,47,89,39,37,33,PRC
Ningbo,2021,42,10,209,305,26,25,174,309,27,28,179,298,27,32,169,300,28,37,85,125,21,23,76,126,23,27,77,123,24,31,73,123,24,35,67,89,23,24,49,84,23,29,52,85,22,35,50,88,23,41,57,91,36.07454191,29.23666179,49,99,39,27,50,91,37,28,45,89,39,35,30,PRC
Ningbo,2021,43,10,162,266,25,19,168,288,26,24,170,292,27,29,167,293,27,36,81,113,21,17,78,120,23,23,75,120,23,29,73,120,24,34,45,73,23,21,47,77,23,25,49,83,23,31,50,86,23,40,36,80,34.04888117,22.70765432,44,91,37,25,46,89,37,27,45,87,39,33,30,PRC
Ningbo,2021,44,10,107,199,20,3,154,259,25,19,171,288,26,27,162,282,27,31,41,75,17,5,69,107,21,17,73,117,22,25,71,115,23,30,32,61,16,4,45,72,22,20,50,83,22,29,47,82,22,35,34,63,26.82535948,1.489379085,41,80,34,19,47,88,36,26,44,85,37,29,32,PRC
Ningbo,2021,45,11,59,75,14,10,134,211,21,14,148,264,24,23,154,262,25,27,27,32,10,11,59,86,17,14,66,108,20,23,67,108,22,27,10,15,14,12,39,60,19,15,41,75,21,25,44,74,21,30,22,28,18.78424242,6.032361111,37,66,29,15,41,82,34,22,43,80,35,24,37,PRC
Ningbo,2021,46,11,44,57,15,6,93,149,18,9,134,229,23,19,151,248,24,24,14,21,12,6,41,60,15,10,59,93,19,19,65,102,21,24,9,10,11,2,24,40,16,10,36,62,19,19,43,70,20,27,21,26,17.74206349,6.854603175,28,49,24,9,39,74,32,18,43,77,33,22,46,PRC
Ningbo,2021,47,11,52,59,12,5,66,98,15,6,117,193,21,15,135,227,23,21,16,17,9,3,25,36,12,6,51,78,17,15,58,92,19,21,15,15,7,3,17,25,12,5,32,51,17,15,38,64,19,22,21,27,18.65968254,8.53781746,25,36,21,6,34,63,29,15,39,71,32,20,46,PRC
Ningbo,2021,48,11,36,42,16,5,48,58,14,6,101,158,19,12,130,211,22,20,18,19,11,3,19,22,11,6,44,64,16,12,55,85,18,19,4,4,19,25,10,11,13,11,27,41,17,15,37,59,19,23,14,19,20.83065476,0.988015873,20,25,19,6,30,53,27,13,38,67,30,19,45,PRC
Ningbo,2021,49,12,52,64,16,8,46,56,15,6,90,133,18,10,114,195,21,17,17,25,14,6,16,21,12,5,37,53,14,9,50,79,17,17,7,8,13,14,9,9,13,11,24,34,16,13,30,53,18,20,28,31,18.5909127,7.450972222,21,26,19,6,29,46,24,10,34,63,29,16,48,PRC
Ningbo,2021,50,12,48,63,19,15,47,57,16,8,70,103,17,9,105,172,21,15,15,20,17,23,17,20,13,9,29,40,14,9,45,69,17,15,11,13,13,14,9,10,13,14,17,25,15,12,27,45,17,18,22,30,24.38465909,10.47867424,21,27,21,7,25,38,22,8,33,58,28,14,48,PRC
Ningbo,2021,51,12,36,52,9,4,43,55,15,8,54,76,15,7,92,147,19,13,16,22,6,1,17,22,12,8,21,29,12,7,40,59,16,13,6,7,5,6,7,8,13,15,12,17,12,10,23,37,16,15,14,23,14.88402778,5.530178571,20,26,20,6,22,31,20,6,29,51,26,12,44,PRC
Ningbo,2021,52,12,20,21,8,1,39,50,13,7,43,54,14,7,80,122,17,11,9,10,7,2,14,19,11,8,17,21,11,7,34,49,14,11,3,3,9,0,7,8,10,9,8,9,11,10,20,30,15,13,8,8,8.477708333,0,18,23,17,6,19,24,18,6,26,43,23,10,38,PRC
Ningbo,2021,53,12,190,190,43,23,74,82,20,11,60,69,17,8,85,116,19,10,81,81,68,19,30,33,25,11,23,27,18,8,35,47,18,10,56,56,20,28,19,20,12,12,14,15,12,12,22,30,14,13,53,53,27.45195493,24.82429245,24,29,19,10,23,27,19,8,28,40,22,10,28,PRC
Ningbo,2022,1,1,30,32,8,6,69,74,17,9,58,65,16,8,70,93,17,9,9,10,4,7,29,31,22,7,23,26,17,8,29,37,16,9,3,3,20,18,17,17,13,13,13,14,13,14,17,22,14,12,18,19,7.29867284,4.38058642,23,26,15,9,22,26,18,8,24,34,20,8,59,PRC
Ningbo,2022,2,1,31,32,7,4,68,69,16,9,55,62,16,8,59,74,16,7,13,13,6,4,28,29,21,8,22,25,17,8,23,29,15,8,5,5,1,0,17,17,12,12,12,12,12,13,13,17,12,10,13,14,10.56277778,4.903846154,23,24,13,9,21,25,17,7,22,28,18,7,44,PRC
Ningbo,2022,3,1,31,31,7,1,71,71,16,9,55,61,15,8,52,60,15,7,11,11,7,0,29,29,21,7,21,24,16,8,21,23,14,7,6,6,5,0,18,18,11,11,12,13,11,10,11,12,11,10,14,14,8.879583333,2.028829365,25,25,14,9,21,24,15,7,21,24,16,7,45,PRC
Ningbo,2022,4,1,81,81,9,2,43,44,8,3,58,63,14,7,54,60,14,7,26,26,8,3,15,15,6,3,23,24,15,7,20,23,14,6,25,25,6,2,10,10,8,5,14,15,10,9,13,13,11,9,30,30,13.64839815,1.454925926,19,19,10,3,22,24,14,7,21,25,16,6,37,PRC
Ningbo,2022,5,1,39,45,13,1,46,47,9,2,57,61,13,5,54,59,14,6,18,20,10,1,17,18,8,2,23,24,15,5,21,23,14,6,5,6,13,0,10,11,6,1,14,14,10,7,12,13,11,9,16,19,15.00092014,2.264618056,18,19,12,3,21,23,13,6,21,24,16,6,42,PRC
Ningbo,2022,6,2,54,59,8,6,51,54,9,3,60,61,13,6,54,59,14,6,26,27,9,3,20,21,9,2,24,25,15,5,22,24,14,6,13,13,8,9,12,13,8,3,15,15,10,7,12,12,11,10,15,19,7.104259259,7.177296296,19,21,11,3,21,22,12,6,20,23,15,6,32,PRC
Ningbo,2022,7,2,37,41,10,2,53,57,10,3,62,64,13,6,54,59,13,6,11,13,9,0,20,22,9,2,24,25,15,5,21,23,14,6,8,10,8,0,13,14,9,3,15,16,10,7,12,13,10,8,18,18,11.97671296,4.769506173,20,22,12,4,22,23,13,6,21,23,14,6,44,PRC
Ningbo,2022,8,2,67,72,13,7,49,54,11,4,46,49,9,4,55,60,13,6,30,30,12,8,21,23,10,3,18,19,8,3,22,24,14,6,9,11,8,0,9,10,9,2,9,10,8,4,13,13,10,6,28,31,16.45607143,7.815456349,19,22,13,6,19,21,11,4,21,23,14,6,43,PRC
Ningbo,2022,9,2,115,128,17,12,68,75,12,7,57,61,11,4,61,65,13,6,54,58,15,14,30,32,11,6,24,25,9,4,25,27,13,5,27,27,16,12,14,15,10,5,12,13,8,3,14,14,10,6,34,43,20.18582516,9.587794118,24,28,14,7,21,24,13,5,22,24,13,6,34,PRC
Ningbo,2022,10,3,107,134,18,14,82,94,15,9,66,74,12,6,67,72,13,7,56,71,16,13,38,43,13,9,29,32,11,5,29,31,14,6,21,26,19,15,16,19,13,7,14,16,10,5,15,16,11,7,30,37,20.7644537,14.22453704,28,32,17,9,23,26,14,6,23,25,14,7,28,PRC
Ningbo,2022,11,3,74,112,16,24,91,112,16,14,72,84,13,9,71,80,14,9,29,47,15,27,42,52,15,16,31,37,12,9,30,34,15,8,15,24,15,24,18,22,15,13,15,18,12,8,16,18,12,9,30,41,15.96612963,19.71525,31,38,18,13,25,30,15,8,25,28,15,9,37,PRC
Ningbo,2022,12,3,109,142,14,20,101,129,16,17,75,92,14,11,65,76,12,8,53,67,16,20,48,61,16,19,35,42,13,11,28,33,11,8,26,34,13,27,22,28,16,20,16,19,13,11,14,16,11,9,30,41,13.01819444,12.64857407,31,41,17,14,25,31,15,10,23,27,13,8,29,PRC
Ningbo,2022,13,3,142,178,17,17,108,142,16,19,88,108,14,13,74,88,12,9,64,78,17,16,51,66,16,19,40,49,14,13,33,38,12,9,35,49,17,26,24,33,16,23,19,24,13,14,16,20,11,10,43,51,16.8329845,12.97459948,33,43,17,15,29,35,15,11,25,30,14,8,29,PRC
Ningbo,2022,14,3,144,213,21,24,117,161,17,21,99,128,16,15,83,103,14,11,60,91,20,24,52,71,17,22,45,57,15,15,37,45,13,11,37,56,19,28,28,41,16,26,22,30,14,16,19,24,12,12,47,66,23.96618203,21.52339835,38,50,17,17,33,41,17,13,28,34,15,10,31,PRC
Ningbo,2022,15,4,66,131,20,28,115,166,18,22,103,139,17,18,86,111,15,13,34,59,19,31,53,74,18,23,48,63,16,19,38,49,14,13,14,30,14,24,28,42,16,26,23,32,15,20,20,26,13,14,18,42,25.89469136,24.48140432,35,50,20,18,33,44,19,15,28,37,17,12,32,PRC
Ningbo,2022,16,4,150,182,21,38,126,176,20,27,113,153,18,22,92,120,16,16,64,79,22,42,56,77,19,28,52,69,18,24,42,53,15,17,45,50,17,45,33,46,17,31,28,37,16,25,21,28,14,18,41,53,22.97332656,25.32090108,37,53,22,21,34,47,20,18,29,38,18,14,29,PRC
Ningbo,2022,17,4,145,215,20,30,126,185,20,30,117,163,18,25,101,134,16,19,66,98,19,32,56,82,20,32,53,74,18,26,46,60,16,19,46,65,18,31,36,50,17,32,30,42,17,28,25,33,14,20,33,52,24.90862795,25.51618687,35,53,24,24,34,48,21,20,31,41,18,15,24,PRC
Ningbo,2022,18,4,142,235,18,34,126,191,20,33,122,176,18,27,108,149,17,21,66,107,20,37,58,86,20,36,55,78,18,29,49,67,17,22,35,64,17,39,35,52,17,35,32,47,16,30,27,37,15,23,41,64,16.45914634,24.30836043,33,53,23,25,35,51,20,21,33,45,19,17,27,PRC
Ningbo,2022,19,5,151,237,18,25,147,217,19,32,131,192,19,27,118,165,18,23,77,121,16,23,68,101,19,34,61,88,19,28,54,76,17,24,34,56,17,28,40,59,17,36,34,51,17,31,29,41,16,25,40,60,21.3919375,26.38075694,39,57,21,25,37,54,21,22,35,48,20,19,25,PRC
Ningbo,2022,20,5,128,212,19,20,142,225,19,27,134,200,19,27,123,177,18,24,61,94,17,21,68,105,18,28,62,91,19,28,57,81,18,25,31,53,19,19,37,60,18,29,35,53,17,30,31,45,17,27,36,65,21.07201389,19.30017747,38,60,21,24,37,57,22,22,35,51,20,20,31,PRC
Ningbo,2022,21,5,140,192,18,27,140,219,18,26,133,202,19,28,125,182,18,25,65,86,17,23,67,102,18,26,62,92,19,29,58,83,18,26,33,45,18,38,33,55,18,31,34,52,17,32,31,46,17,29,42,61,18.84906085,25.70173942,40,63,19,24,37,58,22,24,36,53,20,21,32,PRC
Ningbo,2022,22,5,165,234,21,49,146,219,19,30,136,205,19,31,130,190,18,28,70,101,21,48,68,101,18,29,63,93,19,32,59,86,18,29,49,65,16,50,37,55,17,34,36,54,17,34,33,49,17,32,46,68,25.82225242,47.43074879,41,64,22,30,37,58,22,27,37,55,21,24,29,PRC
Ningbo,2022,23,6,125,244,19,39,140,221,19,34,143,219,19,33,134,201,19,29,60,108,18,35,64,97,18,32,66,99,19,33,62,91,18,29,31,70,15,51,36,58,17,40,38,59,17,38,35,53,17,34,34,66,25.98297386,35.22429739,40,65,23,32,39,61,22,29,38,57,21,25,27,PRC
Ningbo,2022,24,6,134,198,18,38,141,217,19,38,141,221,19,33,136,206,19,31,65,94,17,35,65,97,18,35,66,101,18,32,63,93,19,31,41,58,19,48,39,60,17,47,38,60,17,38,36,55,17,36,28,46,19.41574405,32.93636905,38,60,23,35,38,60,22,30,37,58,22,27,23,PRC
Ningbo,2022,25,6,244,290,24,38,167,242,21,41,154,230,19,34,145,215,20,33,117,141,23,40,78,111,20,40,73,107,19,33,67,98,19,33,63,79,21,36,46,68,18,46,40,61,18,39,38,58,17,36,64,70,30.34806858,38.568125,43,63,25,39,41,63,22,31,39,59,23,29,24,PRC
Ningbo,2022,26,6,184,297,24,34,172,257,21,38,159,238,20,34,148,222,20,33,85,138,21,35,82,120,20,36,75,110,19,32,69,102,19,33,44,70,22,46,45,69,19,45,41,62,18,40,39,59,18,38,55,89,29.33657071,23.33919697,45,68,26,33,43,66,24,31,40,61,24,29,30,PRC
Ningbo,2022,27,6,215,320,24,28,194,276,23,35,167,248,21,34,160,238,20,33,96,142,20,21,91,129,20,33,77,113,19,32,74,109,19,33,57,83,20,35,51,73,20,41,44,65,19,40,42,63,18,39,62,95,33.53025986,31.22862455,52,75,28,32,46,70,26,32,44,66,24,30,30,PRC
Ningbo,2022,28,7,201,301,26,31,211,302,25,33,176,260,22,36,165,248,21,33,82,112,23,25,95,133,22,30,80,115,20,33,76,112,19,31,54,88,23,36,55,80,21,38,47,70,19,43,43,66,19,38,65,101,33.26426923,33.25841026,62,89,32,32,50,75,27,33,46,70,25,30,34,PRC
Ningbo,2022,29,7,214,324,25,28,204,311,25,30,185,276,23,36,170,257,21,33,95,130,23,24,90,131,22,26,84,121,21,33,78,115,20,31,67,95,20,35,56,84,21,38,51,76,19,42,45,69,19,38,52,99,35.89107906,26.82092415,59,96,33,29,51,79,29,34,47,74,26,30,31,PRC
Ningbo,2022,30,7,193,314,27,29,206,315,26,29,189,286,24,33,175,264,22,32,89,133,24,34,91,129,22,26,86,125,21,31,80,117,20,30,64,98,23,29,61,91,22,34,53,80,20,39,47,72,19,38,40,83,40.27534028,19.91803472,55,95,36,28,50,81,31,30,47,75,28,30,26,PRC
Ningbo,2022,31,7,189,282,27,19,199,305,26,27,197,291,24,31,178,267,23,32,94,139,24,23,90,129,23,27,90,129,22,30,82,118,21,30,43,69,23,13,57,88,22,28,54,80,21,35,48,73,20,36,52,74,35.41413462,16.53673077,52,89,36,24,52,82,32,28,48,76,29,29,26,PRC
Ningbo,2022,32,8,196,276,24,21,198,299,26,24,205,301,25,29,183,273,23,32,98,131,20,21,94,133,23,26,95,133,22,28,85,121,21,30,49,66,22,22,56,82,22,25,55,81,22,32,50,74,20,37,49,79,32.28336735,18.45712585,48,84,36,20,55,86,34,26,49,78,30,29,29,PRC
Ningbo,2022,33,8,211,299,22,15,197,293,25,21,200,302,25,26,189,282,23,31,100,141,20,16,95,136,22,24,92,133,22,25,88,126,21,30,58,81,18,18,54,79,22,20,55,81,21,29,52,77,20,35,53,77,30.12865828,10.83474319,49,78,35,16,54,87,34,23,50,79,31,28,26,PRC
Ningbo,2022,34,8,209,306,24,12,201,291,24,17,204,303,25,23,193,288,24,28,88,125,21,12,95,134,21,18,93,132,22,22,89,128,21,27,64,96,21,14,54,78,21,17,57,85,21,25,53,79,21,32,57,85,33.00677388,10.63802144,53,79,33,14,54,87,34,21,51,80,32,25,28,PRC
Ningbo,2022,35,8,98,200,18,6,179,270,22,14,189,288,24,20,191,284,24,25,59,98,15,7,86,124,19,14,88,126,21,20,89,127,21,25,25,51,20,5,49,74,20,15,53,81,21,22,52,78,21,28,14,51,27.53587302,0.996011905,43,73,31,10,48,81,33,17,49,79,32,22,26,PRC
Ningbo,2022,36,8,202,213,21,21,180,255,21,14,189,277,24,19,196,285,24,24,92,101,19,25,85,116,19,15,89,125,21,20,91,128,21,24,59,60,19,17,52,72,19,14,54,77,21,19,54,78,21,26,51,52,27.53910675,17.89100763,44,66,30,10,46,75,33,15,51,80,32,21,24,PRC
Ningbo,2022,37,9,215,275,23,19,181,249,21,14,189,271,23,18,194,284,24,22,88,118,19,17,82,111,19,15,89,123,20,19,89,126,21,22,69,81,20,18,54,72,20,13,54,75,21,17,54,78,21,24,58,76,31.58854885,22.96131705,45,66,30,13,47,72,32,15,51,80,32,19,28,PRC
Ningbo,2022,38,9,200,306,23,16,179,249,21,15,190,270,23,16,195,285,24,20,89,135,20,13,82,113,18,15,89,124,20,17,89,125,21,20,51,78,22,21,51,68,20,15,52,73,21,16,55,79,21,22,60,93,30.16521759,17.86400463,46,68,29,15,49,73,31,15,51,80,33,19,30,PRC
Ningbo,2022,39,9,213,292,22,14,208,272,22,18,193,271,22,16,195,282,24,19,96,120,20,13,91,119,20,17,89,121,19,16,89,124,21,19,59,79,20,18,60,75,20,18,54,74,20,17,55,79,21,21,58,93,28.20403257,13.64067529,57,79,29,18,50,76,30,14,51,80,32,17,32,PRC
Ningbo,2022,40,9,149,237,17,4,194,278,21,13,187,266,21,13,191,277,23,17,76,100,14,4,87,118,18,12,86,117,18,13,89,123,20,17,39,66,17,2,55,76,19,15,53,74,19,14,54,77,20,18,34,71,22.65356209,5.983521242,53,83,28,15,48,75,29,13,48,78,31,15,30,PRC
Ningbo,2022,41,10,122,156,18,4,171,248,20,10,176,248,21,12,183,263,22,15,56,75,17,5,79,108,18,9,81,109,18,12,85,118,19,16,33,39,15,4,46,66,18,11,50,69,19,12,51,72,20,15,33,42,22.50816498,3.825925926,46,75,26,10,46,70,28,12,47,73,30,13,27,PRC
Ningbo,2022,42,10,209,225,25,12,173,228,20,9,176,238,21,12,184,256,22,14,94,102,23,10,81,99,19,8,81,106,18,12,86,115,19,14,53,56,20,12,46,60,18,9,49,64,19,12,50,69,20,14,62,67,32.32887545,12.75375,47,68,26,9,46,68,28,12,48,72,29,13,30,PRC
Ningbo,2022,43,10,205,269,20,9,171,222,20,7,189,247,21,12,186,255,21,13,83,110,19,10,77,97,18,7,84,108,19,12,85,113,19,13,55,71,16,3,45,58,17,5,52,66,18,12,51,69,19,13,67,88,23.71022388,11.04917496,49,67,25,8,53,73,27,13,50,73,28,12,33,PRC
Ningbo,2022,44,10,207,294,22,9,186,236,21,8,190,257,21,11,187,256,21,12,87,120,18,5,80,102,19,8,84,110,19,10,84,112,19,11,61,81,20,12,51,62,18,8,53,69,19,11,52,70,19,12,59,93,31.81631827,9.844858757,55,73,28,9,54,78,28,12,51,74,28,12,32,PRC
Ningbo,2022,45,11,196,285,24,14,204,268,23,11,188,258,21,10,185,255,21,12,95,119,24,13,90,113,21,10,85,110,19,9,84,110,19,11,50,76,19,18,55,71,19,11,50,68,18,11,52,70,19,12,51,90,29.67464597,11.92496732,60,85,29,11,53,80,28,11,50,75,28,12,32,PRC
Ningbo,2022,46,11,241,319,23,10,212,292,22,10,193,260,21,9,188,256,21,11,111,142,20,11,94,123,20,10,87,111,19,9,86,112,19,11,71,87,20,10,59,79,19,11,53,69,18,10,52,69,19,12,59,90,31.62137476,7.401817326,59,90,29,10,53,79,28,10,51,76,28,11,28,PRC
Ningbo,2022,47,11,199,295,24,11,211,298,23,11,191,260,22,9,197,264,22,12,89,131,20,14,96,128,20,11,86,112,19,9,88,114,19,12,54,78,22,9,59,81,20,12,52,69,19,9,55,71,19,12,56,86,31.31657242,7.287356151,56,90,31,9,53,78,28,9,54,78,29,12,29,PRC
Ningbo,2022,48,11,185,264,23,7,205,291,23,11,196,263,22,9,195,268,22,11,84,114,19,8,95,127,21,12,87,114,20,10,87,116,19,10,48,65,21,6,56,77,20,11,53,69,19,9,54,71,19,11,53,85,30.42438679,7.554224319,55,88,31,9,55,80,29,9,54,81,29,11,32,PRC
Ningbo,2022,49,11,219,285,24,9,211,291,23,9,208,280,23,10,195,269,22,10,96,122,22,8,95,127,20,10,92,120,21,10,88,116,20,9,60,71,21,11,58,75,21,9,57,73,20,10,53,71,19,11,63,92,29.88405203,9.202636684,58,88,31,8,59,86,30,10,55,83,29,10,32,PRC
Ningbo,2022,50,12,187,266,24,13,198,278,24,10,205,285,23,10,194,266,22,10,88,111,19,9,89,120,20,10,92,121,20,10,88,114,20,9,50,75,22,19,53,72,21,11,56,76,20,11,53,70,19,10,49,80,36.18986961,13.14186508,55,86,32,9,57,88,31,10,54,81,29,9,30,PRC
Ningbo,2022,51,12,196,280,26,15,197,274,24,11,204,286,24,11,193,265,22,10,94,124,22,15,91,118,21,10,93,123,20,10,88,114,20,9,50,73,27,16,52,71,23,13,56,76,21,13,52,70,20,10,52,83,33.45209936,14.48371261,54,85,32,11,55,87,32,10,53,81,30,10,30,PRC
Ningbo,2022,52,12,158,244,20,5,190,269,24,10,198,280,24,10,194,265,23,10,73,101,17,3,88,115,20,9,91,121,20,10,88,114,20,9,43,66,20,7,51,71,22,13,53,74,21,12,52,70,20,11,42,77,25.40874339,4.029371693,52,83,31,10,53,85,31,9,54,81,30,9,32,PRC
Port Klang,2019,1,1,197,268,23,36,,,,,,,,,,,,,100,139,24,53,,,,,,,,,,,,,79,105,21,21,,,,,,,,,,,,,18,24,24.30234568,2.611111111,,,,,,,,,,,,,9,Malaysia
Port Klang,2019,2,1,141,218,24,18,,,,,,,,,,,,,65,108,26,17,,,,,,,,,,,,,59,87,22,22,,,,,,,,,,,,,17,23,27.43375817,5.30254902,,,,,,,,,,,,,11,Malaysia
Port Klang,2019,3,1,156,225,25,23,,,,,,,,,,,,,75,116,25,13,,,,,,,,,,,,,64,89,24,40,,,,,,,,,,,,,17,20,25.90531046,2.566633987,,,,,,,,,,,,,9,Malaysia
Port Klang,2019,4,1,140,211,25,18,159,231,24,23,,,,,,,,,66,103,25,18,77,117,25,25,,,,,,,,,59,88,23,19,65,92,22,26,,,,,,,,,15,20,27.7032037,10.66048148,17,22,26,5,,,,,,,,,9,Malaysia
Port Klang,2019,5,1,155,228,24,29,148,221,24,22,,,,,,,,,82,118,25,26,72,111,25,18,,,,,,,,,53,86,23,42,59,88,23,31,,,,,,,,,20,24,21.58229167,5.495722222,17,22,26,6,,,,,,,,,11,Malaysia
Port Klang,2019,6,2,154,238,24,16,151,226,24,21,,,,,,,,,77,124,25,21,75,115,25,19,,,,,,,,,60,90,22,11,59,88,23,28,,,,,,,,,17,24,27.82145425,8.339493464,17,22,26,7,,,,,,,,,10,Malaysia
Port Klang,2019,7,2,145,233,24,27,149,228,24,22,,,,,,,,,70,119,24,25,74,116,25,23,,,,,,,,,58,91,23,25,58,89,23,24,,,,,,,,,17,23,26.38642157,41.93915033,17,23,26,17,,,,,,,,,10,Malaysia
Port Klang,2019,8,2,123,210,26,13,144,227,24,21,151,229,24,22,,,,,67,117,28,14,74,120,25,22,75,118,25,23,,,,,42,72,24,16,53,85,23,23,59,89,23,25,,,,,14,21,25.09313492,3.289365079,17,23,25,15,17,22,26,10,,,,,10,Malaysia
Port Klang,2019,9,2,141,215,24,9,141,224,25,16,144,222,25,19,,,,,75,121,26,11,72,120,26,18,72,116,26,18,,,,,48,69,21,6,52,81,23,15,55,84,23,23,,,,,18,25,22.25040123,6.312993827,17,23,25,15,17,23,26,10,,,,,12,Malaysia
Port Klang,2019,10,3,150,233,24,18,140,223,24,17,146,224,24,19,,,,,70,115,24,15,71,118,26,16,73,117,25,18,,,,,65,95,23,25,53,82,23,18,56,85,23,23,,,,,15,23,21.91540741,6.558092593,16,23,24,15,17,23,25,11,,,,,10,Malaysia
Port Klang,2019,11,3,146,230,24,19,140,222,24,15,144,225,24,18,,,,,76,123,25,21,72,119,26,15,73,118,25,19,,,,,54,88,22,16,52,81,22,16,55,85,23,20,,,,,16,19,26.24065972,15.81256944,16,22,24,8,17,22,25,12,,,,,8,Malaysia
Port Klang,2019,12,3,157,234,25,16,149,228,24,15,146,228,24,18,150,229,24,20,84,123,25,15,76,121,25,15,75,120,25,18,76,119,25,21,56,88,25,22,56,85,23,17,55,85,23,20,58,87,23,22,17,23,22.74276144,5.923937908,17,23,23,9,17,23,24,12,17,22,25,10,10,Malaysia
Port Klang,2019,13,3,149,231,27,12,151,232,25,16,146,228,25,16,146,226,25,18,74,120,31,14,76,120,26,16,74,120,26,17,73,117,26,17,57,87,24,11,58,90,24,19,55,85,23,17,56,86,23,21,18,24,20.62756173,7.166141975,17,22,23,9,17,23,24,12,17,22,25,10,10,Malaysia
Port Klang,2019,14,4,148,239,24,15,150,234,25,16,145,228,25,16,147,227,25,18,76,124,24,16,78,123,26,16,74,120,26,16,74,119,26,17,57,93,24,17,56,89,24,17,55,85,23,17,56,86,23,21,15,22,27.14187037,5.691259259,17,22,24,9,16,23,24,12,17,22,25,10,9,Malaysia
Port Klang,2019,15,4,156,231,26,23,153,234,26,17,146,228,25,16,147,228,25,18,75,114,27,16,77,120,27,15,75,120,26,15,74,118,26,18,63,93,24,34,58,90,24,21,55,86,23,19,56,87,23,20,18,24,24.5679784,9.19742284,17,23,24,7,16,23,24,7,17,23,25,11,10,Malaysia
Port Klang,2019,16,4,153,232,25,11,152,233,26,15,150,231,25,15,148,230,25,17,83,119,26,12,77,119,27,14,77,120,26,15,76,120,26,17,55,93,22,6,58,92,24,17,57,88,23,17,56,87,23,19,15,20,29.45898148,22.55059259,17,23,25,11,17,23,24,10,17,23,25,12,9,Malaysia
Port Klang,2019,17,4,148,225,23,13,151,232,25,16,151,232,25,16,148,229,25,16,74,112,24,18,77,117,25,16,77,119,26,16,75,119,26,16,59,90,23,9,59,92,23,17,58,91,23,18,56,87,23,17,15,23,22.7397963,4.601351852,16,22,26,11,16,22,24,10,16,23,25,11,10,Malaysia
Port Klang,2019,18,5,153,230,24,28,153,230,25,19,151,232,25,17,147,229,25,17,79,121,23,29,78,117,25,19,78,120,26,18,75,119,26,17,56,87,25,35,58,91,24,21,57,90,24,19,56,87,23,19,18,22,21.15371914,3.361558642,17,22,24,10,17,22,24,9,16,22,24,11,10,Malaysia
Port Klang,2019,19,5,149,220,26,11,151,227,25,16,152,230,25,16,148,228,25,16,77,115,27,14,78,117,25,18,78,119,26,17,76,119,26,16,52,80,26,9,56,88,24,15,57,89,24,18,55,86,24,17,20,25,24.81911111,7.435305556,17,23,25,9,17,23,24,8,17,23,24,8,11,Malaysia
Port Klang,2019,20,5,147,233,25,24,149,227,25,19,150,230,25,17,150,229,25,17,72,122,25,30,76,118,25,23,76,118,26,19,76,119,26,17,55,84,25,17,56,85,25,17,57,88,24,17,56,87,24,17,20,27,28.69781944,25.62720833,18,24,24,10,17,23,25,11,17,23,24,10,12,Malaysia
Port Klang,2019,21,5,162,236,24,15,153,230,25,20,152,231,25,18,152,231,25,17,85,122,25,18,78,120,25,23,78,119,25,19,77,119,26,18,59,87,23,14,56,85,25,19,57,88,24,18,57,89,24,18,18,27,23.76550926,5.19007716,19,25,25,10,17,24,25,10,17,23,24,10,11,Malaysia
Port Klang,2019,22,5,152,230,26,17,153,230,26,17,153,230,25,18,152,231,25,17,79,119,28,25,78,120,26,22,78,118,26,20,78,120,26,19,56,86,26,8,56,84,25,12,57,88,24,16,57,88,24,17,17,25,23.47753268,11.23658497,19,26,25,12,18,24,25,11,17,23,25,10,11,Malaysia
Port Klang,2019,23,6,150,224,25,19,153,231,25,19,152,229,25,17,152,230,25,17,70,114,25,21,77,119,26,24,77,118,25,21,77,119,26,19,61,83,24,17,58,85,25,14,57,86,24,14,57,88,24,17,19,27,26.24902047,16.29406433,19,27,26,15,18,25,25,12,18,24,25,10,12,Malaysia
Port Klang,2019,24,6,149,231,25,23,153,230,25,19,151,229,25,19,151,230,25,18,79,120,25,35,78,119,26,25,77,118,25,24,77,119,26,21,52,84,24,11,57,85,24,12,56,85,25,15,57,87,24,16,18,27,23.16415123,4.582391975,18,27,24,9,18,25,24,10,18,24,25,10,12,Malaysia
Port Klang,2019,25,6,148,226,24,11,150,228,25,18,151,229,25,19,151,230,25,18,72,117,26,14,75,118,26,24,77,119,26,23,77,118,26,21,58,86,22,10,57,85,24,11,56,85,24,15,57,87,24,15,18,23,23.87570988,7.117345679,18,26,24,10,19,25,24,10,18,24,25,10,10,Malaysia
Port Klang,2019,26,6,141,220,26,10,147,225,25,16,150,228,25,16,151,228,25,17,73,115,26,11,74,117,26,20,76,118,26,21,77,118,26,20,50,79,26,8,55,83,24,11,55,84,25,12,56,86,24,15,18,26,23.65175926,8.910987654,18,26,24,9,19,26,25,11,18,25,25,11,12,Malaysia
Port Klang,2019,27,7,155,221,24,10,148,225,25,14,151,228,25,16,151,227,25,16,80,122,26,12,76,119,26,18,76,119,26,21,77,118,26,20,58,77,23,9,55,82,24,10,56,83,24,12,56,85,24,13,17,22,19.62586601,2.716029412,18,25,23,6,18,26,24,10,18,25,24,10,10,Malaysia
Port Klang,2019,28,7,151,215,26,11,149,221,25,11,151,225,25,15,150,226,25,16,77,112,29,13,76,117,27,13,77,118,26,19,76,118,26,20,61,86,24,10,57,82,24,9,57,84,24,11,56,84,24,13,13,17,26.29623932,5.001410256,17,22,23,6,17,24,24,8,18,24,24,9,8,Malaysia
Port Klang,2019,29,7,140,209,26,11,147,216,26,11,148,222,25,14,150,225,25,16,69,109,27,15,75,115,27,13,75,116,27,18,76,117,26,20,54,78,25,8,56,80,25,9,56,82,24,10,56,83,24,13,17,22,26.44215686,4.701078431,16,22,24,5,17,24,24,8,18,24,24,9,11,Malaysia
Port Klang,2019,30,7,144,211,25,11,148,214,26,11,147,220,25,13,149,223,25,15,69,106,26,13,74,112,27,14,74,114,26,17,75,116,26,19,61,86,24,10,59,82,24,9,57,82,24,10,56,83,24,11,14,19,28.47375,6.509503968,15,20,25,5,17,23,25,7,17,24,25,9,9,Malaysia
Port Klang,2019,31,7,150,211,26,11,146,212,26,11,147,218,25,12,149,222,25,14,76,109,26,13,73,109,27,14,74,114,27,16,75,116,26,18,54,79,25,9,58,82,24,9,56,82,24,9,57,83,24,11,20,23,25.20105556,6.350083333,16,20,27,6,17,22,25,6,17,24,25,9,11,Malaysia
Port Klang,2019,32,8,154,225,25,13,147,214,26,11,148,217,25,11,150,222,25,14,76,115,27,14,73,110,27,14,74,113,27,13,75,115,26,17,61,86,24,13,58,82,24,10,57,82,24,10,57,83,24,11,17,24,23.4146732,9.407990196,17,22,26,7,17,22,25,6,17,24,24,7,11,Malaysia
Port Klang,2019,33,8,141,215,26,14,147,216,26,12,147,216,26,11,148,220,26,13,73,113,28,15,74,111,27,14,74,113,27,13,74,114,27,17,51,78,24,12,57,82,24,11,56,81,24,10,56,82,24,10,17,24,25.44130719,9.885343137,17,23,26,8,17,22,25,7,17,23,25,8,11,Malaysia
Port Klang,2019,34,8,148,213,25,11,148,216,25,12,148,215,26,11,148,218,25,13,74,109,26,14,75,112,27,14,74,112,27,14,74,113,27,16,60,83,23,9,57,82,24,11,58,82,24,10,57,82,24,10,14,21,22.13906746,2.574424603,17,23,24,7,16,22,25,6,17,23,24,7,10,Malaysia
Port Klang,2019,35,8,141,206,26,9,146,215,26,12,146,213,26,11,147,217,25,12,70,104,28,11,73,110,27,13,73,110,27,14,74,113,27,15,52,75,23,8,56,81,23,10,57,81,24,10,56,81,24,10,19,27,25.35866959,5.427134503,17,24,24,7,16,22,25,6,17,23,24,6,13,Malaysia
Port Klang,2019,36,9,144,213,24,10,144,212,25,11,145,213,25,11,146,215,25,11,68,106,25,15,71,108,27,14,72,109,27,14,73,111,27,13,57,81,24,7,55,79,24,9,56,81,24,9,56,81,24,9,19,26,22.53447368,4.764766082,17,25,24,6,17,23,25,6,17,23,24,6,12,Malaysia
Port Klang,2019,37,9,154,217,25,17,147,212,25,12,147,214,25,12,147,215,25,11,79,113,26,12,73,108,26,13,73,109,27,13,74,111,27,13,61,84,23,25,58,81,23,12,57,82,24,12,57,81,24,11,14,20,23.35833333,8.105277778,17,24,23,5,17,23,24,7,17,23,24,6,9,Malaysia
Port Klang,2019,38,9,139,200,24,8,145,209,25,11,146,213,25,11,147,213,25,11,69,97,26,12,72,105,26,12,73,108,27,13,73,110,27,13,54,81,23,5,56,80,23,11,56,81,24,11,57,81,24,10,16,22,23.33105903,3.128489583,17,24,24,5,17,23,24,6,16,22,24,6,11,Malaysia
Port Klang,2019,39,9,140,204,24,10,144,209,24,11,145,212,25,11,146,212,25,11,71,106,26,14,72,106,26,13,73,108,26,13,73,108,27,13,54,76,23,7,57,81,23,11,56,81,23,11,57,81,24,10,15,22,21.17753704,3.384055556,16,23,23,5,16,23,23,6,16,22,24,6,11,Malaysia
Port Klang,2019,40,10,133,199,24,8,142,205,24,11,143,208,25,11,144,210,25,11,63,101,27,12,71,104,26,13,71,106,26,13,71,107,27,13,53,77,23,5,56,80,23,10,55,79,23,10,56,80,24,10,17,21,21.03330065,3.882222222,16,21,22,5,16,23,23,5,17,23,24,6,11,Malaysia
Port Klang,2019,41,10,152,215,24,10,141,205,24,9,144,208,25,10,145,211,25,11,79,109,26,11,71,103,26,12,72,106,26,13,72,107,26,13,60,85,23,10,55,80,23,6,56,80,23,9,57,81,23,10,13,21,22.26720085,4.846880342,15,22,22,4,16,23,23,5,16,23,24,6,10,Malaysia
Port Klang,2019,42,10,141,202,26,11,142,205,25,10,143,207,25,10,145,210,25,11,79,111,26,14,73,107,26,13,72,106,26,13,73,108,26,13,47,72,27,6,54,78,24,7,55,79,24,9,55,80,24,9,15,19,25.13203704,7.861851852,15,21,22,5,16,22,23,5,16,23,23,6,9,Malaysia
Port Klang,2019,43,10,138,201,25,15,141,204,25,11,143,206,25,11,144,209,25,11,67,104,28,10,72,106,26,12,72,106,26,13,72,107,26,13,54,75,24,25,54,77,24,11,55,79,24,11,55,79,24,11,17,22,22.94924837,3.706437908,16,21,23,5,16,22,23,5,16,22,23,6,11,Malaysia
Port Klang,2019,44,11,145,200,25,10,144,205,25,11,143,205,25,11,143,207,25,11,75,109,25,12,75,108,26,12,73,106,26,12,72,107,26,13,52,68,25,8,53,75,25,12,54,77,24,11,55,78,24,10,18,23,26.4141358,3.508935185,16,21,24,5,16,21,23,5,16,22,23,5,12,Malaysia
Port Klang,2019,45,11,149,213,26,12,143,204,26,12,142,204,25,11,144,207,25,11,79,114,26,14,75,110,26,13,73,106,26,13,73,107,26,13,54,76,29,11,52,73,26,12,54,76,24,9,55,78,24,10,16,23,23.50267361,6.569253472,17,22,24,5,16,22,23,5,16,22,23,5,11,Malaysia
Port Klang,2019,46,11,140,210,28,15,143,206,26,13,142,206,25,11,143,207,25,11,70,108,32,16,73,109,27,13,73,108,27,13,72,107,26,13,56,82,25,15,54,75,26,15,54,76,25,11,55,78,24,11,14,20,23.34597222,8.666150794,16,22,24,6,16,21,23,5,16,22,23,5,10,Malaysia
Port Klang,2019,47,11,148,220,27,21,146,211,27,14,143,208,26,13,144,208,25,12,77,120,27,19,75,113,27,15,74,110,27,14,73,108,26,13,56,81,25,25,55,77,26,15,54,77,25,13,55,78,24,12,15,19,32.59374074,13.73396296,16,21,26,8,16,21,25,7,16,22,24,6,9,Malaysia
Port Klang,2019,48,11,139,219,26,18,144,216,27,16,144,210,26,14,143,208,25,13,63,108,26,20,72,113,28,17,74,110,27,14,73,108,27,14,56,87,26,18,56,82,26,17,54,78,25,15,55,79,25,13,20,24,25.88681944,15.50358333,16,22,26,11,16,21,25,8,16,21,24,7,11,Malaysia
Port Klang,2019,49,12,136,200,25,14,141,212,27,17,142,208,26,14,142,207,26,13,73,107,26,16,71,111,28,17,73,110,27,15,72,108,27,14,49,76,25,14,54,82,25,18,53,77,26,15,54,78,25,12,14,17,22.99285714,3.357242063,16,20,26,10,16,21,25,8,16,21,24,7,9,Malaysia
Port Klang,2019,50,12,145,207,25,15,142,212,26,17,143,209,26,15,142,208,26,13,77,107,25,11,73,111,26,16,73,110,27,15,73,109,26,14,53,81,26,14,54,81,25,18,54,78,25,16,54,78,25,13,15,19,27.63209259,30.9402963,16,20,27,16,16,21,26,11,16,21,25,9,9,Malaysia
Port Klang,2019,51,12,136,209,25,16,139,209,25,16,142,210,26,15,142,208,26,14,71,113,26,17,71,109,26,16,73,111,26,15,73,109,26,14,52,75,24,15,53,80,25,16,54,78,26,15,54,78,25,14,13,21,25.10880342,11.24972222,16,20,25,15,16,21,26,12,16,21,25,9,10,Malaysia
Port Klang,2019,52,12,141,205,25,13,140,205,25,14,142,210,26,15,143,208,26,14,70,103,26,15,73,108,26,15,73,110,27,16,73,109,26,15,55,79,23,12,52,78,24,14,54,80,25,16,54,78,25,15,16,23,25.88600694,4.469166667,15,20,25,13,15,21,26,12,16,21,25,10,11,Malaysia
Port Klang,2020,1,1,148,148,22,10,143,192,24,13,142,202,25,15,142,203,26,14,79,79,24,10,74,101,25,13,73,106,26,15,73,107,26,14,51,51,21,12,53,72,23,13,54,77,24,16,53,75,25,15,18,18,22.37066358,4.845817901,16,20,25,13,16,20,26,12,16,21,25,10,12,Malaysia
Port Klang,2020,2,1,153,217,25,11,145,195,24,12,143,203,25,15,143,204,26,14,82,117,26,15,76,103,25,14,74,107,26,15,74,107,26,15,58,80,25,8,54,71,23,12,54,76,24,15,54,76,25,15,13,20,24.36307692,5.643739316,15,21,24,7,16,20,26,11,16,21,25,9,9,Malaysia
Port Klang,2020,3,1,139,205,26,11,145,194,25,11,142,201,25,14,143,204,26,14,74,114,28,16,76,103,26,14,74,106,26,15,74,108,26,15,52,72,23,7,54,71,23,10,53,75,24,13,54,76,25,13,13,19,25.32929487,6.080448718,15,20,24,5,15,20,25,10,15,21,25,10,9,Malaysia
Port Klang,2020,4,1,143,208,26,10,146,195,25,11,143,200,25,13,143,205,26,14,71,109,31,11,77,105,27,13,75,106,26,14,74,108,27,15,56,78,22,11,54,70,23,10,53,74,23,12,54,77,24,14,16,21,21.70298611,4.354097222,15,20,23,5,15,20,24,9,15,20,25,10,10,Malaysia
Port Klang,2020,5,1,146,209,27,7,145,210,26,10,144,201,25,12,143,205,26,13,73,106,29,11,75,112,29,13,75,106,27,13,73,108,27,15,57,78,27,3,56,77,24,7,54,74,24,10,54,77,24,13,16,25,20.67489583,5.09453125,15,21,23,5,15,21,24,9,15,21,25,9,12,Malaysia
Port Klang,2020,6,2,146,217,24,11,144,210,26,10,144,202,25,11,143,205,25,13,74,118,26,17,73,112,29,14,74,107,27,14,74,108,27,15,54,77,23,5,55,76,24,7,54,74,23,9,54,76,24,12,18,22,22.7020216,2.751882716,16,22,23,5,15,21,24,6,16,21,25,9,10,Malaysia
Port Klang,2020,7,2,132,204,26,8,142,210,26,9,144,202,25,10,142,204,25,12,76,119,28,10,74,113,29,12,75,108,27,13,74,108,27,14,47,67,23,5,54,75,24,6,54,73,23,8,53,75,24,10,9,18,18.79416667,3.773518519,15,22,21,4,15,21,23,5,15,21,24,8,9,Malaysia
Port Klang,2020,8,2,130,196,27,7,139,207,26,8,142,201,26,10,141,202,25,11,70,113,29,10,73,114,28,12,75,109,28,12,74,109,27,13,44,64,23,5,51,72,24,4,52,71,23,7,52,73,24,9,16,19,26.53836806,4.540121528,15,21,22,4,15,20,23,5,15,20,24,7,10,Malaysia
Port Klang,2020,9,2,146,211,27,9,139,207,26,9,142,208,26,9,142,203,25,11,75,116,29,12,74,117,28,12,74,114,28,13,74,110,27,13,54,74,24,7,50,71,23,5,53,74,24,6,53,73,24,9,17,21,24.18034314,5.872189542,15,20,23,4,15,21,23,5,15,21,24,7,10,Malaysia
Port Klang,2020,10,3,141,218,26,11,137,207,26,9,140,209,26,9,142,204,26,10,77,125,28,16,75,118,28,12,74,115,28,13,74,111,27,13,45,70,24,7,48,69,23,6,51,73,24,6,52,72,23,8,19,23,26.65476608,0.965774854,15,20,24,4,16,21,23,4,15,21,24,5,11,Malaysia
Port Klang,2020,11,3,132,199,27,14,137,206,26,10,140,208,26,10,141,203,26,10,73,117,28,8,74,118,28,11,74,115,28,12,75,111,28,13,47,65,24,26,48,68,24,11,51,72,24,9,52,71,23,9,12,17,28.61155093,4.309861111,16,20,26,4,15,21,24,4,15,21,24,4,9,Malaysia
Port Klang,2020,12,3,138,208,27,7,139,209,27,10,139,208,26,9,141,203,26,10,74,120,29,7,75,120,28,11,74,117,28,11,75,113,28,12,51,73,24,6,49,71,24,11,50,71,24,8,51,71,24,8,13,15,25.30252137,5.891388889,15,19,26,4,15,20,24,4,15,20,24,5,7,Malaysia
Port Klang,2020,13,3,130,203,26,24,135,207,27,14,137,207,26,11,140,208,26,11,65,107,29,41,72,117,28,18,73,117,28,15,74,115,28,15,46,72,25,7,47,70,25,12,49,70,24,8,51,73,24,8,19,24,21.51896199,5.403932749,16,20,26,4,15,20,24,4,15,20,24,5,12,Malaysia
Port Klang,2020,14,3,141,208,25,13,135,205,26,14,136,206,26,12,139,207,26,11,73,114,27,19,71,115,28,19,73,116,28,15,73,115,28,15,48,69,23,7,48,70,24,12,48,69,24,9,50,72,24,8,20,25,20.44795833,4.988083333,16,20,24,5,16,20,24,4,16,21,24,5,12,Malaysia
Port Klang,2020,15,4,130,211,25,8,135,208,26,13,136,207,26,12,138,208,26,11,63,112,29,10,69,113,28,19,71,116,28,15,72,115,28,14,51,75,21,6,49,72,23,7,48,70,24,9,50,72,24,8,16,24,25.08486111,2.912447917,17,22,23,5,17,21,25,4,16,21,24,4,11,Malaysia
Port Klang,2020,16,4,130,195,23,17,133,204,25,15,136,207,26,13,137,207,26,11,59,98,25,18,65,108,27,22,70,114,28,16,71,114,28,15,57,77,20,20,51,73,23,10,50,72,23,11,50,72,24,9,14,20,21.13998016,1.181746032,17,23,22,4,16,21,24,4,16,21,23,4,10,Malaysia
Port Klang,2020,17,4,131,200,24,25,133,204,24,16,134,205,25,15,136,206,26,13,59,100,28,43,64,106,27,23,68,112,28,20,70,113,28,18,57,83,21,11,53,76,21,11,50,73,23,11,50,72,23,9,15,17,20.84816667,2.15162963,16,22,22,3,16,21,24,3,16,20,23,4,9,Malaysia
Port Klang,2020,18,4,125,205,23,4,129,203,24,13,132,204,25,14,134,205,25,12,59,100,25,5,60,103,27,19,66,109,27,19,69,112,28,17,49,85,21,5,54,80,21,11,51,75,23,11,50,73,23,9,17,20,20.20245098,2.780179739,16,20,22,2,16,20,23,4,16,20,23,4,10,Malaysia
Port Klang,2020,19,5,101,175,19,8,122,194,22,14,128,201,24,13,131,202,25,12,56,96,20,13,58,99,25,20,64,106,27,20,67,110,27,17,35,63,16,3,50,77,20,10,49,75,22,8,49,73,22,9,10,16,18.38158333,1.786944444,14,18,20,2,16,20,22,3,16,20,23,4,9,Malaysia
Port Klang,2020,20,5,130,183,23,18,122,191,22,14,127,198,23,15,131,201,25,13,73,102,23,22,62,100,24,21,63,104,26,21,67,109,27,18,45,64,21,16,47,74,20,9,49,74,21,9,49,73,22,10,12,17,26.97793981,4.001412037,14,18,22,3,15,20,22,3,15,20,23,4,9,Malaysia
Port Klang,2020,21,5,114,186,27,19,118,187,23,12,125,195,24,14,129,199,25,14,57,99,27,30,61,99,24,17,62,103,26,20,66,108,26,19,42,68,25,8,43,70,21,8,48,73,21,9,48,72,22,10,15,19,30.86198148,5.940462963,14,18,24,4,15,20,23,3,15,20,24,4,10,Malaysia
Port Klang,2020,22,5,108,186,23,8,113,183,23,13,121,193,23,13,126,197,24,14,51,91,25,14,59,97,24,20,60,100,25,19,64,105,26,19,45,75,22,3,42,68,21,7,48,74,21,9,48,72,22,10,12,20,17.82206019,1.600162037,12,18,24,3,14,19,23,3,15,20,23,4,11,Malaysia
Port Klang,2020,23,6,125,180,23,10,119,184,24,14,121,189,23,14,125,195,24,13,62,92,25,17,61,96,25,21,60,97,25,20,63,103,26,20,51,73,21,5,46,70,22,8,48,74,21,9,48,73,22,8,12,15,20.53157407,3.044259259,13,18,24,4,13,18,22,3,15,19,22,3,8,Malaysia
Port Klang,2020,24,6,122,177,29,16,117,182,25,13,120,187,24,14,124,192,24,14,68,97,30,13,60,95,27,18,61,97,25,20,62,101,26,20,40,62,27,20,45,70,24,9,46,72,22,9,47,72,22,9,14,18,29.77690476,14.32396825,13,18,25,6,13,18,23,4,15,20,23,4,10,Malaysia
Port Klang,2020,25,6,98,162,22,6,113,176,24,10,115,182,24,11,121,189,24,13,54,92,24,7,59,93,26,13,60,96,25,15,61,99,26,17,37,58,20,6,43,67,22,9,43,69,22,8,46,71,22,9,7,12,18.81793651,0,11,16,22,5,12,17,23,4,14,19,23,4,7,Malaysia
Port Klang,2020,26,6,148,187,25,8,123,177,25,10,118,180,24,12,122,187,24,12,78,102,27,9,66,96,27,11,62,96,25,16,62,98,26,17,54,66,22,6,46,65,22,9,44,66,22,8,47,71,21,9,16,19,25.81871528,6.856927083,12,16,24,6,12,17,24,5,13,18,23,4,10,Malaysia
Port Klang,2020,27,7,128,191,26,12,124,179,25,10,122,182,25,12,122,186,24,13,68,104,27,15,67,99,27,11,64,97,26,16,62,98,26,17,48,68,25,9,45,64,23,10,45,67,23,9,47,70,22,9,12,19,20.07516204,8.84412037,12,17,24,8,13,17,24,6,13,18,23,4,10,Malaysia
Port Klang,2020,28,7,102,157,24,3,119,174,24,7,118,178,25,10,119,182,24,11,54,85,27,5,64,96,26,9,62,95,26,14,62,97,26,16,36,55,19,1,44,62,21,5,44,66,23,7,45,68,22,8,12,17,20.86136574,0.25,12,17,21,4,13,17,23,5,13,17,23,4,11,Malaysia
Port Klang,2020,29,7,101,135,23,3,120,168,24,6,117,172,24,8,117,177,24,10,58,79,24,4,65,93,26,8,62,93,26,10,62,95,25,13,35,45,21,1,43,59,22,4,43,63,22,6,43,65,22,7,8,11,22.85322917,3.257291667,12,17,22,5,12,16,22,5,12,17,23,4,8,Malaysia
Port Klang,2020,30,7,139,170,24,12,118,163,24,7,120,170,24,9,118,174,24,10,80,97,26,10,65,91,26,9,65,94,26,10,63,95,25,13,47,59,22,16,42,57,22,7,44,61,22,8,43,63,22,8,12,14,20.38407407,1.317615741,11,15,21,3,12,16,22,5,12,16,23,4,8,Malaysia
Port Klang,2020,31,7,135,195,29,17,119,164,25,9,122,172,25,9,121,176,25,11,72,107,29,13,66,92,27,8,67,95,27,10,65,96,26,13,41,63,27,18,40,56,22,9,42,60,23,10,43,63,23,9,22,25,33.73078283,27.15209596,14,17,24,8,13,17,24,8,13,17,24,6,13,Malaysia
Port Klang,2020,32,8,109,180,27,12,121,170,26,11,120,172,25,9,119,176,25,10,60,99,30,13,68,96,27,10,66,96,27,10,64,95,27,12,38,60,24,10,40,57,23,11,42,59,22,8,43,63,23,9,11,21,25.27770202,11.23616162,13,18,26,11,13,17,23,7,13,18,24,7,12,Malaysia
Port Klang,2020,33,8,112,163,22,7,124,177,26,12,122,172,25,9,119,174,25,9,70,103,25,8,71,102,27,11,68,97,27,10,65,96,27,11,34,47,18,5,40,57,23,12,42,58,22,8,42,61,22,8,8,13,10.82434028,3.267013889,13,18,23,11,13,17,22,8,12,17,22,7,8,Malaysia
Port Klang,2020,34,8,146,181,25,7,126,180,26,11,122,172,25,9,122,173,25,9,85,111,26,6,72,105,28,10,68,98,27,9,67,97,27,10,47,55,22,9,40,56,23,10,41,57,22,9,42,59,22,9,14,15,24.06087302,2.143869048,14,19,23,11,12,17,22,7,12,17,23,7,8,Malaysia
Port Klang,2020,35,8,150,210,27,19,129,184,25,11,124,174,25,10,124,176,25,10,84,120,29,17,75,108,27,11,70,100,27,10,69,100,27,10,51,70,25,26,43,58,22,12,41,57,22,11,42,59,23,11,15,20,27.57551852,6.489518519,12,17,22,6,13,17,23,7,13,17,23,7,10,Malaysia
Port Klang,2020,36,9,132,208,30,19,135,191,26,13,128,180,26,12,125,178,25,10,74,124,30,23,78,115,27,14,73,105,27,12,70,102,27,11,41,62,27,14,43,59,23,13,42,58,23,12,42,59,23,10,17,22,35.44088235,12.56465686,14,18,24,6,13,18,25,8,13,17,24,7,11,Malaysia
Port Klang,2020,37,9,149,217,27,21,144,204,27,16,134,191,26,14,129,183,26,12,78,121,28,20,80,119,28,17,75,110,28,14,72,104,27,12,57,73,25,23,49,65,25,18,45,61,24,15,44,60,23,11,14,23,32.66011905,16.05988095,15,20,30,9,14,19,26,10,13,18,25,8,11,Malaysia
Port Klang,2020,38,9,139,221,28,23,143,214,28,20,134,197,27,15,129,186,26,13,80,127,29,23,79,123,29,21,75,114,28,15,72,106,27,13,48,77,25,20,49,71,25,21,45,63,24,16,44,61,23,13,11,17,31.96257576,35.46189394,14,21,32,18,14,20,28,14,13,18,25,11,8,Malaysia
Port Klang,2020,39,9,133,206,29,10,138,213,29,18,134,198,27,15,129,187,26,13,74,118,32,10,77,123,30,19,76,115,29,15,72,108,28,13,44,66,24,10,48,70,25,17,45,64,24,15,43,61,23,13,15,22,29.00122222,3.972555556,14,21,32,17,13,19,27,11,13,18,26,10,11,Malaysia
Port Klang,2020,40,9,142,206,28,12,141,213,28,16,138,202,27,15,132,191,27,13,87,127,28,14,80,123,29,17,79,119,28,15,75,111,28,13,43,61,28,10,48,69,26,16,46,64,24,15,44,62,24,14,12,18,30.19155093,4.82900463,13,20,31,15,13,19,28,11,13,18,27,11,9,Malaysia
Port Klang,2020,41,10,132,203,28,16,137,209,28,15,140,207,28,16,135,197,27,14,69,112,29,14,78,121,30,15,79,120,29,16,76,114,28,14,47,72,27,18,46,69,26,15,47,67,25,16,45,64,24,15,16,19,24.49788194,18.21203125,14,19,29,16,14,20,29,12,14,19,27,12,9,Malaysia
Port Klang,2020,42,10,141,212,27,14,137,207,28,13,140,210,28,17,135,200,27,15,73,110,28,15,76,117,29,13,77,120,29,17,76,115,29,15,52,78,26,11,47,69,26,13,48,70,26,17,45,65,25,15,16,24,28.30182292,16.64513889,15,21,28,11,15,21,30,14,14,20,28,13,11,Malaysia
Port Klang,2020,43,10,137,213,26,12,138,209,27,14,138,211,28,16,135,202,27,14,74,118,28,14,76,117,28,14,76,120,29,17,76,116,28,15,47,73,24,10,47,71,26,13,47,70,26,15,46,66,25,14,16,22,26.41572917,9.362951389,15,21,27,12,15,21,30,15,14,20,27,12,10,Malaysia
Port Klang,2020,44,10,66,146,20,4,119,194,25,11,130,203,27,14,132,199,26,14,39,83,21,5,64,106,26,12,72,115,28,15,74,115,28,14,20,50,16,2,42,68,23,11,45,69,24,13,44,65,24,13,7,13,26.70630952,0.571428571,14,20,26,11,13,20,29,13,13,19,27,11,9,Malaysia
Port Klang,2020,45,11,88,105,25,12,108,169,25,10,122,189,26,13,130,194,27,14,46,58,27,12,58,92,26,11,68,107,28,13,72,111,28,15,30,34,24,15,37,59,22,10,41,64,24,12,44,64,24,14,12,13,22.58435185,5.992337963,13,18,26,8,13,19,27,12,14,19,28,11,12,Malaysia
Port Klang,2020,46,11,129,181,30,17,105,161,25,11,121,184,27,12,128,194,27,15,70,97,30,20,57,89,26,13,67,103,28,13,71,110,28,16,44,64,28,16,35,55,23,11,41,62,25,12,44,65,25,15,15,20,33.13198148,12.22059259,13,17,27,7,14,19,28,9,14,19,29,12,11,Malaysia
Port Klang,2020,47,11,124,197,28,25,102,157,26,15,120,183,27,14,126,193,27,15,61,108,27,19,54,87,26,14,65,102,27,14,69,109,28,16,46,66,30,35,35,54,25,17,41,62,25,15,43,65,25,16,17,23,26.96702614,21.89104575,13,17,27,10,14,19,27,11,14,20,29,13,12,Malaysia
Port Klang,2020,48,11,90,168,28,17,108,163,28,18,113,178,26,15,123,190,27,15,52,91,28,17,57,89,28,17,61,97,27,14,67,106,28,15,28,60,23,18,37,56,26,21,39,62,25,16,42,65,25,16,10,17,37.08652778,21.35836111,14,18,30,15,14,19,28,13,13,19,29,14,10,Malaysia
Port Klang,2020,49,12,50,79,15,13,98,156,25,18,103,163,25,14,114,178,26,15,31,47,18,18,54,86,26,18,56,89,26,15,63,100,27,15,10,18,4,0,32,52,21,17,35,55,22,13,38,60,23,14,9,14,18.13774691,12.09290123,13,19,29,17,13,18,27,13,13,19,28,14,18,Malaysia
Port Klang,2020,50,12,35,51,27,23,75,124,24,20,90,143,25,16,106,164,26,15,19,30,25,30,41,69,25,21,49,79,26,17,58,92,27,16,7,10,22,25,23,39,20,19,29,47,21,15,35,54,23,14,9,11,32.52669753,8.365771605,11,16,29,16,12,17,28,11,13,18,28,11,22,Malaysia
Port Klang,2020,51,12,27,42,28,32,51,85,25,22,76,121,25,18,97,150,26,17,16,25,32,27,30,48,26,23,42,67,26,18,53,84,27,17,6,11,19,54,13,25,17,24,24,39,21,21,32,50,23,18,5,6,28.26305556,20.5865,8,12,29,16,11,15,28,13,12,17,28,13,14,Malaysia
Port Klang,2020,52,12,156,170,31,22,67,86,25,23,87,124,26,20,98,147,26,17,85,93,31,18,38,49,27,23,48,69,27,20,53,81,27,17,60,65,29,29,21,26,19,27,29,41,22,24,33,50,23,19,11,12,38.21295455,12.38497475,9,11,29,13,11,15,30,14,12,16,29,13,7,Malaysia
Port Klang,2020,53,12,42,121,24,13,65,96,27,22,82,126,26,20,90,140,26,17,28,73,23,12,37,55,28,22,45,71,27,20,50,78,26,17,11,40,27,18,21,32,24,31,27,42,23,24,30,47,23,19,3,8,27.15148148,0.666666667,7,9,32,11,10,14,30,14,11,15,29,12,7,Malaysia
Port Klang,2021,1,1,95,107,20,8,80,110,26,19,77,117,25,19,87,132,25,17,52,62,18,7,45,63,26,16,43,66,25,18,48,74,26,16,33,34,21,12,28,38,24,28,25,38,22,24,29,44,22,19,10,11,23.73563889,0.906944444,7,9,29,9,9,13,29,12,10,14,28,11,10,Malaysia
Port Klang,2021,2,1,75,97,17,13,92,124,23,14,71,104,24,18,81,122,24,17,40,51,21,16,51,70,23,13,40,59,25,18,45,68,25,17,24,33,10,11,32,43,22,17,22,34,19,21,27,40,21,19,11,13,17.20737374,8.519065657,9,11,27,6,9,12,28,11,10,13,28,10,13,Malaysia
Port Klang,2021,3,1,148,171,30,29,90,124,23,16,79,105,24,19,88,124,25,19,83,97,32,28,51,71,24,16,44,60,25,20,49,69,26,19,52,57,27,35,30,41,21,19,25,34,20,23,29,41,22,22,13,17,25.97008547,6.997286325,9,12,24,4,9,12,26,9,10,14,28,11,10,Malaysia
Port Klang,2021,4,1,117,200,30,19,109,144,24,17,87,120,26,20,91,132,26,19,65,114,31,21,60,81,26,18,49,68,27,20,50,74,26,19,41,71,27,20,38,49,21,19,29,40,23,25,30,44,22,23,11,15,35.56828283,4.384191919,11,14,26,5,9,12,29,8,10,14,29,11,8,Malaysia
Port Klang,2021,5,1,116,189,26,14,114,164,26,19,97,137,26,19,90,133,25,19,65,107,29,15,63,92,28,20,54,78,27,18,50,75,26,19,37,62,21,16,39,56,21,20,33,47,23,24,30,44,22,23,14,20,18.6130754,4.174424603,12,16,24,6,10,13,27,7,10,14,27,10,11,Malaysia
Port Klang,2021,6,2,143,196,28,14,131,189,28,19,112,156,26,16,91,133,25,18,85,115,30,17,75,108,30,20,63,89,27,17,52,75,27,19,47,65,25,8,44,64,25,20,38,53,24,19,30,44,21,20,11,16,30.17116162,11.02712121,12,17,28,7,11,14,27,6,10,13,28,9,8,Malaysia
Port Klang,2021,7,2,137,202,26,11,128,197,27,14,109,160,25,15,95,135,25,18,74,115,26,13,72,113,29,16,62,92,26,16,54,77,26,18,53,71,24,10,45,67,25,13,37,54,23,16,32,45,21,20,10,16,30.85669444,9.194444444,12,17,29,7,10,15,26,6,10,13,27,8,8,Malaysia
Port Klang,2021,8,2,148,221,26,12,136,202,26,13,122,173,25,15,103,147,26,18,73,116,27,12,74,113,28,14,67,97,27,16,57,83,27,18,64,89,23,13,50,72,24,12,44,60,22,15,36,51,23,21,11,16,28.76123737,15.99608586,12,17,27,10,11,16,26,8,10,13,28,9,7,Malaysia
Port Klang,2021,9,2,128,205,27,12,139,206,27,12,127,185,26,16,111,160,26,17,79,124,27,9,78,118,28,13,71,105,28,16,62,91,27,16,35,62,23,19,50,72,24,12,44,64,23,16,39,55,23,20,14,19,33.24287698,6.055119048,12,17,31,11,12,17,28,8,10,14,28,8,9,Malaysia
Port Klang,2021,10,3,132,201,29,11,136,207,27,12,134,198,28,15,120,173,26,15,73,116,30,11,75,118,28,11,75,113,29,16,67,99,27,15,51,70,28,12,51,73,25,13,48,68,25,17,42,60,24,17,8,15,31.29583333,10.66319444,11,17,31,10,12,17,29,9,11,15,28,8,7,Malaysia
Port Klang,2021,11,3,124,194,32,21,133,205,28,14,131,201,28,14,117,175,26,15,67,109,34,21,73,116,30,13,73,115,29,15,65,100,27,15,42,65,27,19,48,72,25,16,46,69,25,14,41,60,24,16,15,20,38.64401852,25.56766667,12,18,33,15,12,17,31,11,11,16,28,9,10,Malaysia
Port Klang,2021,12,3,147,209,29,22,133,202,29,16,134,202,28,15,126,183,27,15,78,115,29,22,74,116,30,16,74,115,29,15,70,103,28,16,52,69,25,22,45,67,26,18,48,69,25,15,44,62,24,16,17,25,40.19346405,19.3201634,14,20,36,15,13,18,31,13,12,17,30,10,12,Malaysia
Port Klang,2021,13,3,127,200,28,13,133,201,30,17,136,204,28,15,129,190,27,16,74,115,28,11,73,114,30,16,75,116,29,14,71,108,29,16,45,68,27,18,48,68,27,18,49,70,25,15,45,65,24,17,8,17,31.06940972,13.3365625,12,19,35,17,12,18,33,14,12,17,30,11,9,Malaysia
Port Klang,2021,14,3,151,219,29,15,137,206,30,18,137,206,28,15,135,201,28,16,88,125,31,17,77,116,30,18,76,117,29,14,75,114,30,16,52,78,24,10,48,70,26,17,49,72,25,15,48,69,25,17,11,16,39.53164141,24.46808081,13,20,37,21,12,18,34,16,12,18,32,13,7,Malaysia
Port Klang,2021,15,4,130,203,31,18,139,208,29,17,136,207,29,16,133,203,28,15,65,111,32,16,76,117,30,16,75,116,30,15,74,115,30,15,53,72,29,20,51,72,26,18,49,72,26,17,48,70,25,16,12,20,41.90699074,25.775625,12,20,38,21,12,19,36,18,12,18,33,14,10,Malaysia
Port Klang,2021,16,4,141,211,30,17,137,208,30,16,135,205,29,16,135,204,28,15,83,122,31,14,78,118,31,14,76,117,30,15,75,116,30,15,44,69,27,21,49,72,27,17,47,69,26,18,48,70,25,16,14,20,31.68690476,23.82222222,11,18,36,22,12,19,36,19,12,18,33,16,9,Malaysia
Port Klang,2021,17,4,120,199,30,17,136,208,30,17,134,205,30,17,136,205,29,15,56,104,32,14,73,116,31,15,73,115,31,16,75,116,30,15,53,74,27,19,51,73,27,18,49,71,27,18,49,71,26,16,11,21,30.52313131,19.69358586,12,19,36,23,12,19,36,20,12,18,34,17,11,Malaysia
Port Klang,2021,18,4,135,194,31,19,132,202,30,18,134,204,30,18,135,205,29,16,72,106,29,16,69,111,31,15,73,113,31,16,74,115,30,15,49,67,31,18,50,71,28,20,49,70,27,18,49,71,26,17,14,21,40.78015873,35.06242063,13,21,36,26,13,20,37,23,12,19,35,19,11,Malaysia
Port Klang,2021,19,5,128,206,28,23,131,203,29,19,135,205,29,18,134,205,29,17,72,112,29,17,71,111,30,15,74,114,30,16,73,115,30,15,44,75,26,27,48,71,28,21,49,72,27,19,49,72,26,18,12,19,26.63236111,43.41712963,13,20,32,30,12,20,35,26,12,19,35,22,9,Malaysia
Port Klang,2021,20,5,126,208,29,13,127,202,29,18,132,205,29,17,132,204,29,17,75,117,29,9,69,110,30,14,73,114,30,14,74,115,30,15,40,70,26,16,47,72,28,20,48,72,27,19,47,70,27,18,11,21,34.25699495,23.53257576,12,21,33,30,12,19,35,26,12,20,35,23,10,Malaysia
Port Klang,2021,21,5,122,185,31,13,128,198,30,17,132,203,30,17,132,202,30,17,76,111,29,14,74,112,29,14,73,114,30,15,73,114,30,15,33,54,33,10,42,67,29,18,46,70,28,18,47,69,28,18,13,20,35.79899573,14.9417735,13,20,34,29,12,20,35,26,12,20,35,23,11,Malaysia
Port Klang,2021,22,5,78,137,22,9,114,184,27,15,123,193,29,16,127,197,29,17,46,86,22,9,67,107,27,13,68,109,29,14,71,111,30,15,22,33,23,9,35,58,27,16,42,64,28,18,44,66,27,17,10,18,24.30522222,7.943111111,12,20,30,22,12,20,33,24,12,20,35,23,13,Malaysia
Port Klang,2021,23,6,105,118,22,6,108,162,26,10,119,182,28,15,126,191,28,15,62,71,24,4,65,96,26,9,68,104,28,12,71,108,29,14,34,36,20,11,32,48,25,12,40,60,27,16,43,64,26,17,9,11,21.53790123,3.110617284,11,18,29,12,12,19,31,21,12,19,33,21,9,Malaysia
Port Klang,2021,24,6,39,61,17,13,86,125,23,11,107,164,26,14,117,178,27,15,22,35,18,12,52,76,23,10,60,93,26,12,66,101,28,13,10,17,13,27,25,35,22,14,36,53,25,17,40,59,25,17,7,9,20.99376984,0.285714286,10,15,26,7,11,18,29,18,11,18,32,20,15,Malaysia
Port Klang,2021,25,6,151,163,25,7,93,120,22,9,111,159,26,13,119,175,27,14,91,98,25,9,55,73,22,9,65,92,26,11,67,100,28,13,47,52,22,5,28,35,19,13,35,51,24,15,40,58,25,16,13,13,30.02369658,4.818653846,10,13,24,4,11,17,29,17,11,17,31,19,8,Malaysia
Port Klang,2021,26,6,105,171,29,11,100,128,23,10,107,156,25,12,115,171,27,14,64,108,27,11,60,78,23,9,64,92,25,11,65,98,27,12,31,49,30,12,31,39,21,14,33,48,24,15,38,56,25,16,10,14,33.42797222,9.458222222,10,12,26,4,11,16,28,13,11,17,31,18,8,Malaysia
Port Klang,2021,27,6,129,184,29,12,106,145,25,11,107,153,25,11,115,170,27,13,76,106,30,16,63,87,25,12,64,92,26,11,66,98,27,12,40,57,25,5,32,44,22,12,32,46,24,12,37,54,25,15,13,21,38.71194444,13.54856838,11,14,31,7,11,16,30,10,11,17,31,17,11,Malaysia
Port Klang,2021,28,7,127,183,29,13,128,175,28,11,107,150,26,11,114,167,27,13,76,106,28,15,77,105,28,13,64,90,25,11,66,97,27,12,40,58,28,10,40,54,26,8,32,45,24,11,37,54,25,14,11,19,40.14916667,17.81785354,12,17,36,11,11,16,31,9,11,17,31,16,10,Malaysia
Port Klang,2021,29,7,132,208,35,30,123,187,31,17,108,153,26,13,115,168,27,14,72,121,34,30,72,110,30,18,64,91,26,13,67,98,27,14,48,70,32,32,40,59,29,15,34,47,24,14,37,53,26,15,12,17,51.3537037,28.11118056,12,18,41,17,11,15,33,11,11,17,33,17,8,Malaysia
Port Klang,2021,30,7,109,204,31,33,124,195,31,22,112,162,27,16,113,169,27,15,58,115,29,31,71,112,31,23,65,95,27,16,66,99,27,15,38,68,30,32,42,63,29,19,36,51,25,17,36,53,26,16,13,21,45.43967949,48.27358974,12,20,44,27,11,16,35,16,11,17,34,18,10,Malaysia
Port Klang,2021,31,7,122,203,32,30,123,200,32,27,114,172,28,19,112,169,28,16,75,114,31,22,70,114,31,24,67,100,28,18,66,99,27,15,36,69,28,38,41,66,29,28,36,55,26,20,35,53,26,17,11,20,49.74169192,58.05540404,12,19,47,38,11,17,39,23,11,17,35,19,10,Malaysia
Port Klang,2021,32,8,107,183,33,28,118,200,33,30,123,187,30,21,111,167,28,17,67,110,32,26,68,115,32,27,72,110,30,20,65,98,28,17,30,53,31,32,38,65,30,33,39,60,28,21,34,51,26,18,10,20,42.10802778,35.78983333,12,20,47,43,12,18,41,27,11,17,36,20,11,Malaysia
Port Klang,2021,33,8,124,185,34,28,116,194,32,30,119,190,31,23,111,167,28,19,74,110,33,30,69,112,31,27,70,111,31,22,65,98,28,18,42,59,31,29,37,62,30,33,38,60,29,24,35,52,26,20,8,16,48.84552083,13.80840278,11,19,47,39,11,19,44,28,11,17,37,20,9,Malaysia
Port Klang,2021,34,8,100,173,31,18,113,186,32,26,119,190,32,24,113,170,29,19,56,103,29,19,68,109,31,24,69,111,31,23,66,100,28,19,37,58,29,19,36,60,30,29,39,62,29,24,36,54,26,21,7,12,56.91916667,13.37230159,9,17,49,30,11,18,47,29,10,16,40,21,7,Malaysia
Port Klang,2021,35,8,141,192,27,22,118,183,31,24,120,191,31,25,116,176,29,21,78,102,26,20,69,106,30,23,70,110,30,24,67,102,29,20,51,74,25,23,40,61,29,26,40,64,29,27,38,57,27,22,12,16,42.90238426,30.58428241,9,16,48,23,11,18,47,31,11,17,42,23,8,Malaysia
Port Klang,2021,36,9,111,175,33,23,119,181,31,23,118,190,32,27,122,185,31,21,64,100,32,27,68,104,30,24,68,109,31,25,71,108,30,21,39,61,32,15,42,63,29,21,40,64,30,27,40,61,29,21,8,14,47.241875,24.54649306,9,15,49,21,10,17,48,32,11,17,44,25,8,Malaysia
Port Klang,2021,37,9,129,173,31,9,120,178,31,18,118,186,31,24,120,186,31,22,84,109,31,8,71,104,30,18,70,108,31,23,70,109,30,21,32,48,28,14,40,60,28,18,38,61,29,25,39,60,29,22,13,16,35.82675214,7.121495726,10,15,46,19,10,17,46,29,11,17,44,25,9,Malaysia
Port Klang,2021,38,9,117,171,30,10,125,178,30,16,119,182,31,21,121,186,31,22,73,106,29,12,75,104,30,17,71,107,31,20,71,109,31,21,33,47,27,8,39,58,28,15,38,59,29,22,39,60,29,21,11,18,43.42070707,4.448383838,11,16,42,17,10,17,46,23,11,18,45,25,11,Malaysia
Port Klang,2021,39,9,120,179,27,10,119,175,30,13,119,179,31,19,120,186,31,21,71,110,27,11,73,106,30,15,71,106,30,19,71,109,30,21,39,52,28,8,36,52,29,11,38,57,29,18,39,60,29,21,10,17,27.43652778,11.1685,11,16,38,12,10,16,43,18,11,17,44,24,9,Malaysia
Port Klang,2021,40,10,122,171,30,17,122,174,30,12,121,177,30,17,120,185,31,22,77,103,30,18,76,107,30,12,72,105,30,18,71,109,30,21,36,52,27,19,35,50,28,12,39,56,28,17,38,59,29,22,9,16,44.45212963,5.112407407,11,17,38,7,10,16,43,14,10,17,45,23,9,Malaysia
Port Klang,2021,41,10,113,181,29,11,118,176,29,12,119,177,30,15,118,183,31,20,72,113,31,11,73,108,29,13,72,106,29,16,71,108,30,20,29,50,19,11,34,50,25,11,37,55,27,14,37,58,28,21,12,18,46.60229167,11.74018519,11,17,40,8,10,16,43,14,10,17,44,22,10,Malaysia
Port Klang,2021,42,10,138,189,32,14,123,180,30,13,124,179,30,15,120,181,31,19,85,121,35,16,76,112,31,14,76,108,30,15,73,108,31,18,43,54,29,12,37,52,26,12,38,55,27,14,37,56,28,19,10,14,30.45497222,10.89763889,10,16,37,10,11,16,40,13,10,16,43,19,7,Malaysia
Port Klang,2021,43,10,127,206,33,25,125,187,31,17,122,181,31,15,121,182,31,18,76,127,34,29,78,116,32,18,75,111,31,17,73,110,31,19,42,63,32,22,38,55,27,16,37,53,28,14,38,56,28,18,9,16,36.11530864,3.473364198,10,16,39,8,10,16,39,10,10,16,42,14,8,Malaysia
Port Klang,2021,44,10,125,207,34,19,126,196,32,17,124,185,31,14,122,184,31,17,73,127,34,22,77,122,33,19,76,115,31,16,74,111,31,18,38,62,29,15,38,57,27,15,37,54,27,14,38,57,28,16,14,18,46.50609127,14.19325397,11,17,40,10,11,17,39,9,10,16,42,13,9,Malaysia
Port Klang,2021,45,11,108,195,35,13,125,199,34,18,121,187,31,15,121,184,31,16,61,118,36,12,74,123,35,20,74,116,32,16,73,112,31,17,38,61,34,16,40,60,31,16,37,55,28,14,38,57,28,15,9,16,33.06632716,2.991790123,11,16,37,8,11,17,39,8,10,16,41,12,8,Malaysia
Port Klang,2021,46,11,126,196,34,18,122,201,34,19,122,191,32,16,123,186,31,16,83,123,34,16,73,124,35,20,75,118,33,17,75,113,32,17,33,58,29,23,38,61,31,19,37,57,28,16,38,57,28,15,10,15,45.97230556,15.91522222,11,16,40,9,10,16,39,9,11,16,40,12,8,Malaysia
Port Klang,2021,47,11,122,189,35,19,120,197,34,17,123,192,33,17,122,186,32,16,78,122,35,20,74,123,35,18,76,119,34,18,75,115,32,17,32,51,30,21,35,58,30,19,36,56,29,17,36,55,29,15,12,16,46.8068287,11.66027778,11,16,43,11,11,16,41,9,11,16,40,10,8,Malaysia
Port Klang,2021,48,11,129,206,35,26,121,197,35,19,124,196,33,18,123,189,32,16,73,123,36,27,74,122,35,19,75,122,34,19,76,117,33,17,42,63,30,25,36,58,31,21,37,58,29,18,36,55,28,16,14,20,46.38902778,23.66847222,11,17,43,14,11,17,41,12,11,17,40,10,10,Malaysia
Port Klang,2021,49,12,132,198,41,40,127,197,36,26,126,198,35,22,123,191,33,19,76,119,42,47,78,122,37,28,76,123,36,24,75,118,34,20,44,61,37,34,38,58,31,26,39,59,31,21,37,56,29,18,12,18,46.32349537,20.24115741,12,17,46,18,11,17,41,13,11,17,41,11,9,Malaysia
Port Klang,2021,50,12,123,206,45,81,127,200,39,42,124,200,36,30,124,194,34,24,79,135,44,80,77,125,39,43,75,124,37,32,75,120,35,26,33,54,44,89,38,57,35,42,38,59,33,31,37,57,31,25,11,17,53.73866162,62.15739899,12,18,48,29,11,17,44,19,11,17,42,16,8,Malaysia
Port Klang,2021,51,12,93,206,37,66,119,204,39,53,120,200,37,35,122,196,35,29,57,130,38,63,71,127,40,54,73,125,37,36,74,122,36,30,31,62,35,69,38,60,37,54,36,59,33,37,37,58,31,30,5,14,26.57766667,71.51627778,11,17,43,44,11,17,43,28,11,17,42,21,7,Malaysia
Port Klang,2021,52,12,27,127,36,32,94,184,39,55,108,190,37,37,114,192,35,30,15,81,38,23,57,116,40,53,65,119,38,36,69,120,36,31,9,36,29,50,29,53,36,60,33,56,34,41,35,56,31,32,3,10,43.59074074,24.95601852,8,15,43,45,10,16,43,29,10,16,42,23,8,Malaysia
Port Klang,2021,53,12,53,53,17,9,74,148,34,47,101,173,35,36,109,182,34,30,32,32,21,13,46,95,35,45,62,108,36,36,66,113,35,31,14,14,9,2,22,42,30,53,30,50,30,39,33,53,31,32,7,7,19.11051587,3.415674603,7,12,36,41,9,15,41,29,10,15,40,22,13,Malaysia
Port Klang,2022,1,1,90,177,36,23,66,141,32,32,96,170,35,37,105,181,35,31,59,104,37,18,41,87,33,29,59,106,36,36,64,112,36,31,24,56,34,26,20,42,27,37,29,50,31,40,32,53,31,33,7,17,39.52166667,48.69861111,6,12,32,37,9,15,40,33,9,15,40,25,10,Malaysia
Port Klang,2022,2,1,121,178,34,17,73,134,31,20,96,169,35,37,104,178,35,30,76,110,35,16,46,82,33,18,58,104,36,36,64,110,36,30,36,54,31,16,21,40,26,24,29,50,31,39,31,53,31,32,9,14,42.24975309,25.71416667,7,12,36,26,9,15,40,35,9,15,41,27,8,Malaysia
Port Klang,2022,3,1,113,179,36,17,94,147,31,16,94,166,35,36,103,176,35,30,65,103,36,17,58,87,32,16,57,102,36,35,63,108,36,29,36,59,38,20,28,46,28,16,28,50,32,38,31,52,32,33,12,17,29.54189815,4.913263889,9,14,33,21,8,14,38,33,9,15,39,26,9,Malaysia
Port Klang,2022,4,1,122,194,35,26,112,182,35,20,93,165,35,34,104,176,35,31,80,124,37,28,70,110,36,20,58,102,36,32,64,109,36,31,34,57,29,23,33,57,33,21,27,49,31,37,31,52,31,33,8,13,43.76420139,15.69798611,9,15,39,24,8,14,37,32,9,15,40,27,7,Malaysia
Port Klang,2022,5,1,120,201,31,21,119,188,34,20,92,164,33,26,104,176,35,31,78,135,31,23,75,118,35,21,58,102,34,25,64,110,36,31,30,50,30,21,34,55,32,20,27,49,29,28,30,51,31,33,12,16,33.27828704,7.357523148,10,15,37,13,8,14,35,25,9,15,39,27,8,Malaysia
Port Klang,2022,6,2,138,206,30,18,123,195,33,20,98,164,32,20,105,178,34,31,84,129,32,19,77,123,34,22,61,102,33,20,65,110,36,31,41,58,26,18,35,56,31,20,28,48,28,22,31,52,31,33,13,19,29.45647436,13.28623932,11,16,34,10,9,14,35,18,9,15,38,27,9,Malaysia
Port Klang,2022,7,2,133,207,30,12,128,202,32,19,111,174,31,18,105,178,34,30,75,127,34,11,79,129,33,20,69,108,33,18,65,111,35,30,42,59,25,13,37,56,28,19,32,51,28,17,31,52,31,32,16,21,28.10194444,10.62071181,12,17,34,12,11,16,33,16,10,15,36,26,10,Malaysia
Port Klang,2022,8,2,129,205,31,16,130,205,31,17,121,193,33,19,105,178,33,28,84,130,30,17,80,130,32,18,75,120,34,19,65,112,34,27,35,56,30,15,37,56,28,17,35,56,30,19,30,51,30,30,10,19,43.41427778,12.0765,13,19,34,11,11,17,36,17,9,15,36,25,9,Malaysia
Port Klang,2022,9,2,133,199,30,9,133,204,30,14,126,196,32,17,106,178,32,22,79,123,31,10,81,127,32,14,78,123,33,18,65,111,33,22,44,61,27,8,41,59,27,14,37,57,30,17,31,52,29,24,10,15,34.27155556,4.095944444,12,19,34,10,11,17,36,12,9,15,34,20,8,Malaysia
Port Klang,2022,10,3,118,182,30,9,128,198,30,12,126,197,32,16,108,176,31,17,70,107,31,10,77,122,32,12,77,122,33,17,66,109,33,17,35,56,27,7,39,58,28,11,37,57,29,16,32,51,28,18,13,19,32.6957265,7.948055556,12,19,35,9,12,17,34,9,10,16,35,15,10,Malaysia
Port Klang,2022,11,3,131,190,28,8,128,194,30,11,128,198,31,15,117,181,31,15,83,121,27,9,79,120,30,12,79,125,32,16,72,112,32,16,35,52,28,8,37,56,28,10,37,56,28,14,34,53,28,15,13,17,38.13128205,4.777521368,12,18,37,7,12,17,35,9,11,16,34,13,9,Malaysia
Port Klang,2022,12,3,127,178,29,9,127,187,30,9,129,196,30,13,123,191,32,15,86,118,29,9,80,117,30,9,80,124,31,13,77,119,33,16,33,46,28,8,37,54,28,8,37,55,28,12,35,55,30,15,8,14,35.66614583,11.71836806,11,16,35,7,12,18,34,9,11,17,36,14,8,Malaysia
Port Klang,2022,13,3,129,189,30,13,126,185,29,10,130,195,30,12,126,192,31,15,79,121,29,16,80,117,29,11,80,122,30,13,78,121,32,15,37,51,27,9,35,51,28,8,38,55,27,11,37,55,29,14,13,17,43.37309829,4.311175214,12,17,37,7,12,18,36,9,11,17,36,10,9,Malaysia
Port Klang,2022,14,3,134,194,30,23,130,188,29,13,129,193,30,12,127,194,31,15,81,119,31,22,82,120,29,14,80,121,30,13,79,121,31,16,43,57,26,26,37,52,27,13,38,55,27,12,37,55,28,15,10,18,40.89422222,12.13808333,11,17,40,8,12,18,37,8,12,17,36,9,9,Malaysia
Port Klang,2022,15,4,143,212,31,18,133,193,30,16,131,194,30,13,130,196,31,15,90,134,31,18,84,123,30,16,82,122,30,14,81,124,31,16,40,59,27,17,38,53,27,15,38,55,28,12,37,55,28,15,13,19,46.20831197,24.00598291,11,17,42,13,11,17,39,10,12,17,37,11,9,Malaysia
Port Klang,2022,16,4,131,205,33,20,134,200,31,18,131,194,30,14,131,197,30,15,82,127,32,15,83,125,31,18,81,121,30,14,81,124,31,15,35,60,32,29,39,57,28,20,38,55,28,14,38,55,28,15,14,18,41.75970238,23.4555754,13,18,43,16,12,17,39,12,12,18,37,11,9,Malaysia
Port Klang,2022,17,4,129,200,35,28,134,203,32,22,130,194,31,16,131,197,31,15,83,122,36,24,84,126,32,20,82,121,31,15,81,123,31,15,35,55,32,33,38,58,29,26,37,55,28,17,38,56,28,16,11,23,39.81093434,35.32585859,12,20,42,24,12,18,40,15,12,18,38,14,12,Malaysia
Port Klang,2022,18,4,128,208,31,25,133,206,33,23,132,197,31,18,130,197,31,16,81,130,30,23,84,128,32,20,83,124,31,17,81,123,31,15,38,59,30,28,37,58,30,27,37,55,29,20,38,56,28,17,9,19,49.68354938,29.97916667,12,20,44,28,11,18,42,18,12,18,40,15,9,Malaysia
Port Klang,2022,19,5,133,211,30,20,130,206,32,23,132,200,31,19,130,198,31,16,86,135,31,16,83,129,32,19,84,126,31,18,82,124,31,16,33,55,27,25,35,57,30,29,37,55,29,22,37,56,28,18,14,21,34.99428571,35.87035714,12,20,42,31,12,19,42,22,12,18,40,17,10,Malaysia
Port Klang,2022,20,5,136,200,29,14,132,205,31,22,133,202,31,20,131,197,31,16,82,125,29,11,83,128,31,18,83,127,31,18,82,124,31,15,44,56,29,22,38,56,29,27,38,57,29,24,38,56,28,18,10,19,32.94402778,9.53075,11,21,39,28,12,19,41,22,12,18,39,17,10,Malaysia
Port Klang,2022,21,5,134,194,31,13,133,203,31,18,134,203,31,20,131,197,31,17,86,123,32,14,84,128,30,16,84,127,31,18,82,124,31,15,34,52,27,7,37,56,28,21,38,57,29,23,37,55,28,18,14,19,35.28234127,25.61353175,12,20,38,25,12,20,40,24,12,19,39,19,10,Malaysia
Port Klang,2022,22,5,129,196,30,12,133,200,30,15,133,203,31,19,132,198,31,17,80,128,30,11,84,128,31,13,84,128,31,16,83,125,31,16,38,52,26,14,37,54,27,17,37,56,29,22,37,55,28,19,11,16,39.11005051,13.95409091,12,19,36,21,12,19,40,25,12,18,40,19,8,Malaysia
Port Klang,2022,23,6,135,197,30,14,134,197,30,13,132,201,31,18,132,199,31,17,85,124,30,14,83,125,30,12,83,127,31,16,83,126,31,16,38,54,27,12,39,54,27,14,37,55,29,21,37,55,28,19,12,19,38.78388889,14.29055556,12,18,37,16,12,19,39,24,12,19,40,20,10,Malaysia
Port Klang,2022,24,6,159,228,28,14,139,204,30,13,135,204,31,17,135,203,31,18,95,140,29,14,87,129,31,13,85,128,31,16,84,127,31,16,53,72,24,16,41,58,26,12,39,57,28,20,39,57,28,20,11,16,42.51989899,12.63813131,12,18,39,17,12,19,39,22,12,19,40,20,7,Malaysia
Port Klang,2022,25,6,125,205,30,20,137,207,30,15,135,205,30,17,135,204,31,18,80,127,30,19,85,130,30,14,84,129,30,15,84,128,31,17,35,59,27,26,41,59,26,17,39,57,27,19,39,58,28,21,10,19,42.06469444,15.44769444,11,18,41,14,11,19,39,20,12,19,40,21,9,Malaysia
Port Klang,2022,26,6,130,201,28,11,137,208,29,15,135,204,30,15,134,205,31,17,78,124,27,10,85,129,29,14,84,128,30,13,84,128,31,16,40,60,26,10,42,61,26,16,39,58,27,17,39,58,28,20,12,17,35.39726852,20.13634259,11,18,40,16,12,18,38,18,12,19,40,22,8,Malaysia
Port Klang,2022,27,6,125,182,30,11,135,204,29,14,134,200,30,14,133,202,31,17,84,118,31,12,84,127,29,14,84,126,30,13,84,127,31,15,36,53,25,7,41,61,25,15,40,57,26,14,38,57,28,19,5,11,48.63477778,7.804166667,10,16,42,14,11,17,39,15,11,18,40,20,6,Malaysia
Port Klang,2022,28,7,138,198,31,13,130,197,30,14,134,200,30,14,133,202,30,16,92,137,32,12,84,127,30,13,85,128,30,13,84,128,31,15,33,47,25,16,36,55,26,15,38,56,26,14,38,56,27,18,13,14,36.8434188,10.52254274,10,15,41,13,11,16,40,15,11,18,40,19,7,Malaysia
Port Klang,2022,29,7,136,204,29,13,132,196,29,12,135,201,29,13,134,202,30,15,85,130,30,12,85,127,30,12,85,129,30,13,85,128,30,14,40,57,24,11,37,54,25,11,39,57,25,14,39,56,26,16,11,17,32.68813131,25.51984848,10,15,38,16,11,16,40,15,11,17,39,18,8,Malaysia
Port Klang,2022,30,7,136,204,28,9,134,197,29,11,136,202,29,13,135,202,30,14,81,126,28,8,86,128,31,11,85,128,30,13,85,128,30,13,46,63,27,10,39,55,25,11,40,58,26,14,39,57,26,15,9,15,32.33820988,10.1604321,10,14,38,14,10,16,39,15,11,17,38,17,7,Malaysia
Port Klang,2022,31,7,163,232,29,21,143,210,29,14,139,207,29,14,137,203,29,14,104,146,28,19,91,135,30,13,87,131,30,13,86,129,30,13,47,71,26,24,42,60,26,15,41,60,26,15,40,58,26,15,12,15,41.50648148,20.76099537,11,15,36,17,10,16,39,15,11,16,38,16,6,Malaysia
Port Klang,2022,32,8,138,226,30,21,143,217,29,16,136,207,29,15,137,206,29,14,84,145,30,17,89,137,29,14,86,132,30,14,86,131,30,13,42,64,27,30,44,64,26,19,40,59,26,17,40,59,26,15,12,17,38.56701389,21.63756944,11,16,36,20,11,16,39,16,11,16,39,17,8,Malaysia
Port Klang,2022,33,8,136,210,26,16,143,218,28,17,138,207,29,14,138,207,29,15,93,131,27,18,91,137,28,16,88,132,29,14,87,131,29,14,32,60,21,15,42,65,25,20,40,59,25,15,40,59,25,16,11,19,36.40580808,7.91520202,11,17,37,15,11,16,38,16,11,16,39,15,9,Malaysia
Port Klang,2022,34,8,116,182,26,8,138,213,28,17,136,205,29,14,136,206,29,14,82,124,27,8,91,137,28,16,88,132,29,13,87,131,29,14,28,45,23,7,37,60,24,19,38,58,25,15,39,59,25,15,6,13,32.4450463,14.24291667,10,16,37,16,10,15,37,15,10,16,38,15,7,Malaysia
Port Klang,2022,35,8,150,193,26,9,135,203,27,14,139,206,28,14,138,205,28,14,89,122,26,8,87,131,27,13,89,133,28,13,87,131,29,13,52,59,24,10,39,57,24,15,40,58,25,15,40,59,25,15,9,12,39.75697531,12.07188272,10,15,37,14,10,15,36,15,10,15,38,15,6,Malaysia
Port Klang,2022,36,8,144,208,27,12,137,198,26,11,140,207,28,14,136,204,28,14,97,130,28,11,90,127,27,11,89,132,28,13,87,130,29,13,36,62,20,16,37,57,22,12,40,60,24,15,39,58,25,15,11,16,40.19103535,12.42790404,9,15,37,12,10,16,37,16,10,15,38,15,8,Malaysia
Port Klang,2022,37,9,144,201,27,9,139,196,26,10,141,207,27,13,138,203,28,13,95,129,27,8,91,126,27,9,91,132,27,12,89,130,28,12,36,54,23,15,38,55,23,12,40,60,24,16,39,58,24,14,13,18,37.41339744,2.446068376,10,15,37,10,10,16,37,13,10,15,38,14,9,Malaysia
Port Klang,2022,38,9,152,215,26,10,148,204,26,10,143,208,27,13,140,205,28,13,105,146,27,10,97,132,27,9,94,134,27,12,91,132,28,12,37,54,22,9,40,57,22,13,39,59,23,16,39,57,24,14,10,15,37.63086111,9.550111111,11,15,39,9,11,16,38,13,10,15,38,13,7,Malaysia
Port Klang,2022,39,9,148,217,27,10,147,210,27,10,141,207,27,12,142,208,28,13,99,146,27,9,99,138,27,9,93,134,27,11,92,134,28,12,39,56,24,12,37,57,22,13,38,57,23,14,39,58,24,15,10,15,32.55127778,15.31577778,11,16,37,10,10,16,37,12,11,16,37,14,7,Malaysia
Port Klang,2022,40,9,150,215,23,12,149,212,26,10,143,205,26,11,143,209,27,13,93,140,24,10,98,140,26,9,94,134,26,10,92,135,27,11,45,59,19,17,39,56,22,13,38,56,22,13,40,59,23,15,12,16,34.58486111,5.397523148,11,16,36,8,10,16,36,10,11,16,36,13,7,Malaysia
Port Klang,2022,41,10,146,205,27,17,149,213,26,12,144,205,26,11,144,209,27,13,94,133,27,14,98,141,26,11,94,134,26,10,93,135,27,12,38,55,24,14,40,56,22,13,39,56,22,13,40,59,23,15,14,17,41.00990079,41.13956349,12,16,36,18,11,15,37,14,11,16,37,14,8,Malaysia
Port Klang,2022,42,10,157,216,26,15,150,213,26,13,149,209,26,12,145,210,27,13,103,143,26,16,97,141,26,12,97,136,26,11,95,136,27,12,38,52,20,9,40,56,22,13,40,56,22,13,39,58,23,15,16,21,37.23232639,19.79046875,13,17,36,20,12,16,38,15,11,16,37,15,10,Malaysia
Port Klang,2022,43,10,141,202,26,15,149,210,26,15,148,210,26,12,144,208,26,13,86,129,26,15,94,136,26,14,97,137,26,12,93,135,27,12,40,50,23,12,40,54,22,13,39,55,22,13,39,56,23,14,15,23,28.77788889,22.2687037,14,19,35,22,13,18,36,16,12,17,36,15,11,Malaysia
Port Klang,2022,44,10,138,196,24,7,146,205,26,13,147,208,26,12,144,205,26,12,92,129,24,7,94,134,26,13,96,137,26,11,94,134,26,11,37,50,23,6,38,52,23,10,39,54,22,12,38,55,22,12,9,17,33.36216049,4.208888889,14,20,35,22,12,18,35,15,11,17,36,14,9,Malaysia
Port Klang,2022,45,11,162,207,27,10,150,205,26,12,149,209,26,12,146,205,26,11,97,125,28,10,95,132,26,12,96,136,26,12,94,133,26,11,48,62,23,10,41,54,22,9,40,55,22,11,40,55,22,12,17,20,32.34883987,10.81076797,14,20,33,14,13,18,35,16,12,17,36,14,10,Malaysia
Port Klang,2022,46,11,157,220,23,7,150,206,25,10,150,210,25,12,149,208,26,11,104,140,23,6,95,131,25,10,96,136,26,11,96,134,26,10,37,58,20,12,41,55,22,10,40,55,22,12,40,56,22,12,16,22,29.68758681,5.629618056,14,21,31,11,14,19,34,16,13,18,35,13,10,Malaysia
Port Klang,2022,47,11,167,224,24,11,156,212,25,9,152,211,25,12,151,211,26,11,105,143,24,9,100,134,25,8,97,135,25,11,98,136,26,10,49,61,22,15,43,58,22,11,42,56,22,12,40,56,22,12,13,20,27.61720085,12.05200855,14,20,31,8,14,20,33,15,13,18,34,13,9,Malaysia
Port Klang,2022,48,11,151,214,24,11,159,216,25,10,152,211,25,12,151,211,25,11,99,137,25,11,101,136,25,9,98,135,25,11,98,137,26,10,39,59,21,12,43,60,21,12,41,56,22,11,40,56,22,12,13,18,31.56273504,10.38173077,15,20,30,10,14,20,33,16,13,19,34,13,8,Malaysia
Port Klang,2022,49,11,155,217,25,16,158,219,24,11,154,212,25,12,152,212,25,12,100,143,25,16,102,141,24,10,98,136,25,11,98,138,26,11,43,57,21,17,42,59,21,14,41,56,22,12,41,56,22,12,12,17,35.34770833,16.97990741,14,19,31,11,14,20,32,13,13,18,33,14,8,Malaysia
Port Klang,2022,50,12,160,228,23,11,158,221,24,12,154,214,24,11,153,213,25,12,108,155,23,11,103,145,24,12,99,138,25,11,98,139,25,11,39,56,21,10,43,58,21,14,42,57,22,12,41,56,22,12,13,17,29.42696581,10.00395299,13,18,31,12,14,19,31,12,13,19,33,14,7,Malaysia
Port Klang,2022,51,12,153,209,21,9,155,217,23,12,155,214,24,10,153,213,24,12,97,133,21,9,101,142,23,12,100,138,24,10,98,138,25,11,47,61,20,9,42,58,21,12,42,58,21,11,42,57,21,12,9,15,20.98098765,18.13157407,12,17,29,14,13,18,30,11,13,19,32,15,7,Malaysia
Port Klang,2022,52,12,222,271,27,20,173,231,24,14,166,224,24,12,159,217,25,12,136,166,26,16,110,149,24,13,106,143,24,11,102,140,25,12,67,83,28,25,49,64,23,15,46,62,22,14,44,59,22,13,19,22,35.04280702,34.56991228,13,18,30,20,14,19,30,15,14,19,32,17,8,Malaysia
Qingdao,2019,1,1,137,141,19,2,,,,,,,,,,,,,59,60,18,2,,,,,,,,,,,,,41,42,16,3,,,,,,,,,,,,,37,39,23.23692192,1.973483483,,,,,,,,,,,,,28,PRC
Qingdao,2019,2,1,125,150,20,5,,,,,,,,,,,,,58,67,19,7,,,,,,,,,,,,,36,47,19,3,,,,,,,,,,,,,31,36,24.35021505,1.289982079,,,,,,,,,,,,,24,PRC
Qingdao,2019,3,1,126,141,20,9,,,,,,,,,,,,,54,62,19,3,,,,,,,,,,,,,38,42,19,26,,,,,,,,,,,,,34,37,23.50119281,0.729763072,,,,,,,,,,,,,26,PRC
Qingdao,2019,4,1,125,143,21,5,128,144,20,5,,,,,,,,,57,62,20,3,57,63,19,4,,,,,,,,,35,43,19,7,38,44,18,10,,,,,,,,,33,38,24.15507576,6.850808081,34,38,24,3,,,,,,,,,27,PRC
Qingdao,2019,5,1,122,147,22,3,125,145,21,5,,,,,,,,,55,64,20,2,56,64,19,4,,,,,,,,,36,47,20,3,36,45,19,10,,,,,,,,,31,36,26.2555914,2.240215054,32,37,25,3,,,,,,,,,24,PRC
Qingdao,2019,6,2,79,109,18,11,113,135,20,7,,,,,,,,,36,45,14,18,51,58,18,7,,,,,,,,,27,41,19,7,34,43,19,11,,,,,,,,,16,23,22.46203125,5.125434028,29,34,24,4,,,,,,,,,21,PRC
Qingdao,2019,7,2,83,100,16,5,102,125,19,6,,,,,,,,,36,46,14,11,46,54,17,8,,,,,,,,,26,31,16,2,31,41,19,5,,,,,,,,,21,23,19.25396825,0.241269841,25,30,23,4,,,,,,,,,23,PRC
Qingdao,2019,8,2,123,146,18,9,102,126,18,7,115,135,19,6,,,,,55,63,17,9,46,55,16,10,51,59,18,7,,,,,34,43,19,10,31,41,19,6,34,42,18,8,,,,,34,40,19.03,9.230098039,26,31,22,4,30,34,23,3,,,,,27,PRC
Qingdao,2019,9,2,122,151,19,4,102,127,18,7,113,136,19,6,,,,,57,66,17,5,46,55,16,11,51,59,18,7,,,,,32,46,18,2,30,40,18,5,33,43,19,8,,,,,33,39,21.37883838,2.516902357,26,31,21,4,29,34,23,4,,,,,26,PRC
Qingdao,2019,10,3,124,151,19,10,113,137,18,7,113,136,19,7,,,,,55,64,18,6,51,60,17,8,51,59,18,7,,,,,39,48,18,7,33,42,18,5,33,43,19,8,,,,,30,39,23.65309259,20.52962963,30,35,21,8,29,34,22,6,,,,,26,PRC
Qingdao,2019,11,3,127,152,21,9,124,150,19,8,113,137,19,7,,,,,51,61,19,5,55,64,18,6,50,59,18,7,,,,,40,48,21,13,36,46,19,8,34,43,19,6,,,,,36,43,22.59531636,9.149104938,33,40,22,10,29,35,22,7,,,,,28,PRC
Qingdao,2019,12,3,119,146,21,7,123,150,20,7,112,138,19,7,118,140,19,7,58,63,20,4,55,64,19,5,50,59,17,7,53,60,18,6,33,46,20,13,36,47,19,9,33,44,19,7,35,44,19,8,28,37,23.02896825,5.937470238,32,40,23,10,29,35,22,7,30,36,23,5,25,PRC
Qingdao,2019,13,3,127,159,22,8,124,152,21,8,113,139,19,8,117,141,20,7,54,63,22,4,55,63,20,5,50,59,18,8,52,61,18,6,39,53,20,8,38,49,20,10,34,45,19,8,35,45,19,8,34,43,25.52096405,12.64651961,32,41,24,12,29,36,22,8,30,36,23,6,27,PRC
Qingdao,2019,14,4,120,154,22,10,123,153,21,8,118,145,20,8,116,142,20,7,53,64,20,10,54,63,20,6,52,61,18,7,52,60,18,7,41,53,21,11,38,50,20,11,36,46,19,8,35,45,19,9,26,37,26.87228632,8.859583333,31,40,25,9,30,38,23,9,30,36,23,7,24,PRC
Qingdao,2019,15,4,57,95,17,13,106,139,20,9,115,144,20,9,111,138,20,8,24,40,18,13,47,58,20,8,51,61,19,7,49,58,18,7,17,31,15,16,33,46,19,12,34,46,19,10,33,44,19,8,16,24,18.93347222,9.784947917,26,35,24,9,30,38,23,10,28,35,23,8,25,PRC
Qingdao,2019,16,4,104,133,22,9,102,135,21,10,113,143,20,9,109,137,20,8,46,60,21,9,44,57,20,9,50,60,19,7,48,58,18,8,27,35,21,6,31,43,19,10,34,45,19,10,33,44,19,8,31,38,23.82197133,12.34663082,27,36,24,11,29,38,23,10,28,35,23,8,29,PRC
Qingdao,2019,17,4,107,129,22,10,97,128,21,11,111,140,21,9,108,135,20,9,47,58,19,12,43,56,19,11,49,59,19,8,48,58,18,9,38,44,21,6,31,41,19,10,34,45,20,10,33,43,19,8,22,27,28.5990404,11.57757576,24,32,25,11,28,36,24,11,27,34,23,9,21,PRC
Qingdao,2019,18,5,136,173,20,13,101,133,20,11,112,143,21,10,112,141,20,9,53,68,19,10,43,57,19,11,48,60,20,8,49,60,19,8,45,60,19,20,32,43,19,12,35,46,20,12,34,45,19,10,38,45,22.61398392,8.617266082,27,34,23,11,29,37,24,10,29,36,23,9,26,PRC
Qingdao,2019,19,5,125,160,21,9,118,149,21,10,112,144,21,10,116,146,20,9,54,68,20,9,50,64,20,10,49,61,20,9,51,62,19,8,40,53,19,10,38,48,20,11,35,47,19,11,35,47,19,10,31,39,23.84694444,6.260913978,31,37,25,10,28,36,24,10,30,38,23,10,24,PRC
Qingdao,2019,20,5,117,152,23,13,121,154,21,11,112,144,21,10,115,146,21,9,54,64,20,9,52,65,19,10,48,61,20,10,51,62,19,8,35,53,24,16,40,53,21,13,35,48,20,12,36,48,20,11,28,35,27.85698413,14.16652778,30,37,26,10,28,36,25,11,29,37,24,10,23,PRC
Qingdao,2019,21,5,130,164,23,8,127,162,21,11,112,145,21,11,116,147,21,10,58,71,19,9,55,68,20,9,49,62,19,10,51,62,20,8,39,52,21,8,40,55,21,13,35,48,20,12,36,48,20,11,33,41,30.01360269,7.140058923,33,40,26,9,28,36,25,10,29,37,25,11,25,PRC
Qingdao,2019,22,5,133,167,23,20,126,161,22,12,114,147,21,12,117,149,21,11,60,73,20,18,57,69,20,11,50,63,20,11,51,63,20,9,38,49,24,23,38,52,22,14,35,47,20,13,36,48,20,13,35,45,27.29723016,17.6544127,32,40,27,11,29,37,25,11,30,38,25,10,27,PRC
Qingdao,2019,23,6,117,157,23,11,124,160,23,13,121,154,22,11,116,149,21,11,55,73,21,11,57,70,20,12,53,67,20,11,51,64,20,10,34,48,22,11,37,51,23,15,37,49,21,13,36,48,21,12,28,36,28.10021825,9.518670635,31,39,28,12,31,38,27,11,29,37,26,10,23,PRC
Qingdao,2019,24,6,131,162,21,15,128,163,23,13,125,158,22,12,117,150,22,11,56,71,20,8,57,72,20,11,55,68,20,11,51,64,20,10,36,44,18,24,37,48,21,16,38,50,21,15,36,48,20,13,39,47,26.42666667,17.53366809,34,42,28,13,32,39,27,12,30,38,26,11,29,PRC
Qingdao,2019,25,6,128,158,20,9,127,161,22,14,127,162,22,12,117,150,21,12,62,70,19,10,58,72,20,12,57,70,20,11,52,65,20,11,38,50,17,12,37,48,20,18,38,51,21,15,36,48,20,14,28,38,26.50996032,5.430912698,33,42,27,13,33,41,27,11,30,38,26,11,24,PRC
Qingdao,2019,26,6,133,162,24,8,127,160,22,11,127,160,22,12,118,151,22,11,59,71,21,8,58,71,20,9,57,70,20,10,52,66,20,11,42,52,23,9,38,49,20,14,38,50,21,14,36,48,20,13,32,39,29.69842014,7.863498264,32,40,28,10,32,40,27,11,30,38,26,11,24,PRC
Qingdao,2019,27,7,127,162,22,10,130,161,22,11,127,161,22,12,124,157,22,11,55,72,19,8,58,71,20,8,57,71,20,10,55,68,20,10,41,53,22,12,39,50,20,14,38,50,22,14,38,49,21,13,31,37,24.45102151,11.60491039,33,40,27,11,32,40,28,11,31,39,27,11,23,PRC
Qingdao,2019,28,7,130,162,23,10,130,161,22,9,129,162,22,11,126,159,22,11,55,67,20,9,58,70,20,9,58,71,20,10,56,69,20,10,44,55,24,8,41,53,22,10,39,50,22,13,39,51,21,13,31,40,27.27367384,15.41926523,31,39,27,10,32,40,27,12,31,39,27,11,25,PRC
Qingdao,2019,29,7,120,155,22,9,128,160,23,9,127,161,22,12,127,161,22,11,54,65,21,8,56,69,20,8,57,70,20,10,56,69,20,10,37,55,20,4,41,54,22,8,39,51,21,13,39,52,21,13,29,35,28.14284483,19.29031609,31,38,27,14,32,40,27,13,32,40,27,12,23,PRC
Qingdao,2019,30,7,127,152,23,9,126,158,22,10,127,159,22,10,127,159,22,11,60,71,19,7,56,69,20,8,57,70,20,8,57,70,20,9,35,41,23,13,39,51,22,9,38,50,21,12,38,50,21,12,32,40,29.0722309,10.04480035,31,38,27,14,31,39,27,12,31,39,27,12,26,PRC
Qingdao,2019,31,7,126,161,22,12,126,158,22,10,128,159,22,10,127,160,22,11,59,74,20,12,57,69,20,9,58,70,20,9,57,70,20,10,40,49,19,13,39,50,21,9,39,50,21,12,38,50,21,13,27,38,28.38766461,10.33030864,30,38,28,14,31,39,27,12,31,39,28,12,24,PRC
Qingdao,2019,32,8,78,108,20,9,113,144,22,10,121,153,22,10,123,156,22,11,33,47,18,16,52,64,19,11,55,67,20,10,56,69,20,10,24,38,20,4,34,46,20,8,38,49,21,9,37,49,21,12,21,23,24.3148545,2.410912698,27,34,27,11,29,36,27,10,31,38,27,11,21,PRC
Qingdao,2019,33,8,149,159,20,7,120,145,21,9,124,153,22,9,125,155,22,11,64,71,17,7,54,66,18,10,55,67,19,9,56,69,20,10,47,48,22,5,37,44,21,9,39,49,22,8,38,49,21,11,38,40,24.67630848,8.363062865,30,35,27,8,30,37,27,11,31,38,27,11,25,PRC
Qingdao,2019,34,8,126,156,21,10,120,146,21,9,123,152,22,9,124,155,22,10,51,62,20,11,52,64,19,11,54,66,19,10,55,68,20,9,40,50,20,8,38,46,20,7,39,49,21,8,38,49,21,10,35,44,24.19824603,7.911039683,30,36,25,7,31,37,26,11,31,38,27,10,28,PRC
Qingdao,2019,35,8,112,141,20,3,116,141,21,7,121,149,21,9,124,153,22,9,57,68,19,4,51,62,18,10,54,66,19,9,55,67,19,9,28,37,20,3,35,43,21,5,37,47,21,7,38,48,21,10,27,36,23.15802469,1.61882716,30,36,24,5,30,37,26,9,31,38,26,10,26,PRC
Qingdao,2019,36,9,78,91,20,8,116,137,21,7,115,140,21,8,120,147,21,9,32,35,21,5,51,59,19,7,51,62,19,9,53,64,20,9,30,35,18,13,36,43,20,7,35,44,20,8,37,47,21,9,16,21,22.03008681,2.98671875,29,35,24,5,28,35,25,8,29,36,26,9,23,PRC
Qingdao,2019,37,9,105,126,19,4,105,129,20,6,113,137,21,8,118,145,21,8,51,56,17,5,48,55,19,6,51,61,19,8,53,63,19,8,29,39,20,4,32,40,20,7,34,42,20,8,36,46,21,8,25,31,24.35025556,1.956355556,26,33,23,4,28,34,25,6,29,35,26,8,25,PRC
Qingdao,2019,38,9,133,144,21,14,107,126,20,7,113,136,20,8,118,143,21,9,59,62,18,5,50,55,19,5,51,59,19,8,53,63,19,8,42,46,21,34,32,39,20,14,35,43,20,11,36,46,21,10,32,36,24.34561632,3.545755208,25,31,23,3,28,34,24,5,29,35,25,8,25,PRC
Qingdao,2019,39,9,123,149,23,7,110,128,21,8,113,134,21,8,117,142,21,8,55,68,21,9,49,55,19,6,50,59,19,8,53,62,19,8,35,42,22,6,34,41,20,14,34,42,20,10,36,45,21,10,33,39,26.47178451,6.372920875,27,32,24,4,28,34,24,4,29,35,26,8,26,PRC
Qingdao,2019,40,10,30,78,10,5,98,124,18,8,107,131,19,7,109,135,20,8,8,28,14,17,43,54,17,9,47,56,18,8,49,59,19,9,12,24,8,1,30,38,18,11,33,40,19,9,33,42,19,9,10,26,8.575638889,0.917222222,25,33,21,3,27,34,22,4,27,34,24,6,33,PRC
Qingdao,2019,41,10,108,114,18,4,99,121,18,8,102,125,19,7,108,132,20,8,49,52,18,7,43,53,18,10,45,54,18,8,48,58,18,9,40,41,17,2,32,38,17,11,32,39,18,9,34,41,19,9,19,21,20.30802632,1.125687135,24,31,20,3,25,32,22,3,26,33,23,5,18,PRC
Qingdao,2019,42,10,119,134,20,4,95,119,18,5,101,122,19,6,107,130,20,7,50,57,19,4,41,51,18,9,45,53,18,7,47,57,18,9,39,45,19,4,32,38,16,3,32,39,18,8,34,41,19,8,30,32,24.03974074,1.794685185,23,30,20,3,24,30,22,3,26,32,23,4,24,PRC
Qingdao,2019,43,10,130,151,23,5,97,119,18,5,103,123,19,6,108,129,20,7,58,64,20,5,41,50,18,8,45,53,18,7,47,56,18,8,38,50,23,7,32,40,17,4,33,40,18,9,34,41,19,8,34,37,28.56572712,1.637982026,23,29,20,1,25,30,22,3,27,32,23,3,25,PRC
Qingdao,2019,44,11,127,150,21,5,121,137,21,4,109,131,19,6,112,133,20,6,56,67,19,5,53,60,19,6,48,57,18,7,49,58,19,7,40,49,22,6,39,46,20,5,34,42,19,8,35,42,19,8,31,34,24.35699821,2.641218638,29,31,24,2,27,32,23,2,28,33,23,3,23,PRC
Qingdao,2019,45,11,121,148,20,2,124,146,21,4,111,134,19,6,109,132,20,6,57,69,19,3,55,64,19,4,49,58,18,7,49,57,19,7,37,48,19,1,39,48,21,5,35,43,19,8,34,42,19,8,27,31,23.07538066,0.111100823,31,34,25,2,27,32,22,2,27,32,23,3,21,PRC
Qingdao,2019,46,11,119,135,21,3,124,146,21,4,110,132,20,4,109,130,20,5,54,61,20,4,56,65,19,4,48,58,19,7,49,57,19,6,39,47,22,4,39,49,22,4,35,43,19,4,34,42,19,7,26,27,23.13490385,0.115384615,30,32,25,1,26,31,22,2,26,31,23,2,20,PRC
Qingdao,2019,47,11,115,137,22,4,121,143,21,3,109,131,19,4,109,130,20,5,52,61,20,3,55,65,19,4,48,57,18,6,48,57,19,6,32,44,20,3,37,47,21,4,35,44,19,4,34,43,19,7,31,32,26.80376344,5.779086022,29,31,24,2,26,30,22,2,26,31,23,2,23,PRC
Qingdao,2019,48,11,131,154,21,3,122,144,21,3,121,140,21,4,113,135,20,5,63,72,18,3,57,66,19,3,55,63,19,4,51,60,18,6,43,51,21,4,38,48,21,3,39,47,21,4,36,44,20,6,25,31,27.49097778,2.0589,27,30,25,2,28,31,25,2,27,31,23,2,20,PRC
Qingdao,2019,49,12,120,148,22,4,121,144,21,4,123,145,21,4,115,137,20,5,52,63,20,7,55,64,19,4,55,64,19,4,51,60,19,6,35,47,21,3,37,47,21,3,38,48,21,4,36,45,20,6,33,38,24.61944444,1.16023569,29,32,26,2,30,33,25,2,28,32,23,2,26,PRC
Qingdao,2019,50,12,78,99,20,5,111,135,21,4,118,140,21,4,110,133,20,4,32,43,17,4,50,60,19,4,53,63,19,4,49,59,19,6,20,24,18,1,33,42,20,3,36,45,21,4,34,43,19,4,26,32,24.95705128,8.351014957,29,33,26,4,29,33,25,3,27,32,24,3,32,PRC
Qingdao,2019,51,12,19,26,17,10,87,107,20,5,104,125,20,4,101,123,20,4,10,11,16,12,39,47,18,6,47,56,18,5,45,54,18,6,3,3,11,16,25,31,18,6,31,39,19,5,32,39,19,4,6,12,21.25337963,1.950648148,23,28,25,3,26,30,24,3,25,29,23,2,46,PRC
Qingdao,2019,52,12,26,27,22,3,61,75,20,5,91,109,20,4,101,119,20,4,10,11,19,8,26,32,18,8,41,49,18,5,45,53,19,6,5,5,14,1,16,20,16,5,27,34,18,4,31,38,19,4,11,11,27.15244949,0.163661616,19,23,24,3,23,27,25,2,25,28,25,2,41,PRC
Qingdao,2020,1,1,125,125,30,19,62,69,22,9,92,106,22,6,103,120,22,5,68,68,37,22,30,33,22,11,43,49,21,8,47,54,20,7,30,30,20,22,15,16,16,10,26,31,18,7,30,37,19,6,27,27,22.71248971,8.397705761,18,21,24,5,23,26,25,3,26,29,25,3,22,PRC
Qingdao,2020,2,1,140,169,22,12,78,87,23,11,94,111,22,7,104,122,22,6,65,82,19,11,38,43,23,13,44,51,21,9,48,56,20,7,43,52,22,16,20,23,17,14,26,32,18,8,30,38,19,7,32,35,28.24115451,10.06144965,19,21,25,5,24,27,25,5,26,29,25,4,21,PRC
Qingdao,2020,3,1,123,159,21,6,104,120,24,10,95,113,22,8,104,123,21,6,61,79,20,10,51,60,24,13,45,54,21,10,48,57,20,8,34,45,21,3,28,33,19,10,27,32,18,8,30,37,19,7,28,35,22.87838294,0.157916667,25,27,25,5,24,28,25,4,25,29,25,3,22,PRC
Qingdao,2020,4,1,110,137,20,13,125,148,23,13,93,111,22,9,102,122,21,7,48,64,18,24,61,73,24,17,43,53,21,12,48,57,20,9,36,45,19,4,36,43,20,11,26,31,18,8,30,37,19,6,26,28,26.0917735,6.820982906,28,31,25,6,24,27,25,5,25,28,25,4,20,PRC
Qingdao,2020,5,1,89,110,20,47,116,144,21,20,89,107,21,14,100,119,21,11,38,48,20,91,53,68,19,34,42,51,21,23,46,55,20,17,27,33,21,17,35,44,21,10,25,30,18,10,29,36,19,8,24,29,20.03518519,11.01844907,28,32,24,7,23,26,24,6,25,28,25,5,26,PRC
Qingdao,2020,6,2,94,125,18,27,104,133,20,23,91,110,21,17,98,118,21,13,42,64,19,23,47,64,19,37,43,53,21,25,45,56,20,18,27,32,16,51,31,39,19,19,26,31,18,16,28,34,19,12,25,29,18.83791111,9.489388889,26,30,22,7,22,26,23,6,25,28,24,5,23,PRC
Qingdao,2020,7,2,87,125,24,50,95,124,21,35,99,122,22,22,95,117,21,17,43,65,26,63,43,60,21,50,47,60,22,32,44,56,21,23,25,38,19,52,29,37,19,31,28,35,19,21,27,34,19,16,19,22,23.99203216,18.6994883,24,27,22,12,24,27,24,8,24,27,24,7,18,PRC
Qingdao,2020,8,2,118,167,22,40,97,132,21,41,111,140,22,27,94,118,21,20,47,75,22,12,43,63,22,47,52,68,23,32,43,56,21,24,44,60,19,48,31,41,19,42,33,42,20,26,27,35,18,19,27,32,25.99780864,75.52614198,24,28,22,29,26,30,24,18,24,28,24,13,19,PRC
Qingdao,2020,9,2,112,160,21,22,103,144,21,35,109,144,21,27,93,119,21,21,47,67,20,12,45,68,22,28,49,68,20,31,43,56,21,24,33,54,19,18,32,46,18,42,34,45,20,26,27,35,18,21,32,39,26.04719618,42.93559896,26,31,24,37,27,31,24,22,24,28,24,16,24,PRC
Qingdao,2020,10,3,115,165,22,15,108,154,22,32,106,144,21,28,97,125,22,22,49,69,22,6,47,69,23,23,47,66,21,30,44,59,22,25,32,50,19,17,34,51,19,34,32,45,19,26,28,37,18,22,34,46,25.51887255,24.07534314,28,35,25,40,27,33,24,24,24,29,24,17,28,PRC
Qingdao,2020,11,3,131,182,23,16,119,169,22,23,107,146,21,29,106,138,22,23,65,77,22,10,52,72,21,10,47,66,21,30,49,64,22,24,35,57,21,13,36,55,20,24,32,46,19,27,31,42,19,22,31,48,26.51773297,31.83301075,31,41,26,44,27,34,24,28,26,32,25,20,26,PRC
Qingdao,2020,12,3,124,173,23,15,121,170,22,17,109,151,22,29,114,150,22,24,62,75,23,9,56,72,22,9,49,68,22,28,53,69,22,24,28,45,22,14,32,52,20,16,31,46,20,29,33,45,20,23,34,53,23.64436275,25.65684641,33,47,25,31,28,37,24,30,28,35,24,22,31,PRC
Qingdao,2020,13,3,132,176,22,21,126,174,22,17,114,159,22,26,115,154,22,24,58,74,21,11,59,74,22,9,52,71,22,18,52,70,21,24,39,52,21,11,34,51,21,14,33,49,20,28,34,47,20,22,35,50,24.4617381,49.45705556,34,49,25,33,30,40,24,35,29,37,24,25,28,PRC
Qingdao,2020,14,3,127,173,19,14,129,176,22,16,118,165,22,24,114,154,21,24,62,77,19,16,62,76,21,11,54,72,22,17,52,70,21,24,35,50,17,9,34,51,20,12,34,51,20,23,33,47,20,21,30,46,23.54990741,15.64780556,33,49,25,31,30,42,25,35,29,38,24,26,27,PRC
Qingdao,2020,15,4,133,171,20,10,129,173,21,15,124,171,22,19,114,155,21,24,59,76,20,9,60,76,21,11,56,74,21,11,52,69,21,24,42,52,17,3,36,50,19,9,36,53,20,17,34,47,19,21,32,43,22.66770833,23.63325521,33,48,24,29,32,45,25,36,29,39,24,28,25,PRC
Qingdao,2020,16,4,123,167,19,19,129,172,20,16,125,171,21,16,115,158,21,25,57,75,19,7,59,76,20,11,57,74,21,10,52,70,21,22,37,50,17,13,38,51,18,9,35,51,19,12,34,48,19,22,29,42,23.43023946,48.23755747,32,45,24,34,32,46,24,33,29,40,24,31,25,PRC
Qingdao,2020,17,4,129,165,19,14,128,169,19,14,127,172,21,15,119,162,21,22,66,79,19,11,61,77,19,10,60,75,20,10,55,73,21,16,33,41,17,7,37,48,17,8,35,50,19,11,34,48,19,21,30,45,20.68664815,31.0474537,30,44,23,30,32,47,24,31,30,41,24,33,27,PRC
Qingdao,2020,18,4,121,167,22,20,127,168,20,16,128,172,21,16,121,166,21,21,61,79,22,19,61,77,20,11,61,77,20,11,56,74,21,15,34,48,21,26,37,48,18,12,35,49,19,12,35,50,19,19,26,40,21.60717949,12.61911325,29,43,22,29,31,46,23,30,30,42,24,33,24,PRC
Qingdao,2020,19,5,115,170,21,37,122,167,20,22,126,170,21,19,123,170,21,20,52,79,20,11,59,78,20,12,60,77,20,12,57,75,21,11,34,50,18,60,35,47,18,26,35,49,19,18,36,51,19,20,29,41,25.46728927,57.00672414,29,42,23,37,31,45,23,33,31,44,24,36,24,PRC
Qingdao,2020,20,5,133,182,22,24,125,171,21,24,127,171,20,20,125,171,21,19,64,80,20,14,61,79,20,14,60,77,20,12,59,76,20,11,39,54,21,14,35,48,19,26,37,50,19,18,35,50,19,17,30,48,26.37487037,61.35515741,29,44,24,41,30,44,24,37,31,45,24,35,26,PRC
Qingdao,2020,21,5,120,183,21,22,122,176,21,26,125,172,20,20,125,173,21,19,61,86,20,12,60,81,20,14,60,79,20,12,60,77,20,11,31,53,19,36,35,51,20,34,36,50,18,21,35,50,19,18,28,44,25.49600198,28.82404762,28,43,25,40,29,44,24,35,31,46,24,34,24,PRC
Qingdao,2020,22,5,132,178,21,21,125,178,21,26,126,173,20,21,127,174,21,19,62,78,21,11,60,81,20,12,60,79,20,12,61,78,20,12,40,57,19,7,36,54,19,29,36,51,19,21,36,51,19,18,30,43,25.16661111,58.50893519,29,44,26,51,29,43,24,40,30,45,24,37,24,PRC
Qingdao,2020,23,6,129,170,21,27,129,178,21,23,125,173,21,23,127,173,21,20,62,79,21,29,62,81,20,16,61,79,20,14,61,78,20,13,38,51,18,26,37,54,19,21,36,51,19,23,36,50,19,19,29,40,24.92638889,22.73185824,29,44,25,43,29,43,24,40,30,45,24,36,24,PRC
Qingdao,2020,24,6,127,183,23,19,127,179,22,22,126,175,21,23,127,174,21,21,62,83,21,15,62,82,21,17,61,80,20,15,61,79,20,14,31,52,21,18,35,53,19,22,35,51,19,24,36,51,19,19,34,48,28.01665033,28.88162582,30,44,26,35,30,44,25,38,30,44,24,36,26,PRC
Qingdao,2020,25,6,126,176,21,22,129,177,22,22,125,176,21,24,126,174,21,21,61,79,19,14,62,80,21,17,61,80,20,16,61,79,20,14,40,55,18,22,37,54,19,18,36,53,19,26,36,51,19,20,25,42,29.28031111,42.86551111,30,43,27,38,29,43,26,39,29,44,25,36,24,PRC
Qingdao,2020,26,6,115,164,20,14,124,173,21,21,125,176,21,23,125,173,21,21,60,78,19,9,61,80,20,17,61,80,20,14,61,79,20,13,31,47,19,18,35,51,19,21,36,52,19,25,36,51,19,21,24,39,25.80072917,18.82240741,28,42,27,28,29,43,26,40,29,43,25,36,24,PRC
Qingdao,2020,27,7,125,162,16,13,123,171,20,17,126,175,21,20,125,172,20,21,57,70,16,9,60,78,19,12,61,79,20,14,60,79,20,13,37,50,14,8,35,51,18,17,36,52,19,19,35,51,19,21,31,42,17.95629032,26.84314516,29,43,25,29,29,43,25,36,29,43,25,36,26,PRC
Qingdao,2020,28,7,117,150,18,11,121,163,19,15,124,171,20,19,124,171,20,20,63,74,16,6,60,75,18,10,61,78,19,13,61,79,19,13,27,39,18,6,34,48,17,14,34,51,18,18,35,50,19,21,27,37,22.14614198,29.59471193,27,40,24,30,29,42,25,32,29,42,24,35,25,PRC
Qingdao,2020,29,7,124,151,16,14,120,157,18,13,124,167,20,18,124,170,20,20,55,67,16,11,59,72,17,9,60,76,19,13,60,78,19,13,36,44,15,12,33,45,17,11,35,49,18,15,35,50,18,21,33,40,16.67638889,22.15698653,29,40,21,24,29,41,24,31,29,42,24,34,26,PRC
Qingdao,2020,30,7,115,149,18,17,120,153,17,14,122,163,19,17,123,168,20,20,50,61,17,17,56,68,16,11,59,74,18,14,59,76,19,13,33,43,20,17,33,44,17,11,34,48,18,16,35,50,18,20,32,45,19.89357639,16.03748264,31,41,19,24,29,42,23,26,29,42,24,34,30,PRC
Qingdao,2020,31,7,121,156,19,15,119,152,18,14,121,161,19,16,124,167,20,18,61,75,18,14,57,69,17,12,59,73,18,12,60,76,19,13,32,43,19,21,32,42,18,14,33,47,18,15,35,49,18,17,28,38,22.31832341,12.27203373,30,40,20,20,29,41,23,25,29,42,24,31,24,PRC
Qingdao,2020,32,8,115,142,17,19,119,150,18,16,120,156,18,16,122,164,19,18,52,67,16,20,55,68,17,16,57,71,17,13,59,75,18,14,29,35,16,17,33,41,17,17,33,45,17,15,34,47,18,17,34,40,20.34325163,18.98423203,32,41,20,17,29,40,22,23,30,42,23,27,28,PRC
Qingdao,2020,33,8,106,144,19,18,114,148,18,17,117,152,18,15,121,160,19,18,50,69,18,12,53,68,17,16,56,70,17,12,58,73,18,14,33,42,17,23,32,41,18,19,32,43,17,15,34,47,18,16,23,33,23.14752415,22.50960145,29,39,21,17,29,39,21,21,29,41,23,27,23,PRC
Qingdao,2020,34,8,119,152,32,11,115,149,22,16,118,151,19,15,120,158,20,17,63,74,37,11,57,71,22,14,56,70,19,12,58,73,20,14,32,42,23,11,32,41,19,18,32,42,18,14,33,45,18,17,24,36,30.31961806,12.36251157,27,37,24,17,29,39,22,20,29,40,23,23,24,PRC
Qingdao,2020,35,8,120,146,21,11,115,146,22,15,117,149,20,15,119,156,20,15,68,78,20,13,58,72,23,14,58,71,20,13,59,73,19,13,28,35,20,9,31,39,19,15,31,40,18,14,32,44,18,15,24,33,26.81099537,6.00630787,26,36,25,15,28,38,23,17,28,39,24,21,23,PRC
Qingdao,2020,36,9,141,177,24,12,122,155,24,13,120,152,21,15,120,156,20,15,60,83,21,12,60,76,24,12,57,72,20,14,58,73,19,12,48,54,22,14,35,43,20,14,34,42,19,15,34,44,18,15,33,40,33.27585859,9.722239057,26,36,28,13,29,38,24,15,28,39,24,20,23,PRC
Qingdao,2020,37,9,107,150,23,8,122,156,25,10,118,152,22,14,119,154,20,14,62,81,20,9,63,79,25,11,58,74,21,13,58,73,20,12,20,35,24,10,32,42,22,11,32,41,20,15,32,42,19,14,25,34,28.16998889,5.971911111,27,36,30,9,28,37,26,13,28,38,24,17,23,PRC
Qingdao,2020,38,9,128,158,26,11,124,158,24,10,120,153,23,13,120,153,21,13,65,83,23,10,64,81,21,11,60,76,22,13,59,74,20,12,31,37,27,17,32,40,23,12,32,40,21,15,32,42,20,14,32,38,32.77814236,8.191119792,29,36,30,7,28,37,27,12,29,38,24,16,24,PRC
Qingdao,2020,39,9,147,176,25,12,131,165,24,11,123,156,23,13,122,154,22,13,71,84,23,9,65,83,22,10,61,77,22,12,60,75,20,12,42,49,23,9,35,44,24,12,33,41,22,14,33,42,20,14,34,43,30.9014951,21.30313725,31,39,31,11,29,37,28,13,29,38,26,15,24,PRC
Qingdao,2020,40,9,124,169,24,11,127,163,24,11,124,159,24,12,122,156,22,13,62,82,22,10,65,83,22,10,63,79,23,11,60,75,21,12,33,48,22,11,32,42,24,12,33,43,22,13,33,42,21,14,29,39,29.88987548,13.8957567,30,39,30,12,28,37,29,12,29,38,26,14,23,PRC
Qingdao,2020,41,10,110,152,22,13,127,164,24,12,125,160,25,11,121,156,23,13,64,82,20,14,66,83,22,11,64,81,23,11,61,77,21,13,27,38,21,8,33,43,23,11,33,42,23,11,32,42,21,14,19,32,29.25684211,15.12001462,29,38,31,15,28,37,30,12,28,38,27,14,21,PRC
Qingdao,2020,42,10,120,160,24,10,125,164,23,11,125,161,24,11,122,157,23,13,47,66,21,11,61,79,21,11,62,80,21,11,60,77,21,12,43,54,23,7,36,47,22,9,34,44,23,10,33,43,21,13,30,40,29.97005556,11.47935185,28,39,30,15,28,37,30,11,28,37,28,13,25,PRC
Qingdao,2020,43,10,123,163,25,9,119,161,24,11,125,163,24,11,122,157,23,12,66,81,25,10,60,78,22,11,62,80,22,11,61,78,22,12,32,44,22,10,34,46,22,9,35,45,23,11,33,43,22,12,25,38,30.85436667,4.335733333,26,37,30,11,28,38,31,11,28,37,29,12,23,PRC
Qingdao,2020,44,10,129,169,25,8,121,161,24,10,124,162,24,10,123,160,24,11,67,86,21,8,61,79,21,11,63,81,22,10,62,79,22,11,32,43,25,11,34,45,23,9,33,44,24,10,33,43,22,12,30,40,33.09986111,3.307796296,26,38,31,9,28,38,31,10,27,37,30,11,24,PRC
Qingdao,2020,45,11,121,161,26,13,123,163,25,10,125,164,25,11,124,161,25,11,60,77,24,10,60,78,23,10,63,80,22,10,63,80,23,11,30,43,23,14,34,46,23,10,34,45,23,11,33,44,23,11,31,41,32.27488351,18.20323477,29,40,32,9,29,39,31,12,28,38,31,11,25,PRC
Qingdao,2020,46,11,127,162,24,7,125,164,25,9,125,164,24,10,125,162,24,10,64,74,22,8,64,80,23,9,63,79,22,10,63,80,22,10,34,49,21,9,32,45,23,11,34,46,23,10,33,44,23,11,29,39,30.00481801,5.150584291,29,40,32,8,28,39,31,12,28,38,31,10,24,PRC
Qingdao,2020,47,11,118,157,24,7,124,162,25,9,122,162,24,10,125,163,24,10,61,81,21,10,63,80,22,9,61,79,22,10,62,80,22,10,33,41,25,6,32,44,24,10,33,45,23,10,34,45,23,10,24,35,28.4833912,2.309016204,29,39,31,7,27,38,30,9,28,38,31,10,22,PRC
Qingdao,2020,48,11,143,180,24,13,127,165,24,10,124,163,24,10,125,163,24,10,72,92,21,12,64,81,22,10,63,80,22,10,63,81,22,10,35,46,24,16,33,45,23,11,33,45,23,10,33,44,23,11,36,42,30.84123457,13.28195988,30,39,30,10,28,38,31,9,29,38,31,10,23,PRC
Qingdao,2020,49,12,129,168,23,7,129,167,24,9,126,165,24,9,127,165,24,10,71,87,22,9,67,84,22,9,64,81,22,10,64,81,22,10,34,44,22,6,34,45,23,9,34,46,23,10,34,45,23,10,24,37,27.8074537,0.938680556,28,38,29,5,29,39,30,7,29,39,31,10,22,PRC
Qingdao,2020,50,12,122,154,23,9,128,165,23,9,127,164,24,9,126,164,24,10,62,83,20,9,67,86,21,10,65,83,22,9,64,81,22,10,31,37,21,12,33,42,23,10,33,43,23,11,34,45,23,10,29,34,31.33914751,3.386954023,28,37,30,5,29,38,31,6,28,38,30,9,22,PRC
Qingdao,2020,51,12,137,175,24,11,133,169,23,10,128,166,24,9,125,164,24,10,70,87,21,10,69,87,21,10,66,83,22,9,64,82,22,10,35,43,21,20,34,43,22,14,33,43,23,12,33,44,23,11,32,45,32.21059028,5.102395833,30,40,31,6,29,39,31,6,28,39,31,8,26,PRC
Qingdao,2020,52,12,112,151,25,5,125,162,24,8,126,164,24,9,124,163,24,9,58,80,22,7,65,84,21,9,65,83,22,9,64,81,22,10,25,35,25,3,31,40,22,10,32,42,23,11,33,43,23,10,29,36,30.44302682,2.916044061,29,38,30,3,29,39,30,6,28,38,31,7,24,PRC
Qingdao,2020,53,12,41,71,28,20,103,138,25,11,116,152,24,10,119,156,25,10,17,35,30,17,52,71,23,11,59,77,22,10,60,77,22,10,14,20,27,27,26,34,24,15,30,39,23,12,32,42,23,12,10,16,27.44027778,15.78311111,25,33,30,7,27,36,30,6,27,37,30,7,23,PRC
Qingdao,2021,1,1,130,173,29,23,105,143,27,15,117,154,25,12,119,157,25,11,66,91,27,24,53,73,25,15,60,80,23,12,61,80,23,11,37,47,25,28,28,36,25,19,31,39,24,15,31,41,24,14,27,35,38.75737654,12.29254115,25,33,32,9,26,35,31,7,27,37,31,7,20,PRC
Qingdao,2021,2,1,115,171,24,8,100,142,27,14,116,155,25,12,119,158,25,11,51,85,21,9,48,73,25,14,58,80,23,12,60,80,23,11,39,51,24,10,29,38,25,17,31,40,24,15,32,42,24,14,25,35,31.12193333,3.154911111,23,31,32,9,27,35,31,7,27,36,31,7,20,PRC
Qingdao,2021,3,1,133,165,28,19,105,145,27,17,115,154,26,13,119,157,25,12,71,86,25,20,51,74,26,18,58,79,23,13,60,80,23,12,29,39,27,25,30,39,26,23,31,40,24,16,31,41,24,15,33,40,36.74342593,9.922988215,24,32,34,10,26,35,32,7,27,36,31,8,24,PRC
Qingdao,2021,4,1,145,197,26,21,131,177,27,18,117,157,26,15,121,160,25,13,76,105,23,23,66,92,24,19,59,82,24,15,62,82,23,13,41,54,27,23,37,48,26,22,31,41,25,19,32,42,24,15,28,38,33.54868056,14.92310516,28,37,35,10,27,35,33,8,27,36,32,7,19,PRC
Qingdao,2021,5,1,109,167,25,6,126,175,26,14,115,159,26,14,120,161,25,12,55,91,22,6,63,92,23,15,58,83,24,15,61,84,23,13,32,47,22,7,35,48,25,16,32,42,25,18,32,42,24,15,22,29,34.93040404,4.417348485,27,36,34,8,26,34,33,9,27,35,32,7,17,PRC
Qingdao,2021,6,2,108,135,25,12,124,166,26,15,112,154,26,14,119,159,25,13,57,69,22,18,65,88,23,17,56,80,24,16,61,83,23,14,27,35,25,5,32,44,25,15,31,41,25,16,32,42,24,15,24,31,30.94027778,7.685381944,27,35,34,9,25,33,33,9,27,35,32,8,23,PRC
Qingdao,2021,7,2,115,148,20,17,119,162,24,14,112,153,26,16,116,156,25,13,54,77,17,20,61,86,21,17,56,80,23,17,59,81,23,14,35,41,19,20,34,44,23,14,32,42,25,18,32,41,24,16,26,30,28.49465812,7.203814103,25,32,32,9,24,32,33,9,26,34,32,7,20,PRC
Qingdao,2021,8,2,118,155,23,11,113,151,23,12,122,164,25,15,115,155,25,14,56,77,20,11,56,79,20,14,61,85,22,16,58,81,23,15,31,40,24,12,31,41,23,11,34,44,24,16,31,41,24,16,31,38,27.62959677,9.311039427,26,32,30,7,27,35,33,9,26,34,32,8,25,PRC
Qingdao,2021,9,2,130,178,23,8,118,154,23,12,122,165,24,13,116,157,25,14,76,101,22,8,61,81,20,14,62,86,22,14,59,82,23,14,34,44,20,8,32,40,22,11,34,44,23,14,32,41,24,16,20,33,28.75908333,8.048958333,25,33,29,8,26,34,32,8,26,34,32,8,19,PRC
Qingdao,2021,10,3,131,167,23,8,124,162,22,11,124,164,24,13,116,157,25,13,66,89,21,8,63,86,20,12,64,87,22,14,59,82,23,14,32,41,23,10,33,42,22,13,33,43,23,14,31,41,24,15,33,37,27.51097643,7.258846801,28,35,28,8,27,35,31,9,26,33,31,9,22,PRC
Qingdao,2021,11,3,136,168,22,8,129,167,23,9,124,164,23,12,118,158,25,14,76,92,20,7,69,90,21,9,65,88,21,13,60,83,23,14,32,40,20,17,32,41,22,12,33,43,23,13,32,42,24,16,28,36,27.39082341,2.095426587,28,36,28,7,27,34,30,8,26,33,31,9,21,PRC
Qingdao,2021,12,3,133,173,24,15,133,172,23,10,123,161,23,11,125,166,24,13,66,85,23,13,71,92,22,9,63,85,21,11,64,87,22,14,37,49,21,22,34,44,21,14,33,42,22,13,34,44,23,16,30,39,29.48032407,11.92999074,28,36,28,7,27,34,29,7,27,35,31,8,23,PRC
Qingdao,2021,13,3,127,173,23,8,132,170,23,10,125,162,23,11,125,166,24,12,73,97,20,7,70,91,21,9,66,86,21,11,65,88,21,12,35,46,24,12,34,44,22,15,33,42,22,13,34,44,23,14,19,30,34.74052632,4.474663743,28,36,30,6,26,34,29,7,27,35,31,8,17,PRC
Qingdao,2021,14,3,140,178,22,10,134,173,23,10,129,168,23,11,127,167,24,12,76,94,21,7,73,92,21,8,68,89,21,10,67,89,21,12,34,44,22,15,35,45,22,17,34,43,22,15,33,43,23,15,30,40,25.64752778,11.57018519,27,36,29,8,27,35,29,8,27,35,30,8,22,PRC
Qingdao,2021,15,4,127,162,22,5,132,172,23,9,130,169,23,9,127,167,23,11,72,87,20,6,72,91,21,8,70,90,21,8,67,89,21,11,37,48,21,6,36,47,22,14,34,44,22,13,34,44,22,13,18,27,32.1203858,1.658070988,24,34,30,7,26,35,29,7,26,34,30,8,17,PRC
Qingdao,2021,16,4,130,172,23,8,131,171,23,8,132,171,23,9,125,165,23,10,72,90,22,10,73,92,21,7,72,92,21,8,67,87,21,10,33,49,22,8,35,47,22,10,34,45,22,12,33,44,22,12,25,33,28.07481111,1.789811111,23,33,30,5,25,34,29,6,26,34,30,6,19,PRC
Qingdao,2021,17,4,126,172,25,11,131,171,23,8,131,171,23,9,127,165,23,10,71,96,21,13,73,92,21,9,72,91,21,9,68,88,21,11,28,41,23,11,33,46,22,10,34,45,22,13,33,43,22,12,27,35,37.35807613,5.699269547,25,34,31,5,26,35,30,6,26,34,30,7,20,PRC
Qingdao,2021,18,4,131,169,23,7,129,169,23,8,131,171,23,9,129,168,23,10,68,84,20,9,71,89,21,9,72,91,21,9,69,89,21,10,35,44,23,7,33,46,23,8,34,45,22,12,34,44,22,12,28,41,27.68390873,5.390128968,25,34,31,4,26,35,30,6,26,35,30,6,24,PRC
Qingdao,2021,19,5,122,153,24,12,127,167,24,10,130,169,23,10,129,168,23,9,68,85,22,14,70,89,21,11,71,90,21,10,70,90,21,9,27,32,24,12,31,42,23,9,33,44,23,12,33,43,22,12,27,36,31.22216049,8.611635802,27,36,31,5,26,35,31,6,26,35,30,6,24,PRC
Qingdao,2021,20,5,124,167,23,6,126,165,24,9,128,168,23,8,130,169,23,9,67,89,22,8,69,89,21,11,71,90,21,9,71,91,21,9,31,39,22,4,30,39,23,8,33,43,23,9,33,43,22,11,26,39,28.08790598,2.576004274,27,38,31,6,25,35,31,5,26,36,30,6,23,PRC
Qingdao,2021,21,5,133,171,30,25,128,165,25,13,129,168,24,11,130,169,24,10,71,91,26,23,69,87,23,13,71,90,22,11,71,90,22,10,29,37,31,30,31,38,25,13,32,42,24,12,33,43,23,13,33,43,38.55021044,24.53356902,29,40,31,10,27,37,31,8,27,36,31,7,25,PRC
Qingdao,2021,22,5,127,190,26,29,127,170,26,18,128,170,25,13,130,171,24,12,75,105,22,25,70,93,23,17,71,91,22,13,71,91,22,12,30,45,27,33,29,38,26,20,31,42,24,14,32,43,23,15,22,40,36.17838384,36.46109848,27,40,34,18,26,37,32,11,26,37,31,10,21,PRC
Qingdao,2021,23,6,122,171,28,39,127,175,27,25,127,171,25,17,129,171,25,15,62,87,25,39,69,93,24,24,69,91,23,18,70,91,22,14,31,42,26,41,30,41,27,27,31,41,25,18,32,43,24,17,29,42,35.99137931,36.74264368,28,41,35,25,27,39,33,15,26,37,32,13,25,PRC
Qingdao,2021,24,6,112,191,26,21,124,181,27,28,125,173,26,19,127,172,25,15,61,100,22,19,67,96,24,27,68,92,23,19,70,92,22,15,27,50,22,27,29,44,27,33,30,41,25,21,31,43,24,17,24,41,39.08856481,15.86270833,27,42,37,28,27,40,34,17,26,37,33,13,21,PRC
Qingdao,2021,25,6,136,190,25,18,124,186,26,27,126,175,26,20,128,174,25,16,76,99,23,15,69,98,23,25,69,93,23,19,70,92,22,16,32,47,24,20,30,46,25,30,30,42,25,22,31,43,24,18,28,44,34.97251984,22.62540675,26,42,37,28,27,41,34,19,26,38,33,14,23,PRC
Qingdao,2021,26,6,125,174,26,11,124,182,26,22,125,176,26,20,126,174,25,16,68,88,22,10,67,94,23,21,69,93,23,19,69,92,22,16,31,46,27,15,30,46,25,26,30,42,25,23,31,43,24,18,26,40,37.52308761,7.076239316,27,42,37,21,27,41,35,19,26,38,34,14,23,PRC
Qingdao,2021,27,6,122,178,24,13,124,183,25,16,125,179,26,20,126,175,25,17,67,94,21,12,68,95,22,14,68,94,23,19,69,92,22,17,32,50,23,16,31,48,24,20,30,45,25,23,31,44,25,19,23,34,31.51426329,9.347475845,25,40,36,14,26,40,35,19,27,39,34,15,19,PRC
Qingdao,2021,28,7,123,162,26,12,127,176,25,13,125,178,26,21,125,174,26,17,70,90,22,12,70,93,22,12,69,94,23,20,69,92,22,17,22,34,26,8,29,44,25,15,29,44,26,24,30,42,25,19,31,38,35.5706362,14.73952509,27,39,35,13,27,40,36,21,27,39,34,16,23,PRC
Qingdao,2021,29,7,113,159,24,13,121,168,25,12,123,177,26,19,124,173,25,17,59,84,20,8,66,89,21,11,67,93,22,18,68,91,22,16,33,43,28,19,30,43,26,15,30,45,25,23,30,42,25,19,21,32,27.84789683,18.22468254,25,36,33,12,26,39,35,20,27,39,34,17,20,PRC
Qingdao,2021,30,7,122,159,27,23,120,165,25,15,122,173,26,19,123,172,26,19,71,91,24,23,67,90,22,14,67,92,22,17,68,92,23,17,29,40,24,28,29,42,25,18,30,44,25,22,30,42,25,21,22,28,39.85950758,20.3485101,24,33,34,16,26,37,35,18,26,38,35,18,18,PRC
Qingdao,2021,31,7,119,175,24,7,119,164,25,14,122,174,25,15,123,174,26,18,71,99,20,6,68,91,21,12,68,93,22,13,68,93,22,17,28,43,26,11,28,40,26,17,29,44,25,18,30,43,25,21,20,33,32.29120833,5.167513889,24,33,34,15,24,36,35,14,25,38,35,18,19,PRC
Qingdao,2021,32,8,112,140,25,6,117,158,25,12,122,167,25,13,122,172,26,18,58,73,22,6,65,87,22,11,68,90,22,12,67,92,22,17,30,37,26,8,30,41,26,16,30,43,25,16,30,43,26,21,24,30,31.70828704,1.045092593,22,31,33,11,24,35,34,12,25,37,35,18,21,PRC
Qingdao,2021,33,8,121,145,26,9,119,155,25,11,120,162,25,12,121,170,26,17,68,81,23,10,67,86,22,11,67,88,22,11,67,91,22,16,32,38,29,12,30,40,26,15,30,41,26,15,30,43,26,20,21,26,33.74712963,3.353611111,22,29,34,7,24,33,34,10,24,36,35,16,18,PRC
Qingdao,2021,34,8,112,142,26,8,116,151,25,7,118,158,25,11,120,166,26,15,65,80,23,9,66,83,22,8,66,87,22,11,66,89,22,14,23,32,26,11,28,38,27,10,29,40,26,14,29,42,26,18,24,30,35.05040509,3.746539352,22,30,33,3,23,31,33,9,24,35,35,13,21,PRC
Qingdao,2021,35,8,142,176,31,19,122,151,27,10,121,157,26,12,122,166,26,13,77,94,28,18,67,82,24,11,67,87,23,11,68,89,22,12,27,35,26,25,28,36,27,14,28,38,26,15,29,41,26,17,38,47,39.15560673,16.75024123,27,33,35,6,25,33,34,10,25,35,35,12,27,PRC
Qingdao,2021,36,9,126,184,28,27,125,162,28,16,121,160,26,14,123,165,26,14,69,98,23,23,70,88,24,15,67,88,23,13,68,89,23,13,33,45,29,37,29,38,28,21,29,39,27,19,29,41,26,17,24,41,41.59484954,23.15842593,27,36,37,12,24,33,35,11,25,35,35,12,22,PRC
Qingdao,2021,37,9,104,181,30,13,121,171,29,17,120,163,27,14,120,165,26,13,60,95,26,11,68,92,25,15,67,89,24,13,67,89,23,12,29,55,30,15,28,42,28,22,29,41,27,18,29,42,27,17,15,31,44.88312963,12.67666667,25,37,40,14,24,33,37,11,24,34,36,11,17,PRC
Qingdao,2021,38,9,115,158,30,20,122,175,30,20,119,163,28,13,119,163,27,14,54,81,25,17,65,92,25,17,65,88,24,12,66,88,23,13,31,39,32,21,30,44,29,25,29,41,28,17,29,41,27,18,30,38,36.58982407,24.25324074,27,39,41,19,25,35,37,11,24,34,36,13,24,PRC
Qingdao,2021,39,9,134,186,26,18,120,177,29,19,121,164,28,15,120,164,27,15,86,112,22,17,67,97,24,17,67,89,24,14,67,90,23,13,30,42,27,20,31,45,30,23,29,40,28,19,29,40,28,18,18,32,44.61279321,22.94962963,22,36,42,21,24,34,38,13,24,34,37,14,17,PRC
Qingdao,2021,40,10,115,174,26,15,117,175,28,17,121,168,28,16,120,165,27,15,66,102,25,15,67,98,24,15,68,93,24,15,67,91,23,14,31,43,25,17,30,45,28,18,30,41,28,20,30,41,27,19,18,29,33.83351852,11.46839506,20,33,40,18,24,34,39,15,23,33,37,14,17,PRC
Qingdao,2021,41,10,109,154,29,13,118,168,28,17,120,169,28,17,119,165,27,15,57,84,25,13,66,95,24,16,67,93,25,15,67,91,24,14,23,37,26,14,29,40,28,18,28,41,28,20,29,41,27,18,29,33,38.55027778,10.34163793,24,33,38,17,25,35,39,16,24,33,38,13,21,PRC
Qingdao,2021,42,10,122,164,25,8,120,170,27,14,121,172,28,17,119,165,27,14,68,92,23,6,69,98,24,13,67,95,25,15,67,91,24,13,36,44,25,14,30,42,26,16,30,43,28,20,29,41,27,17,18,28,33.54308642,4.517484568,21,31,38,12,24,35,39,16,23,33,37,12,17,PRC
Qingdao,2021,43,10,129,162,24,8,119,164,26,11,119,170,27,15,120,164,27,14,80,99,21,6,68,94,23,10,68,95,24,14,67,91,24,13,29,39,24,16,30,41,25,15,30,43,27,19,30,41,27,17,20,24,34.64266667,4.003972222,21,29,35,8,22,32,39,14,23,32,37,12,15,PRC
Qingdao,2021,44,10,72,104,19,10,108,146,24,10,113,160,26,13,117,161,27,14,38,59,16,8,61,84,21,9,64,91,23,12,66,90,23,13,17,23,19,16,26,36,24,15,28,40,26,17,28,39,27,18,17,22,25.8720098,5.493202614,21,27,33,6,21,30,37,12,23,32,37,12,21,PRC
Qingdao,2021,45,11,29,37,15,6,88,117,21,8,103,142,24,12,109,152,26,14,18,24,14,2,51,69,19,6,58,82,21,11,62,85,23,12,5,5,8,13,22,28,19,15,25,34,23,16,26,37,25,18,6,8,20.65023148,13.95861111,15,21,29,7,20,27,34,12,21,30,36,13,22,PRC
Qingdao,2021,46,11,44,49,12,2,69,88,17,6,94,129,22,10,103,144,25,13,31,32,13,2,42,54,16,5,56,76,20,9,59,81,22,12,3,5,17,1,14,18,17,11,22,30,22,14,25,34,24,17,10,12,9.276555556,2.705055556,13,17,23,7,17,24,30,9,20,29,34,13,24,PRC
Qingdao,2021,47,11,28,32,9,2,43,56,14,5,81,110,20,8,94,132,23,12,17,19,9,2,26,34,13,4,47,64,18,7,54,75,20,10,4,5,8,1,7,10,13,8,19,25,19,11,23,32,23,15,7,8,11.10464286,0.285714286,10,13,17,6,16,21,26,7,18,26,31,11,25,PRC
Qingdao,2021,48,11,27,27,8,1,32,36,11,3,70,91,18,6,86,119,21,10,17,17,8,0,21,23,11,2,41,53,16,5,49,68,19,8,1,1,3,0,3,4,9,4,15,20,16,9,20,28,20,12,9,9,9.246141975,1.722253086,8,9,13,5,15,18,23,5,16,23,29,10,33,PRC
Qingdao,2021,49,12,28,28,12,3,32,34,10,2,60,75,16,5,79,106,20,9,18,18,12,4,21,22,11,2,36,45,15,4,46,62,18,8,3,3,9,1,3,4,9,1,12,16,14,8,18,24,19,11,7,7,11.34742063,0,8,9,10,1,12,15,19,4,16,21,26,8,25,PRC
Qingdao,2021,50,12,35,35,13,4,30,31,11,2,49,59,14,4,73,96,18,7,25,25,12,5,19,20,10,3,31,37,13,4,43,57,17,7,4,4,11,1,3,3,8,1,8,11,12,6,16,21,17,9,6,6,17.24310185,0.50837963,7,8,12,1,10,12,17,4,14,18,24,6,17,PRC
Qingdao,2021,51,12,20,23,13,3,28,28,11,3,35,42,13,4,63,82,17,6,13,15,11,1,18,19,11,2,22,26,12,3,37,49,16,6,2,2,8,30,3,3,8,8,5,6,10,8,13,18,15,10,5,6,18.03005556,0.2,7,7,14,1,8,10,15,3,13,16,22,5,26,PRC
Qingdao,2021,52,12,12,14,3,0,24,25,10,2,28,31,11,3,55,69,15,5,6,7,3,0,16,16,10,2,18,20,10,2,32,41,14,4,1,2,1,0,3,3,7,8,3,3,8,6,11,14,13,9,5,5,3.49,0,6,6,13,0,7,8,13,2,12,14,19,4,36,PRC
Qingdao,2021,53,12,104,104,38,17,43,44,17,6,37,39,14,4,54,65,16,5,56,56,48,16,25,26,19,5,23,24,15,4,32,39,16,4,28,28,25,15,9,9,11,11,6,6,10,6,11,13,13,9,20,20,27.13218056,22.78645833,9,9,16,6,9,9,13,4,11,13,18,5,19,PRC
Qingdao,2022,1,1,25,25,8,1,40,42,15,5,35,36,13,4,46,53,14,5,14,14,6,1,22,23,17,5,21,21,14,4,28,32,14,4,2,2,13,1,8,9,12,11,6,6,10,6,8,10,12,8,9,9,10.77808642,0.111111111,10,10,15,6,9,9,14,3,10,11,17,4,36,PRC
Qingdao,2022,2,1,24,24,5,0,41,42,13,5,34,35,12,4,37,42,13,4,15,15,6,0,23,23,16,4,21,21,13,3,22,25,13,4,5,5,1,0,9,9,10,4,6,6,9,6,6,7,10,7,4,4,3.987569444,0,10,10,11,6,8,8,13,3,9,10,14,4,17,PRC
Qingdao,2022,3,1,19,19,2,0,43,43,13,4,33,34,12,3,33,35,12,3,9,9,1,0,24,24,15,4,20,20,13,3,20,21,12,3,3,3,2,0,10,10,10,4,6,6,9,6,5,5,9,5,7,7,4.285833333,0,10,10,12,6,8,8,12,3,8,8,12,4,37,PRC
Qingdao,2022,4,1,49,49,9,1,29,29,6,0,36,37,11,3,35,36,11,3,22,22,9,1,15,15,6,1,20,20,12,3,20,21,12,3,11,11,8,0,5,5,6,0,7,7,8,6,6,6,9,4,16,16,11.28467014,1.364548611,9,9,8,0,9,9,12,3,9,9,11,2,33,PRC
Qingdao,2022,5,1,23,28,4,0,29,30,5,0,35,36,10,3,33,34,10,3,13,15,3,0,15,15,5,0,19,19,11,2,19,19,11,3,3,3,6,0,6,6,4,0,7,7,8,6,6,6,8,4,7,10,6.657142857,0.142857143,9,9,7,0,9,10,11,3,9,9,11,2,36,PRC
Qingdao,2022,6,2,36,37,8,5,32,33,6,1,37,38,10,3,34,34,10,3,23,23,7,3,17,17,5,1,20,20,10,3,19,20,11,3,8,8,8,9,6,6,6,2,8,8,8,3,6,6,8,5,5,6,11.04011111,5.410111111,9,10,8,2,9,10,10,4,8,9,11,3,16,PRC
Qingdao,2022,7,2,26,28,7,2,34,36,7,2,38,39,10,3,33,35,10,3,19,19,6,1,19,20,6,1,21,22,11,3,19,20,10,3,3,4,17,0,6,7,9,3,8,8,10,3,6,6,9,5,4,5,6.682638889,6.653958333,8,9,9,3,9,10,10,5,8,8,11,3,18,PRC
Qingdao,2022,8,2,42,45,19,16,32,35,9,6,31,32,8,3,35,36,11,4,17,18,11,14,18,19,7,4,17,17,6,3,19,20,10,4,11,12,29,21,6,7,15,8,6,6,10,4,7,7,11,6,14,15,19.3893254,13.31212302,8,9,11,6,8,9,9,3,9,9,12,4,33,PRC
Qingdao,2022,9,2,141,156,23,14,61,67,14,9,45,48,10,5,43,46,12,5,75,80,19,10,34,35,11,7,24,25,8,4,24,24,11,4,37,43,25,22,15,17,19,13,10,11,12,7,10,10,12,8,29,33,32.56893678,13.79452107,13,15,17,10,11,12,12,5,10,11,13,5,21,PRC
Qingdao,2022,10,3,106,146,24,23,79,94,18,14,55,64,12,8,51,56,13,7,61,83,21,24,43,50,14,12,30,34,10,7,28,30,12,6,25,35,26,22,19,24,24,16,13,15,15,9,11,13,13,8,20,28,29.9365,22.730625,17,20,22,14,13,15,15,8,12,13,14,7,19,PRC
Qingdao,2022,11,3,150,175,21,13,110,131,22,16,72,83,14,9,62,70,14,8,75,94,18,12,57,69,17,15,38,44,12,8,33,37,13,7,43,45,23,16,29,34,26,20,18,20,18,11,15,17,15,9,32,36,24.38109375,9.937430556,24,28,27,15,16,19,18,9,14,16,16,8,21,PRC
Qingdao,2022,12,3,117,166,24,18,129,161,23,17,80,98,16,11,63,75,13,8,64,88,21,18,69,86,20,16,43,53,13,10,34,40,11,7,33,49,26,21,35,43,25,20,20,25,20,14,15,18,15,9,20,29,32.84122222,12.10898611,25,32,30,15,16,20,20,11,14,17,16,7,17,PRC
Qingdao,2022,13,3,126,158,16,10,125,161,21,16,93,114,18,13,72,86,14,8,75,93,13,7,69,90,18,15,51,62,15,11,39,47,11,8,28,37,18,25,32,42,23,21,24,29,21,17,18,21,16,11,23,28,21.31138889,3.701014493,24,30,27,12,18,23,22,11,15,18,17,7,18,PRC
Qingdao,2022,14,3,136,153,27,23,132,163,22,16,106,128,20,15,81,97,15,10,73,80,23,23,72,89,19,15,57,69,17,14,44,52,13,10,35,43,28,28,35,44,24,22,27,34,24,19,20,24,18,14,28,30,34.59587302,17.31701389,26,31,28,11,21,26,25,12,17,20,20,9,20,PRC
Qingdao,2022,15,4,92,138,21,9,118,154,22,15,114,142,22,16,87,107,17,11,52,81,20,13,66,86,20,15,62,77,18,15,47,58,14,11,24,32,19,6,30,40,23,20,30,37,24,20,22,27,19,14,16,25,27.23324653,4.5934375,22,28,29,9,23,28,28,12,18,22,21,9,18,PRC
Qingdao,2022,16,4,147,158,23,20,125,152,22,16,127,156,22,16,95,116,18,13,87,95,21,22,72,87,19,16,70,87,20,16,53,64,15,12,32,33,21,15,30,36,22,19,32,40,23,19,24,29,20,15,28,30,30.9421627,17.82279762,24,28,29,11,25,30,29,13,19,23,23,11,19,PRC
Qingdao,2022,17,4,139,176,24,28,129,156,24,20,127,159,22,18,105,128,20,15,73,100,21,29,71,89,21,22,70,89,20,19,58,71,17,15,41,47,24,30,33,39,23,20,33,40,23,20,27,32,22,18,25,29,30.95588889,21.9176,24,29,31,15,24,29,29,14,20,25,25,12,16,PRC
Qingdao,2022,18,4,148,198,22,23,132,168,22,20,132,165,22,18,114,141,21,17,77,102,19,16,72,95,20,20,72,92,20,18,62,78,18,16,37,50,21,37,34,41,21,22,34,42,23,22,29,36,23,20,34,46,31.29253268,24.84591503,26,33,30,17,26,32,29,14,23,28,27,14,23,PRC
Qingdao,2022,19,5,135,181,18,13,142,178,22,21,130,166,22,18,123,154,22,18,73,93,16,7,78,98,19,19,72,92,19,17,67,84,19,16,41,54,17,24,38,46,21,27,34,43,22,23,32,40,23,22,21,34,27.0469709,11.34743386,27,35,30,19,24,31,30,14,24,30,29,14,19,PRC
Qingdao,2022,20,5,149,175,23,23,143,183,22,22,134,167,22,19,132,165,22,18,81,87,21,19,76,96,19,18,74,91,19,17,72,90,19,17,35,49,22,24,39,50,21,29,34,43,21,24,34,43,22,22,33,39,30.53773569,31.58242424,28,37,30,22,26,33,29,17,26,32,29,16,22,PRC
Qingdao,2022,21,5,141,200,23,25,143,189,22,21,136,172,23,21,132,169,22,19,80,112,20,22,78,99,19,16,75,94,20,19,73,92,20,18,35,47,22,39,37,50,20,31,35,44,22,25,34,43,22,24,26,41,32.6011859,16.29184829,29,40,30,21,26,34,31,18,26,33,29,16,21,PRC
Qingdao,2022,22,5,128,179,28,39,138,184,23,25,135,176,23,23,134,171,22,20,64,92,24,37,75,96,20,21,73,95,20,21,73,93,20,19,37,51,26,39,37,50,22,31,35,45,22,27,35,45,22,25,27,36,39.64847737,41.76592593,27,38,32,25,26,35,31,21,26,34,30,18,20,PRC
Qingdao,2022,23,6,144,201,26,35,141,189,25,31,141,184,23,26,134,174,23,22,80,106,22,32,76,99,21,27,77,98,20,23,73,94,20,20,40,55,27,47,37,51,24,37,37,48,22,32,35,46,23,28,24,40,38.32717593,28.61119213,28,39,35,30,27,37,33,24,25,34,31,19,20,PRC
Qingdao,2022,24,6,143,200,25,37,139,195,25,34,141,189,24,28,136,176,23,24,73,100,21,26,74,103,22,29,75,99,20,24,74,95,20,21,43,58,25,46,39,53,25,43,39,51,23,36,36,46,22,30,27,42,37.61605967,49.09738683,26,40,37,34,27,38,34,28,26,35,32,22,21,PRC
Qingdao,2022,25,6,127,182,25,34,136,191,26,36,139,190,24,29,136,178,24,26,73,99,24,31,73,99,23,31,75,99,21,24,74,96,21,23,28,41,24,35,37,51,25,42,37,51,23,36,36,47,23,31,26,42,30.78483974,39.30407051,26,40,37,40,27,40,33,30,26,36,33,25,23,PRC
Qingdao,2022,26,6,139,188,24,45,138,193,25,37,138,188,24,31,136,181,23,28,73,97,20,34,75,101,22,31,75,98,21,26,74,97,21,24,34,47,23,58,36,50,25,47,37,50,23,39,36,47,23,33,32,44,32.19322049,55.27641493,27,42,35,43,27,40,34,34,27,37,32,29,23,PRC
Qingdao,2022,27,6,126,196,23,49,134,192,24,41,137,190,25,36,139,186,24,31,61,98,21,43,70,99,22,33,73,99,22,30,75,98,21,27,36,52,22,59,35,50,23,50,36,50,24,43,37,49,23,38,29,46,29.09963602,50.16995211,29,44,32,48,28,41,34,39,28,39,33,32,23,PRC
Qingdao,2022,28,7,155,209,23,41,137,194,24,42,138,194,25,38,140,190,24,33,86,105,20,33,73,100,21,35,74,101,21,32,75,99,21,27,43,64,23,54,35,51,23,52,37,52,24,47,38,51,23,41,26,40,32.96792735,45.01290598,28,43,31,47,27,41,34,41,28,40,33,35,19,PRC
Qingdao,2022,29,7,141,210,24,25,140,201,24,40,138,196,25,38,140,193,24,32,76,109,22,19,74,102,21,32,73,101,22,32,75,100,21,27,40,61,24,24,38,56,23,49,38,54,24,45,37,52,23,40,25,40,32.4581,46.1597,28,43,32,49,27,41,34,44,28,41,33,37,19,PRC
Qingdao,2022,30,7,145,194,23,18,142,202,23,33,140,198,24,35,139,193,24,32,88,111,20,18,78,106,21,28,76,103,21,29,76,101,21,27,34,46,23,16,38,56,23,38,37,53,24,42,37,52,23,39,23,37,37.21222222,23.15759662,26,41,33,41,27,41,34,42,27,40,33,36,19,PRC
Qingdao,2022,31,7,130,186,23,15,143,200,23,25,138,196,24,33,139,193,24,32,73,106,18,14,81,108,20,21,75,103,21,27,76,102,21,27,29,38,23,18,37,52,23,28,36,51,23,39,36,51,24,38,28,42,34.53539683,15.23587302,26,40,34,32,27,42,33,40,27,41,34,37,23,PRC
Qingdao,2022,32,8,133,173,21,13,137,191,23,18,137,192,23,30,138,193,24,31,76,94,18,13,78,105,19,16,76,102,20,26,75,102,21,27,37,43,23,13,35,47,23,18,35,49,23,35,36,50,24,37,20,36,29.66640278,13.59018056,24,39,33,25,26,41,32,36,26,41,34,35,21,PRC
Qingdao,2022,33,8,126,156,21,9,134,177,22,14,137,189,23,27,136,190,24,30,71,92,18,7,77,101,18,13,76,102,20,23,75,101,21,26,32,35,21,9,33,41,23,14,36,48,23,31,36,49,24,35,23,29,30.46665459,15.67349034,24,36,33,17,26,39,32,33,26,40,34,35,19,PRC
Qingdao,2022,34,8,144,161,21,10,133,169,21,12,138,186,22,23,138,188,23,28,82,90,18,13,76,96,18,12,77,101,19,20,76,101,20,24,36,40,19,6,34,39,22,11,36,47,22,25,36,48,23,32,26,31,31.85477564,7.51,24,35,32,13,25,38,32,27,26,39,33,32,19,PRC
Qingdao,2022,35,8,138,163,20,8,135,163,21,10,139,182,22,18,137,185,23,25,70,85,18,7,75,90,18,10,78,99,19,16,75,99,20,22,42,45,17,8,37,41,20,9,37,47,22,18,36,48,22,29,26,33,29.42997863,13.3153312,24,32,30,13,25,36,32,22,26,39,32,31,20,PRC
Qingdao,2022,36,8,108,186,17,17,129,167,20,11,133,179,21,15,134,184,22,24,55,94,16,20,70,90,17,11,74,98,18,14,74,98,19,21,34,56,18,17,36,44,19,10,36,46,21,14,35,47,22,26,19,36,17.25049708,8.031564327,24,32,27,11,24,36,30,18,25,38,31,28,19,PRC
Qingdao,2022,37,9,129,165,22,29,130,169,20,16,132,173,21,15,135,182,22,23,73,90,19,30,70,90,18,17,74,95,18,15,74,98,19,21,28,43,20,32,35,46,19,16,34,43,21,15,35,48,21,26,28,32,29.3815873,23.48500992,25,33,27,13,24,35,30,15,25,37,31,26,19,PRC
Qingdao,2022,38,9,133,187,21,12,127,175,20,17,130,172,21,14,134,182,22,21,62,94,19,9,65,91,18,16,70,93,18,14,73,97,19,19,44,55,21,15,37,50,19,18,35,44,20,15,36,48,21,23,27,38,27.33880658,14.25699588,25,35,26,15,25,35,29,14,25,37,30,23,20,PRC
Qingdao,2022,39,9,124,156,20,12,124,174,20,17,129,168,20,14,134,179,21,18,67,82,17,8,64,90,18,17,70,90,18,13,73,96,18,16,31,40,21,25,34,49,20,22,36,45,20,16,36,47,21,20,26,34,27.31354701,5.656282051,25,35,25,13,24,34,28,13,25,36,30,19,22,PRC
Qingdao,2022,40,9,117,137,23,10,126,161,21,16,127,164,20,13,131,173,21,15,66,71,19,9,67,84,18,14,68,87,18,13,72,93,18,14,27,35,22,16,33,43,21,22,34,44,20,16,35,45,21,17,24,31,34.49417824,8.935706019,26,34,30,13,25,33,28,12,25,35,30,16,23,PRC
Qingdao,2022,41,10,72,101,14,13,112,145,19,12,121,157,20,14,125,164,20,14,37,53,11,7,58,75,16,8,64,82,17,13,68,89,17,13,16,21,14,6,30,38,20,15,32,42,19,16,33,41,20,15,19,27,18.87404971,29.01856725,24,33,27,14,24,33,27,14,24,34,29,15,27,PRC
Qingdao,2022,42,10,153,160,21,15,117,139,19,12,122,157,20,15,126,161,20,14,80,83,18,11,63,72,16,9,64,82,17,13,68,86,17,12,37,38,19,27,28,34,19,19,32,42,19,18,33,41,20,16,36,39,31.22121142,10.83724537,26,33,28,14,26,34,27,14,25,34,28,14,24,PRC
Qingdao,2022,43,10,132,171,21,24,119,142,20,16,121,158,20,17,126,160,20,14,70,89,18,11,63,74,16,9,64,82,17,13,67,85,17,12,34,44,17,46,29,35,18,24,31,42,19,23,33,41,19,18,28,38,33.8914881,32.16188492,27,34,30,20,26,34,27,17,25,34,28,15,22,PRC
Qingdao,2022,44,10,154,203,23,25,128,159,20,19,127,160,21,17,128,162,20,15,84,109,20,16,68,84,16,11,67,84,17,13,68,86,17,12,39,50,20,19,32,38,18,24,32,41,19,23,33,42,19,19,31,44,35.21519713,55.55076165,29,37,30,32,27,35,30,22,26,34,29,19,22,PRC
Qingdao,2022,45,11,153,199,24,23,148,183,22,22,130,164,21,17,130,166,20,17,83,103,19,19,79,96,19,14,69,86,17,11,69,87,17,13,41,52,24,25,38,46,20,29,34,42,20,22,34,43,19,20,29,44,35.86010536,32.7791092,31,41,34,33,28,37,31,24,27,36,29,20,22,PRC
Qingdao,2022,46,11,154,210,22,25,148,196,22,24,132,167,21,18,131,170,21,18,86,113,19,26,81,104,19,18,72,88,17,13,69,89,18,14,41,52,21,21,39,50,21,28,33,42,20,23,35,44,20,21,27,45,33.22417695,28.15065844,29,43,35,37,28,38,31,25,27,37,29,22,21,PRC
Qingdao,2022,47,11,164,211,29,35,156,206,24,27,137,174,22,21,133,174,21,20,94,118,26,32,87,111,21,23,75,92,19,16,71,92,18,16,41,52,30,33,41,52,24,24,35,43,21,24,34,45,21,24,29,41,39.6993295,48.09548851,29,44,36,41,28,39,33,31,27,37,30,25,19,PRC
Qingdao,2022,48,11,126,191,24,56,149,203,25,35,139,181,22,27,134,174,22,23,64,101,20,46,82,109,21,31,75,96,19,21,72,92,19,19,32,42,23,66,39,50,24,36,35,44,21,30,34,44,21,28,30,48,34.35805556,65.1522963,29,45,36,44,29,41,33,38,28,38,32,30,25,PRC
Qingdao,2022,49,11,139,212,25,40,146,206,25,39,147,195,24,30,135,178,22,24,86,118,21,37,83,113,21,35,81,104,20,25,73,95,19,19,30,51,26,45,36,49,25,41,37,48,22,35,34,44,21,29,23,43,37.4681401,44.94173913,27,44,36,47,29,43,35,40,27,39,32,31,20,PRC
Qingdao,2022,50,12,141,197,27,33,143,203,26,41,145,199,24,33,136,179,23,26,73,104,23,29,79,110,23,36,80,107,21,27,74,95,19,21,38,51,28,39,35,49,27,46,37,49,24,37,34,44,22,31,30,42,36.37933333,36.41978704,28,44,37,49,28,43,36,43,28,40,33,33,21,PRC
Qingdao,2022,51,12,134,187,29,42,135,197,26,43,146,201,25,35,137,182,23,28,74,97,25,39,74,105,22,38,81,108,22,30,75,97,20,23,37,50,29,51,34,49,26,50,37,50,25,37,34,45,23,33,23,40,45.23628019,39.13914251,27,43,38,46,28,43,37,44,27,40,35,36,21,PRC
Qingdao,2022,52,12,81,148,19,33,124,186,25,37,137,194,25,36,134,183,23,30,43,76,16,32,69,99,21,34,75,104,21,32,73,97,20,25,23,43,18,39,32,49,25,44,35,49,25,40,34,46,22,35,15,29,29.79305556,27.07225926,23,39,37,37,26,42,37,40,27,40,34,37,20,PRC
Rotterdam,2019,1,1,187,257,59,15,,,,,,,,,,,,,122,168,75,17,,,,,,,,,,,,,28,40,22,20,,,,,,,,,,,,,37,49,36.34133634,4.141381381,,,,,,,,,,,,,19,Netherlands
Rotterdam,2019,2,1,119,200,41,4,,,,,,,,,,,,,72,123,47,3,,,,,,,,,,,,,21,35,26,9,,,,,,,,,,,,,26,42,37.20162393,5.007638889,,,,,,,,,,,,,21,Netherlands
Rotterdam,2019,3,1,125,203,42,4,,,,,,,,,,,,,72,124,48,3,,,,,,,,,,,,,21,33,23,10,,,,,,,,,,,,,32,46,42.76013889,4.011996528,,,,,,,,,,,,,23,Netherlands
Rotterdam,2019,4,1,122,199,44,8,138,215,47,8,,,,,,,,,70,115,50,4,84,133,55,7,,,,,,,,,20,33,29,17,23,35,25,14,,,,,,,,,32,51,40.05398438,10.65355035,32,47,39,6,,,,,,,,,26,Netherlands
Rotterdam,2019,5,1,123,206,40,7,122,202,42,6,,,,,,,,,72,120,44,4,72,121,47,4,,,,,,,,,22,36,25,10,21,34,26,11,,,,,,,,,29,50,39.82286398,11.05698276,30,47,40,8,,,,,,,,,24,Netherlands
Rotterdam,2019,6,2,132,205,49,5,126,203,44,6,,,,,,,,,78,116,51,2,73,119,48,3,,,,,,,,,24,38,46,10,22,35,31,12,,,,,,,,,30,51,44.30157407,9.734555556,31,50,42,9,,,,,,,,,25,Netherlands
Rotterdam,2019,7,2,136,213,41,6,128,206,43,7,,,,,,,,,84,127,44,2,76,120,47,3,,,,,,,,,22,36,26,19,22,36,32,14,,,,,,,,,30,50,44.96982407,7.248444444,30,51,42,10,,,,,,,,,23,Netherlands
Rotterdam,2019,8,2,114,201,44,8,126,206,44,6,132,211,45,7,,,,,68,122,49,4,76,121,47,3,80,127,51,5,,,,,19,33,24,16,22,36,30,14,22,36,28,14,,,,,27,46,46.18385802,12.94303498,29,49,44,10,30,48,41,8,,,,,23,Netherlands
Rotterdam,2019,9,2,127,203,43,8,127,206,44,7,125,204,43,6,,,,,79,124,45,7,77,122,47,4,74,121,47,4,,,,,20,33,27,16,21,35,31,15,21,35,28,13,,,,,28,46,47.35316468,6.768204365,29,48,46,9,29,48,43,8,,,,,23,Netherlands
Rotterdam,2019,10,3,124,201,51,11,125,205,45,8,125,204,44,7,,,,,80,124,57,6,78,124,49,5,75,122,49,4,,,,,19,35,28,20,20,34,26,18,21,35,28,15,,,,,25,42,49.41616667,18.87355556,28,46,47,11,29,48,44,10,,,,,21,Netherlands
Rotterdam,2019,11,3,111,200,58,11,119,201,49,9,124,204,46,8,,,,,66,124,70,4,73,124,55,5,75,122,51,4,,,,,21,33,28,24,20,34,27,19,21,35,29,16,,,,,24,43,50.26212963,15.96039352,26,44,48,14,28,47,45,12,,,,,22,Netherlands
Rotterdam,2019,12,3,122,202,41,11,121,202,48,10,124,204,46,8,129,208,46,8,70,117,46,6,74,122,54,6,75,122,51,4,78,125,52,5,20,34,31,21,20,34,28,20,21,35,29,17,21,35,28,16,32,51,38.6341059,16.94496528,27,46,46,15,28,47,45,12,29,47,43,10,25,Netherlands
Rotterdam,2019,13,3,127,214,42,4,121,204,48,9,124,205,46,8,124,204,45,7,81,128,46,2,74,123,55,5,76,123,51,4,74,122,50,4,18,36,28,7,20,35,29,18,20,35,30,17,21,35,28,15,28,50,40.2810119,10.22198413,27,47,45,16,28,47,45,12,29,47,43,11,23,Netherlands
Rotterdam,2019,14,4,136,211,42,10,124,207,46,9,125,206,45,9,125,205,45,8,84,131,46,6,75,125,52,4,77,125,50,4,75,123,50,4,22,33,29,18,20,34,29,18,20,34,27,18,21,34,29,16,30,47,41.52672222,14.60183333,29,48,43,14,28,47,45,13,29,48,44,12,22,Netherlands
Rotterdam,2019,15,4,132,209,41,9,129,209,42,9,124,205,45,9,126,205,45,8,81,129,45,4,79,126,46,4,76,125,50,5,76,123,49,4,21,33,25,18,20,34,28,16,20,34,27,17,21,34,29,16,30,47,40.69813889,16.42749074,30,49,40,15,28,47,44,14,29,48,44,13,22,Netherlands
Rotterdam,2019,16,4,130,207,42,10,131,210,42,8,126,206,45,9,126,206,45,8,80,124,46,7,82,128,46,5,78,125,50,5,77,124,49,5,20,36,23,15,20,35,27,15,20,34,27,17,21,35,28,16,30,47,42.26338889,14.07008333,30,48,41,14,28,47,44,14,29,48,44,13,23,Netherlands
Rotterdam,2019,17,4,123,200,41,10,130,207,41,10,126,206,45,10,126,206,45,9,78,123,47,11,81,127,46,7,78,125,50,6,77,124,49,5,22,33,24,12,21,34,25,16,20,34,27,17,21,34,28,16,23,44,38.27718599,6.052089372,28,46,41,13,28,46,43,14,28,47,44,12,22,Netherlands
Rotterdam,2019,18,5,132,198,44,9,129,204,42,10,127,205,44,9,126,205,44,9,82,127,48,9,80,126,47,8,78,125,49,6,78,125,49,6,20,29,36,11,21,33,27,14,21,33,28,16,20,34,27,16,30,42,38.47094444,8.18325,28,45,40,11,28,46,41,13,28,46,43,12,21,Netherlands
Rotterdam,2019,19,5,129,189,43,6,129,199,42,9,129,204,42,9,126,203,44,9,84,124,47,3,81,125,47,8,80,125,46,6,78,125,49,6,19,26,29,13,20,31,28,13,20,33,28,14,20,33,28,16,26,39,37.63527778,8.344647436,27,43,39,9,29,46,40,12,28,45,43,12,21,Netherlands
Rotterdam,2019,20,5,124,207,61,5,127,199,47,7,129,204,44,8,126,203,46,9,76,130,79,2,80,126,55,6,81,127,50,6,78,125,52,6,18,30,26,11,20,30,29,11,20,32,28,13,20,33,28,15,30,47,34.86610185,7.155601852,27,43,37,7,28,45,39,11,28,45,42,12,23,Netherlands
Rotterdam,2019,21,5,139,212,39,5,131,202,47,6,131,204,44,8,127,204,45,8,82,132,44,4,81,128,54,5,81,128,50,6,79,126,52,5,23,30,24,10,20,29,29,11,21,31,27,13,20,32,28,15,34,50,37.53136438,5.466495098,30,45,37,7,29,45,39,10,29,46,41,12,24,Netherlands
Rotterdam,2019,22,5,119,200,37,7,128,202,45,6,129,203,43,8,127,204,44,8,74,126,39,2,79,128,52,3,80,127,49,5,78,126,50,5,17,29,29,16,19,29,27,12,20,31,27,13,20,32,28,15,28,45,35.33702381,14.52554563,30,45,36,9,29,45,38,10,29,46,40,11,23,Netherlands
Rotterdam,2019,23,6,125,199,50,10,127,205,47,7,128,202,45,8,128,204,44,8,77,123,60,6,77,128,56,4,79,126,51,6,79,126,49,5,21,32,27,16,20,30,27,13,20,31,27,13,20,32,28,14,27,44,40.37141975,15.94437243,30,47,37,11,29,45,38,10,29,46,39,11,22,Netherlands
Rotterdam,2019,24,6,128,212,41,7,128,206,42,7,127,202,45,7,129,205,44,8,80,134,45,4,78,129,47,4,79,127,51,5,80,128,49,5,19,32,28,16,20,31,27,14,20,30,28,13,20,32,28,13,29,46,38.55374521,11.11058429,30,46,38,12,28,45,38,10,29,46,39,11,22,Netherlands
Rotterdam,2019,25,6,125,206,46,10,124,204,44,9,128,203,45,7,129,204,44,8,76,130,54,7,77,128,50,5,79,128,52,5,80,128,50,6,23,34,25,18,20,32,28,16,20,30,28,14,20,31,27,14,26,42,40.30604701,10.78084402,28,44,39,13,29,44,38,10,29,45,39,11,20,Netherlands
Rotterdam,2019,26,6,126,204,37,5,126,205,44,8,127,204,44,7,128,204,43,8,77,127,40,4,78,129,50,5,78,128,51,4,79,127,50,5,20,32,25,9,21,33,26,15,20,31,27,13,20,31,27,14,29,45,36.29344828,7.228400383,28,44,39,11,29,45,38,10,29,45,38,10,22,Netherlands
Rotterdam,2019,27,7,129,209,50,6,127,208,44,7,127,206,45,7,127,204,44,8,76,127,64,2,77,130,51,4,77,129,53,4,79,127,51,5,24,37,24,12,22,34,26,14,21,32,26,13,21,32,27,13,29,45,35.77742337,9.914137931,28,45,38,10,29,46,37,10,28,45,38,10,22,Netherlands
Rotterdam,2019,28,7,129,207,36,5,127,207,42,7,128,206,42,7,127,204,44,7,82,130,38,4,78,129,49,4,78,129,48,4,79,128,51,5,18,32,25,11,21,34,25,13,21,32,26,14,20,31,27,13,29,45,36.35204023,6.80658046,28,44,37,9,29,45,38,10,28,45,37,9,22,Netherlands
Rotterdam,2019,29,7,130,210,42,7,129,208,41,6,126,206,42,7,128,204,44,7,81,133,48,6,79,129,48,4,78,129,49,4,79,129,51,4,21,33,25,10,21,34,25,11,20,33,26,14,20,31,27,13,28,44,35.06206349,8.365208333,29,45,36,8,28,45,37,11,29,45,37,9,21,Netherlands
Rotterdam,2019,30,7,119,201,44,9,127,207,43,7,126,206,43,7,127,205,44,7,70,121,50,7,77,128,50,5,77,128,50,5,78,128,51,4,19,32,28,11,21,34,25,11,21,33,26,13,20,32,26,13,30,48,42.05297222,10.40844444,29,46,37,9,28,45,38,10,29,45,38,10,24,Netherlands
Rotterdam,2019,31,7,119,201,37,6,124,205,40,7,126,206,42,7,126,206,43,7,69,120,41,5,76,126,44,6,76,128,48,5,77,128,50,4,23,38,23,9,20,34,25,10,21,34,25,12,21,33,26,12,27,43,36.0300823,6.091080247,29,45,37,8,28,45,38,9,29,45,37,9,21,Netherlands
Rotterdam,2019,32,8,123,202,42,9,123,204,41,8,125,205,42,7,126,205,42,7,72,122,46,9,73,124,46,7,75,126,48,5,76,127,48,5,21,36,24,14,21,35,25,11,21,34,25,12,21,33,26,13,30,44,44.53780556,5.350027778,29,45,39,8,29,45,38,8,29,45,38,9,22,Netherlands
Rotterdam,2019,33,8,112,192,40,10,118,199,41,8,123,203,41,7,124,204,42,8,70,123,46,11,70,122,46,8,75,125,47,6,75,126,48,6,20,34,24,15,21,35,25,12,21,34,25,11,21,33,26,13,22,35,36.33618687,3.402184343,27,43,40,6,28,44,38,7,28,44,38,9,18,Netherlands
Rotterdam,2019,34,8,133,204,37,6,122,200,39,8,124,203,41,7,125,204,42,8,79,128,40,3,73,123,43,7,75,126,47,6,76,127,48,6,25,37,26,12,22,36,24,13,21,35,25,12,21,34,25,13,29,39,35.92866858,8.388783525,27,40,38,6,28,43,38,7,28,43,38,9,19,Netherlands
Rotterdam,2019,35,8,119,206,41,5,122,201,40,7,123,203,40,7,124,205,41,7,67,123,48,3,72,124,45,6,74,125,45,6,75,127,47,5,27,40,25,10,23,37,25,13,22,35,25,11,22,35,25,12,25,43,38.9045,5.389388889,27,40,39,6,28,43,38,7,28,43,38,8,21,Netherlands
Rotterdam,2019,36,9,125,198,40,6,122,200,39,7,123,202,40,7,124,203,41,7,75,117,44,2,73,123,44,5,73,123,45,6,75,125,47,5,23,41,24,16,24,38,25,13,22,36,25,12,22,36,25,12,27,40,41.13835391,9.160617284,26,39,38,7,27,42,39,7,28,43,38,8,20,Netherlands
Rotterdam,2019,37,9,123,200,38,5,125,202,39,6,122,201,40,7,124,203,40,7,78,127,42,3,75,124,43,3,73,123,44,5,75,125,46,5,18,32,23,12,23,38,25,13,22,36,25,12,22,35,25,12,27,41,37.98435185,7.06367284,27,41,38,8,27,42,39,7,28,43,38,7,21,Netherlands
Rotterdam,2019,38,9,122,202,39,8,122,202,39,6,122,201,39,7,124,203,40,7,71,124,45,5,73,123,44,3,73,123,44,5,74,125,46,5,20,32,24,13,22,36,24,13,22,36,24,13,22,35,25,12,31,46,36.5562276,10.14090502,28,43,39,8,27,41,38,7,28,43,38,8,23,Netherlands
Rotterdam,2019,39,9,125,209,43,9,124,202,40,7,123,202,40,7,123,203,40,7,75,125,48,8,75,123,44,5,73,124,45,6,74,124,45,6,20,34,25,15,20,35,24,14,22,36,24,13,21,35,25,12,30,50,44.74521296,5.530287037,29,44,40,8,28,42,40,7,28,43,39,7,24,Netherlands
Rotterdam,2019,40,10,118,196,52,6,122,202,43,7,122,201,41,7,122,202,41,7,76,124,61,4,75,125,49,5,74,124,47,5,74,124,46,6,15,29,27,12,18,32,25,13,21,35,25,13,21,35,25,12,27,43,37.4437037,9.086574074,29,45,39,8,27,42,39,7,28,43,39,7,22,Netherlands
Rotterdam,2019,41,10,137,211,45,5,126,205,45,7,125,203,42,6,123,202,41,7,84,132,52,2,77,126,51,5,76,125,47,4,74,124,47,5,25,34,24,13,20,32,25,13,22,35,25,13,21,35,25,13,28,45,40.5491369,7.580049603,29,46,40,8,28,43,39,8,28,43,39,7,21,Netherlands
Rotterdam,2019,42,10,120,211,44,5,125,207,46,6,124,204,43,6,123,203,41,7,75,134,51,4,78,129,53,4,75,126,49,4,74,125,47,5,15,32,26,10,19,32,26,13,20,34,25,13,21,35,25,13,30,45,35.9229537,7.000712963,29,46,40,7,28,44,39,8,28,43,39,7,21,Netherlands
Rotterdam,2019,43,10,118,197,43,5,123,204,46,5,124,203,43,6,123,202,42,7,73,127,49,2,77,129,53,3,76,126,49,4,75,126,48,5,18,26,28,14,18,30,26,12,19,33,25,13,21,34,25,13,27,44,36.52197531,5.899588477,28,44,38,7,28,44,39,8,28,43,39,7,22,Netherlands
Rotterdam,2019,44,11,123,199,42,8,125,205,43,6,123,203,43,6,123,202,42,6,76,125,47,8,77,130,50,4,76,127,49,4,75,126,48,5,20,31,28,9,20,31,27,11,19,31,26,12,21,34,25,13,27,43,36.69545267,5.483199588,28,44,37,6,28,45,38,7,28,43,38,7,22,Netherlands
Rotterdam,2019,45,11,116,192,43,4,119,200,43,5,122,202,44,6,123,202,42,6,76,126,50,1,75,128,49,4,76,127,50,4,75,126,48,4,21,34,27,10,19,31,27,11,19,32,26,12,21,34,26,12,19,32,32.87902047,4.262353801,26,41,36,6,27,44,38,7,27,43,38,7,17,Netherlands
Rotterdam,2019,46,11,123,192,45,6,120,195,43,5,123,201,45,6,122,201,43,6,82,128,50,2,77,127,49,3,77,128,51,4,76,126,49,4,18,32,31,10,19,31,29,11,19,32,27,12,20,33,26,12,23,32,37.99391304,13.83193237,24,38,36,7,26,42,38,7,27,42,38,8,17,Netherlands
Rotterdam,2019,47,11,126,197,38,5,122,195,42,6,123,199,44,5,123,200,43,6,71,124,44,4,76,126,48,4,77,128,51,3,76,126,49,4,21,32,27,7,20,32,28,9,19,31,27,11,20,32,26,12,34,41,32.15298203,6.62872549,26,37,35,8,27,41,36,7,28,42,38,8,21,Netherlands
Rotterdam,2019,48,11,141,218,40,7,127,200,42,5,126,202,43,6,124,202,43,6,87,135,47,4,79,128,48,3,78,129,49,3,77,128,49,4,23,38,23,20,21,34,27,12,20,32,27,12,20,32,26,12,31,45,34.14761649,6.70312724,27,38,34,8,27,41,36,7,28,42,37,7,21,Netherlands
Rotterdam,2019,49,12,119,207,43,6,127,204,42,6,123,202,42,6,124,203,43,6,71,127,49,3,78,129,48,3,76,128,49,4,76,128,49,4,20,36,30,15,21,35,28,13,20,33,28,12,20,33,27,12,28,44,38.72134921,7.584781746,29,41,36,9,27,41,36,7,28,43,37,7,21,Netherlands
Rotterdam,2019,50,12,114,199,48,5,125,205,42,6,123,200,43,6,123,202,44,6,72,126,55,2,75,128,49,3,76,127,49,3,77,128,50,4,18,33,28,5,21,35,27,12,20,33,28,11,20,33,27,12,24,40,39.84188657,13.73177083,29,43,36,9,27,40,36,8,27,42,37,8,20,Netherlands
Rotterdam,2019,51,12,122,200,46,5,124,206,44,6,123,201,43,6,123,202,44,6,70,120,55,3,75,127,52,3,76,126,50,4,76,127,51,3,26,41,27,13,22,37,27,13,21,35,28,11,20,33,27,12,26,39,42.46461538,5.27125,27,42,39,8,27,40,37,8,27,41,37,8,20,Netherlands
Rotterdam,2019,52,12,90,164,39,6,111,193,44,6,119,196,43,6,121,199,43,6,55,100,46,4,67,118,51,3,73,123,50,3,74,125,50,3,18,32,24,14,21,36,27,12,21,35,27,12,20,33,27,12,17,32,35.9495915,4.895261438,24,39,39,8,25,38,37,8,26,40,37,7,20,Netherlands
Rotterdam,2020,1,1,135,135,56,16,115,175,47,8,121,189,45,7,121,193,44,7,83,83,70,18,70,107,56,7,74,118,52,5,74,121,51,5,21,21,27,25,21,32,26,14,21,33,27,14,20,32,27,13,31,31,36.36050179,3.167078853,25,36,39,7,27,38,37,8,26,39,37,7,23,Netherlands
Rotterdam,2020,2,1,110,190,40,6,114,172,45,8,120,189,44,7,120,191,44,7,66,114,44,4,69,104,54,7,72,116,51,5,74,120,51,5,14,26,25,9,20,30,26,15,20,32,26,14,20,32,27,13,30,50,36.59102778,6.926314815,26,38,38,5,28,40,37,7,26,39,37,7,26,Netherlands
Rotterdam,2020,3,1,121,196,48,6,114,171,46,8,119,189,45,7,120,191,44,7,71,118,54,5,69,104,53,8,72,115,52,5,73,119,51,5,19,28,35,6,18,27,28,14,20,32,27,14,20,32,28,12,31,50,41.6144086,8.117706093,27,41,38,6,27,41,38,7,27,40,37,7,26,Netherlands
Rotterdam,2020,4,1,133,210,40,10,125,183,46,9,118,188,45,8,121,192,44,7,78,124,44,7,75,110,53,9,71,114,52,6,74,119,51,5,22,35,27,13,19,28,28,13,20,32,28,13,20,32,28,12,33,51,38.00661616,16.10722222,31,46,38,9,28,42,39,8,27,41,37,8,24,Netherlands
Rotterdam,2020,5,1,125,215,42,8,122,203,42,7,119,189,45,8,122,194,44,7,72,122,46,3,72,120,47,5,71,113,52,6,73,118,50,5,21,38,27,9,19,32,29,9,20,32,28,12,20,33,28,12,32,55,41.90219618,16.52220486,32,52,40,12,28,44,39,9,28,43,38,9,26,Netherlands
Rotterdam,2020,6,2,122,210,65,6,125,208,48,7,120,190,47,8,122,195,45,7,79,130,75,4,75,124,55,5,72,114,54,6,73,119,52,5,20,34,45,10,21,34,34,10,20,32,30,12,20,33,29,12,23,46,44.22707729,9.32384058,30,51,41,13,28,44,40,9,28,44,38,9,22,Netherlands
Rotterdam,2020,7,2,116,205,48,15,124,210,48,10,119,191,47,9,121,196,46,8,65,121,54,6,74,124,55,5,71,114,54,6,72,118,53,5,22,38,31,27,21,36,33,15,20,32,30,14,20,33,29,14,29,46,46.88471264,26.17840996,29,50,43,17,28,45,40,11,28,44,40,10,22,Netherlands
Rotterdam,2020,8,2,103,221,54,12,117,213,52,10,121,198,49,10,118,196,47,8,59,129,65,6,69,126,60,5,72,118,57,7,70,118,55,5,15,35,29,31,20,36,33,19,19,32,31,16,20,33,30,15,29,57,45.99239464,16.5133046,28,51,45,17,30,48,41,13,28,45,41,11,26,Netherlands
Rotterdam,2020,9,2,123,212,79,14,116,212,61,12,119,207,52,10,118,196,50,9,68,116,112,7,68,124,77,6,70,122,62,5,70,117,60,6,22,36,27,25,20,36,33,23,19,34,31,16,20,33,29,16,33,60,44.47077441,21.7047138,29,52,45,18,30,52,42,15,28,46,41,12,28,Netherlands
Rotterdam,2020,10,3,120,213,41,8,116,213,56,12,120,210,52,10,118,198,50,9,73,120,47,4,66,122,69,6,71,123,62,5,70,116,59,6,18,36,26,14,19,36,28,24,20,35,31,17,20,33,29,16,29,57,37.55871648,15.03722222,30,55,44,20,30,53,43,16,29,48,41,12,27,Netherlands
Rotterdam,2020,11,3,114,192,51,7,115,210,56,10,120,210,52,10,118,197,50,9,66,106,59,4,67,118,70,5,70,121,63,5,70,115,60,6,22,35,39,19,19,36,30,22,20,36,31,18,20,33,30,17,26,51,43.38708333,6.735299145,29,56,43,15,29,53,43,16,29,49,41,13,27,Netherlands
Rotterdam,2020,12,3,127,201,44,9,121,205,54,10,119,209,53,10,121,200,51,10,78,118,49,8,71,115,66,6,70,120,63,5,72,117,60,6,20,38,29,11,21,36,30,17,20,36,32,18,20,33,31,17,29,45,41.9585249,12.05534483,29,53,42,14,29,52,43,16,30,50,42,13,22,Netherlands
Rotterdam,2020,13,3,121,194,74,10,121,200,53,9,118,206,57,10,120,205,52,9,81,123,93,9,75,117,62,6,71,120,69,6,71,120,62,6,16,31,28,12,19,35,31,14,19,35,32,19,19,34,31,15,24,40,39.26347222,11.63681713,27,48,41,11,28,50,43,15,29,51,42,14,21,Netherlands
Rotterdam,2020,14,3,120,204,41,17,121,198,52,11,118,205,54,12,120,206,52,10,70,123,45,24,74,118,61,11,70,120,65,8,72,121,62,7,25,40,31,12,21,36,32,13,20,36,30,19,20,35,31,16,25,41,37.03436667,3.719066667,26,44,40,9,28,50,42,14,29,50,42,14,20,Netherlands
Rotterdam,2020,15,4,129,209,43,15,124,202,50,13,120,206,53,12,121,207,52,11,79,128,49,16,77,123,59,14,72,120,65,10,72,122,61,8,21,38,27,16,21,37,29,13,20,36,30,17,20,36,31,17,29,43,35.54450192,11.23399425,27,42,38,10,28,49,41,12,28,49,41,14,21,Netherlands
Rotterdam,2020,16,4,120,217,41,18,123,206,50,15,122,205,52,12,120,208,52,12,72,128,47,23,76,126,59,18,73,120,63,12,72,122,62,9,20,41,25,14,21,38,28,14,21,37,29,15,20,37,30,17,28,48,36.89709325,8.436884921,27,43,37,9,28,48,40,11,28,49,41,13,22,Netherlands
Rotterdam,2020,17,4,108,194,35,7,119,206,40,14,120,203,46,11,119,206,51,12,60,115,40,6,70,124,45,17,72,120,53,12,71,121,61,10,20,34,26,11,22,38,27,13,20,37,29,14,20,36,30,17,28,45,33.54186508,5.271805556,28,44,36,7,27,46,38,9,28,48,41,12,23,Netherlands
Rotterdam,2020,18,4,112,191,36,10,117,203,39,12,119,200,46,12,118,204,49,12,70,115,38,10,70,122,43,14,72,120,52,12,70,120,58,10,16,33,25,15,19,37,26,14,20,36,29,14,20,36,29,17,26,43,40.05320513,5.706762821,28,45,37,8,27,45,38,8,28,48,40,12,23,Netherlands
Rotterdam,2020,19,5,124,204,59,16,116,202,43,13,120,202,47,13,118,204,50,12,76,126,76,20,70,121,50,15,73,122,54,14,71,121,60,11,25,41,23,10,20,37,25,12,20,37,27,13,20,37,28,16,23,37,41.23891304,8.168852657,26,43,38,7,27,43,38,8,27,47,40,11,18,Netherlands
Rotterdam,2020,20,5,120,209,38,5,116,200,42,9,119,203,46,12,120,203,48,11,72,129,41,2,70,121,48,10,73,123,54,14,72,121,58,11,18,37,24,9,20,36,24,11,20,37,26,12,20,37,28,14,30,43,38.46713889,7.552907407,27,42,38,7,27,43,38,8,28,46,39,10,21,Netherlands
Rotterdam,2020,21,5,110,193,41,5,117,199,43,9,118,203,42,12,119,202,45,11,65,121,40,3,71,123,49,9,71,123,47,13,72,121,52,11,22,35,47,11,20,37,30,11,21,37,29,12,20,37,29,13,23,37,37.00861111,4.501884058,26,40,39,6,27,42,37,7,27,44,38,8,19,Netherlands
Rotterdam,2020,22,5,106,192,44,7,115,200,45,8,116,201,42,10,118,200,46,10,64,118,51,5,69,124,52,7,70,123,48,11,71,121,52,11,18,34,26,15,21,37,30,11,20,37,28,13,20,36,29,13,24,40,35.77533565,6.784490741,25,39,38,7,26,42,37,7,26,43,38,8,21,Netherlands
Rotterdam,2020,23,6,112,199,37,5,112,198,40,5,114,200,41,9,117,201,44,10,74,127,39,4,69,124,43,4,69,122,46,9,72,123,51,11,16,34,27,8,19,35,31,11,19,36,28,12,20,36,28,12,22,38,36.10849747,5.933800505,25,40,37,6,26,41,37,7,26,42,38,8,19,Netherlands
Rotterdam,2020,24,6,101,187,40,5,107,193,40,5,112,196,41,7,115,199,44,10,63,121,45,3,67,122,44,4,68,122,46,7,71,123,50,10,17,32,26,8,18,34,32,10,19,35,28,11,20,36,28,12,21,34,37.54579365,6.464047619,23,37,37,6,25,40,37,6,25,41,37,7,18,Netherlands
Rotterdam,2020,25,6,117,197,40,6,109,194,40,6,113,197,42,7,115,200,41,10,69,122,41,6,68,122,44,5,69,122,46,7,70,123,46,10,18,31,36,6,17,33,29,9,19,35,29,10,20,36,29,11,30,44,38.89446296,6.00112037,24,39,37,6,25,40,38,6,26,41,37,7,22,Netherlands
Rotterdam,2020,26,6,109,194,42,5,110,194,40,5,112,197,42,7,114,199,41,9,68,119,45,2,69,122,43,4,69,123,47,6,69,122,46,8,15,30,26,14,17,32,29,9,19,34,29,10,19,35,28,11,26,45,41.64726496,6.032403846,25,40,39,6,25,40,38,6,26,41,38,7,23,Netherlands
Rotterdam,2020,27,7,119,201,42,6,112,195,41,5,112,197,40,5,113,198,41,8,72,121,47,2,68,121,45,4,68,122,44,4,69,122,46,7,20,32,26,13,18,31,28,10,18,33,30,11,19,35,28,11,27,48,37.91794239,8.773744856,26,43,39,7,25,41,38,7,26,42,38,7,24,Netherlands
Rotterdam,2020,28,7,110,190,41,6,114,196,41,6,111,194,41,5,112,196,41,7,65,113,45,4,69,119,45,4,68,120,44,4,68,121,46,6,20,33,24,9,18,32,28,11,18,33,30,11,19,34,28,11,25,44,42.96228889,6.2653,27,45,40,7,25,41,38,6,25,42,38,6,23,Netherlands
Rotterdam,2020,29,7,128,196,43,6,117,195,42,6,113,195,41,6,114,196,42,7,81,122,49,4,72,119,47,3,70,120,46,4,70,121,47,6,17,29,26,12,18,31,26,12,18,32,27,11,19,33,28,11,30,45,36.64017593,8.355203704,27,46,40,7,26,42,38,7,26,42,39,7,23,Netherlands
Rotterdam,2020,30,7,114,192,40,5,118,195,41,6,114,195,41,5,114,196,42,6,70,121,45,4,72,119,47,4,70,121,45,4,70,122,47,5,18,29,23,11,19,31,25,12,18,31,27,10,19,33,28,11,26,42,37.44347222,3.200491453,27,45,39,7,26,43,39,6,26,41,38,7,22,Netherlands
Rotterdam,2020,31,7,118,194,42,6,118,193,41,6,115,194,41,5,114,195,41,5,70,119,47,2,72,119,47,4,70,120,46,4,69,121,45,4,22,35,23,17,19,32,24,13,18,31,26,11,18,33,28,11,26,40,42.8963141,4.168044872,27,43,40,5,26,43,39,6,26,42,39,6,21,Netherlands
Rotterdam,2020,32,8,117,203,44,20,119,196,42,9,117,196,42,7,113,195,41,7,64,120,50,30,71,121,48,10,70,120,46,7,69,120,45,6,21,38,28,12,20,33,25,13,19,32,27,12,19,33,28,11,32,45,42.32920139,5.409288194,29,43,40,5,28,44,40,6,26,42,39,6,22,Netherlands
Rotterdam,2020,33,8,112,198,46,7,115,197,43,9,116,196,42,7,114,195,42,7,70,123,47,3,69,121,47,10,70,120,47,7,69,121,46,6,14,29,27,17,19,33,25,15,18,32,25,13,18,32,27,12,28,46,50.68282738,10.31652778,28,43,43,6,28,44,42,7,26,43,40,6,23,Netherlands
Rotterdam,2020,34,8,117,200,41,7,116,199,43,10,117,197,42,8,115,196,41,7,69,120,45,4,68,121,47,10,70,120,47,7,70,121,46,6,22,33,27,11,20,34,26,15,19,32,26,13,18,32,27,12,26,47,43.98147436,10.11820513,28,45,45,8,28,45,42,7,27,43,41,7,24,Netherlands
Rotterdam,2020,35,8,128,213,41,9,119,204,43,11,118,198,42,8,116,197,42,7,80,131,44,7,71,124,46,11,71,121,47,7,70,121,46,6,23,37,27,11,20,34,27,13,20,33,26,13,19,32,27,12,25,45,45.10128889,11.60101111,28,46,46,9,27,44,43,7,27,44,42,7,21,Netherlands
Rotterdam,2020,36,9,119,212,42,6,119,206,43,7,119,201,42,8,117,199,42,7,68,126,47,2,72,125,46,4,72,123,47,7,71,121,46,6,20,37,26,15,20,34,27,14,20,33,26,14,19,33,27,13,31,49,41.67537634,6.769910394,28,47,45,10,28,45,43,7,28,45,42,7,23,Netherlands
Rotterdam,2020,37,9,121,207,43,13,121,208,42,9,118,202,42,9,118,200,42,8,69,118,46,16,72,124,45,7,70,122,46,9,71,121,47,7,21,38,31,13,22,36,28,13,20,35,27,14,19,33,26,13,31,51,47.03608423,8.469283154,28,48,44,9,28,46,44,8,28,46,43,7,25,Netherlands
Rotterdam,2020,38,9,116,205,46,5,121,209,43,8,119,204,43,9,118,201,43,8,79,130,51,3,74,126,47,7,71,123,47,8,71,122,47,7,15,32,26,7,20,36,27,11,20,35,27,13,19,34,26,13,22,43,43.3147096,10.95983586,27,47,44,9,28,46,45,8,27,45,43,8,21,Netherlands
Rotterdam,2020,39,9,111,194,47,9,117,205,45,8,118,204,44,9,118,200,43,8,67,119,52,6,71,123,49,7,71,123,48,9,71,122,47,7,19,32,28,9,19,35,27,11,19,35,27,12,19,34,26,12,25,43,48.69124444,18.65617778,27,47,45,11,28,46,45,10,27,45,44,9,22,Netherlands
Rotterdam,2020,40,9,118,205,48,9,117,203,46,9,118,204,44,8,118,202,44,8,71,124,53,4,72,123,50,7,72,124,48,6,72,123,48,7,17,32,33,21,18,34,29,13,19,34,28,13,19,33,27,13,30,49,43.21971296,12.63353704,27,47,46,13,27,47,45,11,28,45,44,9,24,Netherlands
Rotterdam,2020,41,10,121,219,44,10,117,206,46,8,119,207,44,8,118,204,44,9,71,125,49,5,72,125,51,5,72,124,48,6,71,123,48,7,17,35,25,20,17,33,28,14,19,35,28,13,19,34,27,14,33,59,44.23183502,13.88255051,28,49,45,14,28,48,45,12,28,47,44,10,27,Netherlands
Rotterdam,2020,42,10,121,208,40,9,118,207,45,9,119,208,44,9,118,205,44,9,72,118,43,5,70,122,49,5,72,124,48,6,71,123,48,7,25,43,28,14,20,36,28,16,20,36,28,14,20,35,27,14,24,47,43.02664352,15.891875,28,50,45,15,28,48,45,12,28,47,45,11,23,Netherlands
Rotterdam,2020,43,10,110,191,54,10,118,206,47,9,117,205,46,9,118,205,45,9,65,107,65,4,70,119,53,4,70,121,51,6,70,122,49,7,21,39,26,13,20,37,28,17,19,36,28,14,20,35,28,14,24,45,47.49835648,23.88634259,28,50,44,17,28,48,45,14,28,47,45,12,24,Netherlands
Rotterdam,2020,44,10,107,188,39,5,115,202,44,8,116,202,45,9,117,203,44,8,64,106,40,3,68,114,49,4,70,118,50,6,70,121,49,5,17,36,27,10,20,38,27,14,19,36,28,13,19,35,28,13,26,46,45.85418803,8.558087607,27,49,45,16,27,48,45,14,27,48,45,13,24,Netherlands
Rotterdam,2020,45,11,132,199,41,9,118,197,44,8,117,201,45,8,118,203,44,8,79,112,46,4,70,111,49,4,71,118,50,4,71,120,48,5,23,37,30,16,22,39,28,13,19,36,28,14,20,36,28,13,30,50,37.01207407,17.42606481,26,47,43,16,27,48,44,15,27,48,44,13,25,Netherlands
Rotterdam,2020,46,11,112,199,46,8,115,194,45,8,117,200,45,9,118,203,44,8,70,112,48,5,70,109,50,4,70,115,50,4,71,119,49,5,13,33,28,21,19,36,28,15,19,36,28,16,19,36,28,14,29,54,47.02373563,11.2393295,27,49,44,15,28,49,45,15,28,48,44,13,27,Netherlands
Rotterdam,2020,47,11,111,198,42,7,116,196,42,7,117,201,44,8,117,202,44,8,66,111,45,4,70,110,45,4,70,114,49,4,70,117,49,5,19,36,29,14,18,36,29,15,19,36,28,16,19,36,28,15,26,51,45.19423077,10.77461538,28,50,44,12,28,50,44,14,28,49,44,13,26,Netherlands
Rotterdam,2020,48,11,121,192,44,9,119,197,43,8,117,199,44,8,117,200,45,9,79,115,46,4,74,113,46,4,71,113,48,4,71,116,49,5,19,35,28,16,19,35,29,17,19,37,28,16,19,36,28,15,23,42,51.8347343,19.6361715,27,49,45,15,27,49,45,15,27,48,45,14,22,Netherlands
Rotterdam,2020,49,12,110,187,45,9,114,194,44,8,116,195,44,8,116,199,45,8,69,115,48,7,71,113,47,5,71,112,48,4,71,116,49,4,16,31,26,15,17,34,28,17,19,36,28,15,18,35,28,15,25,41,48.47266667,10.95684444,26,47,48,13,26,47,46,15,26,48,45,15,22,Netherlands
Rotterdam,2020,50,12,120,181,45,11,116,190,44,9,115,192,45,8,116,197,45,9,70,104,45,5,71,111,46,5,70,110,48,4,70,114,48,4,22,34,29,18,19,34,28,16,19,35,28,16,19,35,28,16,28,43,54.34485119,18.59843254,26,44,50,15,26,47,47,15,27,48,46,15,24,Netherlands
Rotterdam,2020,51,12,114,190,52,12,116,188,46,10,116,192,44,9,116,196,45,9,74,111,51,5,73,111,48,5,71,111,46,4,71,113,48,4,16,32,34,26,18,33,29,19,18,34,29,17,19,35,29,17,24,47,65.76053241,23.05431713,25,43,55,18,26,47,49,15,27,48,48,16,25,Netherlands
Rotterdam,2020,52,12,97,173,54,13,110,183,49,11,115,190,46,10,115,194,46,9,59,101,60,6,68,108,51,6,71,110,49,5,70,111,49,5,17,30,32,16,18,32,30,19,18,34,30,18,19,35,29,17,21,42,52.96589947,29.64556878,25,43,55,21,26,46,50,18,26,47,49,17,24,Netherlands
Rotterdam,2020,53,12,26,121,31,10,89,166,45,11,101,180,45,10,107,186,44,9,20,72,33,8,56,97,48,6,63,105,47,5,66,107,48,5,1,19,18,35,14,29,28,24,15,31,28,20,17,34,28,18,5,30,28.17705556,14.74688889,20,41,50,22,23,44,49,17,24,45,47,17,25,Netherlands
Rotterdam,2021,1,1,103,188,46,10,85,168,46,11,100,179,45,10,105,184,45,9,63,116,48,5,54,100,48,6,63,106,47,5,65,107,48,5,15,28,29,22,12,27,28,25,16,31,28,20,17,33,28,19,25,44,49.79492222,16.0116,19,41,49,21,22,43,50,18,24,45,48,17,23,Netherlands
Rotterdam,2021,2,1,119,197,45,6,86,170,44,10,101,179,45,10,106,184,44,9,74,117,47,4,54,102,47,6,64,106,47,5,66,108,47,5,21,35,28,12,14,28,27,21,16,31,28,20,17,32,28,19,24,45,52.00100694,5.080659722,19,40,46,16,22,42,50,17,24,45,48,15,23,Netherlands
Rotterdam,2021,3,1,113,196,68,8,90,176,47,9,100,179,48,10,107,185,47,9,66,111,85,5,56,104,53,5,62,106,52,6,66,108,50,5,20,37,29,15,14,30,26,21,16,31,28,20,17,32,28,19,27,48,56.17322016,12.61371399,20,42,47,12,22,43,51,16,24,45,49,16,24,Netherlands
Rotterdam,2021,4,1,109,188,45,9,111,192,51,8,100,179,48,10,105,184,47,9,67,107,45,5,68,113,56,5,62,105,52,5,65,108,50,5,16,34,29,15,18,34,29,16,16,31,29,20,16,32,28,19,26,47,53.59700855,16.67991453,26,46,53,13,23,43,52,17,24,45,50,16,25,Netherlands
Rotterdam,2021,5,1,107,196,55,9,112,194,53,8,99,181,49,10,104,184,48,9,66,113,58,4,68,112,59,4,61,106,54,5,64,108,51,5,20,37,38,24,19,36,31,16,16,32,30,21,17,32,29,19,21,46,62.11477513,10.61460317,25,47,56,11,22,44,53,16,23,44,52,16,23,Netherlands
Rotterdam,2021,6,2,109,191,55,18,110,193,56,11,98,181,50,10,104,183,49,10,68,111,57,8,67,111,61,5,60,106,54,5,65,108,52,5,15,33,33,39,18,35,32,23,16,32,30,22,17,32,29,21,26,47,61.24907051,30.25748932,25,47,58,18,22,44,52,17,23,44,53,17,25,Netherlands
Rotterdam,2021,7,2,100,191,44,13,106,192,50,12,98,184,49,10,102,183,49,11,59,104,47,7,65,109,52,6,60,106,53,6,63,107,52,6,22,38,29,15,18,36,32,23,16,33,29,22,17,32,30,21,19,49,50.62505848,31.83877193,23,47,57,22,22,45,52,17,23,44,53,18,26,Netherlands
Rotterdam,2021,8,2,117,197,48,14,108,194,51,13,110,193,51,11,103,184,49,11,73,115,50,6,67,111,53,6,67,112,55,5,63,107,52,6,18,35,33,20,19,36,33,24,18,35,31,20,17,33,30,21,26,47,55.38476496,32.91051282,23,47,57,26,24,47,55,20,23,45,54,20,24,Netherlands
Rotterdam,2021,9,2,127,214,53,13,113,198,50,15,113,196,52,11,103,187,50,11,80,126,55,8,70,114,52,7,69,113,56,6,64,109,53,6,20,35,36,21,19,35,33,24,19,36,32,20,17,33,31,22,27,53,59.60585391,24.28615226,25,49,57,30,25,48,56,21,23,45,54,21,25,Netherlands
Rotterdam,2021,10,3,84,189,61,13,107,198,52,13,108,195,54,12,101,187,50,11,54,113,65,6,67,115,54,7,67,113,58,6,62,109,54,6,11,30,46,32,18,35,36,22,18,35,34,22,16,33,32,22,19,46,59.67709064,23.42649123,23,49,56,28,24,48,57,23,22,45,53,21,24,Netherlands
Rotterdam,2021,11,3,120,206,59,16,112,202,55,14,109,197,53,13,103,190,51,12,74,123,65,8,70,119,59,7,68,114,55,6,64,111,55,6,15,29,32,23,16,32,37,24,17,34,35,24,16,33,32,23,31,54,57.53693548,33.98331541,26,50,58,29,24,49,57,25,23,46,54,21,26,Netherlands
Rotterdam,2021,12,3,109,205,48,15,110,204,55,15,109,199,53,14,110,197,52,12,60,115,53,5,67,119,59,7,67,115,56,6,67,114,56,6,25,35,33,17,18,32,37,23,18,34,35,24,18,34,33,21,24,55,50.3009375,38.69060185,25,52,57,30,24,50,57,28,25,48,56,23,27,Netherlands
Rotterdam,2021,13,3,120,205,53,14,108,201,55,15,111,200,53,15,111,198,53,12,72,117,58,5,65,117,60,6,68,116,56,7,68,114,57,6,21,35,35,21,18,32,37,23,18,34,35,23,19,34,34,21,27,53,52.05691358,34.54385802,25,52,55,33,25,51,56,31,25,49,56,25,26,Netherlands
Rotterdam,2021,14,3,104,197,52,11,113,203,53,14,110,201,52,14,110,198,53,13,70,118,56,6,69,118,58,6,68,116,56,6,67,114,58,6,16,34,31,20,19,33,33,20,19,34,35,21,18,34,34,22,18,45,51.82470679,20.06808642,25,52,53,32,24,50,55,30,24,49,56,26,23,Netherlands
Rotterdam,2021,15,4,117,202,50,13,113,202,51,13,112,202,53,14,110,198,52,13,71,121,55,4,68,118,55,5,69,119,57,6,68,115,55,6,19,33,31,12,20,34,33,17,18,33,35,21,18,34,34,22,27,48,52.43157407,36.29435185,24,50,52,32,25,50,55,31,24,49,56,28,24,Netherlands
Rotterdam,2021,16,4,115,202,53,10,114,202,52,12,112,203,54,13,111,200,53,13,69,118,59,8,71,119,57,6,69,119,58,6,68,116,57,6,21,34,33,14,19,34,33,17,19,33,35,20,19,34,34,21,25,50,51.96827778,14.80556667,24,49,52,26,25,51,54,28,24,49,55,28,25,Netherlands
Rotterdam,2021,17,4,114,206,54,18,113,202,52,13,110,202,54,14,111,200,53,14,64,118,57,8,69,119,57,6,67,118,58,6,68,117,56,7,23,36,41,25,20,34,34,18,19,33,36,20,19,34,35,21,27,52,58.59337449,34.88576132,24,49,54,27,25,50,54,30,25,50,55,30,25,Netherlands
Rotterdam,2021,18,4,109,204,49,16,114,204,52,14,114,203,52,14,111,202,52,14,70,117,51,6,69,119,56,7,69,118,57,6,68,117,56,6,17,36,28,41,20,35,33,23,20,34,33,22,19,34,34,22,22,51,56.24489899,28.62568182,25,50,55,29,25,51,54,30,24,50,55,30,25,Netherlands
Rotterdam,2021,19,5,109,198,50,13,112,203,52,14,112,202,51,14,112,202,53,14,66,116,52,5,67,117,55,7,68,118,55,6,69,118,56,6,18,32,30,24,20,35,33,26,20,34,33,22,19,34,34,22,25,50,60.31876667,27.82793333,25,51,57,27,24,51,54,29,25,50,55,29,25,Netherlands
Rotterdam,2021,20,5,113,195,50,17,111,201,51,16,113,201,51,14,112,202,53,14,70,114,51,5,68,116,53,6,69,117,55,6,68,118,56,6,19,34,30,44,19,35,32,34,19,34,33,25,19,34,34,24,24,47,60.95237269,31.77439815,25,50,59,31,24,50,56,29,25,50,56,29,24,Netherlands
Rotterdam,2021,21,5,112,212,49,18,111,202,49,16,112,202,51,15,111,202,52,15,67,122,53,8,68,117,52,6,68,118,54,6,67,118,56,6,21,36,33,30,19,35,30,35,19,34,32,26,19,34,34,25,24,54,53.28575231,35.51232639,24,51,58,31,24,50,56,29,24,50,55,30,25,Netherlands
Rotterdam,2021,22,5,117,212,50,16,113,204,50,16,113,204,51,15,113,204,51,15,74,121,51,7,69,118,52,6,69,118,54,6,69,118,55,6,17,37,30,30,19,35,31,32,19,35,32,27,19,34,32,25,26,54,58.04048077,34.48487179,25,51,58,32,25,51,56,31,25,51,55,31,25,Netherlands
Rotterdam,2021,23,6,106,200,55,16,112,205,51,17,112,204,51,16,112,203,51,15,65,117,60,8,69,119,54,7,68,118,54,7,68,118,55,6,19,32,32,24,19,35,31,32,19,35,32,29,20,35,32,25,22,51,60.98061869,33.8734596,24,52,58,34,24,51,58,30,24,51,56,31,26,Netherlands
Rotterdam,2021,24,6,111,196,51,14,112,205,51,16,111,203,51,16,112,202,51,15,69,116,54,5,69,119,55,7,68,118,54,6,69,118,55,6,18,32,29,30,19,34,31,29,19,34,32,31,19,34,32,26,24,48,59.98711806,26.22625,24,52,58,33,24,51,59,32,24,50,56,30,24,Netherlands
Rotterdam,2021,25,6,102,190,43,14,109,200,50,15,110,201,50,16,111,201,51,15,62,108,47,8,68,116,53,7,68,116,52,6,68,117,54,6,19,35,28,20,18,34,30,26,19,34,30,30,19,34,31,26,21,47,47.22874339,26.77441799,23,50,57,30,24,50,57,31,24,50,56,29,25,Netherlands
Rotterdam,2021,26,6,104,186,49,13,106,193,50,14,109,199,50,15,111,200,50,15,62,105,54,6,65,112,54,7,67,115,53,7,67,116,54,7,15,33,34,15,18,33,31,22,18,34,31,27,19,34,32,26,27,48,47.36287037,25.61949588,24,49,54,28,24,50,56,30,25,50,56,30,26,Netherlands
Rotterdam,2021,27,6,117,189,45,9,109,190,47,12,110,198,49,15,111,199,50,15,69,108,48,6,66,109,51,6,67,114,52,7,67,115,53,7,23,34,28,15,19,34,30,20,19,34,31,26,19,34,31,26,25,47,51.16301111,9.7643,24,48,51,22,24,50,55,28,24,50,56,28,25,Netherlands
Rotterdam,2021,28,7,116,195,47,9,110,190,46,11,111,198,49,14,111,199,49,14,77,116,44,6,68,109,48,7,68,114,51,7,68,115,52,7,18,36,33,19,19,35,31,18,19,34,31,23,19,34,31,27,21,43,67.84296296,12.85667989,24,46,53,19,24,49,56,26,24,49,57,27,22,Netherlands
Rotterdam,2021,29,7,106,184,45,11,111,189,46,10,110,194,48,13,110,197,49,14,65,110,48,6,68,110,49,6,68,113,51,7,68,114,51,6,22,37,34,19,20,35,32,17,19,35,31,22,19,35,31,26,19,37,47.70073099,16.13125731,23,44,54,16,23,47,55,23,23,48,56,26,20,Netherlands
Rotterdam,2021,30,7,117,192,47,12,114,190,46,10,110,192,48,12,111,196,48,14,72,111,48,7,71,111,47,6,68,111,50,7,68,114,51,6,16,35,30,35,20,36,31,22,19,34,31,22,19,34,31,26,29,46,52.31229885,14.34480843,24,43,55,13,24,46,54,21,24,48,56,25,24,Netherlands
Rotterdam,2021,31,7,113,199,45,12,113,193,46,11,111,191,47,12,111,196,48,13,74,119,45,8,72,114,46,7,69,112,49,7,69,114,50,7,16,34,30,16,18,36,32,22,18,35,31,21,19,35,31,25,23,46,55.90535024,23.11898551,23,43,56,17,24,45,54,19,24,47,55,24,23,Netherlands
Rotterdam,2021,32,8,101,185,47,12,109,190,46,12,110,190,46,12,110,195,48,13,63,109,50,8,69,112,48,7,68,111,48,7,68,114,50,7,15,30,29,24,17,34,31,23,18,34,31,20,18,34,31,23,23,46,49.94578502,16.05907005,24,44,51,17,24,45,52,18,24,47,54,23,25,Netherlands
Rotterdam,2021,33,8,110,187,46,8,110,191,46,11,111,190,46,11,110,193,48,12,71,110,49,3,70,112,48,6,69,111,48,6,69,113,50,7,18,31,29,19,16,33,30,23,18,34,31,20,18,34,31,22,21,46,49.55742063,18.51814815,24,46,52,18,24,45,53,17,23,47,54,21,25,Netherlands
Rotterdam,2021,34,8,95,179,40,9,105,188,45,10,109,189,45,10,108,190,47,12,57,101,44,5,66,110,47,6,69,111,47,6,67,111,49,6,14,33,28,18,16,32,29,19,18,34,30,21,18,34,30,21,24,45,40.24744213,14.91525463,23,46,49,18,23,45,52,16,23,46,53,20,25,Netherlands
Rotterdam,2021,35,8,158,221,52,7,116,193,46,9,115,193,46,10,113,192,46,11,94,126,61,3,71,112,51,5,72,113,49,6,70,112,49,6,23,33,27,16,18,32,28,19,18,34,30,21,18,34,30,20,41,62,45.40602981,12.31882114,27,50,46,15,25,46,51,16,25,47,51,18,28,Netherlands
Rotterdam,2021,36,9,99,174,51,15,116,190,47,10,112,190,47,11,112,190,46,11,66,103,55,7,72,110,52,4,70,111,50,6,69,111,49,6,13,27,28,12,17,31,28,16,17,33,29,20,18,33,30,19,20,44,55.00422222,45.28108333,27,49,48,23,25,47,50,20,25,46,51,20,25,Netherlands
Rotterdam,2021,37,9,106,186,54,15,115,190,49,12,112,190,48,12,112,190,47,11,62,112,60,6,70,111,55,5,70,111,51,6,69,111,50,6,22,30,33,25,18,31,29,18,17,32,29,20,18,33,30,19,22,44,57.26734848,31.55531566,27,49,49,26,25,47,51,22,25,46,52,20,24,Netherlands
Rotterdam,2021,38,9,100,182,48,9,116,191,51,12,110,189,48,11,112,189,47,11,65,111,49,4,72,113,56,5,69,111,52,6,70,111,50,6,13,27,31,19,18,29,30,18,17,31,29,18,18,32,30,20,22,44,52.76454545,17.87104798,26,49,53,27,25,47,51,22,24,46,52,19,24,Netherlands
Rotterdam,2021,39,9,107,186,47,12,103,182,50,13,110,188,48,11,111,189,47,11,67,112,46,8,65,110,52,6,68,111,52,5,69,112,50,6,18,32,32,26,17,29,31,20,17,30,30,20,17,32,30,21,22,42,61.85135101,14.19915404,22,44,57,27,24,47,52,21,24,45,53,20,23,Netherlands
Rotterdam,2021,40,10,102,181,50,11,104,184,50,12,110,187,49,11,110,188,48,11,58,106,56,11,63,110,53,8,68,110,52,6,68,111,51,6,16,27,29,15,17,29,31,21,17,30,30,19,17,31,30,20,28,48,50.91539683,8.430962302,24,45,56,18,25,47,52,20,25,46,52,19,27,Netherlands
Rotterdam,2021,41,10,112,191,50,10,105,185,49,11,110,188,49,11,110,189,48,11,71,111,52,8,65,110,51,8,68,110,53,7,68,111,51,7,17,30,39,8,16,29,33,17,17,30,31,17,17,31,30,19,24,50,53.76449074,17.08648148,24,46,55,14,25,47,52,20,25,47,52,19,26,Netherlands
Rotterdam,2021,42,10,97,181,52,9,105,185,50,11,110,188,51,11,108,188,49,11,55,102,56,3,63,108,52,8,67,110,54,6,67,110,52,6,18,33,30,22,17,31,33,18,18,30,31,18,17,31,30,18,24,46,60.78689815,14.13515046,25,47,57,13,25,48,55,20,25,47,53,19,25,Netherlands
Rotterdam,2021,43,10,104,180,46,7,104,183,50,9,103,183,50,11,108,186,49,11,63,101,47,5,62,105,53,7,63,107,53,7,66,109,52,6,22,38,36,9,18,32,34,14,17,31,32,17,17,31,31,18,19,41,51.66656433,14.62387427,24,46,54,14,23,45,56,20,24,47,52,19,23,Netherlands
Rotterdam,2021,44,10,112,192,49,10,106,186,49,9,105,185,49,11,109,187,49,10,70,106,51,4,65,105,51,5,64,108,52,6,67,108,52,6,19,40,31,13,19,35,34,13,18,32,33,17,18,32,31,17,23,46,56.82315217,23.12208937,23,46,56,17,23,45,56,18,24,47,53,19,24,Netherlands
Rotterdam,2021,45,11,108,191,44,8,105,186,48,8,105,186,48,10,108,187,49,10,66,112,46,6,64,105,50,5,64,108,50,6,66,109,52,6,19,32,31,14,20,36,32,14,18,32,32,16,18,32,31,16,23,47,48.85195652,6.820567633,22,45,55,15,23,46,55,15,24,47,53,18,25,Netherlands
Rotterdam,2021,46,11,104,183,51,8,107,187,47,8,106,186,49,9,109,187,49,10,67,106,53,3,67,106,49,5,65,107,51,6,67,109,53,6,12,28,33,17,18,35,33,13,18,33,33,16,18,31,32,16,25,49,52.91898889,17.20013333,23,46,53,15,24,46,55,14,24,47,54,19,27,Netherlands
Rotterdam,2021,47,11,103,174,47,6,107,185,48,8,105,184,49,9,105,183,49,10,64,101,48,3,67,106,49,4,64,106,51,5,65,107,52,6,14,25,35,10,16,31,33,14,17,32,33,14,17,31,32,16,25,48,52.29655556,9.567111111,24,48,53,14,24,47,54,14,23,46,55,18,28,Netherlands
Rotterdam,2021,48,11,107,182,49,11,106,183,48,8,106,184,48,9,105,184,49,10,63,101,53,4,65,105,50,4,65,105,51,5,64,107,51,6,20,32,31,16,16,29,33,14,18,32,33,14,18,31,33,16,24,49,53.5840625,24.62189815,24,48,52,15,23,47,54,16,23,46,54,17,27,Netherlands
Rotterdam,2021,49,12,96,178,51,7,103,179,50,8,104,183,49,8,104,183,49,9,63,108,53,4,64,104,52,4,64,105,51,4,64,106,51,5,14,29,32,15,15,29,33,15,17,32,32,14,17,31,33,15,19,41,57.74200292,12.66482456,23,47,54,16,23,46,54,15,23,46,54,15,23,Netherlands
Rotterdam,2021,50,12,109,189,48,14,104,181,49,10,105,184,48,9,105,184,49,9,63,104,53,8,63,104,52,5,65,105,50,5,64,106,51,6,20,35,33,23,17,30,33,16,18,32,33,15,17,32,33,16,26,50,48.71508547,21.88722222,24,47,53,17,23,46,53,16,24,46,54,15,26,Netherlands
Rotterdam,2021,51,12,91,181,60,14,101,183,52,12,104,184,50,10,104,184,50,10,65,111,57,11,64,106,54,7,65,106,52,5,64,106,52,6,10,28,46,23,16,31,36,19,16,31,34,17,17,31,34,16,16,42,79.49171875,21.87342014,21,46,60,20,23,47,56,17,23,46,56,16,23,Netherlands
Rotterdam,2021,52,12,32,133,40,9,82,170,50,11,94,176,49,10,98,180,49,9,17,84,42,3,52,102,51,6,59,103,51,5,61,104,51,5,10,23,33,18,14,29,36,20,15,29,34,17,16,31,34,16,5,26,49.32927778,6.389611111,17,40,59,16,20,44,55,15,21,45,55,16,20,Netherlands
Rotterdam,2021,53,12,105,105,63,11,84,152,53,12,93,166,51,10,97,172,50,9,65,65,73,8,53,91,56,7,58,98,54,6,60,100,53,5,15,15,47,14,14,25,40,20,14,27,36,17,16,30,35,16,25,25,47.70137778,18.46082222,18,36,56,17,21,41,55,17,21,43,55,16,24,Netherlands
Rotterdam,2022,1,1,104,177,48,16,83,149,53,12,93,165,51,11,98,172,50,10,58,97,50,6,51,89,55,7,57,96,54,6,60,100,52,5,20,33,30,33,14,25,39,22,15,28,36,19,16,30,35,17,26,47,57.27885684,24.35811966,18,35,58,18,21,41,56,17,21,43,55,17,27,Netherlands
Rotterdam,2022,2,1,108,190,50,17,87,151,50,13,94,167,51,12,98,173,50,11,75,113,52,10,54,90,54,7,59,98,54,7,61,101,52,6,13,32,32,39,15,26,35,26,15,28,35,23,16,29,35,20,20,45,54.22919444,31.44181944,19,36,52,20,20,41,56,20,21,43,55,18,24,Netherlands
Rotterdam,2022,3,1,106,192,46,20,106,166,52,16,94,168,51,14,98,173,50,12,65,113,45,8,66,97,55,8,59,99,53,7,61,101,52,6,18,31,31,26,17,28,35,28,15,28,36,24,15,29,35,21,23,48,60.10427536,50.82025362,24,41,55,31,20,41,57,23,21,43,55,21,25,Netherlands
Rotterdam,2022,4,1,110,196,61,11,107,189,51,16,96,170,52,14,98,173,51,12,67,112,65,4,66,109,53,7,59,100,54,7,61,101,54,6,14,30,33,25,16,32,31,31,15,28,36,25,15,28,35,22,29,54,64.89673372,20.49795977,25,49,59,32,21,42,58,24,22,44,57,22,28,Netherlands
Rotterdam,2022,5,1,90,177,52,14,104,189,52,16,93,169,52,14,97,173,51,12,54,100,51,7,65,110,53,7,58,99,54,7,60,101,53,6,16,27,33,14,15,30,32,26,15,27,36,24,15,28,35,22,20,50,67.51766667,29.51334722,23,49,62,33,21,42,60,25,22,44,58,23,28,Netherlands
Rotterdam,2022,6,2,103,182,92,12,102,187,63,14,95,169,56,14,97,174,55,13,64,101,111,6,63,107,68,6,58,98,61,7,60,101,59,7,15,29,43,9,16,29,35,19,15,28,35,23,15,29,35,21,24,52,71.09310185,30.59226852,24,51,66,33,22,43,59,27,21,44,59,24,29,Netherlands
Rotterdam,2022,7,2,87,167,83,18,98,181,72,14,102,173,62,15,95,172,58,14,53,96,92,8,60,102,80,6,63,100,67,7,59,100,62,7,18,32,38,43,16,30,36,23,16,29,36,26,15,29,36,24,16,39,101.3134896,23.41647569,22,49,76,26,23,45,66,29,21,43,63,24,23,Netherlands
Rotterdam,2022,8,2,89,188,52,28,92,179,69,18,100,184,60,17,95,173,58,15,50,101,52,8,55,100,77,7,61,104,65,7,58,100,62,7,14,34,48,49,16,31,40,29,16,31,36,30,15,29,37,27,25,53,53.04933333,55.71387778,21,49,73,35,23,49,66,33,21,44,63,28,28,Netherlands
Rotterdam,2022,9,2,97,190,50,20,94,182,69,20,99,185,61,18,94,173,58,16,62,104,54,8,57,101,77,7,61,105,65,7,58,100,62,7,19,39,33,36,17,34,40,35,16,32,36,30,15,29,37,28,16,47,56.33614583,48.61684028,20,48,70,40,22,49,66,36,20,44,64,30,25,Netherlands
Rotterdam,2022,10,3,99,189,54,16,93,184,60,20,98,185,61,17,94,174,57,16,56,101,55,3,55,101,63,6,59,104,66,6,57,99,62,6,16,35,36,27,17,35,39,39,16,32,37,29,16,30,36,28,27,53,63.49937243,38.53317901,21,48,69,42,23,50,67,37,21,45,62,32,28,Netherlands
Rotterdam,2022,11,3,99,192,46,15,96,190,51,20,97,185,61,17,100,179,58,17,60,101,48,5,57,102,52,6,58,102,66,6,61,100,62,7,15,35,28,25,16,36,36,34,16,33,36,29,16,31,36,29,24,56,50.37303241,33.15737269,23,52,56,44,23,51,66,35,23,47,62,34,29,Netherlands
Rotterdam,2022,12,3,110,195,47,11,101,192,49,16,97,185,59,17,100,186,57,17,71,107,48,5,62,103,51,5,59,101,64,6,61,104,60,6,17,36,32,27,17,36,32,29,16,33,36,29,16,33,35,30,22,52,56.82506313,18.40717172,22,52,57,35,22,50,65,35,23,50,63,34,27,Netherlands
Rotterdam,2022,13,3,93,183,50,10,100,190,49,13,97,186,59,16,99,187,57,16,56,105,49,4,61,104,50,4,59,102,64,6,61,105,60,6,14,28,35,25,16,34,33,26,16,34,37,30,16,32,35,29,23,50,59.74815217,15.81171498,24,53,58,26,22,50,64,33,22,50,63,33,27,Netherlands
Rotterdam,2022,14,3,101,181,49,12,101,188,48,12,97,186,54,16,99,186,57,16,61,103,50,4,62,104,49,5,59,102,56,6,60,104,60,6,16,28,35,11,16,32,33,22,16,33,36,30,16,32,35,27,24,50,57.22583333,31.23840278,23,52,56,25,22,50,62,33,23,50,63,33,28,Netherlands
Rotterdam,2022,15,4,105,190,44,11,102,187,48,11,99,189,49,15,99,186,57,15,68,111,43,4,64,107,48,4,61,104,50,5,60,104,60,6,17,32,32,14,16,31,33,19,16,33,35,27,16,32,35,26,20,47,59.27551389,34.70072222,22,50,58,25,23,51,57,35,23,50,63,32,25,Netherlands
Rotterdam,2022,16,4,104,197,44,7,101,188,47,10,101,190,48,13,98,186,55,15,66,112,45,3,63,108,47,4,63,106,49,5,60,104,58,5,17,34,33,12,16,31,34,16,16,33,33,22,16,32,35,24,21,51,50.07623016,15.0462963,22,50,57,24,22,51,57,29,22,50,62,31,26,Netherlands
Rotterdam,2022,17,4,100,195,48,14,103,191,46,11,101,190,48,12,99,187,55,15,59,111,50,7,64,109,47,5,62,106,49,4,61,104,58,5,20,34,33,20,18,32,33,14,17,33,33,20,17,33,35,25,21,50,55.08972222,25.57478836,22,50,55,27,23,51,57,27,22,50,61,31,26,Netherlands
Rotterdam,2022,18,4,100,189,55,11,102,193,48,11,102,190,48,11,99,188,52,14,59,100,60,4,63,109,50,5,63,106,49,5,60,104,54,5,18,36,31,19,18,34,32,16,17,33,32,19,17,34,34,26,23,53,58.13992754,24.08987923,21,50,56,25,22,51,56,25,22,50,60,30,28,Netherlands
Rotterdam,2022,19,5,96,182,43,12,100,191,47,11,101,189,48,11,99,189,49,14,54,94,44,7,60,104,50,5,62,105,49,5,60,104,50,5,17,34,30,13,18,35,32,16,17,33,32,18,17,34,34,23,25,54,51.1002,23.30355556,23,52,54,22,22,51,56,24,23,51,56,30,30,Netherlands
Rotterdam,2022,20,5,100,187,47,13,99,188,48,12,100,188,47,11,100,189,48,13,57,96,48,2,57,100,51,5,60,104,49,4,61,104,50,5,15,36,34,19,18,35,32,18,17,33,33,17,17,34,33,21,28,55,50.78819444,29.75332341,24,53,54,26,23,51,55,25,23,52,56,28,29,Netherlands
Rotterdam,2022,21,5,106,195,50,11,101,188,49,12,102,190,47,11,101,190,48,12,70,110,53,7,60,100,52,5,62,105,49,5,61,104,50,5,17,33,29,21,17,35,31,18,17,33,32,16,17,33,32,19,19,52,55.34767544,18.35523392,24,54,54,24,23,52,55,25,23,52,56,26,27,Netherlands
Rotterdam,2022,22,5,96,187,45,14,100,188,46,12,101,190,47,12,101,189,47,12,55,100,45,8,59,100,48,6,61,104,49,5,61,104,49,5,14,32,26,23,16,34,30,19,17,34,31,18,16,33,31,19,27,55,55.30003086,19.68791152,25,54,53,23,23,52,54,24,23,52,55,24,29,Netherlands
Rotterdam,2022,23,6,99,191,49,5,100,190,48,11,100,190,47,11,101,189,48,11,62,100,49,2,61,102,49,5,60,103,49,5,62,104,49,5,19,36,31,15,16,34,30,20,17,34,31,18,17,33,32,18,18,55,65.22194444,6.704521605,23,54,57,19,23,53,55,20,23,52,56,22,29,Netherlands
Rotterdam,2022,24,6,103,188,41,9,101,190,46,10,100,189,47,11,100,189,47,11,57,98,44,5,61,102,48,6,59,101,49,5,60,103,48,5,23,38,24,17,18,35,27,19,18,35,30,18,17,33,31,17,23,52,51.97791063,8.181582126,22,54,57,13,23,53,55,19,23,52,56,21,28,Netherlands
Rotterdam,2022,25,6,108,195,42,9,102,190,44,9,101,189,46,11,102,190,46,11,71,108,42,5,61,102,45,5,61,101,48,5,62,104,48,5,15,35,28,10,18,35,27,16,17,35,29,17,17,34,30,16,22,52,51.99121212,21.09065657,23,54,56,14,23,54,55,19,23,52,55,21,27,Netherlands
Rotterdam,2022,26,6,98,187,50,10,102,190,45,8,101,189,46,10,101,190,46,11,61,104,49,3,63,103,46,4,61,101,47,5,62,104,48,5,17,30,26,21,19,35,27,16,17,34,28,18,17,34,30,17,20,53,72.00645833,21.19327778,21,53,60,14,23,54,57,19,22,52,56,21,28,Netherlands
Rotterdam,2022,27,6,93,183,42,12,101,188,44,10,100,189,46,10,100,190,46,11,54,94,41,5,61,101,44,5,61,101,46,5,60,102,48,5,19,36,28,20,19,35,27,17,17,35,28,18,18,35,29,17,20,53,57.38140278,24.85180556,21,53,58,19,22,53,58,19,22,53,56,20,29,Netherlands
Rotterdam,2022,28,7,118,187,44,10,104,188,44,10,103,189,45,10,101,189,46,11,69,96,44,5,64,101,44,5,62,101,46,5,61,101,48,5,23,38,33,17,19,35,29,17,18,35,28,18,18,35,29,18,26,53,52.89711538,17.22157051,22,53,59,21,22,53,58,17,23,53,56,20,28,Netherlands
Rotterdam,2022,29,7,105,191,55,12,104,187,48,11,103,189,46,10,102,189,47,11,64,98,58,5,62,98,48,5,62,100,47,5,61,100,48,5,20,39,31,26,20,36,29,21,19,36,28,19,18,35,29,18,21,54,66.06283069,18.28070106,22,53,62,20,22,53,59,17,23,53,57,19,28,Netherlands
Rotterdam,2022,30,7,101,188,46,13,104,187,47,12,103,189,46,10,102,188,46,11,60,95,46,6,62,96,47,5,62,99,47,5,61,99,47,5,21,40,28,11,21,38,30,19,20,37,29,17,18,36,29,18,20,53,63.75297222,35.98155556,22,53,60,24,21,53,60,19,22,53,58,20,28,Netherlands
Rotterdam,2022,31,7,107,187,51,12,108,188,49,12,104,188,46,11,103,189,47,11,67,103,50,8,65,98,50,6,63,100,47,5,62,100,48,5,15,33,31,13,20,38,31,17,19,36,29,17,18,36,29,18,25,51,63.12596667,24.85657778,23,53,61,24,22,53,60,21,22,53,59,21,27,Netherlands
Rotterdam,2022,32,8,104,191,45,14,104,189,49,13,104,189,47,12,103,189,46,11,61,104,48,9,63,100,51,7,63,100,47,6,63,101,47,6,22,33,27,15,20,36,29,16,19,36,29,17,19,35,28,17,21,54,54.58010582,25.82915344,22,53,62,26,22,53,60,24,22,53,59,20,28,Netherlands
Rotterdam,2022,33,8,105,197,46,10,104,191,47,12,104,189,47,12,103,189,46,11,64,107,45,3,63,102,47,6,63,100,48,6,62,101,47,5,18,38,29,17,19,36,29,14,19,36,29,18,19,36,28,17,23,52,62.31782609,22.91834541,22,53,61,27,22,53,62,24,22,53,60,21,26,Netherlands
Rotterdam,2022,34,8,97,188,45,15,103,191,47,13,104,189,47,12,103,189,46,11,57,96,47,10,62,103,47,7,62,99,47,6,62,100,47,6,18,32,26,15,18,34,28,15,20,36,29,17,19,36,28,16,22,60,58.40487374,30.82924242,23,54,60,26,22,54,60,25,22,54,60,21,32,Netherlands
Rotterdam,2022,35,8,122,207,43,10,107,196,45,12,107,192,47,12,105,191,46,11,71,102,46,3,63,102,46,6,64,100,48,6,63,100,47,6,24,42,29,15,21,36,28,16,20,37,29,16,20,36,28,17,27,63,48.65242798,25.28546296,23,57,56,26,23,55,59,25,23,54,59,23,30,Netherlands
Rotterdam,2022,36,8,97,198,49,10,105,198,46,11,105,193,47,12,105,192,46,12,58,103,54,6,63,102,48,5,63,101,49,6,63,101,47,6,18,37,23,13,20,37,27,15,20,37,28,16,19,36,28,16,21,58,60.22593915,17.27010582,23,58,57,24,23,56,60,25,22,55,59,24,29,Netherlands
Rotterdam,2022,37,9,111,199,50,13,107,198,47,12,106,194,47,12,105,192,47,12,67,106,51,7,63,102,49,6,63,102,48,6,63,101,48,6,19,37,31,27,20,37,27,18,19,37,28,16,20,36,29,18,25,56,59.61178889,18.3044,24,59,57,23,23,56,59,25,23,55,60,24,28,Netherlands
Rotterdam,2022,38,9,96,189,47,12,107,198,47,11,105,195,47,12,105,192,47,12,56,106,48,5,63,104,50,5,63,103,49,6,62,101,48,6,16,31,25,27,19,37,27,20,19,35,28,18,19,36,28,18,24,52,58.7225,17.01094907,24,57,57,19,24,56,58,23,23,55,59,23,28,Netherlands
Rotterdam,2022,39,9,111,192,51,14,104,195,49,12,105,195,47,12,106,193,48,12,67,102,54,5,62,104,52,6,63,103,49,6,63,102,49,6,19,34,31,17,18,35,27,21,19,36,28,18,19,36,29,18,25,56,60.24344444,38.36425556,24,56,60,23,24,56,58,24,23,55,59,24,29,Netherlands
Rotterdam,2022,40,9,108,199,51,11,107,195,50,12,106,196,48,12,105,194,48,12,63,105,57,5,63,105,52,5,63,103,50,5,63,102,50,6,22,40,26,13,19,36,28,21,19,36,27,18,19,36,28,17,23,54,58.34199275,25.91495169,24,55,59,25,24,56,58,24,23,55,60,25,27,Netherlands
Rotterdam,2022,41,10,116,197,46,10,108,194,49,12,107,196,48,12,106,194,47,12,73,110,50,4,65,106,52,5,64,104,51,6,64,103,50,6,20,39,28,14,19,36,27,18,20,37,27,18,19,36,28,16,23,48,50.29780193,22.87370773,24,53,57,26,24,56,57,24,23,55,58,25,24,Netherlands
Rotterdam,2022,42,10,95,191,44,9,108,195,48,11,107,197,48,11,106,195,47,12,55,103,46,5,65,105,52,5,64,105,51,5,63,104,50,6,16,38,30,12,19,38,29,14,19,37,28,17,19,36,28,16,24,50,48.44212963,15.45751157,24,52,54,26,24,55,56,23,24,55,57,24,26,Netherlands
Rotterdam,2022,43,10,108,184,43,11,107,193,46,10,105,194,48,11,106,194,47,11,65,97,42,4,64,104,49,4,63,104,50,5,63,103,49,5,17,38,29,22,19,39,28,15,18,37,28,18,19,37,28,17,26,49,54.44770299,20.1959188,24,50,53,21,24,53,56,22,24,54,56,23,27,Netherlands
Rotterdam,2022,44,10,107,181,44,10,107,188,44,10,107,192,47,11,106,194,47,11,65,102,49,4,65,103,46,4,64,104,49,5,63,103,49,5,19,34,27,14,18,37,29,15,19,36,28,18,19,37,28,17,23,45,43.7207971,23.7132971,24,48,49,21,24,51,54,23,24,54,55,23,25,Netherlands
Rotterdam,2022,45,11,106,191,39,12,104,187,42,10,106,191,46,11,106,193,46,11,66,109,38,6,63,103,44,5,64,104,48,5,64,103,48,5,14,32,26,13,17,36,28,15,18,36,28,16,19,36,28,17,26,50,47.35925214,26.7357265,25,49,48,22,24,51,53,24,24,53,54,23,26,Netherlands
Rotterdam,2022,46,11,111,188,46,11,108,186,43,11,108,190,45,11,107,193,46,11,65,105,50,4,65,103,45,5,65,104,48,5,64,104,49,5,22,39,27,13,18,36,27,16,19,37,28,15,19,37,28,17,24,44,50.4150463,25.46246528,25,47,49,24,24,50,52,25,24,52,53,23,23,Netherlands
Rotterdam,2022,47,11,98,181,41,8,106,185,42,10,106,189,44,10,105,191,46,11,56,101,45,4,63,104,45,5,64,104,47,4,63,104,49,5,19,36,23,12,19,35,26,13,19,37,27,14,18,36,27,16,23,44,46.3314372,15.80561594,24,46,47,23,24,48,50,22,24,51,53,22,24,Netherlands
Rotterdam,2022,48,11,118,186,40,8,108,187,41,10,107,187,43,10,107,190,45,11,67,101,44,4,64,104,44,5,64,104,45,4,64,104,48,5,22,37,24,10,19,36,25,12,19,37,27,14,19,36,27,16,29,48,41.9227682,17.01373563,26,47,47,21,25,47,48,21,25,50,52,22,26,Netherlands
Rotterdam,2022,49,11,102,177,51,9,107,183,44,9,106,185,43,10,106,188,45,10,62,98,54,4,63,101,48,4,63,102,46,4,63,103,48,5,14,33,43,19,19,36,29,14,18,36,29,14,18,36,28,15,26,46,47.92549145,14.72206197,26,46,47,18,25,47,48,20,25,49,51,22,26,Netherlands
Rotterdam,2022,50,12,96,171,44,10,104,179,44,9,106,182,43,10,106,187,45,10,55,96,44,4,60,99,47,4,63,101,46,4,63,102,48,4,19,35,32,19,19,35,30,15,18,36,29,15,19,36,29,15,22,40,54.11602273,18.80643939,25,45,48,17,25,46,48,20,25,48,50,22,23,Netherlands
Rotterdam,2022,51,12,97,161,52,12,103,174,47,10,104,180,44,10,105,184,45,10,51,82,58,5,59,94,50,4,61,99,48,4,62,101,48,4,19,36,37,25,19,35,34,18,19,35,30,16,19,36,29,16,27,43,52.94343621,16.95761317,26,44,49,17,25,45,48,20,25,47,50,20,27,Netherlands
Rotterdam,2022,52,12,136,210,48,11,108,180,49,11,108,183,45,10,108,185,45,10,82,117,52,6,63,98,52,5,63,101,48,5,64,102,47,5,22,39,34,23,19,36,36,22,19,36,31,17,19,36,30,16,32,54,48.33193576,16.22912326,27,46,51,17,26,46,49,19,25,47,49,19,26,Netherlands
Shanghai,2019,1,1,349,450,18,15,,,,,,,,,,,,,155,197,15,14,,,,,,,,,,,,,89,116,17,13,,,,,,,,,,,,,105,137,24.03484921,19.75024339,,,,,,,,,,,,,30,PRC
Shanghai,2019,2,1,292,396,18,15,,,,,,,,,,,,,161,199,15,14,,,,,,,,,,,,,62,89,19,7,,,,,,,,,,,,,69,108,24.79776167,26.76217391,,,,,,,,,,,,,27,PRC
Shanghai,2019,3,1,275,364,19,10,,,,,,,,,,,,,133,171,16,9,,,,,,,,,,,,,67,85,19,10,,,,,,,,,,,,,75,108,26.57791852,12.92541111,,,,,,,,,,,,,30,PRC
Shanghai,2019,4,1,278,367,20,16,299,394,19,14,,,,,,,,,143,179,16,18,148,187,16,13,,,,,,,,,66,87,20,12,71,94,19,10,,,,,,,,,69,101,27.32724638,14.92658615,80,114,26,19,,,,,,,,,28,PRC
Shanghai,2019,5,1,279,386,20,16,281,378,19,14,,,,,,,,,137,181,15,12,144,183,16,13,,,,,,,,,68,96,20,16,66,89,19,11,,,,,,,,,74,109,28.17209459,21.40288664,72,107,27,19,,,,,,,,,28,PRC
Shanghai,2019,6,2,209,316,19,25,260,358,20,17,,,,,,,,,102,143,17,31,129,169,16,18,,,,,,,,,47,77,18,11,62,86,19,12,,,,,,,,,60,96,24.76985185,24.70826389,70,104,27,18,,,,,,,,,30,PRC
Shanghai,2019,7,2,192,283,19,29,240,338,20,21,,,,,,,,,96,146,16,23,120,162,16,21,,,,,,,,,47,65,19,43,57,81,19,21,,,,,,,,,49,72,24.78118481,26.94704649,63,95,26,22,,,,,,,,,25,PRC
Shanghai,2019,8,2,259,347,22,20,235,333,20,22,267,364,19,18,,,,,129,172,19,17,116,161,17,21,132,174,16,17,,,,,63,83,23,35,56,80,20,26,64,87,19,18,,,,,67,92,26.58504561,12.21084163,63,92,26,21,71,103,26,20,,,,,27,PRC
Shanghai,2019,9,2,285,398,20,21,236,336,20,24,259,357,20,19,,,,,142,190,17,26,117,163,17,24,130,173,16,19,,,,,65,98,19,16,56,81,20,26,61,85,20,19,,,,,78,110,25.74366809,15.60886396,64,93,25,20,68,100,26,19,,,,,28,PRC
Shanghai,2019,10,3,277,398,20,26,253,357,20,24,257,357,20,20,,,,,134,187,17,26,125,174,17,23,127,171,17,20,,,,,69,98,19,28,61,86,20,30,62,86,20,21,,,,,74,113,25.39668168,23.19445571,67,97,26,19,68,100,26,19,,,,,28,PRC
Shanghai,2019,11,3,269,405,19,22,273,387,20,22,256,363,20,22,,,,,137,195,16,20,136,186,17,22,128,174,17,22,,,,,59,98,18,26,64,94,20,26,61,88,20,23,,,,,73,112,26.5022032,24.21237823,73,107,26,19,68,101,26,20,,,,,28,PRC
Shanghai,2019,12,3,274,381,19,15,276,396,19,21,256,364,20,22,270,374,19,19,138,182,16,12,138,189,17,21,127,175,17,21,134,179,16,19,68,99,18,23,65,98,19,23,61,89,19,25,64,91,19,20,68,100,24.39635621,13.98961193,73,109,26,19,68,101,26,20,72,105,26,20,26,PRC
Shanghai,2019,13,3,278,382,19,14,275,392,19,19,255,364,20,22,264,369,20,19,146,187,16,11,139,188,16,17,128,175,17,21,133,178,16,18,58,87,21,10,64,96,19,22,60,88,20,24,62,89,19,20,74,108,24.79371622,23.60238363,72,108,25,21,68,100,25,21,69,102,26,20,28,PRC
Shanghai,2019,14,4,281,371,19,11,276,385,19,16,264,371,20,20,263,367,20,19,142,177,17,10,141,185,16,13,133,180,17,18,132,176,16,18,60,84,17,8,61,92,19,17,61,89,19,24,61,88,19,20,79,110,25.10949719,14.02459564,74,108,25,19,70,102,25,19,70,103,26,19,30,PRC
Shanghai,2019,15,4,274,367,18,11,277,375,19,13,275,381,20,17,263,367,20,19,142,178,16,8,142,181,16,10,139,184,17,16,132,176,17,18,65,83,19,5,63,88,19,12,63,91,19,19,61,88,19,20,67,106,21.59943615,20.20271144,72,106,24,18,73,106,25,18,69,102,25,20,29,PRC
Shanghai,2019,16,4,303,391,20,13,284,378,19,12,280,387,19,17,265,369,20,19,156,191,16,10,147,183,16,10,142,186,16,15,133,177,17,17,69,90,18,18,63,86,19,11,64,92,19,17,62,88,19,20,78,110,27.92940171,15.87362179,75,109,25,18,74,109,25,19,70,103,25,20,28,PRC
Shanghai,2019,17,4,274,387,20,23,283,379,19,14,279,385,19,17,265,369,20,19,141,184,17,24,145,183,17,13,142,185,16,15,134,178,17,18,64,96,19,19,65,88,18,13,64,92,19,17,61,88,19,20,69,107,27.8068277,22.89094605,73,108,26,18,73,108,25,20,70,103,25,20,28,PRC
Shanghai,2019,18,5,292,423,19,22,286,392,19,17,281,388,19,16,272,378,20,19,138,188,16,20,144,185,16,16,143,185,16,14,137,181,17,17,72,105,17,20,68,94,18,16,64,93,19,16,63,91,19,21,82,130,25.35333333,26.36808943,74,113,26,21,74,110,25,20,72,106,25,20,31,PRC
Shanghai,2019,19,5,275,393,18,12,286,399,19,17,281,387,19,15,278,387,19,17,137,185,16,10,143,187,16,16,143,184,16,13,140,185,17,16,68,101,19,13,68,98,18,18,66,93,19,15,65,94,19,18,70,107,23.90068651,13.14286905,75,114,26,20,73,110,25,19,73,109,25,19,27,PRC
Shanghai,2019,20,5,266,364,21,20,277,392,20,19,280,385,19,16,279,388,19,17,144,183,18,19,140,185,17,18,143,184,16,14,141,186,17,16,56,86,21,17,65,97,19,17,64,92,19,14,64,94,19,17,66,95,27.00797559,21.98409091,72,110,26,21,73,109,25,20,73,109,25,20,26,PRC
Shanghai,2019,21,5,284,410,20,20,279,398,20,18,281,388,19,16,279,389,19,17,139,193,16,18,140,187,17,17,142,185,17,15,141,186,16,16,69,101,18,22,66,98,19,18,65,93,18,15,65,94,19,18,76,116,27.52877558,20.87443348,74,112,26,21,73,110,26,19,73,110,26,20,28,PRC
Shanghai,2019,22,5,288,396,20,19,278,391,20,18,282,391,19,17,280,389,19,17,154,196,17,16,144,189,17,16,144,187,17,16,143,187,16,15,62,92,19,16,64,95,19,17,66,94,19,16,64,94,19,17,72,108,27.59846451,29.3328588,71,107,27,21,73,110,26,21,73,109,26,21,27,PRC
Shanghai,2019,23,6,284,402,19,18,281,393,20,19,283,396,20,18,281,389,19,16,148,208,16,16,146,195,17,17,145,191,16,17,144,188,16,15,63,86,19,24,63,91,19,20,65,95,19,19,65,93,19,16,73,108,27.29380518,18.3533105,72,107,27,23,73,110,27,21,73,109,26,20,27,PRC
Shanghai,2019,24,6,286,403,19,15,286,403,19,18,281,397,20,18,282,391,19,16,146,195,16,12,147,198,16,16,143,192,16,17,144,189,16,15,67,97,17,18,65,94,18,20,65,96,19,19,64,92,19,16,73,111,26.99295282,16.28977549,74,111,27,21,73,110,27,21,73,110,26,20,28,PRC
Shanghai,2019,25,6,288,392,19,16,287,398,19,17,283,398,19,18,283,392,19,16,148,191,17,16,149,198,16,15,144,192,16,16,145,189,16,15,63,89,17,14,64,91,18,18,65,95,18,18,65,93,18,16,77,112,26.28329726,15.6976912,74,110,27,20,74,111,26,20,74,110,26,20,29,PRC
Shanghai,2019,26,6,288,389,20,15,287,397,19,16,282,394,20,17,284,393,19,17,144,183,17,14,147,194,16,15,145,192,16,15,145,190,16,15,72,97,18,16,66,92,18,18,65,94,18,18,66,94,18,17,72,109,28.58958719,16.24151235,74,110,27,17,72,108,27,19,73,110,26,20,28,PRC
Shanghai,2019,27,7,291,411,19,16,288,399,19,15,284,396,20,17,285,397,20,17,151,198,15,15,147,192,16,14,147,193,16,16,146,191,16,16,69,105,18,16,68,97,18,16,65,94,18,18,66,95,18,18,71,108,26.40508998,15.31701878,73,110,27,16,73,108,27,19,73,110,27,19,26,PRC
Shanghai,2019,28,7,285,385,19,11,288,394,19,14,287,399,19,16,283,396,19,17,149,186,15,10,148,190,16,14,147,194,16,15,145,191,16,16,66,96,18,11,68,97,18,14,66,95,18,17,66,96,18,17,70,103,26.30062302,14.78080556,73,108,27,16,73,109,27,18,73,110,27,19,27,PRC
Shanghai,2019,29,7,263,359,19,13,282,386,19,14,284,392,19,15,283,394,19,16,130,168,15,11,144,184,16,13,146,191,16,14,144,190,16,15,67,98,18,12,69,99,18,14,66,95,18,16,66,96,18,17,66,93,26.90353535,15.80557239,70,103,27,16,72,107,27,18,72,108,27,19,26,PRC
Shanghai,2019,30,7,293,370,19,13,283,381,19,13,285,389,19,15,283,390,19,16,158,183,16,12,147,184,16,12,147,189,16,13,146,189,16,14,68,92,18,16,68,98,18,14,67,95,18,16,66,95,18,16,67,95,26.90896352,13.71334577,69,100,27,15,71,105,27,16,71,105,27,18,26,PRC
Shanghai,2019,31,7,293,380,19,12,284,374,19,12,286,386,19,14,284,388,19,16,155,193,15,12,148,183,16,11,148,187,16,13,147,190,16,14,71,93,18,11,68,95,18,12,68,96,18,14,66,94,18,16,67,94,27.20682421,11.81427032,68,96,27,14,70,103,27,15,71,104,27,18,25,PRC
Shanghai,2019,32,8,211,312,19,16,265,355,19,14,277,375,19,14,280,384,19,15,93,140,15,17,134,171,16,13,141,180,16,13,143,186,16,14,43,71,17,10,62,89,18,12,65,93,18,13,65,93,18,16,75,101,25.47043333,18.85026667,69,96,27,15,71,102,27,15,72,105,27,17,32,PRC
Shanghai,2019,33,8,300,392,19,23,274,364,19,16,278,375,19,15,281,383,19,16,159,193,15,20,141,177,15,15,142,181,16,14,145,186,16,14,73,94,18,25,64,88,18,16,66,93,18,15,65,93,18,16,68,105,28.63943627,26.03685866,69,99,27,18,70,101,27,17,71,104,27,18,27,PRC
Shanghai,2019,34,8,291,392,21,19,274,369,19,18,278,375,19,15,281,382,19,16,147,183,16,16,139,177,15,17,143,181,15,14,144,185,16,14,64,90,20,20,63,87,18,17,65,92,18,15,66,92,18,16,80,119,29.33966319,23.39340625,73,105,28,20,71,102,27,17,72,105,27,17,30,PRC
Shanghai,2019,35,8,278,380,18,12,270,369,19,18,277,371,19,15,281,380,19,15,152,188,15,13,138,176,15,17,143,179,15,14,144,183,16,14,61,86,16,7,60,85,18,16,64,90,18,14,65,92,18,15,65,106,26.72974786,17.68925214,72,108,28,21,70,102,27,18,71,105,27,17,28,PRC
Shanghai,2019,36,9,265,368,19,13,284,383,19,17,274,369,19,15,279,378,19,15,140,185,17,13,150,187,16,15,142,179,16,14,144,183,16,14,55,76,17,11,63,87,18,16,63,88,18,14,64,91,18,14,70,107,24.90617857,15.90019841,71,109,27,21,70,103,27,18,71,104,27,17,29,PRC
Shanghai,2019,37,9,279,377,19,12,278,379,19,14,276,371,19,15,278,376,19,15,143,185,16,9,146,185,16,13,143,181,16,14,143,182,16,14,62,83,17,13,61,84,18,13,62,86,18,14,64,90,18,14,74,109,26.20998498,14.97879129,72,110,27,18,71,105,27,18,70,104,27,17,29,PRC
Shanghai,2019,38,9,231,312,22,20,263,359,19,14,269,364,19,16,273,370,19,15,112,144,19,23,137,176,17,14,138,176,16,16,141,179,16,14,56,75,22,13,59,80,18,11,61,84,18,14,63,88,18,14,63,93,26.74321429,19.49485891,68,104,26,17,70,104,27,19,70,103,27,17,30,PRC
Shanghai,2019,39,9,276,372,18,21,263,357,19,16,266,363,19,17,272,367,19,15,146,192,15,21,135,177,17,17,137,176,16,17,140,178,16,15,64,82,17,23,59,79,18,15,60,82,18,15,63,86,18,14,66,98,25.46824916,18.8864899,68,102,26,17,70,105,27,19,69,102,27,18,26,PRC
Shanghai,2019,40,10,266,360,20,28,263,355,19,20,273,369,19,19,271,365,19,17,132,179,16,30,133,175,16,21,141,181,16,18,139,178,16,17,52,74,19,19,59,79,19,17,61,83,18,16,61,85,18,15,82,107,26.49263889,30.57977304,71,102,26,21,71,106,27,21,70,102,27,19,30,PRC
Shanghai,2019,41,10,229,357,19,21,251,350,20,23,264,365,19,18,268,364,19,18,124,172,16,24,129,172,16,25,137,179,16,19,138,178,16,18,55,81,20,16,57,78,19,18,59,81,19,15,60,83,18,15,50,104,25.56271667,17.53970556,65,101,26,22,69,105,26,20,69,103,27,19,29,PRC
Shanghai,2019,42,10,265,360,20,15,259,362,19,21,261,361,19,18,265,364,19,18,127,175,17,12,132,180,16,22,135,178,16,18,136,177,16,18,63,82,19,21,59,80,19,20,59,80,18,16,60,82,18,16,75,103,27.00735556,15.01492593,68,103,26,21,68,103,26,19,70,104,27,19,29,PRC
Shanghai,2019,43,10,272,388,19,14,258,366,20,19,260,362,19,18,264,364,19,18,148,189,16,14,133,179,16,20,134,178,16,18,135,177,16,18,59,88,19,14,57,81,19,18,58,80,19,16,59,82,18,16,65,111,27.07483761,11.84577778,68,106,27,19,68,104,26,18,69,105,27,19,29,PRC
Shanghai,2019,44,11,269,384,20,18,259,372,20,17,261,364,20,19,268,370,19,18,137,186,16,15,134,181,16,17,134,178,16,19,139,181,16,18,60,92,18,26,59,86,19,19,59,82,19,18,60,84,19,17,72,106,28.66182099,18.20485725,66,106,27,16,68,104,27,18,69,106,27,19,28,PRC
Shanghai,2019,45,11,275,378,18,12,270,378,19,15,260,364,19,19,266,369,19,17,141,181,15,11,138,183,16,13,133,177,16,19,137,180,16,17,61,89,18,17,61,88,19,20,59,83,19,19,59,83,19,17,73,108,24.62163242,10.24466514,71,107,27,14,68,104,26,18,70,106,27,18,29,PRC
Shanghai,2019,46,11,275,372,18,12,273,381,19,14,266,371,19,18,265,367,19,17,155,194,15,11,145,188,15,13,139,184,16,17,138,181,16,16,51,76,19,10,58,86,19,17,58,83,19,18,58,82,18,16,69,102,25.01708937,14.88372786,70,107,26,14,69,105,26,17,69,105,26,17,27,PRC
Shanghai,2019,47,11,269,368,19,10,272,376,19,13,265,371,19,16,264,366,19,16,138,187,15,9,143,187,15,12,138,183,16,16,137,181,16,16,67,89,20,11,60,87,19,16,59,84,19,17,59,82,19,16,64,92,24.9943316,11.02806858,70,102,26,14,69,104,26,16,69,103,26,17,25,PRC
Shanghai,2019,48,11,260,378,19,11,270,374,19,11,264,373,19,14,264,367,19,16,146,197,15,11,145,190,15,11,140,185,16,14,137,182,16,16,49,84,18,10,57,85,19,12,58,85,19,16,58,83,19,16,65,97,26.66822222,11.76158547,68,100,25,12,67,103,26,14,68,103,26,16,26,PRC
Shanghai,2019,49,12,254,361,19,10,265,370,19,11,267,374,19,13,262,366,19,16,122,168,16,10,140,187,15,10,139,185,16,12,136,180,16,16,61,84,18,10,57,83,19,10,59,86,19,15,58,83,19,16,71,109,26.2288615,11.06046948,67,100,26,12,69,104,26,13,68,103,26,16,30,PRC
Shanghai,2019,50,12,284,381,19,12,267,372,19,11,270,376,19,12,266,372,19,15,157,190,16,12,141,186,15,10,143,187,15,12,139,184,16,15,60,83,18,8,59,85,19,10,59,86,19,13,59,84,19,16,67,108,26.25077114,15.54551824,67,102,26,12,68,104,26,13,68,104,26,16,28,PRC
Shanghai,2019,51,12,275,388,19,12,268,377,19,11,270,376,19,12,266,373,19,15,141,185,16,11,142,185,16,11,142,186,15,11,139,184,16,14,63,95,18,13,58,87,18,10,59,87,18,13,58,85,19,15,71,108,25.64877152,13.28859546,69,106,26,13,69,104,26,13,69,105,26,15,28,PRC
Shanghai,2019,52,12,253,364,18,11,267,374,19,11,268,374,19,11,265,373,19,13,142,184,15,13,141,182,16,11,143,186,15,11,140,184,16,13,54,85,17,9,60,87,18,10,58,86,18,11,59,86,19,14,57,95,24.73908869,9.940706628,67,105,26,12,67,102,26,12,67,104,26,13,26,PRC
Shanghai,2020,1,1,279,279,21,26,273,353,19,15,269,361,19,13,269,367,19,14,142,142,18,21,146,175,16,14,143,181,16,12,141,182,16,13,64,64,19,34,60,82,18,16,59,83,18,13,59,84,19,15,73,73,30.14633942,28.46504947,67,96,27,17,67,98,26,14,69,101,26,14,26,PRC
Shanghai,2020,2,1,277,388,20,19,271,355,20,17,269,363,19,14,270,369,19,14,145,195,16,16,143,177,16,15,142,181,16,13,143,183,16,13,63,87,19,24,61,83,18,20,60,84,19,15,59,85,19,16,69,106,29.97218599,20.94056361,68,96,28,18,67,99,27,15,68,101,27,15,27,PRC
Shanghai,2020,3,1,289,415,20,25,275,362,20,20,271,369,19,16,272,371,19,15,151,198,17,29,145,180,16,19,143,182,16,15,143,184,16,14,70,108,19,20,63,86,19,22,61,86,18,16,60,86,19,16,68,109,29.2908415,21.31206699,67,96,29,20,68,101,27,17,68,101,27,16,26,PRC
Shanghai,2020,4,1,245,376,20,28,273,365,20,24,270,369,20,18,270,371,19,16,129,182,16,34,142,179,17,25,141,181,16,18,142,184,16,16,49,81,19,26,62,85,19,26,61,86,18,18,59,85,19,16,67,113,29.13690713,20.50706053,69,100,30,23,68,103,28,18,68,102,27,16,30,PRC
Shanghai,2020,5,1,225,352,20,41,259,383,20,28,266,368,20,22,265,369,19,18,125,173,17,54,138,187,16,33,142,181,16,24,141,183,16,19,43,75,20,43,56,88,19,28,58,85,19,22,58,84,19,18,57,104,26.27022904,10.5846345,65,108,29,18,66,102,28,18,67,101,27,16,30,PRC
Shanghai,2020,6,2,189,299,23,46,237,361,21,35,254,358,20,26,258,362,20,21,97,163,17,54,126,179,17,42,134,178,17,29,136,180,16,23,44,61,33,36,52,81,23,31,56,82,20,25,57,83,20,20,48,75,24.08947338,39.03740741,60,100,27,23,64,98,27,21,65,99,27,18,25,PRC
Shanghai,2020,7,2,207,328,25,53,217,339,22,42,246,350,21,31,253,359,20,24,109,184,19,45,115,176,17,47,130,178,17,33,134,180,16,26,40,67,20,63,44,71,23,42,53,79,21,32,55,81,20,25,58,77,38.72590996,60.39297414,58,92,30,33,62,94,29,26,64,98,28,22,23,PRC
Shanghai,2020,8,2,252,439,19,35,218,355,22,44,245,360,21,34,252,364,20,27,127,230,16,24,115,188,17,44,128,183,17,34,132,183,16,27,61,97,19,67,47,75,23,52,54,80,21,39,56,82,20,29,64,112,26.38859809,27.52436198,57,92,29,34,63,96,29,29,64,99,28,23,26,PRC
Shanghai,2020,9,2,242,386,22,25,223,363,22,40,241,373,21,34,251,366,20,28,126,186,16,23,115,191,17,37,126,189,17,35,133,184,17,28,43,80,19,33,47,76,23,50,52,82,21,39,55,82,20,31,73,120,32.28332953,23.94407534,61,96,30,38,63,102,30,28,64,100,29,24,31,PRC
Shanghai,2020,10,3,263,398,20,19,241,388,21,33,239,374,21,34,250,368,21,28,142,194,16,13,126,199,17,26,126,189,17,34,131,185,17,28,56,87,18,28,50,83,19,48,51,82,21,39,54,82,20,33,65,117,28.18157692,21.66761966,65,107,31,33,63,103,29,28,64,101,29,25,29,PRC
Shanghai,2020,11,3,277,409,20,21,259,408,20,25,238,373,21,33,250,369,21,29,141,191,17,16,134,200,16,19,125,188,17,33,131,185,17,28,59,92,18,39,55,89,18,42,49,80,21,42,54,82,20,35,77,126,26.97292569,16.00332612,70,119,28,22,64,106,29,27,65,102,29,25,31,PRC
Shanghai,2020,12,3,278,428,21,22,265,405,20,22,242,380,21,33,252,375,21,30,152,201,17,15,140,193,17,17,127,190,17,31,132,187,17,29,40,79,19,37,50,85,19,34,48,80,21,43,53,82,20,37,86,148,27.33930233,25.33684432,75,128,29,22,66,110,29,28,67,107,29,26,35,PRC
Shanghai,2020,13,3,263,407,20,20,270,411,20,20,246,387,21,30,251,385,21,29,146,192,17,19,145,195,17,16,130,193,17,26,133,191,17,28,54,87,20,16,52,86,19,30,50,81,21,40,52,83,20,36,63,128,25.58764109,24.91756173,73,130,27,22,67,113,29,30,66,111,29,26,31,PRC
Shanghai,2020,14,3,292,427,20,13,278,418,20,19,259,403,21,26,252,389,21,29,156,205,17,12,149,197,17,16,137,198,17,21,133,192,17,28,53,87,18,14,52,86,19,26,51,85,19,37,51,83,20,35,83,135,26.16723561,12.13445114,77,134,27,20,71,120,29,26,67,114,28,25,32,PRC
Shanghai,2020,15,4,263,394,20,18,274,414,20,18,266,411,20,21,250,387,21,28,145,195,18,12,150,198,17,15,142,199,17,17,133,191,17,27,56,81,18,11,51,84,19,20,53,86,19,31,50,81,20,34,62,118,26.45693548,35.94944444,74,132,26,25,72,126,27,23,67,114,28,26,30,PRC
Shanghai,2020,16,4,272,383,20,17,273,403,20,17,269,404,20,19,252,388,21,27,155,192,17,12,151,196,17,14,145,195,17,15,135,192,17,25,54,75,19,26,54,83,19,17,52,84,19,25,50,81,20,34,63,116,26.75353616,19.95099647,68,124,26,23,72,126,27,22,67,115,28,26,30,PRC
Shanghai,2020,17,4,276,393,20,13,276,399,20,15,273,405,20,18,256,391,21,25,152,193,16,10,152,196,17,12,149,195,17,14,137,194,17,21,52,77,19,12,54,80,19,16,53,83,19,23,51,81,20,32,72,123,26.9957446,19.35469907,70,123,27,22,71,126,27,22,68,116,28,27,31,PRC
Shanghai,2020,18,4,268,388,21,21,270,390,20,17,274,404,20,18,263,398,20,23,149,197,17,17,150,194,17,13,150,196,17,14,142,197,17,18,52,76,20,26,54,77,19,19,53,82,19,23,52,82,19,31,67,115,28.03983002,27.04822554,66,118,27,26,72,126,27,23,69,120,28,26,30,PRC
Shanghai,2020,19,5,235,358,20,27,263,381,20,20,268,397,20,19,265,401,20,21,132,178,17,16,147,190,17,14,148,194,17,14,144,196,17,16,50,80,18,50,52,77,19,28,51,80,19,24,53,83,19,30,53,100,28.74994759,35.22231656,64,114,28,25,69,123,27,25,69,122,27,24,28,PRC
Shanghai,2020,20,5,275,391,21,26,264,383,20,22,268,393,20,19,267,397,20,20,152,196,19,18,146,191,18,15,148,194,17,15,146,193,17,15,50,81,19,29,51,79,19,29,53,81,19,23,52,82,19,27,73,114,27.91833714,39.8973516,66,113,28,30,67,119,27,27,70,122,28,25,29,PRC
Shanghai,2020,21,5,273,436,20,21,263,393,21,24,269,396,20,19,270,401,20,20,151,217,17,18,146,197,18,17,149,197,17,14,148,196,17,15,52,90,19,30,51,82,19,34,52,81,19,25,52,83,19,26,70,129,28.30267063,21.17207143,66,115,28,31,68,119,27,26,70,122,27,25,30,PRC
Shanghai,2020,22,5,296,436,20,28,270,405,20,26,270,397,20,21,272,404,20,20,161,211,16,19,149,201,17,18,150,197,17,15,149,197,17,15,53,89,18,29,51,85,19,34,52,81,19,27,52,83,19,27,82,136,28.40517615,45.1313855,70,120,28,35,68,119,28,30,71,124,27,27,31,PRC
Shanghai,2020,23,6,288,423,20,20,283,422,20,24,273,401,20,22,273,405,20,20,158,207,16,11,156,208,17,16,151,199,17,15,151,199,17,15,57,89,19,30,53,87,19,29,53,82,19,29,52,83,19,26,73,127,27.20321157,32.83329148,75,127,28,35,69,120,28,30,71,124,27,28,30,PRC
Shanghai,2020,24,6,273,428,20,18,283,431,20,22,273,407,20,22,273,405,20,20,155,206,17,18,156,210,17,16,151,201,17,16,151,199,17,15,51,91,18,19,53,90,19,27,52,84,19,28,53,84,19,24,67,131,27.78799337,15.98323798,73,131,28,29,70,122,28,30,69,123,27,27,31,PRC
Shanghai,2020,25,6,291,435,19,18,287,431,20,21,275,412,20,22,275,408,20,20,163,223,16,16,159,212,17,16,153,204,17,17,152,202,17,15,55,90,18,19,54,90,18,24,53,86,19,29,53,84,19,24,73,122,26.94339422,22.95497717,74,129,28,29,70,122,28,30,70,122,27,27,28,PRC
Shanghai,2020,26,6,298,424,19,21,288,428,19,19,279,416,20,22,276,407,20,21,163,208,16,16,160,211,16,15,154,206,17,16,153,202,17,15,57,88,19,20,55,90,19,22,53,87,19,28,53,84,19,25,78,128,26.22939815,32.26115385,73,127,27,26,71,123,28,31,69,122,27,29,30,PRC
Shanghai,2020,27,7,303,440,19,17,291,432,19,18,287,427,20,21,279,411,20,21,166,219,15,15,162,214,16,16,159,211,17,16,155,204,17,15,62,91,18,23,56,90,18,20,55,89,19,25,54,85,19,26,75,130,28.44364074,18.02815556,73,128,27,22,74,127,28,29,71,123,28,27,30,PRC
Shanghai,2020,28,7,294,430,20,17,297,432,19,18,290,432,20,20,281,415,20,21,162,216,16,16,164,217,16,15,160,213,16,16,155,206,17,16,57,90,19,18,58,90,19,20,56,90,19,23,54,86,19,25,75,124,28.43315926,17.26721481,75,126,28,23,74,128,28,26,72,123,28,27,29,PRC
Shanghai,2020,29,7,292,441,19,17,297,434,19,18,292,432,19,19,282,419,20,21,160,223,16,16,163,217,16,16,161,214,16,16,156,208,17,16,64,99,17,18,60,92,19,20,57,91,18,22,55,88,19,26,68,119,28.06450163,15.99826389,74,125,28,21,74,127,28,25,71,123,28,27,27,PRC
Shanghai,2020,30,7,279,414,19,16,292,431,19,17,290,429,19,18,283,421,20,20,154,210,16,16,161,217,16,16,160,214,16,15,156,210,17,16,58,93,17,14,60,93,18,18,58,91,18,20,56,89,18,25,67,111,28.40820066,18.32580431,71,121,28,17,72,124,28,22,71,123,28,26,27,PRC
Shanghai,2020,31,7,294,420,19,14,290,426,19,16,291,429,19,17,288,427,20,19,166,219,16,17,161,217,16,16,161,216,16,16,159,213,16,16,59,93,19,11,60,94,18,15,58,92,18,18,56,90,18,22,69,108,28.06587359,10.35330918,70,116,28,15,72,122,28,19,73,123,28,24,26,PRC
Shanghai,2020,32,8,299,407,20,27,291,421,20,18,294,426,19,18,290,428,20,19,152,203,17,23,158,214,16,18,161,215,16,17,159,214,16,17,68,92,19,36,62,94,18,20,60,92,18,20,58,91,18,22,79,112,28.57138186,26.8990436,71,113,28,18,73,119,28,20,73,123,28,23,28,PRC
Shanghai,2020,33,8,298,467,20,24,293,427,20,20,295,430,20,19,292,430,20,20,166,234,16,21,160,217,16,19,161,217,16,17,161,215,16,17,59,101,19,25,61,95,19,21,61,93,19,21,58,92,18,22,73,132,28.36617199,30.12861492,72,116,28,21,73,121,28,21,73,123,28,24,28,PRC
Shanghai,2020,34,8,289,439,21,24,295,433,20,22,294,432,20,19,292,431,20,19,165,230,17,22,162,222,16,21,161,219,16,18,161,217,16,17,59,94,21,29,61,95,19,25,61,94,19,22,59,93,19,22,65,115,31.16164103,26.30777778,72,117,29,23,71,119,29,20,72,122,28,22,26,PRC
Shanghai,2020,35,8,268,416,21,27,289,432,20,26,289,429,20,21,290,430,20,20,146,210,17,24,157,219,17,22,159,218,17,19,160,217,16,18,55,92,20,27,60,95,20,29,60,94,19,22,59,93,19,22,67,114,28.06019486,32.70645108,71,118,29,29,70,117,29,22,71,121,28,22,27,PRC
Shanghai,2020,36,9,287,422,20,31,286,436,20,27,288,428,20,22,291,430,20,21,153,207,17,28,158,220,17,24,158,217,17,21,160,217,16,19,60,91,20,39,58,95,20,30,60,94,19,25,59,93,19,23,74,124,27.67631006,30.19525526,70,121,29,30,70,117,29,24,72,120,28,23,29,PRC
Shanghai,2020,37,9,283,428,21,28,282,426,21,28,287,427,20,24,290,429,20,22,160,225,18,24,156,218,17,25,158,217,17,22,159,217,16,20,52,83,21,28,57,90,20,31,59,92,19,26,59,92,19,24,71,120,29.23988654,35.4756025,69,118,29,31,71,117,29,26,72,120,28,24,28,PRC
Shanghai,2020,38,9,281,424,20,26,280,423,21,28,287,428,20,25,289,429,20,22,149,214,16,16,152,214,17,23,157,218,17,22,158,218,17,20,56,88,20,43,56,89,20,34,59,92,20,30,59,92,19,26,76,122,29.50303363,32.00286184,72,120,29,33,72,118,29,28,72,119,29,24,29,PRC
Shanghai,2020,39,9,287,423,20,25,285,424,21,27,287,428,21,26,288,428,20,23,166,215,17,20,157,215,17,22,157,217,17,22,158,217,17,20,54,87,20,32,56,87,20,36,58,91,20,32,58,92,19,27,67,121,30.55210199,32.54657546,72,122,29,33,72,120,29,31,71,119,29,26,29,PRC
Shanghai,2020,40,9,320,458,21,27,293,433,21,26,289,435,21,27,290,430,20,24,175,232,17,27,163,222,17,22,160,221,17,23,159,219,17,21,69,103,19,28,58,90,20,33,58,92,20,32,59,93,19,28,76,123,31.78711988,26.57722222,73,122,30,32,71,121,30,31,71,118,29,26,27,PRC
Shanghai,2020,41,10,252,416,20,20,285,430,20,24,283,428,21,26,286,428,20,24,136,211,16,19,157,218,16,20,156,218,17,23,157,218,17,21,50,87,20,15,57,91,20,30,57,91,20,30,58,92,20,27,66,118,26.50880471,25.37488215,71,121,30,29,70,120,29,30,71,118,29,27,28,PRC
Shanghai,2020,42,10,255,366,20,15,279,416,20,22,279,419,20,25,284,424,20,24,144,202,18,18,155,215,17,21,154,215,17,22,157,217,17,22,52,75,18,10,56,88,19,21,56,88,20,28,58,91,20,27,59,89,27.81366761,9.970447269,67,113,29,24,70,116,29,28,70,117,29,27,24,PRC
Shanghai,2020,43,10,297,408,21,15,281,412,20,19,283,418,20,23,285,423,20,24,164,217,18,19,155,216,17,21,156,215,17,21,156,217,17,22,62,90,19,12,58,89,19,16,57,88,20,26,58,90,20,27,71,101,28.10696792,7.994526604,68,108,29,17,70,115,29,25,70,116,29,26,25,PRC
Shanghai,2020,44,10,291,411,20,20,274,400,20,17,283,417,21,22,284,423,21,23,169,224,17,25,153,214,17,20,158,218,17,21,158,218,17,22,53,79,19,15,54,83,19,13,56,87,20,23,57,89,20,25,69,108,29.11726248,12.17652576,66,104,28,14,69,113,29,23,70,116,29,25,26,PRC
Shanghai,2020,45,11,296,417,21,25,285,401,21,19,285,415,21,22,284,419,21,24,155,220,16,28,158,216,17,22,157,217,17,21,157,217,17,23,66,93,22,27,58,84,20,16,58,88,20,23,57,89,20,26,75,104,31.08402963,17.17016667,69,101,29,12,70,111,29,20,70,113,29,24,25,PRC
Shanghai,2020,46,11,281,403,20,22,291,410,21,20,285,413,21,21,283,416,21,23,154,212,18,22,161,218,17,23,158,217,17,22,156,216,17,23,53,84,19,22,59,87,20,19,57,87,20,20,57,88,20,25,74,107,26.9004542,20.55560435,72,105,29,14,70,109,29,19,70,113,29,24,27,PRC
Shanghai,2020,47,11,292,409,21,15,290,410,21,20,286,411,21,20,285,415,21,22,165,215,17,15,161,218,17,22,158,217,17,22,158,216,17,22,56,84,20,14,57,85,20,20,58,87,20,18,57,87,20,24,71,110,29.42748826,16.16020736,72,107,29,17,70,108,29,17,71,112,29,22,27,PRC
Shanghai,2020,48,11,306,413,20,15,294,411,21,19,284,405,21,18,287,415,21,21,172,217,17,17,162,216,17,20,157,215,17,20,159,217,17,21,60,88,19,18,59,87,20,20,57,85,20,17,57,87,20,22,74,108,28.74946697,9.231966967,74,107,29,16,70,106,28,15,71,111,29,20,26,PRC
Shanghai,2020,49,12,278,388,20,16,289,403,20,17,287,402,21,18,286,411,20,20,164,215,17,18,164,215,17,18,161,215,17,20,159,216,17,20,52,76,19,17,55,83,19,18,57,84,20,17,57,86,20,21,62,97,29.65314068,9.049834229,70,106,29,14,69,103,29,13,70,109,29,18,25,PRC
Shanghai,2020,50,12,294,391,21,16,293,400,21,15,292,405,21,18,287,409,21,19,169,213,18,17,168,215,17,17,164,217,17,20,161,216,17,20,61,85,21,16,57,83,20,16,58,85,20,18,57,86,20,19,64,93,32.34888889,12.44876302,68,102,30,12,70,104,29,13,69,107,29,17,24,PRC
Shanghai,2020,51,12,287,406,22,22,291,400,21,17,291,405,21,19,287,407,21,19,161,224,17,22,167,217,17,19,164,218,17,20,161,217,17,21,45,70,23,17,55,80,20,17,56,82,20,18,57,85,20,18,81,112,31.74723251,24.16059328,70,103,31,14,71,105,30,15,70,106,29,16,28,PRC
Shanghai,2020,52,12,274,402,22,25,283,397,21,20,289,404,21,19,284,403,21,19,155,216,19,24,162,217,18,20,162,217,17,20,159,216,17,20,60,84,22,23,55,79,21,18,57,83,21,19,56,83,20,17,59,102,28.91785782,27.72194444,67,101,31,18,70,104,30,17,69,104,29,16,25,PRC
Shanghai,2020,53,12,59,162,26,19,229,340,23,21,259,372,22,19,268,381,21,19,36,83,26,20,130,184,20,21,147,199,19,19,151,205,18,20,9,39,29,16,44,70,24,18,50,76,21,18,52,79,21,17,14,40,22.05585317,19.995,55,87,29,21,62,96,29,17,64,98,29,16,25,PRC
Shanghai,2021,1,1,280,422,22,31,225,348,23,24,259,374,22,20,270,386,21,20,146,217,17,32,125,185,20,25,146,200,19,21,151,206,18,22,62,91,23,33,44,71,24,22,51,77,22,19,53,80,21,19,72,114,31.57136188,28.11092593,57,92,29,25,62,97,29,18,66,100,29,17,27,PRC
Shanghai,2021,2,1,291,443,22,31,226,357,23,27,259,378,22,22,269,389,22,21,164,233,19,26,125,187,20,26,146,202,19,22,151,207,18,22,65,103,20,41,49,79,24,28,52,80,22,23,54,81,21,22,62,107,30.99265233,33.85952957,52,91,28,27,61,97,30,21,65,100,29,19,24,PRC
Shanghai,2021,3,1,279,433,23,32,227,365,23,29,255,381,22,24,268,391,22,22,154,222,19,30,125,189,20,27,144,203,19,24,150,207,18,23,58,106,24,39,49,85,24,32,52,82,23,25,54,84,22,24,67,105,31.76574627,31.66616501,54,92,29,28,60,96,30,23,65,100,30,21,24,PRC
Shanghai,2021,4,1,289,451,22,28,285,437,22,31,257,389,23,26,268,394,22,23,160,243,18,25,156,229,18,28,143,206,19,25,150,209,19,22,57,99,20,33,61,100,22,37,52,85,23,27,53,84,22,24,72,109,31.93975694,31.98937114,68,109,32,31,61,98,30,26,64,100,30,22,24,PRC
Shanghai,2021,5,1,281,437,23,29,285,441,22,30,255,395,23,27,268,396,22,23,138,211,18,26,154,227,19,27,139,206,19,26,149,209,19,23,73,108,22,29,63,104,22,36,54,88,23,29,55,86,22,25,70,118,33.03785714,36.30122619,68,110,32,33,62,101,30,29,64,101,30,23,27,PRC
Shanghai,2021,6,2,269,422,21,22,280,436,22,28,253,397,23,27,266,398,22,24,152,210,17,18,151,222,18,25,138,204,19,25,148,209,19,23,58,105,19,26,62,105,21,32,55,92,23,30,55,88,22,26,59,107,31.57043785,30.70472222,67,110,32,33,59,100,30,30,63,101,30,25,25,PRC
Shanghai,2021,7,2,261,376,20,18,275,422,21,24,251,393,22,26,262,394,22,24,145,188,16,19,149,213,17,22,137,201,19,24,145,206,18,23,50,83,20,22,60,99,20,28,54,92,22,30,54,87,22,26,66,105,27.17912037,10.7363468,67,110,31,27,60,101,30,28,62,101,30,25,28,PRC
Shanghai,2021,8,2,235,337,22,23,262,393,21,23,273,415,22,27,258,390,22,25,134,195,20,18,142,201,18,20,149,215,18,24,143,205,19,23,43,61,20,16,56,89,21,23,58,95,21,30,53,86,22,26,58,81,28.62859674,39.28029693,63,103,30,29,66,106,31,30,62,99,30,27,24,PRC
Shanghai,2021,9,2,280,392,22,27,261,382,21,23,273,411,22,26,257,390,22,26,163,230,18,29,149,206,18,21,151,217,18,24,142,206,19,24,64,83,22,33,54,83,20,24,59,94,21,30,54,86,22,27,53,79,30.96699686,15.28583857,59,93,30,24,63,101,31,29,61,98,30,27,20,PRC
Shanghai,2021,10,3,294,422,22,27,268,382,21,24,274,409,22,26,258,392,22,26,161,229,17,24,151,211,18,22,151,216,18,24,142,206,19,24,61,98,21,30,55,81,21,25,58,93,21,29,55,88,22,28,72,95,31.85580247,30.34116127,62,90,30,24,65,100,31,28,60,97,30,28,23,PRC
Shanghai,2021,11,3,301,433,22,31,278,396,22,27,276,409,22,26,260,394,22,27,167,230,18,29,156,221,18,25,153,217,18,23,143,208,19,25,63,98,21,29,58,85,21,27,59,92,21,27,55,90,22,29,71,105,30.36296166,35.91530516,64,90,30,30,65,100,31,29,61,97,30,29,24,PRC
Shanghai,2021,12,3,301,454,24,35,294,425,22,30,278,409,22,26,280,419,22,28,164,237,21,32,164,232,19,29,153,216,18,24,154,220,18,26,64,100,22,38,63,95,22,33,60,92,21,28,60,95,21,31,73,117,31.58914384,37.04581431,67,99,31,30,65,101,31,29,66,104,31,30,26,PRC
Shanghai,2021,13,3,236,418,24,45,283,432,23,34,272,407,22,28,276,418,22,29,129,209,20,39,155,226,19,31,152,216,19,26,153,220,19,26,52,100,25,50,60,99,22,37,57,91,21,31,59,95,22,32,55,109,32.56763131,55.06399495,68,107,32,40,63,100,31,32,65,103,31,32,26,PRC
Shanghai,2021,14,3,306,480,22,39,286,446,23,37,277,414,22,31,278,421,22,30,167,240,18,26,157,229,19,32,154,220,19,27,153,220,18,26,67,111,22,55,62,102,23,43,58,92,22,34,59,96,22,33,72,129,30.93565972,55.0463696,68,115,31,46,65,103,31,35,66,105,31,34,27,PRC
Shanghai,2021,15,4,298,467,22,30,285,455,23,37,281,425,22,32,279,424,22,30,174,239,18,22,159,231,19,30,157,226,19,27,155,222,18,26,63,109,21,44,62,105,23,47,60,95,22,37,60,96,21,34,61,119,31.2725,39.28904372,65,119,32,47,64,104,31,38,65,106,31,35,25,PRC
Shanghai,2021,16,4,283,436,21,26,281,450,22,35,287,438,22,33,279,423,22,29,171,233,18,26,160,230,19,28,162,231,19,28,155,221,18,26,59,104,20,32,60,106,22,45,62,100,22,39,60,97,21,34,53,99,29.33751048,20.16536688,60,114,31,42,64,107,31,36,64,105,31,34,23,PRC
Shanghai,2021,17,4,265,431,22,27,288,454,22,31,286,443,22,32,277,422,22,29,147,236,18,31,165,237,18,26,160,232,19,29,156,223,18,26,52,95,20,25,60,105,21,39,60,102,22,38,58,96,21,33,66,100,33.22426768,17.94635101,63,112,31,33,65,109,31,36,63,104,31,32,23,PRC
Shanghai,2021,18,4,289,421,21,24,284,439,21,27,285,443,22,32,279,422,22,29,165,226,18,22,164,234,18,25,161,231,19,28,157,224,18,26,60,95,21,38,59,101,21,35,60,102,22,39,58,95,21,34,64,100,29.57676215,15.11777778,61,105,31,23,64,110,31,34,64,103,31,31,24,PRC
Shanghai,2021,19,5,270,421,21,20,277,427,21,24,281,441,22,31,280,426,22,29,155,224,17,20,160,230,18,25,159,231,19,27,158,227,19,27,55,96,22,18,57,98,21,28,59,101,22,38,59,96,21,34,60,101,30.57184722,21.12912963,61,100,31,19,63,109,31,33,63,103,31,32,24,PRC
Shanghai,2021,20,5,290,443,22,18,279,429,22,22,280,440,22,29,284,435,22,29,161,232,18,16,157,230,18,23,159,230,18,25,160,230,18,26,60,100,22,17,57,97,21,24,59,101,22,35,60,99,22,34,69,111,30.94581723,23.33504026,65,103,31,19,63,109,31,31,64,105,31,30,25,PRC
Shanghai,2021,21,5,291,441,21,17,285,432,21,20,287,443,21,25,285,439,22,28,166,223,17,18,162,226,18,19,163,232,18,23,161,230,18,26,60,103,21,17,59,99,22,22,60,102,21,31,60,101,22,33,65,115,29.85079487,15.57757692,65,107,30,19,64,109,31,26,65,108,31,30,26,PRC
Shanghai,2021,22,5,288,437,21,29,285,436,21,21,284,437,21,24,285,440,22,28,165,225,19,30,162,226,18,21,163,230,18,23,161,230,18,26,51,89,21,30,57,97,22,20,58,99,21,28,59,100,22,33,72,123,27.62934414,24.4438233,67,113,30,21,64,109,30,22,65,111,31,30,28,PRC
Shanghai,2021,23,6,286,459,21,32,289,445,21,24,283,436,21,24,284,442,22,29,159,241,18,34,163,230,18,25,161,230,18,25,160,230,18,26,64,103,20,34,59,99,21,24,58,98,21,26,59,100,21,33,63,115,32.39849647,27.06478395,67,116,30,23,64,108,30,21,64,112,31,29,25,PRC
Shanghai,2021,24,6,300,456,21,31,291,448,21,27,285,439,21,25,284,443,22,28,179,255,18,29,167,236,18,28,162,233,18,25,162,232,18,26,62,95,20,36,59,98,21,29,58,97,21,27,59,100,21,33,59,106,30.67105461,33.04696328,65,115,30,25,65,109,31,22,63,111,31,29,23,PRC
Shanghai,2021,25,6,274,448,23,31,287,450,22,31,286,441,21,25,287,445,22,27,149,240,18,25,163,240,18,30,162,233,18,24,163,235,18,25,59,99,23,32,59,97,21,33,59,98,21,28,59,100,21,31,66,109,33.21405303,44.68313973,65,113,31,32,65,110,31,26,64,111,31,28,24,PRC
Shanghai,2021,26,6,287,442,23,32,287,451,22,32,286,443,22,26,285,442,22,26,163,235,19,22,163,243,18,28,162,234,18,24,163,234,18,25,59,91,20,38,61,97,21,35,59,97,21,28,59,98,21,30,65,116,34.01422222,49.60567521,63,112,33,39,65,112,31,30,64,110,31,28,26,PRC
Shanghai,2021,27,6,292,445,22,35,288,448,22,32,289,446,22,28,285,440,22,27,159,229,17,20,163,240,18,24,163,235,18,24,162,233,18,25,65,100,21,41,61,96,21,36,60,98,21,30,59,98,21,30,68,116,33.55285131,63.86385212,65,112,33,48,66,114,32,35,64,109,31,30,26,PRC
Shanghai,2021,28,7,268,433,21,31,280,442,22,32,286,445,22,30,283,440,22,27,164,229,17,20,159,233,18,22,163,235,18,25,161,233,18,24,50,93,23,38,58,96,22,37,59,97,21,33,58,97,21,30,54,111,30.62286008,56.55502058,63,113,33,54,64,114,31,39,64,110,31,33,26,PRC
Shanghai,2021,29,7,119,261,20,21,242,395,21,30,264,423,21,30,271,426,21,27,75,145,17,20,140,210,17,21,152,225,18,25,155,225,18,23,27,52,20,19,50,84,21,34,55,90,21,33,56,93,21,30,17,64,31.87996732,28.32148693,51,102,33,50,58,108,32,41,60,107,31,34,25,PRC
Shanghai,2021,30,7,352,400,23,57,258,385,21,36,272,418,22,34,276,424,22,30,188,223,18,54,147,207,17,29,155,225,18,28,157,225,18,26,76,81,22,60,55,82,22,39,58,89,21,37,57,92,21,32,88,96,35.02947601,60.91738952,57,97,33,52,60,104,33,46,62,107,32,37,24,PRC
Shanghai,2021,31,7,282,486,23,60,255,395,22,42,272,421,22,37,277,429,22,33,162,254,19,50,147,213,18,36,155,226,18,30,158,228,18,28,66,119,24,72,55,86,22,47,58,91,22,42,58,94,21,36,54,113,36.43290638,71.76631687,53,96,33,54,59,104,33,51,62,108,32,42,23,PRC
Shanghai,2021,32,8,237,447,23,51,248,399,22,47,264,420,22,40,273,430,22,36,124,221,19,32,137,211,18,39,148,222,18,31,154,227,18,30,61,116,24,53,58,92,23,51,58,94,22,44,58,95,22,39,52,110,32.3600641,92.72271902,53,96,34,63,58,104,33,59,60,108,32,47,25,PRC
Shanghai,2021,33,8,248,429,24,38,280,441,23,51,261,418,22,41,269,429,22,37,137,204,19,28,153,226,19,41,147,218,18,31,152,225,18,31,56,112,22,42,65,107,23,57,58,96,22,45,58,96,22,41,55,113,37.5555303,58.93329798,62,108,35,71,57,105,34,60,59,108,33,51,26,PRC
Shanghai,2021,34,8,197,372,21,28,241,434,23,44,249,409,22,40,262,423,22,37,131,206,18,26,139,221,19,34,143,214,18,32,149,224,18,30,32,80,20,34,54,107,23,50,54,94,22,45,56,95,22,41,34,86,34.19952614,30.21545752,49,106,35,63,53,101,34,58,56,105,33,51,23,PRC
Shanghai,2021,35,8,327,432,22,30,252,420,23,37,254,408,22,40,265,421,22,37,176,225,18,25,142,214,19,28,145,213,18,32,151,222,18,29,70,95,22,39,55,101,22,42,55,94,22,45,57,94,22,42,81,112,29.79534979,32.95835048,56,105,33,54,54,101,33,54,58,104,33,52,26,PRC
Shanghai,2021,36,9,151,313,22,29,231,387,22,31,239,393,22,39,253,409,22,37,95,170,19,36,135,201,19,29,136,206,18,34,144,215,18,30,26,68,23,23,46,89,22,34,52,90,22,43,54,92,22,41,30,75,32.28639815,13.12050926,50,97,33,34,51,96,34,49,55,102,33,50,24,PRC
Shanghai,2021,37,9,325,362,25,58,250,370,22,36,265,405,23,44,257,402,22,39,157,181,19,57,140,196,19,36,146,211,19,39,144,210,18,33,84,91,22,58,53,84,22,39,59,95,23,48,56,92,22,43,84,90,37.03817791,60.80602844,57,91,33,34,60,99,34,53,57,100,34,52,25,PRC
Shanghai,2021,38,9,223,448,25,71,257,389,23,47,249,411,23,46,252,402,23,42,128,227,20,61,139,201,19,45,139,211,19,39,141,210,18,36,43,107,25,74,56,90,23,49,55,99,23,49,55,93,22,46,52,114,35.11211538,94.45166667,62,98,34,50,55,102,34,57,56,100,34,55,25,PRC
Shanghai,2021,39,9,253,453,24,64,238,394,24,56,245,407,23,46,249,403,23,45,134,222,19,53,129,200,19,52,135,207,19,40,139,209,18,39,58,109,24,60,53,94,23,54,54,97,23,48,54,94,23,48,61,122,35.86180328,92.69231785,57,100,35,65,56,103,34,59,55,101,34,58,27,PRC
Shanghai,2021,40,10,216,406,23,28,254,417,24,56,243,402,23,43,244,401,23,45,132,212,17,15,138,211,19,47,136,206,19,38,137,208,18,38,38,82,25,36,56,97,24,57,51,93,23,46,53,93,23,47,46,112,36.38263285,59.92303744,61,110,36,77,55,103,35,55,55,101,34,58,28,PRC
Shanghai,2021,41,10,198,346,24,23,223,413,24,47,236,392,23,42,251,408,23,45,112,171,18,11,127,208,19,35,133,202,19,35,140,210,19,37,42,78,24,22,45,94,24,48,49,89,23,43,54,95,23,48,44,97,37.97170455,56.40320707,51,111,36,76,54,101,35,55,57,103,35,60,28,PRC
Shanghai,2021,42,10,277,371,23,27,236,394,23,36,246,391,23,41,245,405,23,42,161,193,19,16,135,200,18,24,137,200,19,34,137,207,19,34,62,85,22,31,50,89,24,37,53,89,23,43,53,95,23,45,54,93,36.13472222,56.43897634,51,106,37,66,57,102,35,58,54,103,35,60,25,PRC
Shanghai,2021,43,10,264,383,22,26,239,377,23,26,238,385,23,41,243,397,23,40,153,198,17,13,140,194,18,14,134,197,19,33,137,203,19,31,55,82,23,30,49,82,23,30,51,88,23,42,52,92,23,42,56,103,32.93883929,59.3168502,50,101,36,58,53,101,35,62,54,102,35,59,27,PRC
Shanghai,2021,44,10,193,313,21,13,233,353,22,22,244,385,23,39,239,386,23,36,109,160,16,10,134,181,18,12,136,196,18,29,135,197,18,29,50,76,20,8,52,80,22,23,54,89,23,40,51,89,23,38,34,77,34.94928105,29.09626634,47,93,35,50,54,101,36,64,53,100,35,54,25,PRC
Shanghai,2021,45,11,158,180,20,7,223,312,21,18,223,363,23,32,232,365,23,34,73,79,12,3,124,158,16,10,125,183,17,23,130,187,18,27,35,40,15,5,51,71,20,18,48,82,22,33,50,83,22,35,50,61,35.75033333,14.508,49,84,35,40,50,97,36,58,52,95,35,50,34,PRC
Shanghai,2021,46,11,140,177,18,7,189,263,20,13,212,329,22,24,227,349,22,32,56,68,9,6,98,126,14,8,116,163,16,16,124,176,17,25,32,41,17,2,43,60,19,11,47,74,21,24,50,80,22,32,52,68,29.33713141,9.671762821,48,77,33,28,50,92,35,47,54,94,34,48,38,PRC
Shanghai,2021,47,11,144,163,20,6,159,208,20,8,199,292,21,17,212,326,22,30,50,54,11,3,72,90,12,6,106,142,15,10,113,161,16,24,37,40,14,4,39,49,17,5,44,66,20,17,47,75,21,29,57,69,31.43216374,9.138601365,48,69,33,16,49,85,34,37,52,90,35,46,42,PRC
Shanghai,2021,48,11,150,170,21,7,148,173,20,7,191,263,21,14,212,314,22,28,59,61,11,3,60,66,11,4,97,123,14,8,110,152,16,21,33,37,19,8,34,40,16,5,43,60,19,14,47,72,21,28,58,72,31.84978448,11.04893678,54,68,32,11,51,80,34,31,54,90,35,46,42,PRC
Shanghai,2021,49,12,138,172,21,6,143,171,20,6,183,241,21,12,196,299,22,24,53,62,9,4,55,61,10,4,89,109,13,7,102,142,15,16,29,38,16,4,33,39,16,5,42,55,18,11,43,68,20,24,56,72,33.9262996,8.973313492,56,70,32,10,52,77,33,25,52,88,34,42,42,PRC
Shanghai,2021,50,12,152,176,19,6,146,170,20,6,167,217,20,10,190,276,21,18,59,65,12,7,55,61,11,4,77,93,12,6,96,129,14,12,36,38,16,8,34,38,16,6,38,49,18,9,42,62,20,18,57,73,28.62827973,4.759770955,57,72,31,8,53,74,32,18,52,85,34,34,41,PRC
Shanghai,2021,51,12,124,154,19,2,141,168,20,5,150,188,20,7,180,251,21,13,46,59,9,3,54,62,10,4,63,76,11,5,89,115,13,8,30,35,16,2,32,37,17,6,35,43,17,5,40,56,19,13,48,60,30.67803241,1.866354167,55,69,31,7,52,69,32,11,51,80,33,27,39,PRC
Shanghai,2021,52,12,87,103,16,1,125,151,19,4,137,162,19,5,169,226,20,11,30,34,7,0,47,55,9,4,53,60,10,4,80,100,13,7,25,26,11,1,30,34,15,4,32,37,16,4,39,51,18,10,32,43,28.17604167,0.957178819,48,62,30,4,51,65,31,8,50,74,33,22,42,PRC
Shanghai,2021,53,12,250,250,19,28,153,171,18,9,148,171,19,8,173,218,20,11,142,142,16,31,69,75,11,10,62,68,11,7,83,98,12,8,43,43,18,26,34,36,16,9,33,37,16,7,39,48,17,11,65,65,27.41588462,24.3117094,51,60,29,8,53,65,30,9,52,71,32,19,26,PRC
Shanghai,2022,1,1,141,160,17,1,151,167,18,8,148,169,19,7,162,200,19,9,56,62,8,1,69,74,10,9,62,67,10,7,74,87,11,7,31,34,15,0,32,35,15,7,33,36,16,7,36,44,17,8,54,64,27.8953858,1.308924897,50,58,29,7,53,65,30,8,52,69,31,15,40,PRC
Shanghai,2022,2,1,111,122,22,1,147,159,19,8,144,163,19,7,149,178,19,7,27,28,9,1,64,67,10,8,59,64,10,6,63,73,11,6,23,27,16,0,31,33,15,7,31,35,16,6,34,40,16,6,61,67,29.34968579,0.992791439,53,60,28,7,54,65,30,7,52,66,31,10,55,PRC
Shanghai,2022,3,1,103,119,22,1,151,163,20,8,138,157,19,6,142,162,20,6,31,31,9,1,64,66,11,9,56,60,10,6,57,62,10,5,14,18,14,1,28,31,16,7,29,32,15,5,31,35,16,5,58,70,30.85705939,1.341901341,60,67,29,7,54,64,30,6,54,65,30,7,59,PRC
Shanghai,2022,4,1,141,156,17,3,124,139,20,1,139,155,19,5,140,160,19,6,52,53,6,1,42,44,8,1,55,59,10,6,55,60,10,5,38,39,12,2,27,30,14,1,30,33,15,5,31,35,15,5,51,64,32.63460784,4.894106754,56,66,30,2,53,63,29,5,54,66,30,7,41,PRC
Shanghai,2022,5,1,119,137,20,3,119,134,20,2,135,150,19,5,138,157,19,5,38,42,11,1,37,39,9,1,53,56,9,5,54,58,10,5,25,26,12,5,25,28,14,2,29,31,14,5,30,33,15,5,56,69,30.57524802,3.218521825,57,68,31,3,53,63,30,5,54,66,30,6,50,PRC
Shanghai,2022,6,2,134,156,17,4,124,142,19,3,136,150,19,5,138,156,19,5,60,64,9,6,45,48,9,2,55,57,9,5,54,59,10,5,24,26,15,1,25,27,13,2,28,30,14,4,29,32,15,5,50,66,28.27344444,2.752261111,54,67,31,3,53,64,29,5,54,65,30,6,42,PRC
Shanghai,2022,7,2,116,128,20,2,128,144,19,3,139,154,19,5,135,153,19,5,41,46,11,1,48,51,9,2,56,59,10,5,53,57,10,5,20,22,19,2,27,28,15,2,27,29,15,5,28,31,15,4,55,60,27.78861616,2.310691919,53,65,30,3,56,66,29,5,54,64,30,5,47,PRC
Shanghai,2022,8,2,142,157,20,4,128,145,19,3,126,142,19,2,135,152,19,5,59,62,12,5,50,54,10,3,46,49,9,2,53,57,10,5,26,29,17,4,24,26,16,3,25,28,15,2,28,30,15,4,57,66,29.66743665,3.147772904,55,65,29,3,55,66,30,2,54,64,29,4,42,PRC
Shanghai,2022,9,2,308,334,20,11,175,194,19,5,147,164,20,4,148,165,19,5,169,178,16,10,82,88,12,5,60,63,10,3,63,67,10,5,74,76,19,11,36,38,17,5,31,33,15,3,31,33,15,5,65,80,30.51117094,11.94450855,57,68,29,5,57,68,30,4,54,65,29,5,24,PRC
Shanghai,2022,10,3,283,355,22,11,212,244,20,7,168,193,20,5,161,181,19,6,172,210,18,12,110,124,14,7,78,86,12,5,73,79,11,6,54,73,21,11,44,50,19,7,34,39,16,5,33,37,16,5,57,72,32.23856725,9.101827485,59,70,30,7,56,68,30,5,55,66,30,6,20,PRC
Shanghai,2022,11,3,271,366,22,14,251,303,21,10,189,224,20,6,177,203,20,7,158,209,18,13,140,165,16,10,94,108,13,6,84,94,12,7,48,70,21,18,51,62,19,11,39,45,17,7,35,40,17,7,65,87,31.74316239,14.03047009,61,76,31,10,57,71,30,6,58,69,30,7,24,PRC
Shanghai,2022,12,3,276,371,21,14,285,357,21,13,206,251,20,8,179,213,20,6,152,202,19,16,163,200,18,13,106,127,14,8,85,99,12,6,66,84,20,11,61,76,20,13,42,51,18,8,37,44,17,6,58,85,29.66090517,12.92347222,61,81,31,12,58,73,30,7,57,71,30,6,23,PRC
Shanghai,2022,13,3,288,379,21,14,280,368,21,14,227,281,20,9,191,232,20,7,162,201,17,13,161,206,18,14,122,147,15,10,93,111,13,7,65,89,22,19,58,79,21,15,47,59,19,10,40,48,17,7,61,89,28.7145765,12.53665301,60,83,31,12,59,76,30,9,58,73,30,7,23,PRC
Shanghai,2022,14,3,242,356,23,25,269,368,22,17,241,306,21,12,202,251,20,9,135,183,21,27,152,199,19,17,131,161,16,12,102,123,14,9,52,89,21,31,58,83,21,20,51,67,20,13,42,53,18,10,55,84,29.18923737,15.46287374,60,86,30,14,59,78,30,10,57,74,30,8,24,PRC
Shanghai,2022,15,4,178,280,21,22,246,347,21,19,249,325,21,15,208,265,20,11,88,132,18,32,134,180,19,22,137,172,17,16,107,132,15,12,42,70,20,17,56,83,21,19,53,73,20,15,45,58,18,11,48,78,27.83491898,8.710572917,56,84,29,12,58,80,30,11,57,75,30,8,28,PRC
Shanghai,2022,16,4,274,343,21,31,246,340,21,23,265,348,21,18,219,280,21,13,140,176,19,32,131,173,19,26,147,186,18,20,115,142,16,14,73,91,20,38,58,85,21,26,59,80,20,19,47,62,19,14,61,76,28.70387523,22.36900273,56,82,29,15,59,81,30,13,57,76,30,10,22,PRC
Shanghai,2022,17,4,218,320,23,23,228,325,22,25,254,346,22,20,228,295,21,15,113,157,19,20,119,162,19,28,140,184,19,21,121,152,16,16,50,80,21,26,54,83,20,28,56,81,21,21,50,67,20,16,55,83,34.22673232,26.27643939,55,80,30,18,58,82,30,15,57,77,30,12,26,PRC
Shanghai,2022,18,4,228,325,23,36,225,317,22,28,247,343,22,23,235,310,21,17,124,161,20,32,116,157,19,29,134,178,19,23,126,160,17,18,41,71,19,40,52,78,20,30,55,81,20,25,51,70,20,19,63,93,30.20791005,39.50186508,57,83,30,24,58,84,30,19,58,79,30,15,29,PRC
Shanghai,2022,19,5,257,392,21,31,244,345,22,30,245,346,22,25,247,332,21,20,141,203,18,28,130,174,19,28,132,177,19,25,134,173,18,20,58,90,19,32,56,83,20,34,56,83,20,27,54,76,20,21,58,99,28.77588123,36.28897031,59,88,30,31,57,86,30,22,59,83,30,18,25,PRC
Shanghai,2022,20,5,225,360,21,25,232,349,22,29,239,344,22,26,254,348,22,22,123,186,19,23,125,177,19,26,128,175,19,26,140,183,19,22,48,77,19,33,49,80,20,33,54,82,20,29,56,80,20,24,54,97,28.31346193,24.92486111,58,93,30,32,57,87,29,23,58,85,30,20,27,PRC
Shanghai,2022,21,5,261,362,21,17,243,360,22,27,235,342,22,26,250,351,22,22,148,193,19,16,134,186,19,25,127,174,19,26,138,184,19,22,51,75,19,29,50,78,19,33,52,80,20,31,54,80,20,25,62,94,29.2425448,10.4612276,59,96,29,28,57,88,30,23,58,86,30,19,26,PRC
Shanghai,2022,22,5,256,358,21,21,250,368,21,24,237,343,22,26,248,351,22,23,144,193,19,20,139,194,19,22,128,175,19,25,136,183,19,23,66,90,20,25,56,83,20,30,54,81,20,30,55,81,20,27,46,75,30.14642512,20.35457729,55,91,29,23,56,87,30,24,57,87,30,20,21,PRC
Shanghai,2022,23,6,260,386,22,13,251,367,21,19,247,356,22,25,247,353,22,23,141,200,19,13,139,193,19,18,134,184,19,23,134,182,19,23,53,93,19,12,55,84,19,25,55,83,20,29,55,83,20,26,66,93,30.6472138,13.29037458,57,90,30,17,58,89,30,24,57,87,30,20,24,PRC
Shanghai,2022,24,6,256,350,20,14,258,364,21,16,245,357,22,23,245,351,22,23,152,195,17,14,146,195,18,16,136,186,19,21,134,182,19,23,56,80,19,15,57,85,19,20,53,82,20,26,55,83,20,26,48,75,31.54188657,12.31717593,56,84,30,14,57,89,30,23,56,86,30,20,21,PRC
Shanghai,2022,25,6,296,365,21,14,267,365,21,16,255,362,21,21,246,350,22,23,173,206,17,12,153,199,18,15,143,192,18,20,135,182,19,23,52,69,20,16,57,83,19,17,53,81,19,25,54,81,20,26,71,90,30.89670188,18.13515258,58,83,31,16,59,90,30,22,57,86,30,21,25,PRC
Shanghai,2022,26,6,279,395,21,13,273,374,21,13,261,371,21,19,249,353,21,22,165,217,18,8,158,205,18,12,148,199,18,17,138,185,18,21,54,78,22,16,54,80,20,15,55,82,20,22,54,80,20,25,60,100,29.95399074,23.98439815,61,90,31,17,58,90,30,20,58,88,30,21,25,PRC
Shanghai,2022,27,6,283,398,21,10,279,377,21,13,265,372,21,16,258,363,21,21,150,200,17,6,160,205,17,10,150,199,18,14,143,191,18,19,62,95,19,14,56,81,20,15,55,82,20,20,55,82,20,25,71,103,32.96120501,17.25118936,63,92,31,18,60,91,30,18,60,90,30,22,26,PRC
Shanghai,2022,28,7,285,388,22,14,286,387,21,13,272,375,21,15,259,367,22,19,165,196,18,10,163,205,18,9,155,200,18,12,145,192,18,17,57,91,22,16,56,83,21,15,56,84,20,18,54,82,20,23,63,101,31.57404762,22.8716843,66,99,31,21,61,91,31,17,60,92,31,22,26,PRC
Shanghai,2022,29,7,306,426,21,14,288,402,21,13,278,383,21,14,266,375,21,19,181,229,18,14,165,211,18,9,159,205,18,12,151,198,18,16,61,89,21,12,59,88,21,14,58,86,20,16,55,83,20,22,64,108,28.77486979,15.76244792,65,103,31,20,61,93,31,18,61,94,30,21,25,PRC
Shanghai,2022,30,7,289,423,20,11,291,409,21,12,282,391,21,13,271,384,21,17,169,229,17,13,166,214,17,11,162,209,18,11,154,204,18,15,65,98,24,9,61,93,22,13,58,87,21,14,57,85,20,19,55,96,26.38486869,8.353636364,63,102,30,16,62,96,30,16,60,94,30,19,23,PRC
Shanghai,2022,31,7,267,376,21,9,287,403,21,12,283,390,21,12,272,382,21,15,161,215,17,7,169,217,18,11,165,211,17,10,156,205,18,13,48,74,20,8,58,88,22,11,57,84,21,13,56,84,20,17,58,87,30.93790709,16.79516284,60,98,29,16,61,95,30,17,60,93,30,17,23,PRC
Shanghai,2022,32,8,285,380,20,12,287,401,20,12,286,394,21,12,277,384,21,14,176,216,16,12,172,222,17,11,168,214,17,10,160,207,18,12,51,69,19,13,56,83,21,11,56,83,21,13,56,83,20,15,58,95,30.12454502,13.0312931,59,97,29,13,63,98,30,17,60,93,30,16,25,PRC
Shanghai,2022,33,8,303,394,21,12,286,393,20,11,287,398,21,12,280,387,21,13,178,222,18,9,171,221,17,10,168,216,17,10,163,210,18,11,62,85,21,19,57,82,21,12,58,85,21,13,57,84,21,15,63,87,29.26865079,11.94093915,59,91,29,13,62,97,30,16,60,93,30,16,22,PRC
Shanghai,2022,34,8,295,413,20,9,288,391,20,11,289,400,21,11,284,391,21,12,162,213,17,7,169,217,17,9,168,215,17,10,164,212,17,10,70,105,18,10,58,83,20,13,60,88,21,13,58,86,20,13,63,95,32.27447972,12.10550265,61,91,31,13,62,97,30,15,62,94,30,15,23,PRC
Shanghai,2022,35,8,195,300,19,7,270,372,20,10,278,388,20,11,278,384,21,12,123,165,17,9,160,204,17,9,164,211,17,10,163,209,17,10,39,68,19,5,56,82,19,12,57,85,21,11,56,83,20,13,33,67,26.61510101,3.741776094,54,86,30,10,57,92,29,13,59,92,30,15,22,PRC
Shanghai,2022,36,8,319,338,19,16,278,361,20,11,282,381,20,11,284,383,20,12,180,193,16,16,161,198,17,10,166,210,17,11,165,208,17,10,70,74,19,16,60,83,19,12,58,83,20,11,58,83,20,13,69,71,28.095157,16.87815217,57,80,29,11,58,88,29,12,61,92,30,15,21,PRC
Shanghai,2022,37,9,276,365,20,12,271,354,20,11,279,374,20,11,282,383,20,12,153,200,17,9,155,193,17,10,163,207,17,10,164,208,17,10,62,82,20,10,60,82,19,10,58,82,20,11,58,84,20,12,61,83,29.49377505,19.6724408,57,79,29,13,58,85,29,13,60,91,30,15,23,PRC
Shanghai,2022,38,9,309,441,19,11,275,361,19,11,281,376,20,11,284,387,20,11,163,229,15,2,155,197,16,9,162,207,16,9,163,209,17,9,71,100,18,15,61,81,19,11,59,82,19,12,60,86,20,12,75,112,29.24742222,26.22861111,60,83,28,17,60,87,30,15,61,92,30,15,25,PRC
Shanghai,2022,39,9,298,388,20,14,301,383,20,13,285,377,20,12,286,386,20,12,168,197,16,5,166,205,16,8,163,204,16,9,165,209,17,9,65,90,19,14,67,87,19,14,61,84,19,13,60,85,20,12,65,101,31.40098718,37.27383761,68,92,30,25,61,89,30,18,61,92,30,17,26,PRC
Shanghai,2022,40,9,226,339,18,7,277,383,19,11,278,372,19,11,281,382,20,11,127,165,15,4,153,198,15,5,157,198,16,8,162,206,16,9,48,80,20,7,62,88,19,12,61,86,19,12,59,85,20,12,51,94,23.35175926,12.84238562,63,98,28,24,60,89,29,18,60,91,29,16,28,PRC
Shanghai,2022,41,10,166,214,14,5,250,346,18,9,261,350,19,10,269,364,19,10,89,108,12,3,137,175,14,4,146,184,15,7,154,196,16,8,38,49,17,7,56,80,19,11,58,81,19,11,57,81,19,11,39,57,17.34383191,5.583589744,58,91,25,20,57,85,27,17,58,87,28,15,27,PRC
Shanghai,2022,42,10,258,279,18,5,237,305,17,8,256,333,18,10,266,352,19,10,136,143,13,3,130,153,14,4,142,175,15,6,151,189,16,7,57,66,17,7,52,71,18,9,56,76,19,10,57,79,19,11,65,70,27.63106838,7.433833333,55,81,25,16,57,82,27,16,58,85,28,15,25,PRC
Shanghai,2022,43,10,285,345,16,6,234,294,16,6,267,339,18,9,268,350,19,10,148,172,13,6,125,147,13,4,146,176,14,6,150,185,15,7,63,78,15,4,52,68,17,6,59,77,18,10,58,79,18,11,74,95,22.17937312,8.75841967,57,79,23,9,62,85,26,17,60,86,27,15,28,PRC
Shanghai,2022,44,10,259,352,19,10,242,298,17,6,260,340,18,9,266,347,19,9,125,167,13,6,125,148,13,4,139,173,14,5,146,181,15,7,65,86,18,10,56,70,17,7,59,79,18,9,59,80,18,10,69,99,29.56582528,16.63532609,62,80,24,10,62,89,26,17,61,86,27,15,28,PRC
Shanghai,2022,45,11,274,377,19,10,269,338,18,8,259,342,18,8,263,346,18,9,149,183,15,9,140,166,13,6,138,171,14,5,144,178,15,7,67,97,19,10,63,82,17,8,59,81,18,9,60,81,18,10,58,97,27.44699713,10.59605364,67,90,27,11,62,91,26,16,60,87,27,15,26,PRC
Shanghai,2022,46,11,289,365,18,9,277,360,18,9,257,332,18,8,263,342,18,9,155,181,14,10,144,176,14,8,137,165,14,6,143,175,15,7,71,89,17,5,67,88,17,7,59,79,18,8,60,80,18,9,63,95,27.77679453,8.717231041,66,97,27,11,61,89,26,13,60,87,27,15,26,PRC
Shanghai,2022,47,11,267,371,18,8,272,366,18,9,253,330,17,7,269,348,18,9,137,187,12,5,142,180,14,8,133,163,13,6,144,177,14,7,67,89,18,9,68,90,18,9,60,79,18,7,62,82,18,10,63,95,29.07617284,11.11729277,63,97,28,12,60,88,26,10,63,89,27,15,26,PRC
Shanghai,2022,48,11,235,325,20,9,266,360,19,9,254,329,18,8,262,347,18,9,124,153,15,6,141,176,14,8,133,162,13,6,140,174,14,6,48,69,19,11,63,86,18,9,60,78,17,8,60,81,18,9,63,103,29.43094356,12.84555996,62,98,28,11,62,89,26,10,62,92,27,15,32,PRC
Shanghai,2022,49,11,274,347,18,7,266,352,18,8,268,345,18,8,262,345,18,8,142,159,14,5,140,170,14,7,140,168,14,6,139,170,14,5,64,79,16,8,63,82,18,8,63,82,17,8,60,81,18,9,68,109,27.40166667,12.63730392,64,101,28,11,65,95,28,11,63,94,27,14,31,PRC
Shanghai,2022,50,12,237,320,19,6,253,341,18,8,265,350,18,8,256,335,18,8,128,152,13,5,133,163,14,5,139,169,14,6,136,164,14,6,51,74,20,6,58,78,18,8,62,83,18,8,59,79,18,8,58,94,29.21204502,10.93164751,63,100,29,12,65,98,28,12,61,92,27,13,29,PRC
Shanghai,2022,51,12,220,292,20,16,242,321,19,10,257,344,19,9,249,327,18,8,104,120,13,6,125,146,14,5,133,163,14,6,130,158,14,6,54,77,19,19,54,75,19,11,61,83,18,10,58,78,18,9,62,95,33.99937276,30.2065009,63,100,30,17,63,98,29,14,61,92,27,12,33,PRC
Shanghai,2022,52,12,237,315,16,7,242,319,18,9,254,339,18,9,250,325,18,8,120,141,11,5,124,143,13,5,132,160,14,6,130,156,13,6,53,71,16,6,56,75,18,10,59,81,18,9,58,77,18,8,64,103,25.12640625,12.48256944,63,100,29,17,62,99,29,14,62,93,27,12,33,PRC
Shenzhen,2019,1,1,258,302,17,7,,,,,,,,,,,,,104,118,13,8,,,,,,,,,,,,,72,86,16,3,,,,,,,,,,,,,82,98,22.94289634,8.158187669,,,,,,,,,,,,,32,PRC
Shenzhen,2019,2,1,214,278,18,4,,,,,,,,,,,,,89,117,15,5,,,,,,,,,,,,,64,80,17,4,,,,,,,,,,,,,61,81,22.74680328,3.324380692,,,,,,,,,,,,,29,PRC
Shenzhen,2019,3,1,215,280,19,5,,,,,,,,,,,,,83,113,14,6,,,,,,,,,,,,,61,76,17,4,,,,,,,,,,,,,71,91,24.70685837,4.175884194,,,,,,,,,,,,,33,PRC
Shenzhen,2019,4,1,213,284,21,8,225,286,19,6,,,,,,,,,88,114,16,10,91,116,15,7,,,,,,,,,61,80,21,6,65,81,18,5,,,,,,,,,64,90,27.82786024,4.675368924,70,90,25,5,,,,,,,,,32,PRC
Shenzhen,2019,5,1,212,285,22,8,214,282,20,6,,,,,,,,,85,117,16,11,86,115,15,8,,,,,,,,,67,87,22,8,63,81,19,6,,,,,,,,,60,81,30.35360185,5.210634259,64,86,26,4,,,,,,,,,28,PRC
Shenzhen,2019,6,2,182,256,21,9,206,276,21,7,,,,,,,,,53,89,14,14,77,108,15,10,,,,,,,,,68,87,20,8,64,83,20,7,,,,,,,,,61,80,27.00309654,4.882131148,64,86,27,5,,,,,,,,,31,PRC
Shenzhen,2019,7,2,141,213,16,9,187,260,20,8,,,,,,,,,49,72,11,5,69,98,14,10,,,,,,,,,47,72,15,14,61,82,20,9,,,,,,,,,45,69,20.89707407,9.187104938,58,80,27,6,,,,,,,,,32,PRC
Shenzhen,2019,8,2,185,221,18,6,180,244,19,8,203,265,19,7,,,,,79,92,13,7,67,93,13,9,79,104,14,8,,,,,51,64,17,6,58,78,19,9,61,79,18,7,,,,,55,65,25.18440404,4.877590909,55,74,26,6,62,82,25,6,,,,,29,PRC
Shenzhen,2019,9,2,198,261,16,6,177,238,17,7,195,260,19,7,,,,,80,104,13,7,65,89,13,8,76,102,14,8,,,,,58,77,15,5,56,75,17,8,60,78,18,7,,,,,60,80,21.81422685,5.201638889,55,74,24,6,60,80,25,5,,,,,31,PRC
Shenzhen,2019,10,3,215,279,17,4,185,244,17,6,195,260,19,7,,,,,85,108,13,5,73,94,12,6,75,101,14,8,,,,,65,81,17,3,55,74,16,7,60,78,18,7,,,,,65,90,22.88212821,4.406504274,56,76,23,6,60,81,25,5,,,,,32,PRC
Shenzhen,2019,11,3,218,277,16,5,204,260,17,5,196,260,18,7,,,,,83,102,13,7,82,102,13,6,75,100,13,8,,,,,65,83,17,2,60,76,16,4,60,79,18,6,,,,,70,92,20.33021825,4.135960317,63,82,23,5,60,81,25,5,,,,,33,PRC
Shenzhen,2019,12,3,201,256,18,6,208,268,17,5,194,256,18,7,204,266,18,6,83,100,15,7,83,104,13,6,75,98,13,8,80,104,14,8,59,74,17,5,62,79,16,4,60,78,17,6,62,79,18,6,59,82,22.93002354,4.114882298,64,86,22,4,59,80,24,5,63,83,24,5,32,PRC
Shenzhen,2019,13,3,220,275,18,5,214,272,17,5,195,255,17,6,201,264,18,6,84,105,14,6,84,104,14,6,75,97,13,7,78,103,14,8,68,86,17,4,64,81,17,4,60,78,17,6,61,79,18,6,68,84,22.9404902,3.740273693,66,87,22,4,60,80,23,5,62,82,24,5,31,PRC
Shenzhen,2019,14,4,215,276,17,5,214,271,17,5,199,257,17,6,201,264,18,6,92,111,14,7,86,105,14,7,79,99,13,6,79,102,14,8,60,78,16,4,63,80,17,4,59,77,16,5,61,79,18,6,63,87,24.14078924,4.575886243,65,86,23,4,61,81,23,5,62,83,24,5,32,PRC
Shenzhen,2019,15,4,201,269,17,4,209,269,18,5,207,264,17,5,200,263,18,6,83,110,13,5,86,107,14,6,84,104,13,6,79,102,14,8,64,79,18,4,63,79,17,4,61,78,17,4,61,79,18,6,54,80,22.2357356,4.890334362,61,83,23,4,62,83,23,4,60,82,24,5,30,PRC
Shenzhen,2019,16,4,227,279,18,5,216,275,18,5,212,272,17,5,201,262,18,6,91,110,15,6,88,109,14,6,85,106,14,6,79,102,14,7,67,82,18,2,65,81,17,4,63,80,17,4,62,79,17,5,69,87,22.77910628,7.185362319,64,85,23,5,64,85,23,5,61,81,24,5,31,PRC
Shenzhen,2019,17,4,199,264,17,6,211,272,17,5,212,272,17,5,200,261,17,6,83,106,14,11,87,109,14,7,86,107,14,7,79,101,13,7,58,71,16,3,62,78,17,3,63,79,17,3,61,78,17,5,58,87,21.47811303,1.955555556,61,85,23,5,63,86,22,4,61,82,23,5,33,PRC
Shenzhen,2019,18,5,221,276,18,6,212,272,18,5,213,272,17,5,203,262,17,6,81,106,15,8,85,108,14,7,85,106,14,7,81,102,14,7,68,78,18,5,64,78,18,3,64,79,17,4,61,77,17,5,72,92,21.74166281,3.350516975,63,87,22,4,64,86,22,4,62,83,22,5,33,PRC
Shenzhen,2019,19,5,219,280,16,8,217,275,17,6,213,272,17,6,210,268,17,5,87,108,13,9,86,108,14,8,86,107,14,7,84,105,14,7,70,86,15,9,66,79,17,5,64,79,17,5,63,78,17,4,62,86,21.60557796,4.826173835,65,88,22,4,63,86,22,4,63,84,23,4,31,PRC
Shenzhen,2019,20,5,196,263,18,4,209,271,17,6,212,273,17,5,211,271,17,5,78,107,14,6,82,107,14,8,85,108,14,7,84,106,14,7,53,71,17,3,62,77,17,5,64,79,17,4,63,79,17,4,65,85,22.78538462,3.754811966,64,88,22,3,64,86,22,4,64,86,22,4,32,PRC
Shenzhen,2019,21,5,211,259,17,4,212,270,17,5,211,271,17,5,212,271,17,5,83,97,14,4,82,105,14,7,85,107,14,7,84,106,14,7,67,79,16,4,65,79,17,5,63,78,17,4,64,79,17,4,61,83,22.500551,4.79776867,65,87,22,4,63,86,22,4,64,86,22,4,32,PRC
Shenzhen,2019,22,5,197,254,18,5,206,264,17,5,209,268,17,5,210,269,17,5,79,97,14,7,82,102,14,6,83,105,14,7,84,105,14,7,61,75,17,3,63,78,16,5,64,78,17,4,63,79,17,4,57,82,25.04302144,4.116096491,61,84,23,4,62,85,23,4,63,86,23,4,32,PRC
Shenzhen,2019,23,6,219,275,19,5,206,263,18,5,211,269,18,5,211,269,18,5,88,106,16,5,82,102,15,6,84,105,14,7,84,105,14,7,64,78,17,3,61,76,17,3,64,78,17,4,63,78,17,4,67,91,26.24637645,5.753167496,63,85,24,5,64,87,23,4,63,86,23,4,33,PRC
Shenzhen,2019,24,6,202,265,17,5,207,263,18,5,208,267,18,5,211,270,18,5,83,107,14,5,83,102,14,5,83,104,14,7,84,106,14,7,57,71,17,4,62,76,17,4,62,76,17,4,63,78,17,4,62,87,21.86268369,5.420250896,62,86,24,5,63,87,23,4,63,86,23,5,33,PRC
Shenzhen,2019,25,6,225,272,18,5,211,267,18,5,211,268,18,5,211,269,18,5,91,109,14,6,85,105,14,6,84,105,14,6,85,106,14,7,63,74,17,5,61,75,17,4,63,77,17,4,63,77,17,4,71,89,23.20899452,5.230935055,64,87,24,5,65,87,23,5,63,86,23,5,33,PRC
Shenzhen,2019,26,6,203,258,17,4,212,268,18,5,209,266,18,5,210,268,18,5,79,99,13,6,85,105,14,6,84,104,14,6,84,105,14,6,61,72,17,2,61,74,17,4,62,76,17,4,63,76,17,4,63,87,22.4230776,3.928999118,66,89,23,5,64,86,23,5,63,86,23,5,34,PRC
Shenzhen,2019,27,7,207,249,18,4,209,261,17,5,208,262,18,5,211,266,18,5,87,103,15,4,85,105,14,5,84,103,14,5,84,105,14,6,59,66,17,3,60,71,17,4,61,73,17,3,62,75,17,4,61,80,23.43436248,3.716284153,64,86,23,5,63,86,23,5,64,86,23,5,32,PRC
Shenzhen,2019,28,7,216,273,19,5,213,263,18,5,210,263,18,5,210,266,18,5,87,113,15,7,86,106,14,6,85,104,14,6,84,105,14,7,64,76,19,2,62,72,18,3,62,74,17,3,62,75,17,4,65,84,24.55713248,4.986948718,65,85,23,4,63,85,24,5,64,86,23,4,31,PRC
Shenzhen,2019,29,7,205,266,17,5,208,262,18,5,209,264,18,5,210,266,18,5,85,110,14,4,85,106,14,5,85,106,14,6,84,105,14,6,65,77,16,7,62,73,17,4,62,74,17,4,63,75,17,4,55,79,22.49828788,4.704227273,61,83,23,4,63,85,24,5,63,85,23,5,30,PRC
Shenzhen,2019,30,7,204,252,18,5,208,260,18,5,210,264,18,5,209,264,18,5,85,105,14,4,86,108,14,5,86,107,14,5,84,105,14,6,59,72,17,3,62,73,17,4,62,73,17,4,62,75,17,4,60,75,23.63371296,6.419694444,60,80,24,5,63,84,23,5,62,84,23,5,30,PRC
Shenzhen,2019,31,7,200,250,20,19,206,260,18,9,208,261,18,7,207,261,18,6,71,92,16,26,82,105,15,10,84,105,14,8,83,104,14,7,65,75,19,20,63,75,18,8,62,73,17,6,62,74,17,5,64,83,24.89866319,11.52098958,61,80,24,7,63,83,23,6,63,84,24,5,33,PRC
Shenzhen,2019,32,8,190,272,19,6,200,260,18,9,206,262,18,7,207,262,18,6,85,114,15,7,82,105,15,10,84,106,14,8,84,104,14,7,46,69,20,8,59,73,18,10,60,73,18,6,61,74,17,5,59,89,23.11690678,3.822297552,60,82,24,7,62,83,23,6,62,84,24,5,33,PRC
Shenzhen,2019,33,8,204,247,18,3,200,255,19,8,204,258,18,6,206,261,18,6,79,100,13,4,80,103,15,10,82,105,14,8,83,105,14,7,58,65,18,3,57,70,18,9,60,72,18,6,60,73,18,5,67,82,25.45640547,2.90537728,63,82,24,6,62,82,24,5,63,84,24,5,33,PRC
Shenzhen,2019,34,8,200,254,19,7,199,256,19,9,203,258,18,7,206,261,18,6,78,94,14,6,78,100,15,10,82,104,14,8,83,104,14,7,56,71,18,6,56,70,18,9,59,71,18,7,60,72,18,6,66,89,26.50869108,9.480968013,64,86,25,7,62,83,24,6,63,85,24,6,35,PRC
Shenzhen,2019,35,8,228,280,18,5,206,263,19,5,206,262,18,7,207,262,18,6,91,112,14,5,83,105,14,5,83,105,14,8,83,105,14,7,70,79,17,4,58,71,18,5,60,73,18,7,60,72,18,6,67,89,24.02484245,4.321169154,65,87,25,5,63,84,24,6,63,84,24,6,32,PRC
Shenzhen,2019,36,9,202,263,17,4,209,261,18,5,204,261,18,7,207,261,18,6,85,109,14,5,83,104,14,5,82,105,14,8,84,105,14,7,64,78,17,3,62,73,17,4,60,73,18,7,61,73,18,6,53,76,23.10476415,3.011462264,63,84,25,5,61,83,24,6,63,84,24,5,29,PRC
Shenzhen,2019,37,9,209,261,19,5,210,265,18,5,205,260,18,7,206,260,18,6,78,98,14,4,83,103,14,5,82,103,14,8,83,104,14,7,59,74,18,3,62,76,17,4,60,73,18,6,61,73,18,5,72,89,24.46944059,5.536851852,65,86,25,6,64,84,24,6,63,84,24,5,34,PRC
Shenzhen,2019,38,9,226,285,17,4,216,272,18,4,207,264,18,7,208,263,18,6,97,115,14,5,88,109,14,5,83,104,14,8,84,105,14,7,67,82,16,3,65,78,17,3,61,74,18,6,61,74,18,6,62,88,23.78077957,3.640909498,64,86,24,4,64,86,24,6,63,84,24,5,31,PRC
Shenzhen,2019,39,9,170,233,18,4,202,261,18,4,204,262,18,5,205,261,18,6,72,96,15,6,83,105,14,5,83,105,14,5,83,105,14,7,48,66,19,2,60,75,18,3,59,73,18,4,60,74,18,5,50,71,22.86531111,2.590866667,59,81,24,4,62,84,24,4,62,83,24,5,30,PRC
Shenzhen,2019,40,10,189,231,18,8,199,253,18,5,204,257,18,5,202,258,18,6,72,89,13,15,80,100,14,7,82,102,14,6,82,103,14,8,60,71,19,4,59,73,18,3,60,73,18,4,60,73,18,6,57,71,23.81605263,4.809493177,60,80,24,4,62,82,24,5,61,82,24,5,31,PRC
Shenzhen,2019,41,10,169,222,17,4,189,243,18,5,199,254,18,5,199,254,18,6,65,89,14,6,77,97,14,8,80,100,14,6,80,101,14,8,50,62,16,3,56,70,18,3,59,73,18,4,59,72,18,5,54,71,21.53333333,1.98933642,56,75,23,3,60,81,24,4,61,81,24,5,32,PRC
Shenzhen,2019,42,10,176,234,19,4,176,230,18,5,196,251,18,5,197,253,18,6,70,92,15,5,70,92,14,8,79,100,14,6,79,100,14,8,51,67,18,3,52,67,18,3,59,72,18,3,58,72,18,5,55,75,24.98150505,3.140484848,54,72,23,3,59,79,24,4,61,81,24,5,32,PRC
Shenzhen,2019,43,10,185,250,20,6,180,234,18,6,191,247,18,5,196,253,18,5,71,93,15,7,70,91,14,8,76,98,14,7,79,100,14,6,53,70,19,6,54,68,18,4,57,71,18,3,57,71,18,4,61,87,25.31379781,5.74143898,57,76,24,4,58,79,24,4,60,81,24,4,35,PRC
Shenzhen,2019,44,11,201,266,18,4,183,243,18,5,191,248,18,5,197,252,18,5,82,106,15,4,72,95,15,5,76,97,14,6,78,99,14,6,54,70,17,4,52,67,18,4,55,70,18,4,58,71,18,4,65,90,23.40413675,5.528200855,59,81,24,4,60,80,24,4,61,82,24,4,34,PRC
Shenzhen,2019,45,11,201,256,18,3,191,252,19,5,190,247,18,5,196,253,18,5,78,95,15,4,75,97,15,5,76,97,14,6,78,99,14,6,55,68,18,2,53,69,18,4,55,70,18,3,57,72,18,4,68,93,22.21915441,3.838986928,62,86,24,5,59,81,23,4,61,82,24,4,36,PRC
Shenzhen,2019,46,11,207,261,19,5,199,258,19,5,187,244,18,5,197,254,18,5,80,105,15,5,78,100,15,5,74,96,15,6,78,100,14,6,63,73,18,4,56,70,18,4,54,68,18,4,58,72,18,3,64,83,24.74897135,5.869231771,65,88,24,5,59,80,24,4,61,82,24,4,32,PRC
Shenzhen,2019,47,11,186,247,17,4,199,258,18,4,189,246,18,5,193,251,18,5,70,95,14,3,78,100,15,4,74,96,14,6,77,99,14,6,58,70,16,6,58,70,17,4,56,69,18,4,57,71,18,4,58,82,22.23713602,4.324679119,64,87,23,5,60,82,24,4,60,81,24,4,33,PRC
Shenzhen,2019,48,11,200,247,18,4,199,253,18,4,191,248,18,4,193,249,18,5,85,101,15,5,78,99,15,4,75,97,15,5,77,98,14,6,57,67,18,4,58,70,18,4,55,68,18,4,56,70,18,4,58,79,22.43302682,2.805665709,62,84,23,4,60,83,23,4,60,82,23,4,32,PRC
Shenzhen,2019,49,12,175,228,19,4,192,246,18,4,191,249,18,4,190,247,18,5,66,91,14,4,75,98,14,4,75,97,15,5,76,97,14,6,55,66,18,4,58,69,18,5,56,69,18,4,56,69,18,4,54,71,24.41619856,4.983179012,59,79,23,4,60,83,24,5,59,80,23,4,31,PRC
Shenzhen,2019,50,12,200,248,18,3,190,243,18,4,194,250,18,4,188,244,18,5,84,100,16,3,76,97,15,4,77,98,15,4,75,96,15,6,58,68,17,4,57,68,17,4,57,69,18,4,55,68,18,4,58,80,23.0108908,3.203515326,57,78,23,4,61,83,23,5,59,79,23,4,32,PRC
Shenzhen,2019,51,12,198,252,18,3,193,244,18,4,196,251,18,4,191,245,18,5,78,98,14,3,78,98,15,4,78,99,15,4,75,96,15,5,50,63,20,4,55,66,18,4,56,68,18,4,55,68,18,4,70,91,22.53571825,3.632107143,60,80,23,4,62,84,23,4,60,81,23,4,36,PRC
Shenzhen,2019,52,12,187,242,18,4,190,243,18,4,194,248,18,4,190,246,18,4,71,91,14,4,75,95,14,4,77,97,15,4,75,96,15,4,57,68,19,4,55,66,18,4,57,68,18,4,55,68,18,4,59,83,23.40249529,4.726878531,60,81,23,4,61,83,23,4,60,82,23,4,34,PRC
Shenzhen,2020,1,1,190,190,17,6,194,233,18,4,193,239,18,4,192,243,18,4,82,82,14,5,79,93,14,4,77,95,14,4,76,96,15,4,51,51,17,10,54,63,18,5,56,66,18,5,55,67,18,5,57,57,22.83045322,3.654405458,61,78,23,4,60,78,23,4,61,81,23,4,30,PRC
Shenzhen,2020,2,1,210,261,20,5,196,236,19,5,193,239,18,4,195,246,18,4,91,109,16,6,81,95,14,5,78,96,15,4,78,97,15,4,57,71,19,5,54,63,19,6,55,66,18,5,56,67,18,5,62,81,26.7059095,3.313212366,62,78,24,4,60,78,23,4,61,81,24,4,31,PRC
Shenzhen,2020,3,1,207,269,22,12,199,241,19,7,196,242,19,5,197,247,19,5,82,108,17,18,82,98,15,8,80,98,15,6,79,98,15,5,65,76,21,13,58,67,19,8,56,66,19,6,57,68,18,5,60,85,29.42118981,4.303615741,60,77,26,4,60,78,24,4,61,81,24,4,32,PRC
Shenzhen,2020,4,1,198,276,23,12,201,249,20,9,196,246,19,6,197,248,19,6,78,109,17,19,83,102,16,12,79,99,15,8,79,99,15,7,58,77,24,11,58,69,20,10,56,68,19,7,57,68,19,6,62,90,29.29851254,4.51640233,60,78,27,4,60,80,25,4,61,81,24,4,33,PRC
Shenzhen,2020,5,1,145,218,18,5,190,256,21,9,192,245,19,6,192,245,19,6,40,73,13,5,73,100,16,12,76,96,15,8,76,97,15,7,51,70,18,6,58,74,20,9,56,68,19,7,57,68,19,6,54,75,22.94198045,3.811538066,60,83,27,4,60,80,25,4,60,80,24,4,34,PRC
Shenzhen,2020,6,2,145,189,16,35,174,238,20,16,185,237,19,10,187,239,19,8,57,72,12,50,64,91,15,23,72,93,14,14,74,94,15,10,37,52,17,49,53,69,20,20,53,66,19,13,55,67,19,10,51,65,20.78632898,9.613028322,57,79,26,6,59,78,25,5,59,78,24,4,34,PRC
Shenzhen,2020,7,2,138,193,16,18,157,219,18,18,178,230,19,12,183,234,19,9,59,82,12,17,59,84,13,23,70,91,14,16,73,93,14,12,37,51,16,26,46,63,19,23,52,65,19,15,53,65,19,12,42,60,21.82725529,11.53415344,52,73,24,7,56,75,25,6,57,76,24,5,31,PRC
Shenzhen,2020,8,2,165,231,17,12,148,208,17,17,175,228,19,13,180,233,19,10,63,91,12,3,55,80,12,19,69,91,14,15,71,92,14,11,51,66,18,22,44,60,17,26,51,64,19,18,52,65,19,13,51,74,21.78466776,11.88700436,50,69,22,9,55,73,24,7,57,76,24,6,32,PRC
Shenzhen,2020,9,2,184,252,18,14,158,216,17,20,174,236,19,14,181,235,19,11,77,101,13,13,64,87,12,21,68,93,14,16,72,93,14,12,51,72,19,13,44,60,17,28,51,67,19,18,52,65,19,14,56,79,24.58580357,15.80797619,50,70,22,12,55,76,25,8,57,77,24,7,31,PRC
Shenzhen,2020,10,3,175,261,18,5,166,234,17,12,170,236,19,14,179,236,19,11,74,105,14,5,68,95,13,10,66,93,14,16,71,93,14,12,47,71,20,7,47,65,18,17,50,67,19,18,51,66,19,14,54,85,20.53700617,5.193719136,51,75,22,11,54,77,24,8,57,77,24,7,33,PRC
Shenzhen,2020,11,3,185,268,19,7,177,253,18,9,167,236,18,14,177,238,19,11,75,102,15,5,72,100,14,7,65,92,14,15,71,94,14,13,48,73,17,5,49,71,19,12,48,67,19,17,51,67,19,14,62,93,25.86640681,10.18074821,56,83,23,11,54,78,23,9,56,77,24,7,35,PRC
Shenzhen,2020,12,3,206,288,19,10,188,267,19,9,168,238,18,13,179,241,19,12,86,111,16,6,78,105,15,7,66,92,13,13,72,95,14,13,52,75,19,16,50,73,19,10,47,66,18,18,50,67,19,15,68,102,23.84280637,10.57883987,60,90,24,10,55,79,23,10,57,79,24,8,35,PRC
Shenzhen,2020,13,3,199,279,18,5,191,274,19,7,175,245,18,13,180,249,19,12,82,110,15,6,79,107,15,6,72,97,14,13,72,98,14,13,50,66,18,5,49,71,19,8,47,66,18,18,50,68,19,15,67,103,23.10465589,4.212433665,63,96,23,8,56,83,23,10,57,83,24,8,37,PRC
Shenzhen,2020,14,3,198,265,19,6,197,275,19,7,181,255,18,10,179,249,19,12,83,107,16,4,82,108,15,5,75,101,14,8,71,98,14,13,57,71,18,11,52,71,18,9,49,68,18,13,50,68,19,15,58,87,23.56452586,3.724626437,64,96,24,7,57,85,23,9,57,83,24,8,33,PRC
Shenzhen,2020,15,4,203,257,18,5,202,272,19,7,189,263,18,8,178,248,18,11,81,100,15,6,83,107,15,6,78,103,15,6,71,97,14,12,58,71,19,3,54,71,19,9,52,71,19,10,50,68,19,14,64,86,22.22192708,5.781736111,64,95,23,6,60,89,23,8,57,83,23,8,33,PRC
Shenzhen,2020,16,4,203,262,19,4,201,266,19,5,194,267,19,7,179,247,18,11,88,108,15,4,84,106,15,5,81,106,15,6,72,97,14,10,55,71,18,4,55,70,18,6,52,71,19,8,50,67,18,14,60,83,24.20048148,5.251,62,90,23,5,61,90,23,8,57,83,23,8,32,PRC
Shenzhen,2020,17,4,196,262,19,16,200,262,19,8,196,268,19,7,183,251,18,11,90,115,15,6,86,108,15,5,82,107,15,5,76,100,14,10,48,62,20,35,55,69,19,13,52,70,19,11,49,67,18,16,58,85,24.51090996,15.35474617,60,85,24,8,61,91,23,8,58,84,23,9,32,PRC
Shenzhen,2020,18,4,169,235,19,20,193,254,19,11,195,265,19,9,185,254,18,10,75,105,15,14,84,107,15,7,83,107,15,6,78,103,15,7,42,52,18,16,51,64,19,14,51,68,18,12,50,67,18,13,52,78,27.38263355,31.49002137,59,83,25,14,61,90,24,11,58,85,24,11,33,PRC
Shenzhen,2020,19,5,189,251,20,10,189,253,19,12,195,262,19,9,189,259,19,9,79,104,16,8,83,108,15,8,83,108,15,7,79,105,15,7,50,64,20,7,49,62,19,15,52,67,19,12,51,68,19,12,60,83,26.75858333,14.40230556,58,82,26,17,61,88,24,11,59,87,24,11,33,PRC
Shenzhen,2020,20,5,174,257,20,11,182,251,20,14,191,259,19,10,190,261,19,9,80,112,16,5,81,109,15,8,82,108,15,7,81,107,15,7,43,64,20,13,46,61,20,18,50,65,19,12,50,68,19,11,51,81,25.72479847,19.89152505,55,82,26,20,59,86,25,13,59,87,24,12,32,PRC
Shenzhen,2020,21,5,188,257,20,8,180,250,20,12,190,256,19,10,190,262,19,9,85,107,15,7,80,107,15,8,83,107,15,7,82,107,15,6,46,60,19,5,45,60,19,10,50,64,19,12,50,67,19,10,57,90,28.00516569,10.53281676,55,83,27,19,58,84,25,13,59,88,25,11,35,PRC
Shenzhen,2020,22,5,199,279,21,7,188,261,20,9,190,258,20,10,192,263,19,9,86,114,15,5,83,109,16,6,83,108,15,7,83,108,15,6,50,67,20,4,47,64,20,8,49,64,19,11,50,66,19,10,63,98,28.08029101,11.02832451,58,88,27,14,58,86,26,14,60,89,25,12,35,PRC
Shenzhen,2020,23,6,201,276,21,9,191,267,20,9,190,260,20,11,194,264,20,9,83,109,16,14,84,111,16,8,83,109,15,8,83,109,15,7,53,67,21,5,48,65,20,7,48,63,20,11,50,66,19,10,65,100,27.69758547,5.697192308,59,92,27,12,58,87,27,14,60,90,25,11,36,PRC
Shenzhen,2020,24,6,180,264,21,8,192,269,21,8,187,260,20,11,192,262,20,9,79,107,17,9,83,109,16,9,82,109,16,8,83,108,16,7,39,56,20,7,47,63,20,5,46,62,20,12,49,64,19,10,62,101,26.73603943,7.645026882,62,97,28,9,59,90,27,15,60,90,26,11,38,PRC
Shenzhen,2020,25,6,215,300,20,7,199,280,21,8,189,265,20,10,193,264,20,9,87,121,15,5,84,113,16,8,82,110,16,8,83,109,16,7,54,68,19,7,49,65,20,6,47,62,20,8,50,64,19,10,74,111,26.91539039,7.814684685,66,103,27,8,61,93,27,14,60,90,26,12,37,PRC
Shenzhen,2020,26,6,200,278,21,5,199,280,21,7,193,270,21,8,193,265,20,9,83,111,16,5,83,112,16,8,83,111,16,7,83,109,16,7,51,65,20,5,49,64,20,6,48,64,20,7,49,64,20,9,66,102,27.77029882,4.992382155,67,104,27,7,62,96,27,10,61,92,26,12,37,PRC
Shenzhen,2020,27,7,203,271,21,12,200,278,21,8,195,273,21,8,193,266,20,10,85,110,16,11,84,112,16,7,84,111,16,8,83,110,16,8,53,65,21,17,49,64,20,9,49,64,20,8,49,63,20,11,65,96,27.95300855,10.79764103,67,103,27,8,63,97,27,10,61,92,27,12,35,PRC
Shenzhen,2020,28,7,212,288,21,8,208,284,21,8,200,277,21,8,194,268,20,10,90,119,17,8,86,115,16,7,85,112,16,8,84,111,16,8,52,66,19,6,53,66,20,9,50,64,20,7,48,63,20,11,70,103,27.64220238,9.818178571,69,103,28,8,65,100,28,9,62,94,27,12,36,PRC
Shenzhen,2020,29,7,205,274,21,5,205,278,21,8,202,279,21,8,195,269,21,9,86,114,16,4,86,114,16,7,85,113,16,8,83,111,16,8,58,70,21,5,54,67,20,9,51,66,20,7,49,64,20,8,61,90,27.09414845,7.20708561,66,98,28,8,66,100,27,8,62,94,27,12,33,PRC
Shenzhen,2020,30,7,213,281,22,6,208,279,21,8,204,279,21,8,198,273,21,8,89,116,18,5,88,115,17,7,85,113,16,8,84,112,16,7,57,72,21,3,55,68,20,8,52,66,20,7,51,65,20,7,67,93,28.06469735,9.055514096,66,96,28,9,66,100,27,8,63,96,27,10,33,PRC
Shenzhen,2020,31,7,213,291,22,5,211,284,21,6,205,281,21,7,200,276,21,8,92,124,16,5,89,118,17,5,86,115,16,6,85,114,16,7,53,69,22,7,55,69,21,5,52,66,20,7,51,66,20,7,68,98,31.44369281,3.930841503,67,96,29,8,67,99,28,8,64,97,28,9,34,PRC
Shenzhen,2020,32,8,209,280,21,6,210,282,22,5,209,283,21,7,203,278,21,7,92,121,16,7,90,119,16,5,88,117,16,6,86,114,16,7,52,67,22,3,55,70,22,5,54,68,21,7,52,66,20,6,65,92,27.70602137,5.448175214,65,93,29,6,67,98,28,7,65,98,28,8,33,PRC
Shenzhen,2020,33,8,214,286,22,9,212,285,22,6,209,281,21,7,205,281,21,7,92,121,18,11,91,121,17,7,89,117,16,7,87,116,16,7,56,75,21,4,55,71,21,4,54,69,21,6,52,67,21,6,66,90,30.29106481,10.17031987,67,93,29,7,66,96,28,8,66,98,28,8,31,PRC
Shenzhen,2020,34,8,231,299,24,17,217,289,23,9,213,284,22,9,208,282,21,8,99,128,19,14,94,124,17,9,91,119,17,8,88,117,17,8,60,72,25,17,55,71,23,8,55,70,21,8,53,68,21,7,72,99,30.83599537,22.23371528,68,95,30,10,67,95,29,10,67,98,28,9,33,PRC
Shenzhen,2020,35,8,206,300,24,9,215,291,23,10,213,287,22,8,208,284,22,8,88,133,19,6,93,126,18,9,91,122,17,7,89,119,17,7,50,66,22,6,55,70,23,8,55,70,22,6,53,68,21,7,68,101,31.05832516,16.26843954,68,96,30,14,67,96,29,11,67,98,29,10,34,PRC
Shenzhen,2020,36,9,209,284,23,6,215,292,23,10,213,287,22,8,211,286,22,8,91,127,17,6,93,127,18,9,91,123,17,7,90,120,17,7,55,65,23,6,55,70,23,8,55,70,22,6,54,68,21,7,63,92,30.8861552,6.661455026,67,96,31,14,66,94,30,10,67,97,29,10,32,PRC
Shenzhen,2020,37,9,206,273,23,7,213,289,23,10,213,287,23,8,210,284,22,8,86,116,17,7,91,126,18,8,91,123,17,8,89,120,17,7,55,70,22,4,55,68,23,8,55,70,22,6,54,69,22,7,65,87,32.2949188,8.61215812,67,95,31,13,67,94,30,10,66,95,29,10,32,PRC
Shenzhen,2020,38,9,229,301,24,9,213,290,23,8,215,289,23,8,213,286,22,8,103,131,19,9,92,127,18,7,93,125,18,8,91,122,17,8,54,68,24,8,54,67,23,6,54,69,23,7,55,69,22,7,72,102,32.0048534,10.19334877,67,96,32,10,67,95,31,10,67,95,30,10,34,PRC
Shenzhen,2020,39,9,233,312,26,11,219,293,24,8,217,292,23,9,215,289,23,8,97,132,19,10,94,127,18,8,94,126,18,9,92,124,17,8,62,79,27,10,57,71,24,7,56,70,23,7,55,70,22,7,74,101,35.47245495,13.07165165,69,96,33,10,68,96,31,12,68,96,30,10,32,PRC
Shenzhen,2020,40,9,206,299,24,11,219,296,24,10,217,294,24,10,215,290,23,8,84,127,18,8,93,127,18,8,93,127,18,9,92,124,18,8,56,76,22,9,57,73,24,8,56,71,23,8,56,71,23,7,66,96,31.51676347,17.56248737,69,97,33,12,68,96,32,13,67,95,31,11,32,PRC
Shenzhen,2020,41,10,187,269,21,9,214,295,24,10,213,292,24,10,213,290,23,9,72,107,16,8,89,124,18,9,90,125,18,8,90,124,18,8,57,78,21,11,57,75,23,10,56,72,23,9,56,71,23,7,58,84,28.47239943,8.59065613,68,96,32,12,67,95,32,13,67,95,31,11,31,PRC
Shenzhen,2020,42,10,187,242,22,11,203,281,23,11,208,285,23,9,211,286,23,9,81,104,18,13,84,118,18,10,88,122,18,8,90,123,18,9,44,59,21,7,55,73,23,9,54,70,23,8,55,70,23,8,62,79,29.22640681,13.34178315,65,90,31,13,66,93,31,12,67,93,31,11,33,PRC
Shenzhen,2020,43,10,199,265,23,10,195,269,23,10,207,281,23,9,210,284,23,10,91,119,18,12,82,114,18,10,88,120,18,9,90,122,18,9,52,69,21,10,52,71,21,9,54,71,23,8,54,70,23,8,56,77,31.31479663,5.505749008,61,84,30,11,65,90,31,10,66,92,31,11,29,PRC
Shenzhen,2020,44,10,224,291,22,6,199,267,22,9,209,282,23,9,211,285,23,10,90,118,17,7,84,112,17,10,88,119,18,9,90,122,18,9,61,82,21,3,54,72,21,8,55,73,22,8,55,72,23,8,73,91,29.34903729,5.841183409,62,83,30,8,66,90,31,10,66,92,31,12,31,PRC
Shenzhen,2020,45,11,208,275,20,5,205,268,22,8,209,282,23,9,210,284,23,9,90,119,16,6,88,115,17,10,89,120,18,9,89,122,18,9,55,66,20,4,53,69,21,6,55,72,22,8,55,71,22,8,63,90,27.62194444,3.849717813,64,84,29,7,66,90,31,10,66,92,31,11,33,PRC
Shenzhen,2020,46,11,218,283,20,4,212,279,21,6,208,280,22,8,209,283,23,8,92,124,17,4,91,120,17,7,87,119,17,9,89,121,18,8,57,71,20,4,56,72,21,5,56,73,22,7,55,71,22,7,69,88,25.38772947,4.499037842,65,87,28,5,65,88,30,9,66,91,30,9,31,PRC
Shenzhen,2020,47,11,227,285,22,4,219,284,21,5,207,276,22,8,211,282,23,8,93,118,17,5,91,120,17,6,87,117,17,8,89,120,17,8,62,78,21,4,59,74,21,4,56,72,21,7,56,72,22,7,72,89,27.92904321,4.566458333,69,90,28,5,65,87,29,8,66,90,30,9,31,PRC
Shenzhen,2020,48,11,207,284,22,6,215,282,21,5,207,274,22,7,211,282,23,8,96,130,18,8,93,123,17,6,88,117,17,8,90,120,17,8,51,70,21,5,56,71,21,4,55,72,21,6,56,72,22,7,60,84,30.23992593,3.695023148,66,88,28,4,64,85,29,6,66,89,30,8,30,PRC
Shenzhen,2020,49,12,200,275,21,5,213,282,21,5,209,275,22,6,210,282,22,8,86,120,18,8,92,123,18,6,90,119,17,8,90,121,18,8,57,75,20,3,57,74,21,4,55,71,21,5,56,73,22,7,57,80,27.48909357,4.527295322,65,85,28,4,64,85,29,6,65,88,30,8,29,PRC
Shenzhen,2020,50,12,226,280,21,6,215,281,22,6,214,280,22,6,210,280,22,7,104,128,18,7,95,124,18,7,93,122,17,7,90,121,18,8,64,77,22,7,59,75,21,5,57,74,21,5,57,73,22,6,58,75,27.18313218,4.049918582,62,82,28,4,64,84,28,5,64,86,29,7,27,PRC
Shenzhen,2020,51,12,217,275,22,5,213,279,22,6,216,281,22,5,209,277,22,7,100,125,18,6,97,126,18,7,94,123,17,6,90,120,17,8,55,71,24,6,57,73,22,5,58,74,21,5,56,73,21,6,62,79,27.93022401,3.001662186,59,80,28,4,64,85,28,4,63,84,29,7,29,PRC
Shenzhen,2020,52,12,225,295,22,7,217,281,22,6,216,282,21,5,210,277,22,7,105,140,18,7,99,128,18,7,96,126,17,6,92,121,17,8,59,74,23,6,59,74,22,6,58,73,21,5,56,73,21,6,61,81,26.74349727,6.386088342,60,79,27,4,63,83,28,4,63,83,28,6,27,PRC
Shenzhen,2020,53,12,90,165,21,5,190,254,22,6,201,268,22,5,202,268,22,6,35,70,16,7,86,116,17,7,89,119,17,7,89,118,17,8,23,38,20,2,50,65,22,5,54,69,21,5,53,69,21,5,32,57,27.44908854,3.79328125,53,73,27,4,59,79,28,4,60,81,28,5,35,PRC
Shenzhen,2021,1,1,221,288,22,6,188,256,22,6,202,268,22,6,205,272,22,6,95,128,18,7,84,116,17,7,89,120,18,7,90,120,17,7,60,71,21,6,49,64,22,5,54,69,22,5,55,70,21,5,66,89,27.84340488,5.078122896,55,77,27,5,59,79,28,4,61,82,28,5,31,PRC
Shenzhen,2021,2,1,224,283,23,6,190,258,22,6,201,268,22,6,207,273,22,6,109,139,18,8,86,119,18,7,91,123,18,7,91,122,17,7,57,75,24,5,50,65,22,5,53,69,22,5,55,71,21,5,58,69,32.28079023,5.088218391,54,74,29,5,57,77,28,4,61,81,28,5,24,PRC
Shenzhen,2021,3,1,222,296,24,8,189,258,23,6,203,270,22,6,207,274,22,6,105,143,20,10,86,120,18,8,92,124,18,7,93,124,18,7,52,69,22,6,48,63,22,5,53,69,22,5,54,70,22,5,65,84,32.9625641,5.005555556,55,75,30,5,57,77,29,5,60,80,28,4,28,PRC
Shenzhen,2021,4,1,235,313,25,17,226,295,24,9,208,274,23,8,209,277,22,7,102,136,20,20,103,137,19,11,94,126,18,9,94,125,18,8,71,87,25,19,60,76,23,9,55,70,23,7,56,71,22,6,62,90,35.95970878,10.0393862,63,83,32,6,58,78,30,5,60,80,29,5,29,PRC
Shenzhen,2021,5,1,217,305,31,23,225,299,26,13,206,278,24,10,209,279,23,8,99,140,23,28,104,140,20,16,94,128,19,12,94,126,19,10,53,80,28,19,58,78,25,12,54,71,23,9,55,72,23,7,65,85,44.53743162,17.82519231,63,82,36,9,59,79,32,7,60,80,31,6,28,PRC
Shenzhen,2021,6,2,230,331,26,40,226,311,27,22,208,285,24,14,210,283,24,11,92,138,19,49,100,139,21,27,93,129,19,17,94,128,19,14,73,95,27,35,62,83,25,20,56,74,24,12,56,74,23,10,65,98,35.86614957,34.07454274,64,89,37,17,59,82,33,11,59,81,31,9,30,PRC
Shenzhen,2021,7,2,168,294,22,19,213,311,26,25,201,284,24,15,206,283,23,12,62,112,16,23,89,132,19,30,87,126,19,19,91,127,18,15,47,86,20,16,61,87,25,22,55,75,23,14,56,75,23,11,59,96,29.35816855,17.47314972,63,92,36,20,59,84,33,12,59,82,31,10,33,PRC
Shenzhen,2021,8,2,183,231,21,5,200,290,25,22,213,293,24,15,205,280,23,12,76,93,15,5,82,121,18,26,93,129,19,19,90,124,18,15,52,61,19,3,56,81,23,18,58,78,23,14,56,74,23,11,55,77,29.43390909,6.448626263,61,89,35,19,62,86,34,13,59,82,31,10,33,PRC
Shenzhen,2021,9,2,197,257,21,7,195,278,22,18,210,289,24,16,202,278,23,12,96,123,16,9,82,117,17,21,93,128,18,19,90,124,18,15,48,60,21,4,55,76,22,15,57,77,23,13,54,72,23,11,53,74,29.00014151,7.027646751,58,86,31,16,60,84,34,13,59,82,32,10,29,PRC
Shenzhen,2021,10,3,227,290,21,6,194,268,21,9,210,290,24,16,203,279,23,12,108,140,16,8,86,117,16,11,93,128,18,19,90,125,18,15,56,66,21,3,51,68,20,6,57,76,23,13,54,72,22,10,63,84,29.17015873,4.940961199,58,83,29,9,61,86,33,13,59,82,32,10,29,PRC
Shenzhen,2021,11,3,220,291,20,6,207,267,21,6,210,289,23,15,203,279,23,12,104,143,16,8,96,125,16,7,92,128,18,19,90,125,18,15,59,68,21,4,54,64,20,3,57,75,23,13,54,71,22,10,57,80,25.42000975,4.724147173,57,79,28,6,60,86,32,13,58,82,32,10,27,PRC
Shenzhen,2021,12,3,225,295,21,8,217,283,21,7,208,287,23,14,214,290,23,13,104,138,18,10,103,136,17,9,93,128,17,17,96,131,18,15,58,74,20,7,55,67,21,4,56,74,22,11,57,74,22,11,63,83,25.834903,3.589470899,59,80,27,5,60,85,31,12,61,84,31,10,28,PRC
Shenzhen,2021,13,3,199,272,21,8,218,287,21,7,206,283,21,12,212,288,23,13,95,133,17,8,103,139,17,9,92,128,17,15,96,132,18,15,52,70,21,6,56,70,21,5,56,73,21,10,57,74,22,11,52,69,27.60800748,7.564989316,59,79,27,5,58,83,29,11,60,82,31,10,25,PRC
Shenzhen,2021,14,3,225,285,21,15,217,286,21,9,206,277,21,9,212,288,23,13,106,136,18,22,102,138,17,12,94,127,16,12,96,131,18,17,61,73,22,13,58,71,21,8,54,70,21,7,57,74,22,11,58,76,24.6875,5.514166667,58,77,26,5,58,80,28,7,60,83,31,10,27,PRC
Shenzhen,2021,15,4,212,290,20,14,215,286,21,11,211,276,21,8,212,288,22,14,100,144,17,18,101,138,17,14,99,131,17,11,95,131,18,17,60,77,21,14,58,74,21,10,56,69,21,7,58,75,22,12,52,69,25.1209562,5.853440171,56,74,26,6,57,77,27,6,59,82,30,10,24,PRC
Shenzhen,2021,16,4,222,291,21,8,215,285,21,11,216,284,21,9,210,286,22,13,107,145,18,10,102,140,18,14,103,138,17,12,96,132,18,16,57,71,19,7,58,73,21,10,56,70,21,7,56,73,22,11,58,75,28.20537356,3.964386973,55,72,26,6,57,76,27,5,58,81,30,10,26,PRC
Shenzhen,2021,17,4,253,317,23,8,228,296,21,11,223,291,21,9,213,287,21,12,112,141,18,7,106,142,18,14,105,140,17,11,97,132,17,15,73,86,21,6,63,77,21,10,60,73,21,8,58,74,21,10,68,90,31.91225899,11.97489379,59,78,27,7,59,78,27,6,59,81,28,9,28,PRC
Shenzhen,2021,18,4,212,304,25,9,225,301,22,9,221,293,21,9,212,285,21,9,89,129,17,6,102,140,18,10,102,139,17,11,97,131,17,11,59,81,31,7,62,79,23,9,60,75,22,8,57,73,21,8,64,94,31.22684896,12.9491276,61,82,29,9,59,80,28,7,59,81,28,8,31,PRC
Shenzhen,2021,19,5,219,287,22,11,227,300,23,9,221,293,22,10,216,284,21,9,110,137,17,8,105,138,18,8,103,138,17,11,101,134,17,10,52,65,26,17,60,76,24,9,59,75,23,10,57,71,22,8,57,85,30.29885478,11.82123294,62,86,30,10,59,80,28,8,58,80,28,7,30,PRC
Shenzhen,2021,20,5,218,299,30,31,226,302,25,15,220,293,23,13,219,290,22,11,101,142,20,27,103,137,18,12,103,138,18,13,103,138,17,12,60,83,26,31,61,79,26,15,59,76,23,13,58,73,23,10,57,74,51.84036062,38.77267544,62,86,36,19,58,79,31,12,59,79,30,10,25,PRC
Shenzhen,2021,21,5,177,278,29,61,207,292,27,28,217,294,24,20,217,292,23,15,95,140,22,36,99,137,19,19,103,139,18,17,103,139,18,14,46,75,26,50,54,76,27,26,59,76,24,18,58,74,23,14,36,63,53.18975309,141.3246914,54,79,42,51,56,78,35,29,57,79,32,21,23,PRC
Shenzhen,2021,22,5,137,251,27,49,188,279,27,38,206,290,25,24,210,288,23,19,76,128,22,33,96,137,20,26,99,138,19,18,100,138,18,16,37,64,29,50,49,72,27,37,56,75,25,23,56,74,24,18,24,59,38.83922454,101.1534259,44,70,44,73,52,76,36,41,54,76,33,29,24,PRC
Shenzhen,2021,23,6,164,262,30,39,174,273,29,45,200,286,26,27,205,286,24,22,82,124,22,28,89,134,22,31,97,136,20,19,98,136,19,18,48,72,32,46,48,74,28,44,54,75,26,27,55,74,25,21,34,66,43.95404412,54.70691176,38,66,47,84,50,76,39,47,52,75,34,33,25,PRC
Shenzhen,2021,24,6,144,247,29,30,156,260,29,45,191,281,27,30,199,282,25,24,79,123,23,30,83,129,22,32,93,133,20,22,96,135,19,19,38,65,26,25,42,69,28,43,52,74,27,29,54,74,25,23,27,59,48.71691358,37.31003086,30,62,46,84,46,74,41,51,49,73,36,36,24,PRC
Shenzhen,2021,25,6,172,275,30,31,154,259,29,37,180,275,28,33,196,282,26,26,87,140,25,37,81,129,23,32,90,133,21,26,95,136,20,22,45,65,33,27,42,67,30,37,48,71,29,32,53,73,26,24,40,70,38.886375,24.18638889,31,64,43,54,42,71,42,53,48,73,37,37,25,PRC
Shenzhen,2021,26,6,160,270,30,23,160,264,30,31,174,271,28,34,191,281,26,26,77,137,23,35,81,131,23,32,88,134,22,29,93,136,20,23,41,65,29,19,43,67,30,29,46,69,28,33,51,72,27,25,42,68,41.54956349,5.491150794,36,66,43,30,40,68,43,52,47,73,39,37,25,PRC
Shenzhen,2021,27,6,174,286,27,16,163,270,29,25,168,271,29,35,188,281,27,26,81,145,23,18,81,136,23,30,85,135,23,30,91,136,21,23,48,69,25,15,43,66,28,22,45,70,28,33,50,72,27,25,45,72,36.26879012,14.59165432,39,67,41,20,38,66,44,52,46,73,40,38,25,PRC
Shenzhen,2021,28,7,205,296,26,19,178,282,28,22,167,271,28,34,186,281,27,27,95,141,20,21,85,141,23,28,84,135,23,30,90,136,21,24,56,78,27,19,48,69,28,20,45,69,28,31,50,72,28,26,54,77,34.40191358,15.43042181,45,72,38,15,38,67,42,49,46,73,40,39,26,PRC
Shenzhen,2021,29,7,174,263,30,37,178,279,28,24,166,269,28,31,180,277,28,30,75,112,24,31,82,134,23,26,82,131,23,29,87,133,22,26,48,75,31,32,48,72,28,21,45,69,29,29,48,71,28,28,51,76,37.87329521,50.5476634,48,73,38,22,40,68,40,38,44,72,41,42,29,PRC
Shenzhen,2021,30,7,179,264,29,28,183,277,28,25,172,270,29,28,177,273,28,31,92,121,24,17,86,130,23,22,84,130,23,27,88,133,22,27,41,63,31,26,48,71,28,23,46,69,29,26,47,70,28,30,46,80,38.83739734,51.48862923,49,76,37,33,42,71,40,32,43,71,41,46,30,PRC
Shenzhen,2021,31,7,190,277,28,28,187,275,28,28,175,272,28,27,175,272,29,33,95,136,21,25,89,128,22,23,85,132,23,27,86,132,22,28,46,63,29,23,48,70,29,25,45,68,29,23,46,70,29,30,49,78,38.67277778,39.97382086,50,78,37,39,44,73,39,30,42,70,42,48,28,PRC
Shenzhen,2021,32,8,199,293,34,36,186,274,30,32,182,278,29,27,173,272,29,33,90,131,23,28,88,125,23,25,87,133,23,26,85,132,23,28,53,74,37,30,47,69,32,28,47,69,30,24,46,69,29,30,56,88,47.78593254,54.05825893,51,81,41,49,48,76,39,32,42,71,42,49,30,PRC
Shenzhen,2021,33,8,199,315,29,38,192,287,30,32,185,283,29,28,175,275,29,31,93,141,21,25,93,132,22,24,87,133,22,25,85,132,23,27,60,86,29,34,50,72,31,28,49,72,30,25,47,70,30,29,46,88,43.35527778,68.15388889,49,84,42,53,49,78,40,37,43,73,41,43,28,PRC
Shenzhen,2021,34,8,158,276,25,21,187,290,29,31,185,284,28,28,177,277,29,29,74,125,22,13,88,133,22,23,87,132,22,22,85,131,23,26,51,82,25,21,53,76,30,27,50,74,29,25,48,71,29,26,33,69,29.78461279,36.58558923,46,81,40,50,48,79,38,41,44,74,40,38,25,PRC
Shenzhen,2021,35,8,244,305,28,30,200,297,29,31,194,286,28,29,183,281,29,28,102,125,23,20,90,131,22,22,90,129,22,22,87,131,23,25,71,90,26,30,59,83,29,29,53,76,29,27,50,73,29,25,71,90,36.52321596,43.37932707,52,84,39,51,51,81,38,45,47,76,39,37,30,PRC
Shenzhen,2021,36,9,180,285,30,28,195,295,28,29,190,285,29,31,186,284,29,28,88,127,24,22,89,130,22,20,89,127,23,23,87,132,23,24,46,77,29,24,57,84,27,27,52,76,29,27,51,74,29,25,46,81,44.26858092,43.30128019,49,82,38,48,50,81,40,48,48,78,39,37,28,PRC
Shenzhen,2021,37,9,170,265,31,18,188,283,28,24,190,285,29,28,186,283,29,27,82,127,24,12,87,126,23,17,90,129,23,20,87,131,23,22,46,69,33,16,54,80,28,23,52,76,30,25,51,74,29,24,42,69,44.0407672,33.75779101,48,77,39,39,49,80,40,46,48,78,39,38,26,PRC
Shenzhen,2021,38,9,194,277,29,19,197,283,29,24,192,287,29,27,189,284,29,26,94,136,23,18,92,129,23,18,90,131,23,20,88,131,23,21,58,71,29,20,55,77,29,23,54,77,29,25,52,75,29,24,42,70,41.14989418,20.84517196,50,78,41,35,48,79,41,43,48,78,39,39,25,PRC
Shenzhen,2021,39,9,190,273,29,15,184,275,30,20,192,286,29,26,190,282,29,26,88,128,23,14,88,130,23,16,89,130,23,19,89,129,23,20,48,69,28,16,50,72,30,19,54,77,29,24,52,75,29,24,54,76,40.07201646,15.36470165,46,74,42,28,49,79,41,39,49,79,40,39,28,PRC
Shenzhen,2021,40,10,178,255,33,30,183,268,30,21,189,281,29,25,188,279,29,27,76,107,28,36,85,125,24,20,87,127,23,20,87,126,23,22,61,80,33,31,53,72,31,21,55,78,29,24,52,75,30,25,41,68,41.37184282,18.48587398,45,71,42,22,47,76,40,35,48,78,40,40,27,PRC
Shenzhen,2021,41,10,181,275,32,52,186,270,31,29,187,276,30,27,189,280,30,29,69,113,25,50,82,121,25,30,84,124,24,23,87,126,23,23,57,84,32,59,56,76,31,32,55,78,29,27,53,76,30,28,55,78,39.62262626,47.69858586,48,73,41,26,48,75,40,32,48,78,40,39,28,PRC
Shenzhen,2021,42,10,181,326,30,38,183,282,31,34,190,283,30,29,189,285,30,29,78,138,26,33,78,122,26,33,85,125,25,26,86,128,24,25,58,103,29,31,56,84,30,34,56,80,30,28,55,79,30,28,45,85,39.25418519,53.97483951,49,77,40,34,50,77,41,35,48,78,40,40,26,PRC
Shenzhen,2021,43,10,145,272,27,30,171,282,30,38,177,279,30,29,185,285,30,30,74,130,25,31,74,122,26,38,81,126,25,27,84,127,24,25,43,75,28,24,55,86,30,36,52,79,30,28,54,80,30,28,28,67,30.08090278,37.73161706,42,75,38,39,44,74,40,34,47,77,40,39,25,PRC
Shenzhen,2021,44,10,136,204,24,25,161,269,28,36,172,268,29,28,180,277,29,29,55,91,23,28,69,118,25,35,77,121,25,28,81,124,24,25,39,57,25,22,49,80,28,34,51,76,29,28,53,79,29,27,42,56,25.51185847,23.43780423,43,72,34,41,44,71,38,31,45,75,38,37,27,PRC
Shenzhen,2021,45,11,151,214,25,22,153,254,26,29,170,262,29,29,176,269,29,27,85,117,24,24,73,119,25,29,77,120,25,29,80,122,24,25,38,51,21,21,45,72,26,25,50,74,28,28,51,76,28,26,28,46,30.45554563,15.09222222,36,64,31,33,42,68,36,29,44,71,37,32,21,PRC
Shenzhen,2021,46,11,148,214,25,25,145,226,25,26,164,254,28,30,175,264,29,28,87,128,25,24,75,117,24,27,77,119,25,30,82,122,24,26,31,47,27,32,38,58,25,25,47,71,28,30,50,73,28,27,30,39,25.45613889,20.86899074,32,52,28,24,40,64,34,29,44,69,36,31,18,PRC
Shenzhen,2021,47,11,146,211,24,21,145,211,24,23,158,246,27,30,167,256,28,27,65,102,22,23,73,110,24,25,74,116,25,31,78,120,24,26,51,67,26,21,40,56,25,24,47,71,28,30,48,71,28,27,30,42,21.59355556,16.07398148,33,46,26,19,37,60,32,29,40,65,35,29,20,PRC
Shenzhen,2021,48,11,138,200,24,17,146,210,24,21,153,240,26,29,163,249,28,26,72,102,23,21,77,112,24,23,73,115,24,29,77,118,24,26,36,59,24,14,39,56,25,22,44,68,26,28,47,69,28,26,30,39,27.43098148,12.28373148,30,42,26,16,36,57,30,28,39,61,34,26,20,PRC
Shenzhen,2021,49,12,151,194,25,14,146,205,24,19,150,229,25,24,162,243,27,26,77,104,24,18,75,109,24,21,74,114,24,25,77,116,24,27,44,53,23,10,41,57,25,19,43,64,25,22,47,68,27,25,30,37,29.11837037,10.53816667,30,39,26,15,33,51,29,24,38,59,33,24,19,PRC
Shenzhen,2021,50,12,138,187,22,9,143,198,24,15,144,212,24,20,157,235,27,25,73,99,22,14,72,102,23,19,74,109,24,23,75,113,24,26,30,44,20,4,40,56,23,12,39,57,24,19,45,66,26,24,35,44,21.50355556,3.487634921,31,41,25,11,32,46,26,17,37,56,31,23,24,PRC
Shenzhen,2021,51,12,136,181,24,14,141,191,24,14,143,201,24,18,152,228,26,25,71,101,24,21,73,102,23,18,73,106,23,22,74,111,24,27,42,49,23,7,38,51,22,9,39,53,24,17,44,64,26,23,23,31,24.48933575,3.079637681,30,38,26,7,31,42,26,13,35,53,30,22,17,PRC
Shenzhen,2021,52,12,69,122,20,9,124,171,22,12,135,190,23,16,143,217,25,23,31,67,19,11,63,93,22,16,70,103,23,20,70,108,24,25,22,34,19,8,35,45,21,7,37,51,23,15,41,60,25,21,16,21,23.21322917,5.807222222,26,33,25,6,28,37,25,11,33,49,28,21,17,PRC
Shenzhen,2021,53,12,136,136,21,6,120,157,22,9,133,181,23,14,140,205,24,19,62,62,18,6,59,82,21,13,67,96,22,17,69,103,23,21,34,34,20,2,32,40,20,5,36,48,23,12,39,56,24,17,40,40,27.61627083,8.204743056,29,34,24,5,29,37,25,10,31,46,27,18,29,PRC
Shenzhen,2022,1,1,142,194,23,10,121,158,22,9,132,178,23,12,136,194,24,17,74,108,24,13,60,85,21,13,66,93,22,16,69,101,23,20,40,53,21,8,35,43,20,6,37,49,22,9,38,52,23,15,28,33,21.63662698,2.987549603,27,31,24,5,29,36,25,8,30,41,26,13,17,PRC
Shenzhen,2022,2,1,176,214,21,14,131,167,21,9,136,179,22,12,139,189,23,15,103,125,21,18,68,91,20,12,70,96,22,15,71,101,22,18,38,50,22,8,34,43,20,6,36,47,21,8,37,50,22,13,35,39,22.37714286,6.191936508,30,33,24,6,30,36,25,7,31,39,25,11,18,PRC
Shenzhen,2022,3,1,170,223,23,22,156,192,22,13,140,181,22,12,142,191,23,15,90,125,23,29,82,105,21,17,73,99,22,16,74,103,22,19,51,61,24,17,41,50,22,9,38,47,21,8,38,50,22,13,29,37,23.58794061,7.720584291,33,37,24,6,30,35,24,6,30,37,25,9,17,PRC
Shenzhen,2022,4,1,161,218,25,23,162,212,23,17,141,184,22,13,143,191,23,15,82,118,26,34,87,119,23,24,73,101,22,18,74,103,23,19,36,48,23,16,41,53,22,12,37,47,21,9,38,50,23,12,43,52,26.42789406,8.932739018,34,40,24,6,31,37,24,6,31,38,25,9,24,PRC
Shenzhen,2022,5,1,151,198,21,13,165,213,23,18,143,186,22,14,143,190,23,14,75,107,19,14,88,119,22,24,74,102,22,18,73,102,22,19,46,53,22,17,43,53,23,14,39,48,22,10,39,50,22,11,30,38,21.09056481,6.298268519,34,42,23,7,31,36,24,6,31,38,24,8,19,PRC
Shenzhen,2022,6,2,139,178,18,5,155,204,22,16,143,185,22,13,142,187,22,13,68,87,16,5,79,109,21,20,73,100,21,16,73,100,22,17,43,55,19,4,44,54,22,13,39,49,21,10,39,49,22,10,28,36,22.20425595,7.110813492,33,41,23,8,31,37,24,7,31,37,24,7,20,PRC
Shenzhen,2022,7,2,147,181,20,6,150,194,21,12,153,193,22,12,143,186,22,12,85,102,19,7,78,104,20,15,80,104,21,16,74,100,21,16,35,47,23,8,40,51,22,11,40,50,22,10,38,48,21,9,27,32,20.26625514,3.743436214,32,40,22,7,33,38,23,6,30,37,24,6,18,PRC
Shenzhen,2022,8,2,152,191,21,6,147,187,20,8,155,200,22,12,143,185,22,11,80,103,21,6,77,100,19,8,82,109,21,16,75,100,21,15,37,47,19,5,40,51,21,9,41,52,22,10,38,48,21,9,35,41,22.31086508,6.594920635,30,37,21,6,32,39,22,6,31,37,23,6,21,PRC
Shenzhen,2022,9,2,193,240,24,18,158,198,21,9,161,205,22,13,148,190,22,12,94,121,22,25,82,103,19,11,85,111,21,17,76,102,21,16,44,53,24,12,40,51,21,7,41,52,22,11,39,49,22,9,55,66,25.61909091,11.54876768,36,44,23,7,35,43,23,7,32,39,23,7,28,PRC
Shenzhen,2022,10,3,193,270,27,17,171,221,23,12,163,212,22,14,152,197,22,12,95,142,24,21,89,117,22,15,84,113,21,18,78,106,21,16,48,59,29,15,41,52,24,10,43,53,23,12,40,50,22,10,50,69,30.79785,10.20452222,42,52,25,8,37,46,24,8,35,42,24,7,26,PRC
Shenzhen,2022,11,3,170,239,35,53,177,235,27,23,163,214,24,18,161,207,23,16,81,122,31,71,88,122,25,31,83,113,22,23,82,110,22,21,45,55,33,43,44,54,26,19,42,52,24,15,41,51,23,13,44,62,43.41010732,27.62231061,46,60,31,14,39,50,27,10,37,45,26,9,26,PRC
Shenzhen,2022,12,3,154,256,28,53,178,251,28,35,162,219,24,21,162,217,24,20,63,116,28,70,83,125,26,47,80,113,22,27,83,115,23,26,40,68,28,48,44,59,29,30,42,55,25,19,42,54,24,17,51,72,29.32117102,35.85224946,50,67,32,21,40,52,27,14,38,48,26,11,28,PRC
Shenzhen,2022,13,3,163,261,27,32,170,257,29,39,164,227,25,24,164,222,24,22,60,111,25,42,75,123,27,51,78,113,23,31,81,115,23,29,52,74,24,33,46,64,29,35,43,57,25,21,43,56,24,19,51,76,33.50491285,20.2128976,49,70,34,23,43,57,28,15,40,52,27,13,29,PRC
Shenzhen,2022,14,3,198,285,27,20,171,260,29,39,171,240,26,26,166,228,25,22,87,124,22,22,73,118,27,52,81,118,24,33,80,115,23,29,63,87,28,22,50,71,28,36,46,61,26,23,45,59,25,20,48,74,32.31389468,11.29634838,49,71,35,24,45,62,30,16,41,55,28,13,26,PRC
Shenzhen,2022,15,4,155,240,24,10,168,261,26,29,172,248,27,26,165,230,25,21,75,121,21,9,71,118,24,36,79,120,24,34,79,115,23,27,40,61,23,13,49,73,26,29,46,63,26,24,44,59,25,20,40,58,28.72051389,7.800618056,48,70,31,19,47,65,31,16,42,56,28,13,24,PRC
Shenzhen,2022,16,4,195,229,26,14,178,254,26,19,178,253,27,27,168,231,25,21,98,119,24,17,80,119,23,23,82,122,25,35,80,115,23,26,50,54,24,13,51,69,25,20,48,64,27,25,45,59,25,19,47,56,33.24262411,9.992801418,47,66,32,12,48,67,32,17,42,57,29,13,24,PRC
Shenzhen,2022,17,4,201,275,27,27,187,257,26,18,179,257,28,28,172,237,25,22,90,132,25,33,88,124,23,20,81,123,25,36,81,117,23,27,54,68,27,32,52,68,26,20,49,66,27,27,46,61,25,21,57,75,31.21911793,12.77721735,48,66,31,10,49,68,33,17,44,60,29,14,27,PRC
Shenzhen,2022,18,4,196,288,26,31,187,258,26,21,179,259,28,30,176,246,26,24,88,138,25,43,88,128,23,26,80,123,25,39,83,121,24,31,53,76,24,22,49,65,25,20,50,68,26,28,47,62,26,22,55,74,30.19309091,21.44164646,50,66,31,13,49,68,33,18,47,63,30,15,26,PRC
Shenzhen,2022,19,5,193,278,27,55,196,268,27,32,182,264,27,30,180,254,27,28,88,131,24,77,91,130,24,42,81,124,24,39,83,123,24,36,60,81,30,45,54,70,26,28,52,71,26,28,49,65,26,25,45,66,30.8466358,27.50161728,51,68,31,18,49,69,31,18,48,66,31,17,24,PRC
Shenzhen,2022,20,5,188,300,27,34,195,285,27,37,186,270,26,28,183,263,27,30,81,147,23,47,87,137,24,50,83,128,24,36,83,127,24,40,47,79,25,29,54,76,27,32,52,73,26,26,50,68,27,27,60,74,32.37476852,19.04132407,54,72,31,20,50,69,32,16,50,69,32,18,25,PRC
Shenzhen,2022,21,5,194,285,26,25,193,288,26,36,190,273,26,27,183,267,27,31,83,129,25,37,85,136,24,51,86,130,23,36,82,128,25,41,65,82,23,16,56,80,26,28,54,74,26,24,51,70,27,28,46,74,30.85849034,14.63073671,52,72,31,21,50,69,31,16,50,69,32,18,26,PRC
Shenzhen,2022,22,5,183,258,25,14,190,280,26,32,188,269,26,26,183,266,27,31,72,115,22,17,81,131,23,45,84,129,23,35,81,125,24,41,49,66,25,16,55,77,26,27,52,71,25,23,52,71,26,28,62,77,28.75958781,9.150793011,53,73,31,18,52,69,31,15,51,70,32,18,30,PRC
Shenzhen,2022,23,6,202,257,24,13,192,275,25,21,194,271,26,27,185,268,26,27,87,113,22,19,81,126,23,30,86,128,24,36,81,125,24,36,66,80,22,9,57,77,24,18,56,73,25,23,53,73,25,25,49,64,28.50121315,6.085243764,54,72,30,12,53,70,31,15,51,70,31,16,25,PRC
Shenzhen,2022,24,6,198,262,24,10,194,266,25,16,194,275,26,26,189,268,26,24,92,128,22,13,84,121,23,22,85,129,23,36,83,126,23,31,53,66,24,7,58,74,24,12,56,75,25,22,54,73,25,21,53,68,27.16948637,8.705906709,53,71,29,10,53,72,30,15,51,70,31,14,26,PRC
Shenzhen,2022,25,6,212,260,23,8,199,259,24,11,196,274,25,24,193,268,25,22,95,121,21,12,87,119,22,15,86,128,23,33,86,127,23,29,60,70,22,5,57,71,23,9,57,75,24,19,55,73,25,19,57,69,28.0980848,6.186062378,55,70,28,8,53,71,30,14,52,69,30,13,27,PRC
Shenzhen,2022,26,6,177,230,23,20,197,252,23,13,193,266,25,22,191,264,25,22,79,109,22,19,88,118,22,16,85,124,23,30,86,125,23,29,45,56,21,17,56,68,22,10,56,73,24,18,54,70,24,19,53,65,25.86142558,22.34801363,53,67,27,11,53,70,29,14,52,68,30,14,28,PRC
Shenzhen,2022,27,6,208,302,22,16,199,264,23,14,195,269,24,18,196,269,25,22,89,138,22,17,89,124,22,15,85,125,22,23,87,127,23,29,58,75,22,14,54,67,22,11,55,72,23,14,55,71,24,19,61,89,23.55764117,17.21490437,56,73,26,14,55,73,28,13,54,71,29,15,29,PRC
Shenzhen,2022,28,7,224,295,25,14,205,272,23,14,200,269,24,15,198,274,25,22,100,134,21,11,91,126,22,15,87,123,22,18,87,128,23,29,58,72,29,13,55,68,23,12,57,71,24,12,56,73,25,19,66,89,28.11601852,19.20155724,59,78,26,16,56,74,28,13,55,74,29,15,30,PRC
Shenzhen,2022,29,7,219,288,23,13,207,279,23,16,203,269,24,13,200,275,25,21,105,133,22,12,93,129,22,15,90,124,22,15,88,128,22,27,55,74,22,13,54,69,23,14,56,70,23,12,56,73,24,17,59,81,27.68653955,12.58342279,60,81,26,18,58,75,27,13,56,74,29,15,28,PRC
Shenzhen,2022,30,7,211,295,25,17,216,295,24,15,206,274,24,14,201,276,24,20,91,134,23,21,96,135,22,15,92,126,22,15,89,128,22,25,57,73,22,15,57,74,24,14,57,71,23,12,56,73,24,17,63,88,29.41593034,11.9231261,62,87,27,15,58,77,27,13,56,75,28,15,30,PRC
Shenzhen,2022,31,7,200,269,25,18,214,287,25,15,206,275,24,14,201,275,24,17,95,124,24,20,98,131,22,16,93,128,22,16,89,127,22,20,54,73,22,17,56,73,24,14,55,70,23,13,56,72,23,14,51,72,31.00418845,15.60650327,60,83,29,15,58,78,28,14,57,76,28,14,27,PRC
Shenzhen,2022,32,8,210,273,25,31,210,281,25,20,208,277,24,17,203,273,24,17,101,128,23,38,98,130,23,23,94,128,22,19,91,126,22,20,56,71,22,23,56,73,22,17,55,71,23,15,56,72,23,14,53,74,32.03133124,26.4097956,57,79,30,17,58,78,28,16,56,76,28,14,27,PRC
Shenzhen,2022,33,8,182,281,26,28,201,280,25,23,204,279,24,19,202,273,24,17,85,137,25,42,93,131,24,30,93,130,23,22,91,126,22,20,46,68,24,18,53,71,22,18,54,70,23,16,55,70,23,14,51,76,29.16431917,12.82742375,55,78,30,17,57,79,28,17,57,76,28,14,27,PRC
Shenzhen,2022,34,8,225,283,23,26,204,277,25,26,210,286,24,20,206,275,24,18,103,136,22,37,96,131,23,34,96,133,23,25,94,128,22,22,62,72,23,20,55,71,22,19,56,72,23,17,56,71,23,14,60,75,26.26461574,12.39849074,54,74,30,17,58,81,28,16,56,76,28,14,27,PRC
Shenzhen,2022,35,8,199,311,23,24,204,287,24,27,209,287,24,21,205,279,24,19,91,154,23,32,95,139,23,37,96,135,23,27,94,131,22,23,58,83,20,22,56,74,22,21,56,73,23,17,55,71,23,15,50,74,26.97873889,14.64163889,54,75,29,17,57,79,29,16,56,77,28,15,24,PRC
Shenzhen,2022,36,8,185,263,21,7,198,285,23,21,204,283,24,20,204,279,24,18,94,137,20,10,93,141,22,30,96,135,23,27,94,132,22,23,50,70,21,4,54,73,22,16,55,73,22,16,55,71,22,15,41,56,25.14819106,5.141090786,51,70,27,11,54,75,28,14,55,76,28,15,21,PRC
Shenzhen,2022,37,9,197,256,22,6,202,278,22,16,201,279,24,20,203,279,24,18,101,132,19,7,97,140,21,22,95,135,22,26,95,133,22,22,47,60,20,2,54,71,21,12,54,71,22,15,54,71,22,15,49,64,28.82704082,5.304722222,50,67,27,9,52,72,29,13,55,75,28,15,25,PRC
Shenzhen,2022,38,9,223,274,21,6,201,276,22,11,203,276,23,18,207,283,24,17,99,133,18,8,96,139,20,14,96,135,22,24,96,135,22,21,60,65,20,6,54,70,21,8,54,70,21,14,55,71,22,14,64,76,27.2353125,3.592473958,51,68,27,7,52,71,28,12,56,76,28,13,28,PRC
Shenzhen,2022,39,9,223,290,21,7,207,271,21,7,206,279,23,17,208,282,23,16,95,132,20,10,97,134,19,9,96,136,21,23,97,135,22,21,67,78,19,6,56,68,20,5,56,71,21,13,56,72,22,13,61,80,25.31695355,4.234134791,54,69,27,5,54,72,28,11,56,75,28,12,28,PRC
Shenzhen,2022,40,9,181,239,16,3,206,265,20,6,202,275,22,13,205,277,23,15,93,128,16,3,97,131,18,7,95,136,20,19,96,134,21,20,41,54,16,3,54,64,19,4,54,69,20,10,54,70,21,12,47,57,18.12079787,3.116093381,55,69,25,4,53,70,26,8,54,73,27,11,24,PRC
Shenzhen,2022,41,10,164,206,19,13,198,252,20,7,200,265,21,12,200,270,22,15,81,103,19,16,92,124,18,9,95,132,20,16,94,132,21,20,43,52,19,11,53,62,19,7,54,67,20,9,53,68,21,12,40,51,19.78303472,6.127048611,53,66,23,4,52,67,25,7,53,70,27,10,25,PRC
Shenzhen,2022,42,10,194,243,23,13,191,245,20,9,196,260,21,10,199,266,22,15,92,124,22,16,90,122,19,11,93,130,20,13,94,131,21,20,50,61,22,10,50,61,19,8,52,65,20,8,53,67,21,12,52,58,28.50814637,8.855924145,50,62,23,6,51,65,25,6,52,68,27,10,24,PRC
Shenzhen,2022,43,10,218,292,22,10,189,245,20,9,198,258,21,8,200,268,22,14,98,137,19,9,91,123,19,11,94,128,19,10,94,132,20,19,56,70,23,14,48,59,20,10,52,64,20,7,53,67,21,12,64,85,27.4337066,6.477304688,51,63,23,6,52,66,25,5,53,69,26,9,29,PRC
Shenzhen,2022,44,10,221,273,24,23,199,254,22,15,203,259,21,10,201,268,22,14,99,123,20,31,93,122,20,18,95,127,19,13,94,131,20,18,56,71,21,18,51,64,21,13,53,64,20,9,53,67,21,11,66,79,30.95866582,17.55268098,56,68,27,10,55,69,26,7,54,69,26,8,29,PRC
Shenzhen,2022,45,11,224,337,24,23,214,286,23,17,206,269,21,12,205,272,22,13,97,152,21,28,97,134,21,21,94,129,19,15,95,133,20,17,65,86,22,25,57,72,22,17,55,67,20,12,55,69,21,12,62,99,29.35197133,12.19153674,61,80,29,11,57,73,26,8,55,71,26,8,29,PRC
Shenzhen,2022,46,11,219,312,22,9,221,304,23,16,206,274,22,13,204,275,22,12,103,143,19,11,99,139,20,20,95,130,20,16,95,133,20,15,57,87,20,8,59,79,22,16,54,70,20,12,54,70,20,11,59,82,28.0202919,4.70584275,63,86,29,10,56,74,26,8,55,72,26,8,26,PRC
Shenzhen,2022,47,11,218,285,22,12,221,302,23,17,205,273,22,13,206,273,22,11,101,129,20,11,100,137,20,20,96,130,20,16,96,131,19,14,59,75,21,12,59,80,21,16,53,70,20,13,54,69,20,10,58,81,29.21392241,12.02378831,61,85,29,12,56,74,26,9,55,72,26,7,28,PRC
Shenzhen,2022,48,11,219,288,23,6,220,306,23,12,210,280,22,13,208,275,22,11,104,133,19,5,101,139,20,14,97,131,20,16,97,131,19,13,53,74,21,5,59,81,21,12,55,72,21,13,55,69,20,10,62,81,30.44910842,8.261783154,60,86,29,9,58,77,28,10,57,74,27,8,28,PRC
Shenzhen,2022,49,11,228,296,21,6,221,295,22,8,218,291,23,13,211,278,22,11,114,141,18,5,106,137,19,8,101,135,20,15,98,132,19,13,47,62,22,8,54,75,21,8,55,73,21,12,55,70,20,10,67,93,24.85574212,6.999291045,62,84,28,8,61,82,29,10,59,77,27,8,31,PRC
Shenzhen,2022,50,12,203,268,22,9,217,284,22,8,219,294,22,12,209,277,22,11,96,131,18,9,104,134,18,8,102,136,19,14,98,131,19,13,54,64,21,5,53,69,21,7,56,74,21,12,54,70,21,10,53,73,31.23129979,12.11774109,60,82,29,10,61,84,29,10,58,77,27,9,27,PRC
Shenzhen,2022,51,12,205,271,26,12,214,281,23,8,217,291,23,12,208,276,22,11,114,143,22,16,107,137,19,9,104,137,20,15,99,132,19,13,40,54,25,6,49,64,22,6,54,72,22,11,52,68,21,10,51,74,37.44076797,8.391165577,58,80,31,9,60,83,30,10,57,76,28,9,27,PRC
Shenzhen,2022,52,12,237,313,21,11,218,287,23,9,219,296,23,11,213,282,23,12,120,162,20,15,111,144,19,11,106,142,20,13,102,135,20,14,66,79,22,10,52,65,22,7,55,73,22,10,54,70,21,11,51,72,23.39860566,3.653366013,56,78,29,8,58,82,29,9,57,77,28,9,23,PRC
Singapore,2019,1,1,383,492,46,17,,,,,,,,,,,,,182,230,74,29,,,,,,,,,,,,,121,167,20,7,,,,,,,,,,,,,80,95,21.99224653,2.01096875,,,,,,,,,,,,,19,Singapore
Singapore,2019,2,1,291,394,20,8,,,,,,,,,,,,,129,185,19,14,,,,,,,,,,,,,90,122,19,5,,,,,,,,,,,,,72,87,22.65312886,1.411122685,,,,,,,,,,,,,22,Singapore
Singapore,2019,3,1,304,398,20,12,,,,,,,,,,,,,130,185,21,9,,,,,,,,,,,,,103,131,19,22,,,,,,,,,,,,,71,82,21.74362285,2.446967919,,,,,,,,,,,,,21,Singapore
Singapore,2019,4,1,281,378,20,5,315,416,27,10,,,,,,,,,126,174,20,6,142,194,33,15,,,,,,,,,95,131,19,6,102,138,19,10,,,,,,,,,60,73,21.4782963,2.184069444,71,84,22,2,,,,,,,,,19,Singapore
Singapore,2019,5,1,280,379,21,14,289,387,20,10,,,,,,,,,134,186,20,25,130,183,20,14,,,,,,,,,78,114,20,6,92,125,19,10,,,,,,,,,68,79,23.38602533,1.435874183,68,80,22,2,,,,,,,,,21,Singapore
Singapore,2019,6,2,294,399,21,10,290,389,20,10,,,,,,,,,141,199,19,13,133,186,20,13,,,,,,,,,90,121,20,10,92,124,20,11,,,,,,,,,63,79,24.31222222,2.563492063,66,78,23,2,,,,,,,,,20,Singapore
Singapore,2019,7,2,301,415,24,21,289,393,21,12,,,,,,,,,126,196,20,15,132,189,20,15,,,,,,,,,95,128,22,37,90,124,20,15,,,,,,,,,80,91,32.51491667,10.35256597,68,81,25,4,,,,,,,,,22,Singapore
Singapore,2019,8,2,260,382,29,10,284,394,23,14,299,405,25,12,,,,,125,191,34,14,132,193,23,17,137,193,28,16,,,,,80,118,22,11,86,120,21,16,94,129,20,13,,,,,55,73,27.01926768,2.272535354,67,81,27,4,69,82,24,3,,,,,19,Singapore
Singapore,2019,9,2,281,385,22,9,284,395,24,13,287,391,22,11,,,,,133,198,20,10,131,196,23,13,131,189,22,13,,,,,83,108,22,13,87,119,21,18,89,122,20,14,,,,,65,79,25.99951709,3.189675214,66,81,27,5,67,80,25,3,,,,,21,Singapore
Singapore,2019,10,3,283,402,22,9,281,396,24,12,286,392,22,11,,,,,125,187,20,5,127,193,24,11,130,190,22,12,,,,,95,132,21,17,88,122,22,19,90,123,21,15,,,,,63,83,26.19094356,3.574016755,66,82,28,5,66,80,25,4,,,,,21,Singapore
Singapore,2019,11,3,294,406,21,6,280,394,23,9,284,393,22,10,,,,,138,194,20,9,130,193,24,9,131,191,22,12,,,,,92,133,22,5,88,123,22,11,89,123,21,13,,,,,64,79,23.50996528,1.261749132,62,79,26,3,65,80,26,3,,,,,19,Singapore
Singapore,2019,12,3,299,399,21,6,289,398,22,8,287,396,23,11,296,402,24,11,142,191,19,10,135,193,20,8,133,193,22,13,136,193,26,13,86,125,21,4,89,125,21,10,87,122,21,13,92,128,20,12,71,83,24.46909624,1.984773083,66,81,25,3,66,81,26,3,68,82,25,3,21,Singapore
Singapore,2019,13,3,297,402,22,7,293,402,22,7,289,399,23,10,289,395,22,10,131,190,21,10,134,191,20,8,133,193,22,11,132,190,21,12,91,125,21,4,91,129,21,8,89,124,21,13,90,124,21,12,75,87,24.44403333,3.605511111,68,83,25,3,67,82,26,4,67,81,25,3,22,Singapore
Singapore,2019,14,4,288,405,21,7,295,403,21,7,288,400,23,9,289,396,22,10,128,185,19,6,135,190,20,9,131,192,22,10,132,190,21,11,94,133,20,13,91,129,21,6,90,125,21,13,90,125,21,12,66,87,24.85294192,1.217470539,69,84,24,2,67,83,26,3,67,81,25,3,21,Singapore
Singapore,2019,15,4,287,390,21,7,293,399,21,7,286,396,22,8,287,395,22,9,120,170,20,11,130,184,20,9,130,188,22,9,131,188,21,11,97,132,21,6,92,129,21,7,90,126,21,9,90,125,21,11,70,88,23.98877381,2.503349206,71,86,24,2,66,82,25,2,67,82,25,3,23,Singapore
Singapore,2019,16,4,288,393,20,5,290,398,21,7,290,398,21,7,288,396,22,9,131,179,19,7,128,181,20,9,131,187,20,8,131,189,21,11,91,131,19,6,93,130,20,7,91,127,21,8,89,125,21,11,66,83,22.57654461,2.256872896,69,86,24,2,68,84,25,2,67,83,25,3,21,Singapore
Singapore,2019,17,4,286,388,20,7,287,394,21,7,290,398,21,7,288,397,22,9,124,179,19,9,126,178,19,8,130,184,20,8,130,188,21,10,94,127,20,8,94,131,20,8,93,130,21,8,91,126,21,11,68,82,23.55471405,2.148937908,68,85,24,2,68,84,24,2,67,83,25,3,21,Singapore
Singapore,2019,18,5,286,381,21,6,287,388,21,6,291,396,21,6,288,396,22,8,122,175,19,8,124,176,19,9,130,183,20,9,129,186,21,9,103,136,20,4,96,132,20,6,94,130,21,6,92,127,21,11,61,70,25.00769126,3.439180328,66,81,24,3,68,82,24,2,67,82,25,3,18,Singapore
Singapore,2019,19,5,291,387,21,8,288,387,21,7,290,393,21,7,287,393,22,7,124,173,19,12,125,177,19,9,128,180,20,9,129,184,21,9,91,125,21,6,95,130,20,6,93,129,20,6,91,127,21,8,76,89,25.3867617,4.313143275,68,81,24,3,69,84,24,3,67,82,25,3,23,Singapore
Singapore,2019,20,5,289,395,22,5,288,388,21,6,289,393,21,6,289,394,21,7,121,179,21,7,123,177,19,9,125,179,20,9,128,183,20,9,98,131,21,4,97,130,21,6,95,130,21,6,93,128,21,7,70,85,24.30369048,1.692261905,69,82,25,3,69,84,24,3,68,83,25,3,22,Singapore
Singapore,2019,21,5,297,400,21,9,291,391,21,7,289,392,21,7,290,396,21,7,136,185,20,14,126,178,20,10,126,178,19,9,129,182,20,9,100,137,20,7,98,132,21,5,96,132,20,7,94,131,21,7,61,78,24.7677459,2.211161202,67,81,25,3,67,83,24,2,68,83,24,3,20,Singapore
Singapore,2019,22,5,294,393,21,15,293,394,21,9,290,391,21,8,291,395,21,7,129,179,19,26,128,179,20,15,126,177,19,12,129,182,20,11,94,131,21,9,96,131,21,7,96,131,20,6,94,131,21,6,71,83,25.33853286,1.994233177,70,84,25,3,68,82,24,3,68,83,24,2,21,Singapore
Singapore,2019,23,6,286,397,21,9,292,396,21,9,290,392,21,8,291,394,21,8,120,180,20,13,127,181,20,15,126,179,19,12,127,180,20,11,101,136,21,8,98,134,21,7,97,132,20,7,95,131,21,7,65,81,24.65387179,1.345688034,67,82,25,2,67,81,24,2,68,83,24,2,20,Singapore
Singapore,2019,24,6,273,388,21,5,288,395,21,10,288,391,21,8,289,393,21,8,118,174,20,7,126,180,20,15,124,178,19,12,125,179,20,11,85,131,19,5,95,134,20,7,96,132,20,6,95,131,20,7,70,83,23.94148016,1.668325397,67,81,25,2,68,81,25,2,68,83,24,2,21,Singapore
Singapore,2019,25,6,276,380,21,6,282,390,21,9,287,390,21,8,287,391,21,7,118,175,19,8,121,177,19,14,124,178,19,12,124,178,19,11,98,133,21,6,95,133,20,7,96,133,21,6,96,132,20,7,60,72,23.90739352,2.408560185,67,80,24,2,67,80,25,2,67,82,24,2,19,Singapore
Singapore,2019,26,6,299,399,21,5,284,391,21,6,288,392,21,8,288,391,21,7,125,175,21,5,120,176,20,8,124,178,20,12,124,177,20,11,97,135,21,6,95,134,20,6,96,132,21,6,96,132,20,6,77,89,22.92296898,2.146226551,68,81,24,2,69,83,24,2,68,82,24,2,22,Singapore
Singapore,2019,27,7,288,391,22,10,284,390,21,6,288,393,21,8,288,391,21,8,125,181,20,14,122,176,20,9,124,179,20,12,124,178,20,11,98,132,21,10,95,133,21,7,96,133,21,7,96,132,20,7,65,78,24.48397863,2.50541453,68,81,24,2,67,81,24,2,68,81,24,2,20,Singapore
Singapore,2019,28,7,288,384,21,6,288,389,21,7,288,392,21,8,288,390,21,8,120,166,20,6,122,174,20,8,124,177,20,12,124,177,20,11,100,136,21,10,98,134,21,8,97,134,21,8,97,133,21,7,68,82,24.19216912,1.363566176,68,80,24,2,67,81,24,2,68,81,24,2,21,Singapore
Singapore,2019,29,7,290,390,22,7,291,391,21,7,287,390,21,8,288,390,21,8,116,165,20,9,122,172,20,9,121,174,20,11,123,176,20,11,104,138,21,9,100,135,21,9,97,134,21,8,97,133,21,7,70,87,24.36621032,2.421503968,70,84,24,2,68,82,24,2,68,81,24,2,22,Singapore
Singapore,2019,30,7,294,386,22,6,290,388,22,7,287,389,21,7,289,391,21,8,127,172,20,7,122,171,20,9,121,174,20,9,123,175,20,11,103,137,21,7,101,136,21,9,98,135,21,8,97,134,21,7,64,77,25.90003906,1.66031684,67,81,25,2,67,81,24,2,68,82,25,2,20,Singapore
Singapore,2019,31,7,277,368,23,6,287,382,22,6,286,386,21,6,288,389,21,7,119,164,21,6,121,167,20,7,121,172,20,8,123,175,20,10,99,134,23,8,102,136,21,8,98,135,21,8,98,134,21,7,59,70,25.41752354,1.475376648,65,79,25,2,67,80,24,2,67,80,25,2,19,Singapore
Singapore,2019,32,8,298,393,22,5,290,384,22,6,289,386,22,6,288,389,21,7,115,165,21,7,119,167,21,7,121,170,20,8,122,173,20,10,106,138,22,6,103,137,22,7,101,135,21,8,99,135,21,8,77,90,25.10265873,1.508708514,68,81,25,2,68,81,25,2,67,81,25,2,23,Singapore
Singapore,2019,33,8,270,376,21,5,285,381,22,5,288,386,22,6,286,387,21,7,121,173,19,6,121,169,20,6,121,170,20,8,121,172,20,10,88,127,20,5,99,134,22,6,99,135,21,7,98,134,21,7,61,76,24.79803279,1.560382514,65,78,25,2,68,81,25,2,67,81,25,2,20,Singapore
Singapore,2019,34,8,282,367,21,6,282,376,22,5,286,382,22,6,285,385,21,6,114,160,20,8,117,166,20,7,120,168,20,8,120,171,20,8,102,132,20,5,99,133,21,6,100,134,21,7,98,134,21,7,66,75,25.227117,1.97229798,66,78,25,2,66,79,25,2,67,80,25,2,20,Singapore
Singapore,2019,35,8,295,385,21,6,286,380,21,5,287,381,22,6,286,384,21,6,123,169,19,8,118,167,20,7,119,167,20,7,120,170,20,8,102,136,21,5,100,133,21,5,101,135,21,7,99,134,21,7,70,80,24.44811111,4.43897619,69,80,25,2,67,80,25,2,67,80,25,2,21,Singapore
Singapore,2019,36,9,287,384,23,6,284,378,22,6,287,381,22,6,287,384,22,6,115,163,21,9,118,166,20,8,119,166,20,7,120,169,20,8,91,128,22,5,96,131,21,5,99,134,21,6,99,134,21,7,81,93,26.35346365,3.464804527,70,81,25,3,69,81,25,2,68,81,25,2,24,Singapore
Singapore,2019,37,9,286,379,22,8,288,379,22,6,286,380,22,6,288,384,22,6,129,174,20,10,120,167,20,9,120,168,20,7,121,169,20,8,98,130,22,8,98,132,22,6,99,133,22,6,99,134,21,7,59,75,26.54404426,5.191007533,69,81,26,4,67,80,25,3,68,81,25,2,20,Singapore
Singapore,2019,38,9,275,363,21,8,286,378,22,7,284,377,22,6,286,381,22,7,119,164,20,11,122,168,20,9,119,167,20,8,120,168,20,8,92,125,21,7,96,130,22,6,97,131,21,6,99,133,21,7,64,74,24.77860243,4.416927083,69,81,26,4,67,79,25,3,67,80,25,3,20,Singapore
Singapore,2019,39,9,279,368,22,8,282,374,22,8,284,377,22,7,285,379,22,6,114,164,20,11,119,166,20,10,119,167,20,9,119,167,20,8,99,126,22,9,95,127,22,7,97,130,21,6,99,132,21,7,66,78,24.63741162,2.292676768,68,80,26,4,68,80,25,3,67,80,25,3,21,Singapore
Singapore,2019,40,10,278,367,21,8,280,369,22,8,282,374,22,7,284,377,22,7,114,159,21,10,119,165,20,10,119,166,20,9,119,166,20,8,104,138,20,9,98,130,21,8,97,130,21,7,99,132,21,7,60,70,25.71225926,1.711319444,62,74,25,3,66,78,25,3,66,79,25,3,19,Singapore
Singapore,2019,41,10,296,384,21,7,282,371,22,8,285,375,22,7,285,377,22,7,133,174,19,8,120,165,20,10,120,166,20,9,120,167,20,8,97,132,22,9,98,130,21,9,98,131,21,7,98,132,21,7,66,78,25.16960438,2.294217172,64,75,25,3,67,78,25,3,66,78,25,3,20,Singapore
Singapore,2019,42,10,271,364,22,7,281,371,22,8,283,374,22,7,283,375,22,7,127,176,20,10,122,168,20,10,122,168,20,10,120,167,20,9,88,121,22,5,97,129,21,8,96,130,22,7,97,131,21,7,56,67,26.3487004,3.02639881,62,73,25,2,65,77,25,3,65,77,25,3,18,Singapore
Singapore,2019,43,10,263,353,22,7,277,367,22,7,279,370,22,7,282,374,22,7,114,167,19,8,122,169,20,9,121,168,20,10,120,167,20,9,90,117,22,8,95,127,22,8,95,127,22,8,96,129,21,7,59,69,28.74194915,1.484260829,60,71,26,2,64,76,26,3,65,77,26,3,20,Singapore
Singapore,2019,44,11,288,375,23,7,280,369,22,7,280,369,22,8,281,372,22,7,125,174,22,8,125,173,20,9,122,169,20,9,121,168,20,9,91,119,22,8,92,122,22,8,95,126,22,8,95,128,21,7,72,82,27.63217978,4.061010802,63,74,27,3,63,74,26,3,65,76,26,3,22,Singapore
Singapore,2019,45,11,285,383,24,9,277,369,23,7,279,370,22,8,282,373,22,7,127,178,22,10,123,174,21,9,122,170,20,9,121,169,20,9,87,118,25,12,89,119,23,8,94,125,22,8,95,127,22,8,71,87,28.05232394,3.800176056,65,76,28,3,64,76,26,3,66,77,26,3,23,Singapore
Singapore,2019,46,11,293,397,24,8,282,377,24,8,282,374,23,8,283,375,22,7,121,176,23,10,122,174,22,9,122,171,21,9,122,170,21,9,100,133,22,9,92,122,23,9,95,126,22,9,95,127,22,8,72,88,28.35191744,3.083591821,69,82,28,3,65,77,27,3,66,78,26,3,22,Singapore
Singapore,2019,47,11,273,379,23,8,285,384,24,8,281,375,23,8,281,375,23,8,117,165,20,10,123,173,22,10,122,171,21,9,121,170,21,10,89,128,24,10,92,125,23,10,93,126,22,9,94,126,22,8,67,86,26.72539386,3.002325871,71,86,28,3,65,78,27,3,66,79,27,3,23,Singapore
Singapore,2019,48,11,272,372,24,8,281,383,24,8,280,376,23,8,280,374,23,8,119,164,22,10,121,171,22,10,123,172,21,9,122,170,21,10,91,133,24,9,92,128,24,10,92,125,23,9,94,127,22,9,62,75,27.02415323,4.278319892,68,84,28,4,66,79,27,3,65,77,27,3,20,Singapore
Singapore,2019,49,12,273,363,22,6,278,378,23,8,277,373,23,8,279,372,23,8,120,160,20,8,119,166,21,9,121,170,21,9,121,168,21,9,92,128,21,8,93,131,23,9,91,125,23,9,93,127,22,9,61,75,27.26552823,1.891270492,66,81,27,3,65,79,28,3,65,77,27,3,21,Singapore
Singapore,2019,50,12,276,366,22,8,274,370,23,8,278,374,23,8,279,373,23,8,133,172,21,11,122,165,21,10,122,170,21,9,122,169,21,9,85,124,21,6,89,128,23,8,91,125,23,9,93,126,22,8,58,70,27.3819636,4.120344828,62,77,27,3,65,79,28,3,64,77,27,3,19,Singapore
Singapore,2019,51,12,258,356,22,5,270,364,23,7,277,374,23,7,277,372,23,7,112,167,21,6,121,166,21,9,122,170,21,9,122,169,21,9,83,111,21,5,88,124,22,7,90,124,23,8,91,125,22,8,63,78,26.28864198,2.019034392,61,75,27,3,66,80,27,3,64,77,27,3,22,Singapore
Singapore,2019,52,12,280,369,22,6,272,364,22,6,276,373,23,7,277,372,23,7,117,160,19,7,121,165,20,8,121,168,21,9,122,169,21,9,97,129,21,6,89,123,21,6,91,126,23,8,91,124,22,8,66,80,27.83414141,3.905046296,62,76,27,3,65,80,27,3,64,78,27,3,22,Singapore
Singapore,2020,1,1,276,276,62,18,273,342,32,9,275,360,28,8,276,363,26,8,123,123,110,29,121,156,43,13,120,161,32,11,121,165,28,11,81,81,22,13,87,111,22,7,90,121,22,8,90,120,22,8,72,72,25.12515046,3.255339506,65,75,27,3,65,78,27,3,65,77,27,3,26,Singapore
Singapore,2020,2,1,283,378,21,10,274,345,32,10,274,357,27,9,277,364,26,8,122,167,19,9,119,154,42,13,120,160,31,11,121,164,28,11,95,128,21,6,89,112,21,7,89,120,22,8,90,121,22,8,66,83,27.0496633,17.2655303,67,78,27,7,64,77,27,5,66,79,27,4,22,Singapore
Singapore,2020,3,1,283,371,23,11,281,349,32,11,275,356,27,9,278,365,26,9,121,166,22,18,121,154,42,16,121,160,32,12,121,164,28,11,95,125,20,7,92,116,21,8,90,120,22,7,91,121,22,8,67,80,27.85459784,5.779751244,68,79,27,8,64,77,27,5,66,80,27,5,22,Singapore
Singapore,2020,4,1,260,368,23,7,276,348,32,12,274,356,27,9,276,365,26,9,112,167,19,6,120,156,42,16,120,160,31,12,120,164,28,11,82,120,24,10,88,114,22,9,89,118,22,8,90,122,22,8,66,81,28.54531145,4.233127104,68,79,27,8,65,77,27,5,66,80,27,5,22,Singapore
Singapore,2020,5,1,280,380,25,10,277,374,23,10,275,358,28,9,276,365,26,9,122,169,23,15,119,167,21,12,120,161,32,13,120,163,28,12,90,125,23,8,91,125,22,8,89,118,22,8,90,122,22,8,68,86,28.25020833,4.052982026,67,83,28,8,66,79,27,6,66,80,27,5,23,Singapore
Singapore,2020,6,2,279,389,25,13,276,377,24,10,275,361,28,10,274,364,26,9,122,180,22,19,119,171,22,14,119,162,32,14,120,163,28,12,93,127,25,11,90,124,23,9,90,118,22,8,89,122,22,8,64,82,31.15858073,5.831640625,66,82,29,5,67,80,28,6,65,79,28,5,21,Singapore
Singapore,2020,7,2,259,372,22,14,270,377,24,11,275,363,28,11,273,363,26,10,124,185,20,17,120,175,21,14,120,165,32,15,121,165,28,13,82,116,22,17,87,122,24,12,89,119,22,10,89,121,22,9,53,71,27.13514151,1.158092243,63,80,29,4,65,79,28,6,64,78,28,5,19,Singapore
Singapore,2020,8,2,255,362,23,14,268,376,24,13,272,362,28,12,272,363,26,10,125,185,20,24,123,180,21,19,121,168,32,17,121,167,28,14,74,111,23,5,85,120,23,10,87,117,23,10,87,119,22,9,56,66,28.25173611,3.715411706,60,76,29,4,64,78,28,6,63,77,28,5,18,Singapore
Singapore,2020,9,2,273,372,23,20,267,374,23,15,272,374,23,12,272,363,26,11,122,179,20,38,123,182,20,24,121,175,21,18,121,168,28,17,84,115,23,9,83,117,23,11,87,121,23,9,87,118,22,9,67,78,26.15384328,1.654195688,60,74,28,3,63,78,28,5,64,77,28,5,21,Singapore
Singapore,2020,10,3,261,374,22,12,262,370,22,15,269,374,23,13,271,364,26,12,119,184,20,8,123,183,20,22,121,177,21,18,120,169,28,16,77,114,24,23,79,114,23,13,85,119,23,11,86,117,23,10,65,76,25.70184188,5.763991453,60,73,27,3,63,78,28,4,64,78,27,5,20,Singapore
Singapore,2020,11,3,271,381,24,10,265,372,23,14,267,375,23,13,272,366,26,12,120,181,22,13,122,182,20,21,121,179,21,17,121,171,28,17,85,120,24,11,80,115,23,12,83,119,24,12,86,118,23,11,66,80,27.5934596,3.672015993,64,75,27,4,63,78,28,4,65,78,28,5,21,Singapore
Singapore,2020,12,3,260,382,24,11,266,377,23,13,267,377,23,13,270,367,26,13,117,182,21,13,120,182,21,18,121,181,21,18,121,172,28,17,82,124,24,14,82,118,24,14,83,119,24,12,85,117,23,11,61,76,29.88127049,2.253998179,65,78,27,3,63,77,28,4,64,78,28,5,20,Singapore
Singapore,2020,13,3,275,403,23,18,267,385,23,13,267,379,23,14,270,378,23,13,119,184,20,29,119,183,21,16,121,183,21,20,120,177,21,17,90,132,23,14,84,123,24,16,83,120,24,13,86,121,23,11,66,87,27.00093855,2.62530303,65,80,28,4,62,77,28,3,64,79,28,5,22,Singapore
Singapore,2020,14,3,280,390,23,16,272,389,24,14,267,380,23,14,270,379,23,13,125,182,21,25,120,182,21,20,121,183,20,21,121,179,21,19,81,119,24,16,85,124,24,14,82,119,23,14,85,121,23,12,74,89,26.72070571,1.817593844,67,83,28,3,64,78,27,3,64,79,28,4,23,Singapore
Singapore,2020,15,4,263,389,23,13,270,391,23,14,267,382,23,14,268,380,23,13,107,178,21,13,117,182,21,20,119,182,21,20,120,180,21,18,88,124,22,20,85,125,23,16,83,120,23,14,84,121,24,13,68,87,25.88911765,4.743639706,67,85,27,3,65,80,27,3,65,80,28,3,22,Singapore
Singapore,2020,16,4,257,365,20,16,269,387,22,16,268,382,23,14,268,380,23,14,108,164,18,18,115,177,20,21,117,179,20,19,119,179,21,19,93,129,21,18,88,126,23,17,85,122,23,16,85,121,23,14,56,72,25.58947917,8.373189484,66,84,26,4,65,81,27,4,64,79,27,4,20,Singapore
Singapore,2020,17,4,247,361,20,10,262,376,22,14,264,381,22,13,265,378,23,14,97,155,18,13,109,170,19,17,114,176,20,16,117,178,20,19,90,136,20,11,88,127,22,16,86,125,23,16,85,122,23,14,60,70,24.08081481,3.261796296,65,80,26,5,65,80,27,4,63,78,27,4,19,Singapore
Singapore,2020,18,4,261,377,21,15,257,373,21,14,264,381,22,14,264,377,22,14,114,164,19,17,107,165,19,15,113,174,20,18,116,177,20,19,85,135,19,14,89,131,21,15,87,127,22,15,84,123,22,14,62,78,25.73662634,15.55326613,62,77,25,8,64,80,27,5,63,78,27,5,21,Singapore
Singapore,2020,19,5,249,380,20,17,254,371,20,14,262,381,22,14,263,378,22,14,118,184,17,19,109,167,18,17,113,174,19,18,116,177,20,19,71,121,19,24,85,130,20,17,85,128,22,16,83,123,22,15,60,75,24.96906481,1.596263889,60,74,25,7,63,79,26,5,63,78,26,5,20,Singapore
Singapore,2020,20,5,254,371,21,8,253,372,20,13,261,380,21,14,263,379,22,14,114,178,18,8,111,170,18,14,113,174,19,18,115,176,20,18,81,120,22,12,82,128,20,15,85,127,21,16,84,124,22,15,59,73,26.17347458,3.799397363,60,74,25,6,63,79,26,5,64,78,26,5,20,Singapore
Singapore,2020,21,5,251,372,21,16,254,375,21,14,258,376,21,14,261,379,22,13,110,170,18,25,114,174,18,17,112,172,19,17,114,176,19,17,79,126,21,12,79,126,20,16,84,126,21,16,84,125,22,16,62,76,27.12462366,4.588198925,61,76,26,6,63,78,26,5,63,78,26,5,20,Singapore
Singapore,2020,22,5,234,381,21,10,247,376,21,13,252,375,21,13,259,379,22,13,94,167,19,12,109,175,18,16,108,170,18,16,112,174,19,17,78,132,20,11,77,125,20,15,83,128,20,15,84,127,22,15,62,82,27.51278674,6.55155914,61,77,26,4,61,77,26,6,63,79,27,5,22,Singapore
Singapore,2020,23,6,265,383,21,11,251,377,21,11,252,374,21,13,258,380,22,13,117,175,18,20,109,173,18,16,109,170,18,17,112,174,19,18,85,131,21,5,81,127,21,10,83,129,20,13,84,127,21,14,63,77,24.83297619,1.523650794,62,77,26,4,61,75,26,6,63,79,26,5,20,Singapore
Singapore,2020,24,6,256,364,21,6,252,375,21,11,252,374,21,12,258,378,21,13,109,164,19,7,108,169,18,16,109,170,18,15,111,172,19,17,80,120,22,7,81,127,21,9,81,128,20,12,83,127,21,14,67,80,25.23000415,1.754013267,64,79,26,4,62,76,26,5,63,79,26,5,22,Singapore
Singapore,2020,25,6,258,367,21,5,253,374,21,8,254,374,21,11,256,375,21,12,109,170,17,6,107,169,18,11,111,172,18,14,110,171,18,15,83,119,22,6,82,126,21,7,80,126,21,12,83,126,21,13,66,78,26.59400253,2.053291246,65,79,26,3,63,77,26,5,63,78,26,5,21,Singapore
Singapore,2020,26,6,275,357,21,7,264,368,21,7,255,372,21,10,256,372,21,11,115,153,17,8,113,166,18,10,111,170,18,13,109,169,18,14,95,127,20,8,86,124,21,7,82,125,21,11,84,127,21,12,65,77,28.44842735,3.354209402,65,78,26,2,63,77,26,3,63,77,26,5,22,Singapore
Singapore,2020,27,7,247,338,21,7,259,357,21,6,255,367,21,9,255,368,21,11,104,145,19,9,109,158,18,8,109,165,18,12,109,166,18,14,81,119,20,7,85,121,21,7,83,124,21,9,83,126,21,11,62,74,26.44551075,2.364278674,65,77,27,2,63,77,27,3,62,76,26,5,22,Singapore
Singapore,2020,28,7,272,351,19,6,263,353,21,6,257,364,21,8,256,367,21,10,117,153,16,8,111,155,17,8,109,162,18,12,110,165,18,13,91,121,19,6,88,122,20,7,84,124,21,8,83,126,20,10,64,77,26.57833767,2.149973958,64,77,27,2,64,78,27,3,63,76,26,4,22,Singapore
Singapore,2020,29,7,273,358,21,5,267,351,21,6,260,362,21,7,258,367,21,9,114,152,17,6,113,151,17,8,110,160,18,10,111,165,18,12,95,127,20,5,91,124,20,7,86,125,21,7,84,125,20,10,64,79,27.18706163,3.117873264,64,77,27,3,64,78,27,3,63,77,26,4,22,Singapore
Singapore,2020,30,7,268,351,21,10,265,350,21,7,264,359,21,7,259,364,21,9,126,161,18,16,115,153,18,10,114,159,18,10,112,164,18,12,88,122,22,6,89,122,20,6,87,123,21,6,84,124,21,9,54,68,27.68014918,4.010349794,61,75,27,3,63,76,27,3,62,76,27,3,19,Singapore
Singapore,2020,31,7,275,363,22,9,272,356,21,7,266,356,21,7,261,363,21,8,118,163,18,10,119,157,17,10,114,158,18,9,112,163,18,11,86,118,21,10,90,122,21,7,87,122,21,7,85,124,21,8,71,82,26.91734742,3.774859155,63,77,27,3,64,77,27,3,63,77,27,3,23,Singapore
Singapore,2020,32,8,262,357,21,7,270,357,21,8,266,355,21,7,261,362,21,8,107,152,18,9,116,157,18,10,114,156,18,9,112,160,18,11,90,123,19,7,90,123,21,7,89,122,20,7,86,124,21,8,65,82,27.82542308,4.371192308,64,78,27,4,64,77,27,3,64,78,27,3,23,Singapore
Singapore,2020,33,8,277,364,20,8,271,359,21,8,269,355,21,7,264,361,21,8,125,172,18,14,119,162,18,12,116,156,18,10,113,161,18,11,93,119,20,3,89,121,20,6,90,122,20,7,87,123,21,7,59,73,25.88599812,2.279425612,62,76,27,4,63,77,27,3,64,77,27,3,20,Singapore
Singapore,2020,34,8,274,349,22,7,272,358,21,8,269,354,21,7,267,359,21,7,123,165,20,7,118,163,18,10,117,158,18,10,115,160,18,10,90,111,22,7,90,118,21,7,89,120,20,6,88,121,21,7,61,73,28.13297359,3.821857923,64,78,27,4,63,76,27,3,63,77,27,3,21,Singapore
Singapore,2020,35,8,283,370,24,8,274,360,22,7,273,358,21,7,268,357,21,7,117,165,26,10,118,164,20,10,118,160,19,10,115,160,19,9,93,118,21,11,92,118,21,7,91,120,21,7,89,120,21,7,73,87,25.64710426,2.643443683,65,79,27,3,64,78,27,3,64,78,27,3,24,Singapore
Singapore,2020,36,9,259,361,23,8,273,361,22,8,271,359,22,8,269,357,21,7,111,167,19,12,119,167,20,11,118,162,19,11,116,160,19,10,80,113,21,6,89,115,21,7,89,119,21,7,89,120,21,7,68,81,30.5839665,3.53190768,65,79,28,3,64,78,27,3,64,78,27,3,22,Singapore
Singapore,2020,37,9,283,374,23,15,275,364,23,9,273,361,22,9,271,358,21,8,120,170,19,17,118,167,21,12,118,164,19,12,116,160,19,11,101,126,24,15,91,117,22,10,90,119,21,8,90,120,21,8,62,78,28.74576613,9.812983871,66,80,28,5,64,78,28,4,64,78,28,4,21,Singapore
Singapore,2020,38,9,265,372,24,9,273,369,23,10,272,364,22,9,270,359,22,8,115,170,22,10,116,168,22,12,117,166,20,11,116,161,19,11,83,124,22,11,89,120,22,11,90,119,21,9,89,120,21,8,67,78,29.53337894,4.843034826,68,81,29,5,66,79,28,4,64,78,28,4,21,Singapore
Singapore,2020,39,9,266,370,24,9,268,369,23,10,271,365,23,9,271,362,22,8,113,171,21,11,115,170,20,12,116,167,20,11,117,163,19,11,90,122,23,10,89,121,23,10,90,120,22,9,90,120,21,8,63,77,27.93655203,3.4754806,65,79,29,5,65,79,28,4,64,78,28,4,21,Singapore
Singapore,2020,40,9,262,366,23,6,269,371,23,10,271,366,23,9,271,363,22,8,123,176,20,7,118,172,21,11,118,170,21,11,118,165,20,11,77,112,22,8,88,121,23,11,88,118,22,9,89,120,21,8,62,78,29.18297043,2.322522401,64,78,29,5,64,78,28,4,64,78,28,4,21,Singapore
Singapore,2020,41,10,268,362,26,11,265,368,24,9,270,366,24,9,270,363,23,9,102,156,21,13,113,168,21,10,116,168,21,11,117,166,20,11,92,122,26,12,86,120,23,10,88,119,23,10,89,119,22,9,74,84,32.82233108,5.945521772,67,79,30,4,66,80,29,5,65,78,28,4,23,Singapore
Singapore,2020,42,10,262,373,26,16,265,368,25,10,269,369,24,10,270,365,23,9,110,161,23,19,112,166,21,12,114,167,21,12,115,166,20,12,89,128,26,20,87,121,24,12,88,121,23,12,89,120,22,10,63,84,32.60686067,5.92617284,66,81,31,4,67,81,30,5,66,80,29,4,23,Singapore
Singapore,2020,43,10,251,370,28,19,261,368,26,13,265,369,25,12,268,366,24,10,104,166,24,19,110,165,22,15,112,167,21,13,114,166,21,12,82,121,28,28,85,121,25,17,87,121,24,14,88,120,23,11,65,83,34.00767949,8.35667094,66,82,32,6,66,80,31,6,65,80,29,5,22,Singapore
Singapore,2020,44,10,222,345,25,17,251,363,26,16,260,367,25,13,264,365,24,11,89,145,23,21,101,157,23,18,110,164,22,15,113,165,21,13,77,126,25,20,85,124,26,20,86,123,25,16,87,120,23,13,56,74,29.68922619,7.201537698,65,81,32,7,64,80,31,6,64,79,30,5,21,Singapore
Singapore,2020,45,11,278,349,28,17,253,359,27,17,259,363,26,13,264,363,25,12,113,148,24,20,104,155,23,20,109,162,22,15,112,163,22,14,96,122,28,19,86,124,27,22,86,122,25,16,88,120,24,14,69,79,36.68943639,7.619714171,63,80,33,7,65,80,32,6,65,80,30,5,23,Singapore
Singapore,2020,46,11,246,355,26,22,249,355,27,19,257,361,26,15,262,364,25,13,98,143,23,26,101,151,24,21,107,158,22,17,110,162,22,15,85,128,27,29,85,124,27,24,86,123,26,18,87,122,24,16,63,84,30.82089947,8.374828042,63,80,33,8,64,80,32,6,65,81,31,6,24,Singapore
Singapore,2020,47,11,240,361,29,14,247,353,27,18,254,360,27,15,259,363,26,14,95,160,27,16,99,149,24,21,104,157,23,18,108,161,22,16,78,121,28,17,84,124,27,21,85,123,26,19,86,122,25,16,67,80,35.36390547,8.75305141,64,79,33,8,65,81,33,7,65,80,31,6,22,Singapore
Singapore,2020,48,11,242,351,27,13,252,354,28,17,251,358,27,16,257,362,26,14,100,148,23,17,102,150,24,20,101,153,24,19,107,160,23,16,78,118,27,15,84,122,27,20,85,123,27,20,86,123,25,17,64,85,33.63999566,3.373927951,66,82,34,7,65,82,33,7,65,80,32,6,24,Singapore
Singapore,2020,49,12,227,310,27,7,239,344,27,14,246,352,27,16,252,357,26,13,90,131,24,6,96,146,24,16,100,150,24,18,104,156,23,15,73,95,24,10,79,116,26,18,82,120,27,20,83,120,25,17,64,84,32.76171441,3.788793403,65,83,33,6,64,82,33,7,65,81,32,6,27,Singapore
Singapore,2020,50,12,240,314,27,7,237,334,28,10,243,344,27,14,250,352,26,13,92,129,25,9,94,142,25,12,98,146,24,17,102,153,23,15,82,103,27,6,78,109,26,12,81,117,27,18,83,118,26,16,66,82,31.31994529,3.72043771,65,83,33,5,64,81,33,6,65,81,32,6,26,Singapore
Singapore,2020,51,12,243,305,28,6,238,320,27,8,242,336,27,13,248,347,27,13,100,130,26,8,96,135,25,10,97,142,24,15,101,149,24,15,82,101,27,6,79,104,26,9,81,114,27,15,83,116,26,16,61,74,33.24541894,4.10897541,64,81,33,4,64,80,33,6,65,81,33,6,24,Singapore
Singapore,2020,52,12,252,323,27,9,241,313,27,7,246,334,28,12,248,343,27,13,107,141,24,10,97,133,25,8,99,141,24,14,100,147,24,15,83,109,26,8,80,102,26,7,82,112,27,14,83,116,27,16,62,73,32.59758065,7.530896057,63,78,32,5,65,80,33,6,65,81,33,6,23,Singapore
Singapore,2020,53,12,114,201,22,4,212,286,26,6,226,315,27,10,235,330,27,13,41,84,19,6,85,121,23,8,90,133,24,12,95,141,24,15,37,66,21,2,71,95,25,5,75,105,26,12,79,112,26,15,36,51,25.11479938,2.054174383,56,70,31,4,60,77,32,5,61,78,32,6,25,Singapore
Singapore,2021,1,1,243,322,27,9,213,288,26,7,225,311,27,9,233,326,27,12,101,140,24,9,87,124,23,8,91,133,24,10,94,139,24,14,82,105,25,13,71,95,25,7,74,102,26,10,78,110,26,14,60,77,33.26994444,4.500796296,55,69,31,5,60,76,32,5,61,77,32,6,24,Singapore
Singapore,2021,2,1,239,311,28,13,212,289,26,9,225,305,26,8,232,321,27,11,90,121,24,18,85,122,23,11,90,128,24,10,93,135,24,14,85,108,26,15,72,97,25,10,75,101,25,9,78,109,26,13,64,82,33.73365017,3.457582465,56,71,31,4,60,76,32,4,61,77,32,5,26,Singapore
Singapore,2021,3,1,257,336,27,17,213,293,26,11,227,303,26,9,235,320,27,11,109,140,24,21,85,121,23,14,91,127,24,11,95,135,24,14,81,111,26,17,71,98,25,12,76,100,25,10,79,107,26,13,67,85,33.40766169,8.64108209,57,74,31,5,60,76,32,5,62,78,33,5,25,Singapore
Singapore,2021,4,1,238,342,26,15,244,328,27,14,228,307,26,10,232,319,27,11,98,147,23,17,100,137,24,16,92,129,24,12,93,135,24,14,80,114,27,19,82,110,26,16,77,102,26,11,77,107,26,13,60,81,30.83199537,8.608856481,63,81,33,6,60,76,32,5,61,78,32,6,24,Singapore
Singapore,2021,5,1,256,354,27,13,248,336,27,15,230,312,26,11,233,319,27,11,100,146,26,15,99,139,24,18,93,131,24,13,94,135,24,13,93,126,25,16,85,115,26,17,78,105,25,12,78,106,26,12,63,82,32.15746032,7.596424162,64,83,33,7,59,76,32,6,61,78,32,6,23,Singapore
Singapore,2021,6,2,247,341,27,12,250,343,27,14,231,316,26,12,233,318,27,10,116,158,25,17,106,148,24,17,95,135,24,14,95,135,24,13,72,106,27,12,82,114,26,16,77,106,25,13,77,105,26,12,59,77,30.97044727,3.424774011,62,81,32,7,59,76,32,6,61,78,32,5,23,Singapore
Singapore,2021,7,2,271,361,27,16,253,350,27,14,233,321,26,12,236,318,27,11,111,157,25,19,106,152,25,17,96,137,24,15,96,135,24,13,94,123,26,19,85,117,26,16,78,107,25,14,79,106,26,12,66,81,31.08309764,6.22844697,62,80,31,6,59,77,31,6,61,77,32,5,22,Singapore
Singapore,2021,8,2,253,371,27,21,257,357,27,16,251,342,27,15,238,323,27,12,99,157,23,24,107,155,25,19,103,146,24,17,97,138,24,14,92,136,26,24,88,123,26,18,85,116,26,17,80,109,26,13,62,78,32.47111559,9.640103047,63,80,32,7,63,80,32,7,61,77,32,6,21,Singapore
Singapore,2021,9,2,244,355,28,18,254,357,27,17,251,346,27,16,238,327,27,13,113,165,25,23,110,159,25,21,105,149,24,19,99,141,24,16,75,113,27,19,83,120,26,18,84,117,26,18,80,110,26,14,56,77,33.53424107,6.304389881,61,78,32,6,62,80,32,7,60,77,32,6,22,Singapore
Singapore,2021,10,3,237,351,28,15,251,360,27,17,250,351,27,16,238,331,27,14,95,153,25,20,105,158,25,22,105,153,25,20,98,142,24,17,76,113,28,18,84,121,27,20,83,118,26,18,79,111,26,15,66,85,32.031633,5.144654882,63,80,32,7,62,81,32,7,60,77,32,6,24,Singapore
Singapore,2021,11,3,244,345,27,9,245,356,27,16,249,353,27,15,237,333,27,14,97,144,27,13,101,155,25,20,104,153,25,19,98,143,24,17,87,121,23,8,83,121,26,17,84,119,26,17,80,112,25,15,60,80,31.56751389,5.194833333,61,80,32,7,62,80,32,7,60,78,32,6,23,Singapore
Singapore,2021,12,3,255,345,26,7,245,349,27,12,251,353,27,14,249,345,27,14,107,146,24,9,103,152,25,16,105,153,25,18,103,148,25,17,91,124,24,7,82,118,26,13,85,120,26,15,84,117,26,16,57,75,31.67499513,3.308903509,60,79,32,5,61,79,32,6,62,80,32,6,22,Singapore
Singapore,2021,13,3,236,333,28,8,243,344,27,10,248,350,27,13,248,345,27,14,100,145,26,8,100,147,25,13,105,153,25,17,103,148,25,17,77,113,27,10,83,118,26,11,83,119,26,15,84,117,26,15,59,75,33.00686441,4.458079096,61,79,32,5,61,79,32,5,62,80,32,6,23,Singapore
Singapore,2021,14,3,249,347,31,11,246,343,28,9,249,351,28,13,249,348,27,14,110,153,34,14,104,147,28,11,104,153,26,16,105,151,26,17,91,129,26,12,87,122,25,9,85,122,26,15,84,119,26,15,48,65,33.75564236,2.024178241,56,74,33,4,59,77,32,5,60,78,32,6,19,Singapore
Singapore,2021,15,4,239,342,28,12,245,342,28,9,245,349,28,13,247,349,27,13,101,159,26,19,105,151,28,12,103,153,26,16,104,153,26,17,75,102,25,11,84,117,26,10,83,119,26,14,84,118,26,15,63,81,32.42061728,3.257945326,57,74,33,3,59,77,33,5,60,78,32,5,24,Singapore
Singapore,2021,16,4,246,347,28,16,243,342,29,12,244,346,28,12,248,349,28,13,97,149,28,22,102,152,28,16,103,152,27,16,104,153,26,17,83,112,26,17,82,114,26,12,82,116,26,13,84,118,26,14,66,86,31.42881313,6.365164141,59,77,33,4,59,78,32,5,60,79,32,5,25,Singapore
Singapore,2021,17,4,232,346,29,15,242,346,29,13,242,345,28,12,246,349,28,13,89,147,26,20,99,152,29,19,100,150,27,16,103,153,26,17,86,121,29,15,84,116,27,14,83,117,26,12,83,118,26,14,57,78,35.28823099,6.260984405,59,78,33,4,60,78,33,5,60,78,32,5,23,Singapore
Singapore,2021,18,4,237,341,28,26,239,344,28,17,242,343,28,13,245,349,28,14,98,149,27,36,96,151,27,24,100,149,27,18,101,152,26,19,78,115,25,28,81,113,26,18,84,117,26,13,84,119,26,16,61,77,34.00545993,6.142067395,62,81,33,6,59,77,33,5,60,78,33,5,23,Singapore
Singapore,2021,19,5,224,355,30,31,235,347,29,22,240,345,29,16,241,348,28,16,85,140,28,39,92,146,27,29,98,149,27,21,99,151,27,21,77,130,29,34,81,120,27,24,82,118,27,17,82,119,26,17,62,85,33.24057796,15.07051523,62,82,33,8,59,78,33,6,60,79,33,6,24,Singapore
Singapore,2021,20,5,220,343,31,16,228,346,30,22,235,344,29,17,239,346,28,15,87,146,28,23,90,146,28,30,96,149,28,23,98,150,27,21,70,114,28,19,78,120,28,24,80,117,27,18,81,117,27,16,63,83,36.30864638,4.654805996,61,81,35,8,60,79,34,6,60,79,33,6,24,Singapore
Singapore,2021,21,5,206,315,31,8,222,339,30,20,232,342,30,17,235,343,29,15,87,141,33,11,89,144,29,27,94,148,29,23,96,148,28,19,65,98,28,10,73,114,28,23,78,115,27,18,80,116,27,16,54,76,32.0917284,2.013101852,60,80,34,7,59,79,34,6,60,79,33,5,24,Singapore
Singapore,2021,22,5,231,309,30,7,220,331,30,16,229,337,29,16,235,339,29,14,107,151,28,9,92,145,29,21,94,148,28,22,97,148,28,19,69,90,27,8,70,108,28,18,75,110,27,18,79,114,27,15,55,68,36.83307576,2.434686869,59,78,35,6,60,79,34,6,59,77,33,5,22,Singapore
Singapore,2021,23,6,236,303,29,10,223,318,30,10,229,332,30,16,234,336,29,14,105,139,27,10,97,144,29,13,94,145,28,21,98,147,28,18,63,82,29,13,67,96,28,12,74,108,28,18,77,111,27,15,68,82,33.78518791,7.784199346,60,77,35,4,61,79,34,6,59,78,34,5,27,Singapore
Singapore,2021,24,6,227,303,31,15,225,308,30,10,227,327,30,16,232,332,30,15,93,132,29,19,98,141,29,12,94,143,28,21,97,146,28,19,77,96,31,18,69,92,29,12,73,106,28,18,76,109,28,16,57,75,35.17582846,6.093450292,59,75,34,5,60,78,35,6,59,78,34,6,25,Singapore
Singapore,2021,25,6,236,314,30,16,233,307,30,12,227,323,30,16,232,330,30,15,102,139,29,22,102,140,28,15,96,142,29,21,97,145,29,20,73,100,28,17,71,92,29,14,72,103,28,18,76,107,28,17,61,75,36.30964936,5.936680328,60,75,36,6,60,78,35,6,60,78,34,6,24,Singapore
Singapore,2021,26,6,221,324,32,26,230,311,31,17,225,321,31,16,230,329,30,17,94,143,30,36,99,138,29,22,95,141,29,21,95,145,28,22,61,94,30,29,69,93,29,19,69,101,29,18,73,105,28,18,66,87,35.96722643,9.94043771,63,80,35,7,61,79,35,7,61,79,34,6,27,Singapore
Singapore,2021,27,6,213,327,32,26,224,317,31,21,224,317,31,16,227,327,30,18,87,141,30,29,94,139,29,27,95,142,29,20,94,143,29,23,69,102,28,31,70,98,29,24,68,97,29,18,73,105,28,20,57,84,42.03845029,14.20346491,60,80,37,9,60,79,36,7,61,80,35,7,26,Singapore
Singapore,2021,28,7,227,337,32,30,224,326,31,25,225,317,31,17,226,326,31,19,92,139,30,42,94,141,30,32,96,141,29,22,94,142,29,25,78,115,30,26,70,103,29,26,69,97,29,19,72,105,28,21,57,83,36.4334308,14.78684698,60,82,38,11,59,79,36,8,60,79,36,8,25,Singapore
Singapore,2021,29,7,224,339,31,32,221,332,32,29,227,320,31,20,225,326,31,20,96,146,29,37,92,142,30,36,97,141,29,26,94,142,29,26,73,114,30,38,70,106,29,31,70,99,29,22,71,104,29,23,55,79,35.90362626,15.6789596,59,83,38,14,60,79,37,10,60,80,36,9,23,Singapore
Singapore,2021,30,7,191,324,32,25,214,332,32,28,222,321,31,23,221,324,31,20,83,155,29,31,90,145,30,35,94,142,29,28,93,143,29,26,62,104,30,27,71,109,29,31,70,101,29,25,70,103,29,23,46,65,38.73733696,12.64085145,54,78,38,14,58,79,37,11,58,79,36,9,20,Singapore
Singapore,2021,31,7,192,307,31,12,209,327,31,25,216,322,31,23,219,320,31,19,81,140,28,12,88,145,29,30,91,142,29,29,93,143,29,23,52,91,30,12,66,106,30,26,68,102,29,25,68,100,29,21,59,76,35.38643126,11.4285452,54,76,37,14,57,78,37,11,58,78,36,9,25,Singapore
Singapore,2021,32,8,208,287,31,9,204,314,31,20,214,320,31,22,218,316,31,18,93,131,29,12,88,143,29,23,91,142,29,28,93,141,29,23,58,81,29,8,61,98,30,21,66,100,29,24,67,97,29,20,57,75,38.05508285,4.815716374,54,74,37,11,57,78,37,11,58,77,36,9,26,Singapore
Singapore,2021,33,8,209,295,30,12,200,303,31,14,211,318,31,21,218,314,31,18,88,131,26,14,86,139,28,17,89,141,29,27,93,141,29,23,63,86,29,13,59,91,29,15,65,98,29,23,67,96,29,20,58,78,35.79711207,5.396072797,55,74,37,9,57,78,37,11,58,77,37,9,26,Singapore
Singapore,2021,34,8,199,290,27,7,202,295,30,10,208,313,31,19,215,313,31,18,90,131,24,6,88,133,27,11,89,139,28,23,92,139,28,23,58,89,25,11,58,87,28,11,64,98,29,21,66,96,29,20,51,70,36.3969281,4.348763617,56,75,36,6,55,76,37,10,58,77,37,9,24,Singapore
Singapore,2021,35,8,239,306,41,9,214,295,33,9,211,311,32,17,216,313,32,18,102,133,58,11,93,132,34,11,91,138,32,21,92,138,31,23,79,103,27,8,65,90,28,10,65,98,29,18,67,98,29,20,58,70,31.4933046,6.00940613,56,73,35,5,55,75,36,9,57,76,36,9,23,Singapore
Singapore,2021,36,9,217,312,29,12,216,301,32,10,210,308,32,15,215,314,32,18,101,144,25,13,95,135,33,11,92,139,31,17,92,139,31,22,60,91,29,11,65,92,28,11,63,95,29,16,66,98,29,19,56,77,37.64000496,10.76337302,56,74,35,7,55,74,36,9,57,77,37,10,25,Singapore
Singapore,2021,37,9,208,286,30,12,216,299,32,10,208,301,31,12,212,311,32,18,88,128,26,14,95,134,33,11,91,137,31,14,91,139,30,21,63,86,28,14,65,92,27,11,62,91,28,13,65,96,29,19,57,72,36.96710526,7.249707602,56,72,36,7,55,73,36,8,56,76,37,10,25,Singapore
Singapore,2021,38,9,219,300,30,12,221,301,33,11,211,298,31,10,212,309,31,16,97,137,27,16,97,136,34,13,93,134,30,12,92,138,30,20,61,86,28,9,66,92,28,11,62,89,28,11,65,96,29,17,61,77,37.88973133,7.550428051,58,74,36,8,57,74,36,7,56,76,37,10,26,Singapore
Singapore,2021,39,9,218,306,30,12,216,301,30,12,215,298,31,11,213,307,31,15,93,136,26,13,95,136,26,14,94,134,30,12,92,138,30,18,75,98,31,14,65,90,29,12,65,90,28,11,65,95,29,16,50,72,38.48397778,8.310266667,56,75,38,8,56,74,37,7,55,75,37,9,24,Singapore
Singapore,2021,40,10,204,297,30,20,212,297,30,14,214,299,31,12,211,304,31,14,91,130,27,24,92,133,27,17,94,134,30,14,92,137,30,17,60,96,25,23,65,92,28,15,65,92,28,13,64,94,28,16,53,71,40.78763103,11.27218553,55,73,39,9,56,73,37,8,55,74,37,9,24,Singapore
Singapore,2021,41,10,203,298,30,20,211,300,30,16,213,299,31,13,209,301,31,13,85,127,27,28,92,133,27,20,93,133,30,15,91,135,29,16,66,99,29,19,66,95,28,17,65,94,28,14,63,93,28,14,52,72,35.38128739,7.631025641,54,73,38,9,55,73,37,8,55,73,37,8,24,Singapore
Singapore,2021,42,10,221,305,30,27,212,302,30,20,216,301,31,15,211,299,31,14,95,136,26,31,91,132,27,24,94,134,30,19,92,134,29,16,61,89,27,32,66,96,28,22,66,94,28,16,63,91,28,15,65,80,38.49632906,14.95887179,55,74,38,11,57,74,37,9,56,74,37,8,26,Singapore
Singapore,2021,43,10,204,309,32,36,208,302,31,26,212,302,30,19,212,299,31,16,88,135,28,46,90,132,27,32,92,134,27,23,93,133,29,19,65,98,32,40,63,96,28,29,64,93,29,20,64,92,28,17,51,76,39.65204248,15.46869281,55,75,39,12,56,75,38,10,56,74,37,9,25,Singapore
Singapore,2021,44,10,215,335,31,30,211,312,31,28,212,305,31,21,213,303,31,17,87,148,26,32,89,137,27,34,91,135,27,26,92,135,29,21,67,106,29,39,65,98,29,33,65,95,29,24,65,94,28,20,61,81,39.85525046,16.76814208,57,77,38,14,56,75,38,11,56,75,37,10,24,Singapore
Singapore,2021,45,11,204,325,31,23,211,319,31,29,211,309,31,23,213,306,31,18,86,147,28,34,89,142,27,36,90,137,27,28,92,136,29,22,63,104,29,23,64,99,29,33,65,97,29,25,65,95,28,20,55,74,35.81728283,7.184924242,58,78,38,14,56,75,38,11,56,74,37,10,23,Singapore
Singapore,2021,46,11,221,327,28,11,211,324,30,25,211,313,30,23,214,309,31,19,94,146,25,13,89,144,27,31,90,138,27,28,92,137,29,23,62,101,27,14,64,102,29,29,65,99,29,25,65,96,29,21,65,80,32.71055128,5.806858974,58,78,37,11,57,76,38,11,57,75,37,10,24,Singapore
Singapore,2021,47,11,226,326,29,7,217,328,30,18,212,315,30,22,213,311,30,19,95,146,27,9,91,147,27,22,90,139,27,27,92,138,27,23,65,97,26,8,64,102,28,21,64,99,28,25,64,96,28,20,66,83,34.44750421,2.834372896,62,80,36,8,59,77,37,10,58,76,37,10,25,Singapore
Singapore,2021,48,11,212,317,28,11,216,324,29,13,213,318,30,21,213,311,30,18,102,152,27,15,94,148,27,18,92,142,27,26,92,139,27,23,62,96,26,11,63,100,27,14,64,99,28,23,64,96,28,20,48,69,32.61140625,2.687372685,59,77,34,5,58,77,36,9,57,76,37,9,22,Singapore
Singapore,2021,49,12,204,282,30,6,216,313,29,9,213,316,30,19,213,311,30,18,90,131,26,8,95,144,26,11,92,143,27,24,92,139,27,22,56,79,28,6,61,93,27,9,63,96,28,21,64,96,28,20,58,72,37.93132663,3.87782567,59,76,34,4,59,77,36,9,57,76,37,9,26,Singapore
Singapore,2021,50,12,228,312,29,7,218,309,29,8,214,317,30,16,213,312,30,18,108,150,26,5,99,145,27,9,94,144,27,20,93,140,27,22,62,90,28,11,61,91,27,9,63,96,28,19,64,96,28,20,58,72,33.90542625,4.856278736,58,74,35,4,58,76,36,7,57,75,37,8,23,Singapore
Singapore,2021,51,12,200,317,27,7,211,307,28,8,214,318,29,13,212,313,30,17,79,133,27,10,95,142,26,9,93,144,27,16,92,140,27,21,66,107,24,6,62,93,27,8,63,98,27,15,63,97,28,19,55,77,30.98686869,3.825575758,55,73,34,4,58,76,35,6,57,76,36,8,24,Singapore
Singapore,2021,52,12,139,231,25,7,193,286,28,7,204,305,28,10,206,307,29,16,64,102,22,10,85,129,25,8,90,138,26,13,89,138,26,20,37,71,25,4,55,87,26,7,59,93,27,10,61,95,28,18,38,58,30.22474415,3.06255848,52,70,33,4,55,73,34,4,56,75,35,7,25,Singapore
Singapore,2021,53,12,162,162,76,9,182,256,39,7,199,284,34,8,203,296,33,15,68,68,141,12,80,113,54,9,88,129,40,10,88,133,36,19,51,51,27,11,54,80,26,8,58,87,26,9,60,91,27,17,43,43,29.69614987,3.357577519,49,63,31,4,54,69,33,4,55,72,35,7,27,Singapore
Singapore,2022,1,1,210,305,29,13,178,254,39,9,198,282,34,8,202,296,33,14,102,146,29,21,78,112,55,13,89,129,41,11,89,134,36,18,54,85,25,8,52,79,25,7,57,85,26,8,59,90,27,15,54,74,32.40444959,4.380673868,48,63,31,4,53,69,33,4,54,72,34,6,24,Singapore
Singapore,2022,2,1,227,318,29,8,185,254,40,9,198,281,34,8,204,296,33,12,100,146,27,10,84,116,55,13,89,129,41,11,90,135,36,15,71,100,29,8,53,77,26,8,57,85,26,8,60,91,27,12,56,72,33.90559524,2.234449405,48,62,32,3,51,67,33,4,55,71,34,5,23,Singapore
Singapore,2022,3,1,231,320,29,15,208,276,41,11,200,281,34,9,205,295,32,10,97,133,29,22,92,123,57,16,89,126,41,12,90,133,36,14,79,114,27,12,64,88,27,9,60,87,27,8,61,91,27,10,55,73,32.83119697,7.244545455,52,66,32,4,52,68,33,4,54,71,33,4,23,Singapore
Singapore,2022,4,1,222,324,28,10,223,317,29,11,202,286,34,9,207,295,32,9,107,159,26,13,102,146,28,17,91,130,41,13,92,134,36,12,61,92,26,9,66,98,27,9,60,89,26,8,61,90,26,9,54,73,33.39011317,3.884140947,55,73,33,4,52,68,32,4,54,71,33,4,23,Singapore
Singapore,2022,5,1,227,328,28,9,227,323,29,10,202,288,34,10,207,295,32,9,95,150,26,13,100,147,27,15,89,130,41,14,92,135,36,12,67,98,26,9,70,101,27,9,61,90,26,8,61,90,26,8,65,80,33.14398291,5.740047009,58,75,33,5,53,69,32,4,54,71,33,4,24,Singapore
Singapore,2022,6,2,237,319,27,12,229,323,28,12,207,288,34,10,208,295,32,9,108,148,26,19,102,148,27,17,93,132,41,15,93,135,36,13,71,96,27,8,70,100,26,9,61,88,26,8,61,90,26,8,58,75,30.89180077,5.266197318,58,75,33,6,53,69,32,4,54,70,33,4,24,Singapore
Singapore,2022,7,2,227,323,30,19,228,324,28,13,218,300,35,12,210,295,32,10,96,149,28,27,102,152,27,18,97,137,42,17,93,135,36,14,64,91,29,18,66,94,27,11,65,91,27,10,62,90,27,9,67,83,33.30259536,7.999398839,61,78,33,6,57,72,32,5,55,71,33,5,26,Singapore
Singapore,2022,8,2,227,334,28,19,230,326,28,15,226,321,29,13,211,299,32,11,117,168,27,25,104,154,27,21,103,150,27,19,95,138,36,16,59,92,26,18,65,94,27,13,66,96,27,11,62,91,27,10,51,74,34.5525817,3.718191721,60,78,33,6,58,76,33,5,55,71,32,5,22,Singapore
Singapore,2022,9,2,226,323,28,15,229,325,28,16,228,324,28,13,211,300,32,12,98,157,26,19,105,156,27,22,102,151,27,19,94,138,36,17,66,90,27,15,65,92,27,15,67,97,27,12,62,91,26,10,62,76,30.73047939,7.807773297,60,77,32,6,59,76,33,5,55,72,32,5,24,Singapore
Singapore,2022,10,3,227,324,27,6,227,326,28,15,228,324,28,13,214,301,32,12,107,154,26,6,105,157,27,19,103,152,27,18,97,140,36,16,69,98,25,7,65,93,27,15,67,96,27,12,62,90,27,10,51,72,31.86679194,5.804183007,58,76,33,6,58,76,33,6,55,71,32,5,22,Singapore
Singapore,2022,11,3,221,300,35,6,225,320,30,11,227,322,29,12,220,307,33,12,107,151,42,6,107,158,30,14,104,155,28,16,100,144,38,16,59,82,24,8,63,91,26,12,65,92,26,11,64,91,27,11,55,67,32.20495455,4.721848485,55,72,32,6,58,75,33,6,56,72,32,5,22,Singapore
Singapore,2022,12,3,222,294,26,5,224,310,29,8,227,318,29,11,225,318,29,11,116,155,25,6,107,154,30,9,106,154,28,15,104,151,28,16,55,75,24,5,62,86,25,9,64,90,26,11,65,93,26,10,51,64,32.15211874,2.187663399,55,70,32,5,58,74,32,5,57,74,33,5,22,Singapore
Singapore,2022,13,3,232,317,25,7,226,309,28,6,227,317,28,11,227,319,28,11,113,162,23,9,111,156,29,7,108,156,28,15,105,153,28,15,57,80,24,8,60,84,24,7,63,88,26,11,65,92,26,10,62,75,30.89497312,1.328517025,55,70,32,4,57,73,32,5,57,74,32,5,24,Singapore
Singapore,2022,14,3,236,314,26,5,228,306,28,6,227,316,28,10,228,318,28,11,110,151,23,7,112,155,28,7,108,156,28,13,106,153,27,14,68,87,25,3,60,81,24,6,62,87,25,10,65,91,26,10,58,76,31.00417146,2.363386015,57,71,32,3,57,73,32,4,57,74,32,5,24,Singapore
Singapore,2022,15,4,243,336,25,9,233,315,25,6,229,318,27,9,229,320,28,10,118,171,22,8,114,160,23,7,111,159,27,11,108,156,27,13,68,93,25,16,62,84,24,8,63,87,25,10,64,90,26,10,57,72,29.51039474,2.483469786,57,72,31,2,56,72,32,4,58,74,32,4,21,Singapore
Singapore,2022,16,4,221,311,28,6,233,320,26,7,229,315,27,7,229,319,28,10,99,147,25,6,110,158,23,8,109,156,27,8,107,155,27,13,61,92,26,8,64,88,25,9,63,87,25,9,64,90,26,10,61,72,33.17400273,2.738128415,60,74,31,2,57,72,31,4,58,74,32,4,23,Singapore
Singapore,2022,17,4,238,312,24,5,235,318,26,6,230,314,27,6,230,317,27,9,116,147,22,7,111,154,23,7,111,155,26,7,109,155,26,12,62,87,22,6,65,90,24,8,62,87,24,8,63,89,25,10,60,78,31.89823148,2.232055556,59,75,31,2,57,72,32,3,58,74,32,4,25,Singapore
Singapore,2022,18,4,229,327,25,9,233,322,25,7,230,314,27,6,229,318,27,9,106,155,21,13,110,155,23,8,111,155,25,8,109,156,26,12,61,89,23,8,63,90,24,9,61,86,24,8,62,88,25,10,62,83,32.06296595,4.031263441,60,76,32,3,58,73,32,3,58,74,32,4,25,Singapore
Singapore,2022,19,5,225,319,26,8,228,317,26,7,231,316,26,7,229,318,27,8,104,150,23,8,106,150,23,9,110,155,23,8,109,156,26,10,66,94,26,11,63,91,24,8,62,87,24,8,63,88,25,9,55,75,31.32064646,3.151530303,60,77,32,3,58,74,32,3,57,74,32,4,24,Singapore
Singapore,2022,20,5,227,303,24,6,230,315,25,7,231,317,25,7,229,315,27,7,98,140,20,6,106,148,22,9,108,153,23,8,108,153,25,8,72,89,24,9,65,90,24,8,64,89,24,8,64,88,25,9,57,74,31.669654,2.03041423,59,78,32,3,59,76,31,3,58,74,32,3,24,Singapore
Singapore,2022,21,5,206,286,41,5,222,309,29,7,228,314,27,7,227,312,28,6,96,129,57,6,101,144,30,8,106,149,27,8,108,151,27,7,61,94,24,6,65,92,24,8,65,91,24,8,63,88,24,8,49,63,30.53372449,2.878798186,56,74,31,3,57,74,31,3,57,73,32,3,22,Singapore
Singapore,2022,22,5,253,323,25,5,228,308,29,6,230,315,27,7,229,312,27,6,117,155,23,5,104,144,31,6,107,149,27,7,108,151,27,7,75,94,22,6,69,93,24,8,66,92,24,9,64,88,24,8,61,74,32.16035519,3.754785974,56,72,31,3,58,74,32,3,57,73,32,3,23,Singapore
Singapore,2022,23,6,225,307,27,6,228,305,29,5,228,311,27,6,230,312,27,6,108,144,25,6,105,142,31,6,106,146,27,7,108,151,26,7,58,88,25,5,67,91,24,6,65,91,24,7,64,89,24,8,59,75,34.0118597,4.599354991,57,72,32,3,58,74,32,3,58,73,32,3,24,Singapore
Singapore,2022,24,6,249,332,27,10,233,312,30,6,232,314,27,7,232,316,27,7,109,152,24,11,108,145,32,7,107,147,27,8,108,150,26,8,80,101,25,12,69,94,24,7,67,92,24,8,66,91,24,8,60,79,35.30978704,4.115851852,57,73,33,4,58,75,32,3,58,75,32,3,24,Singapore
Singapore,2022,25,6,229,340,28,13,239,326,27,8,230,317,28,8,232,318,27,7,102,157,26,20,109,152,24,10,105,148,27,9,107,150,26,9,68,100,27,10,70,96,25,8,68,94,24,8,67,92,24,8,59,83,33.42935499,5.591106403,60,78,34,5,58,76,33,4,58,75,32,3,24,Singapore
Singapore,2022,26,6,223,323,28,10,232,326,28,10,230,317,28,8,231,318,27,8,99,147,26,10,105,150,25,12,104,147,28,9,106,150,26,9,70,102,25,10,69,98,26,9,69,95,25,9,67,94,24,9,54,74,34.1652572,10.67616255,58,78,34,6,57,75,33,5,58,75,32,4,23,Singapore
Singapore,2022,27,6,207,296,26,8,227,323,27,10,227,314,28,8,228,315,27,8,103,145,23,7,103,150,25,12,104,146,28,9,105,147,26,9,56,81,26,13,69,96,26,11,68,94,25,9,66,93,25,9,48,70,33.67514468,2.747042824,55,77,34,6,56,74,33,5,57,75,33,4,24,Singapore
Singapore,2022,28,7,238,302,26,10,224,315,27,10,229,314,29,8,229,314,27,8,102,138,23,12,102,147,24,12,105,146,28,10,105,147,26,9,69,85,26,7,66,92,26,10,67,93,25,9,67,92,25,9,67,79,32.18715174,8.222446103,57,77,33,7,57,75,33,5,58,76,33,5,26,Singapore
Singapore,2022,29,7,233,318,27,10,225,310,27,9,232,318,27,9,229,315,28,8,99,139,24,11,101,142,24,10,105,147,24,10,104,146,26,10,75,99,24,13,68,92,25,11,69,94,25,10,68,93,25,9,59,80,36.78712806,3.223507533,57,76,34,6,58,77,34,5,58,76,33,5,25,Singapore
Singapore,2022,30,7,252,331,27,9,233,312,27,9,232,319,27,9,231,315,28,8,125,159,24,9,107,145,23,10,106,148,24,11,105,146,26,9,65,92,26,13,66,89,26,12,68,94,26,10,68,93,25,10,62,80,33.19937276,4.850833333,59,77,34,5,59,78,34,6,58,76,33,5,24,Singapore
Singapore,2022,31,7,259,365,26,8,246,329,27,9,236,326,27,10,233,319,28,8,116,173,24,11,111,152,23,11,107,151,24,11,106,148,26,9,77,104,26,9,72,95,26,11,70,96,26,11,69,94,25,9,66,88,30.88134259,2.873316498,64,82,33,5,59,79,34,5,58,77,33,5,24,Singapore
Singapore,2022,32,8,238,340,30,10,246,339,28,9,235,327,27,10,234,322,28,9,114,167,23,11,114,160,24,10,108,153,24,11,108,150,27,10,73,105,26,10,73,100,25,11,69,96,26,11,69,95,25,10,51,68,52.28037582,5.462864924,60,79,38,4,58,78,36,5,58,76,35,5,20,Singapore
Singapore,2022,33,8,245,332,26,8,249,342,27,9,237,326,27,9,238,326,27,9,120,164,22,9,119,166,23,10,110,154,23,10,110,153,24,10,55,84,25,7,68,96,26,10,68,94,26,10,68,95,25,10,70,84,33.0358254,7.024392857,62,80,37,5,60,78,36,6,60,78,35,5,25,Singapore
Singapore,2022,34,8,234,323,28,7,244,340,28,8,238,326,27,9,236,326,27,9,117,162,29,8,117,167,25,10,112,156,24,10,110,154,24,10,64,84,24,8,67,94,25,9,67,92,25,10,68,94,26,10,53,77,30.45996331,2.432175052,60,79,37,4,60,78,35,5,59,78,35,5,24,Singapore
Singapore,2022,35,8,254,327,25,6,243,331,27,8,244,330,27,8,238,327,27,9,119,158,22,8,118,163,24,9,114,158,24,10,110,155,24,11,77,100,24,6,67,93,25,8,69,94,25,9,69,95,25,10,58,69,31.34926724,1.606997126,58,75,37,4,61,78,35,4,59,78,35,5,21,Singapore
Singapore,2022,36,8,252,330,24,6,246,328,26,7,246,333,27,8,239,327,27,9,127,162,21,7,121,162,24,8,117,161,24,9,112,156,24,10,65,91,23,8,65,90,24,7,69,95,25,9,68,94,25,10,60,77,29.1037037,2.906689815,60,77,31,3,60,78,35,4,59,77,34,5,23,Singapore
Singapore,2022,37,9,233,308,25,6,243,322,25,6,246,332,26,7,239,325,26,8,104,144,22,9,117,157,24,8,118,161,23,9,112,155,24,9,72,93,24,5,70,92,24,7,69,94,25,8,68,93,25,9,57,71,31.14714912,2.233952242,57,74,31,2,60,77,34,4,59,76,34,5,23,Singapore
Singapore,2022,38,9,240,323,24,9,245,322,24,7,244,331,26,7,240,325,26,8,114,153,21,8,116,154,22,8,116,160,23,9,113,155,23,9,70,100,21,9,71,96,23,7,69,95,24,8,68,93,25,9,56,70,32.16063988,8.303070437,58,72,31,4,59,76,34,4,59,76,34,4,22,Singapore
Singapore,2022,39,9,252,329,23,7,244,323,24,7,244,327,26,7,244,327,26,8,122,159,21,10,117,155,21,8,117,159,23,9,115,157,23,9,70,95,22,7,69,95,23,7,68,94,24,8,69,94,24,9,60,75,29.05109259,1.411449074,58,73,30,4,58,74,34,4,60,77,33,4,23,Singapore
Singapore,2022,40,9,253,338,22,6,245,325,24,7,245,326,25,7,245,330,26,8,120,159,20,7,115,154,21,9,118,158,22,8,116,158,23,9,72,102,21,5,71,98,22,7,68,94,23,7,70,96,24,8,61,77,27.94103825,3.235368852,59,73,30,4,59,75,31,4,59,76,33,4,23,Singapore
Singapore,2022,41,10,230,308,25,10,244,325,23,8,244,323,24,7,245,330,25,8,102,142,21,11,115,153,21,9,116,155,22,9,117,159,23,9,65,90,23,14,69,97,22,9,69,94,23,8,69,95,24,8,63,76,31.28063051,2.759197531,60,75,30,4,59,74,30,3,60,76,33,4,25,Singapore
Singapore,2022,42,10,239,312,23,8,244,322,23,7,244,322,24,7,244,328,25,7,119,152,20,9,116,153,21,9,116,154,21,9,116,158,22,9,60,85,23,9,67,93,22,9,69,95,23,8,68,94,24,8,60,75,29.42924537,2.924666667,61,76,29,3,59,74,30,3,60,76,32,4,24,Singapore
Singapore,2022,43,10,255,327,23,9,244,321,23,8,244,322,24,7,244,325,25,7,119,156,21,12,115,152,21,10,116,153,21,9,116,157,22,9,70,86,21,9,67,91,22,9,68,93,22,8,68,93,23,8,66,85,29.50316498,3.40608165,63,78,30,3,60,76,30,3,60,75,32,4,26,Singapore
Singapore,2022,44,10,231,314,24,5,239,315,24,8,242,320,24,7,243,323,24,7,117,164,22,7,114,154,21,10,115,154,21,9,117,156,22,9,62,81,21,5,64,86,22,9,68,92,22,8,67,91,23,8,52,69,30.37951389,2.286891026,60,76,30,3,59,75,30,3,60,75,30,3,22,Singapore
Singapore,2022,45,11,248,311,23,7,243,316,23,7,244,320,23,7,243,321,24,7,117,152,20,9,118,156,21,9,116,155,21,9,116,155,22,9,65,84,21,6,64,84,22,7,67,90,22,8,68,91,22,7,66,75,30.68120791,2.935614478,61,76,30,3,61,75,30,3,59,75,30,3,24,Singapore
Singapore,2022,46,11,251,323,23,11,246,319,23,8,245,320,23,8,245,321,24,7,114,148,19,7,117,155,21,9,116,154,21,9,116,154,21,9,64,84,22,19,65,84,21,10,66,88,22,9,68,91,22,8,73,91,30.0893417,9.165403349,64,80,30,4,63,78,30,4,61,76,30,4,28,Singapore
Singapore,2022,47,11,261,337,23,6,248,321,23,7,246,321,23,8,245,322,24,7,125,163,22,8,118,157,21,8,117,155,21,9,117,155,21,9,76,96,22,5,67,86,22,9,67,89,22,9,68,91,22,8,60,78,28.91553704,3.43825463,63,78,30,4,63,78,30,4,61,77,30,4,23,Singapore
Singapore,2022,48,11,240,326,24,8,250,324,23,8,244,320,23,8,244,321,24,7,115,161,20,9,118,156,20,8,116,155,21,9,116,154,21,9,66,92,22,8,68,89,22,9,66,87,22,9,68,91,22,8,59,73,32.63416667,5.373182674,65,79,31,5,62,78,30,4,61,76,30,4,22,Singapore
Singapore,2022,49,11,250,325,22,5,251,328,23,7,247,322,23,7,246,323,23,7,108,146,20,5,116,155,20,7,117,155,20,8,116,155,21,9,78,100,20,7,71,93,22,9,68,89,22,8,68,91,22,8,64,79,28.6149783,3.177460938,64,80,30,5,63,78,30,4,62,77,30,4,24,Singapore
Singapore,2022,50,12,248,326,24,7,250,329,23,6,248,324,23,7,247,323,23,7,112,149,22,8,115,155,21,8,116,155,21,8,116,154,21,9,76,102,23,7,74,98,22,6,70,91,22,8,69,91,22,8,60,75,30.60011574,4.779134259,61,76,30,4,63,78,30,4,62,77,30,4,23,Singapore
Singapore,2022,51,12,227,302,24,5,241,320,23,6,245,321,23,7,244,321,23,7,108,140,21,6,111,149,21,7,115,153,21,7,115,153,21,8,60,87,22,6,70,95,22,7,68,91,22,8,68,91,22,8,59,75,30.30275895,3.590720339,61,76,31,4,62,77,30,4,62,77,30,4,25,Singapore
Singapore,2022,52,12,326,396,46,10,263,337,29,7,256,331,26,7,251,326,25,7,161,192,67,10,122,157,32,7,120,156,26,8,118,155,25,8,86,107,24,14,75,99,22,9,71,94,22,9,69,91,22,9,79,97,25.85283052,4.962841069,66,82,29,4,65,80,30,5,63,79,30,4,24,Singapore
Tanjung Pelepas,2019,1,1,107,141,18,11,,,,,,,,,,,,,52,68,16,12,,,,,,,,,,,,,38,53,18,13,,,,,,,,,,,,,17,20,24.12583333,2.100212418,,,,,,,,,,,,,14,Malaysia
Tanjung Pelepas,2019,2,1,84,112,18,5,,,,,,,,,,,,,41,55,16,7,,,,,,,,,,,,,26,38,17,4,,,,,,,,,,,,,17,19,23.86426471,2.534215686,,,,,,,,,,,,,17,Malaysia
Tanjung Pelepas,2019,3,1,85,110,19,5,,,,,,,,,,,,,41,56,17,5,,,,,,,,,,,,,29,37,19,7,,,,,,,,,,,,,15,17,23.21768519,1.542259259,,,,,,,,,,,,,15,Malaysia
Tanjung Pelepas,2019,4,1,81,103,18,11,89,117,18,8,,,,,,,,,43,54,17,20,44,58,16,11,,,,,,,,,23,32,16,3,29,40,18,7,,,,,,,,,15,17,23.02511111,0.477388889,16,18,24,2,,,,,,,,,17,Malaysia
Tanjung Pelepas,2019,5,1,84,107,18,10,84,108,18,8,,,,,,,,,45,60,16,13,43,56,16,11,,,,,,,,,26,32,20,9,26,35,18,6,,,,,,,,,13,15,22.61380342,0.914615385,15,17,23,1,,,,,,,,,14,Malaysia
Tanjung Pelepas,2019,6,2,79,108,18,11,82,107,18,9,,,,,,,,,42,61,17,17,43,58,17,14,,,,,,,,,23,30,17,6,25,33,18,6,,,,,,,,,14,17,22.71071429,0.571369048,14,17,23,1,,,,,,,,,16,Malaysia
Tanjung Pelepas,2019,7,2,85,115,19,8,82,108,18,10,,,,,,,,,42,62,18,11,43,59,17,15,,,,,,,,,26,32,18,8,25,32,18,6,,,,,,,,,17,21,24.49602941,1.067745098,15,18,23,1,,,,,,,,,18,Malaysia
Tanjung Pelepas,2019,8,2,68,105,20,6,79,109,19,9,84,113,18,8,,,,,34,59,19,7,41,61,17,12,43,59,17,12,,,,,22,30,20,7,24,31,19,8,27,36,18,7,,,,,12,16,22.85259259,1.013518519,14,17,23,1,15,18,23,1,,,,,15,Malaysia
Tanjung Pelepas,2019,9,2,77,99,19,16,77,107,19,10,80,107,19,9,,,,,40,56,18,29,40,60,18,16,41,58,17,14,,,,,22,28,17,4,23,30,18,6,25,32,18,6,,,,,15,15,23.03007407,0.491351852,15,17,23,1,15,17,23,1,,,,,15,Malaysia
Tanjung Pelepas,2019,10,3,83,116,19,5,78,109,19,9,80,108,19,9,,,,,41,64,18,7,39,60,18,13,41,59,18,14,,,,,29,38,19,4,25,32,18,6,25,32,18,6,,,,,13,14,24.43461538,0.79482906,14,17,24,1,14,17,23,1,,,,,12,Malaysia
Tanjung Pelepas,2019,11,3,86,124,17,5,79,111,19,8,80,110,19,9,,,,,42,65,16,8,39,61,18,13,41,60,17,14,,,,,27,41,16,3,25,34,18,4,25,33,18,5,,,,,17,18,19.97616013,0.822679739,14,16,23,1,15,17,23,1,,,,,15,Malaysia
Tanjung Pelepas,2019,12,3,86,120,19,6,83,115,19,8,81,112,19,8,84,113,18,8,45,63,17,9,42,62,17,13,41,61,17,13,42,60,17,12,24,36,19,3,26,36,18,3,25,33,18,5,26,36,18,6,17,21,24.51705882,1.712924837,16,17,23,1,15,17,23,1,15,18,23,1,18,Malaysia
Tanjung Pelepas,2019,13,3,81,113,19,3,84,118,18,5,81,113,19,8,82,111,19,8,42,62,17,4,43,64,17,7,41,62,18,12,42,60,17,11,24,34,19,2,26,37,18,3,25,34,18,5,25,34,18,5,15,17,23.29622222,0.874166667,16,18,23,1,15,17,23,1,15,17,23,1,15,Malaysia
Tanjung Pelepas,2019,14,4,88,119,20,14,85,119,19,7,82,114,19,8,82,112,19,8,44,65,18,19,43,64,17,10,41,62,18,12,42,61,17,12,29,37,21,15,26,37,19,6,25,35,19,6,25,34,18,6,15,17,24.45685185,1.414351852,16,18,23,1,15,17,23,1,15,17,23,1,14,Malaysia
Tanjung Pelepas,2019,15,4,85,118,19,37,85,118,19,15,82,114,19,12,82,112,19,11,42,63,15,6,43,63,17,10,41,62,17,11,42,61,17,12,25,35,22,113,26,36,20,33,25,35,19,19,25,34,19,15,18,20,23.02012346,1.870462963,16,19,24,1,15,17,23,1,15,17,23,1,17,Malaysia
Tanjung Pelepas,2019,16,4,96,126,20,7,88,119,19,15,85,117,19,12,83,114,19,11,49,66,17,11,44,64,17,10,43,63,17,12,42,62,17,12,32,41,21,5,28,37,21,34,27,36,19,19,26,35,19,15,15,19,24.55477778,0.968444444,16,18,24,1,16,18,23,1,15,18,23,1,15,Malaysia
Tanjung Pelepas,2019,17,4,82,112,19,6,88,119,19,16,86,119,19,10,83,115,19,10,38,56,17,8,43,63,17,11,43,63,17,9,42,62,17,11,29,38,18,5,29,38,21,34,27,38,19,19,26,35,19,15,15,18,25.60124074,1.923037037,16,19,24,2,16,18,24,1,15,18,24,1,16,Malaysia
Tanjung Pelepas,2019,18,5,90,118,21,13,88,119,20,16,87,119,19,11,84,115,19,11,44,60,19,20,43,61,17,11,43,63,17,11,42,62,18,12,32,41,21,8,30,39,20,33,28,38,20,19,27,36,19,15,14,17,27.13234127,2.169186508,16,19,25,2,16,18,24,1,15,18,24,1,14,Malaysia
Tanjung Pelepas,2019,19,5,79,114,24,18,87,118,21,11,86,118,20,13,83,115,20,11,36,59,21,23,42,60,19,15,43,62,18,13,41,62,18,13,25,34,22,20,30,39,21,10,28,37,20,21,27,36,20,16,18,21,29.70259259,5.067685185,16,19,27,3,16,19,25,2,15,18,24,2,18,Malaysia
Tanjung Pelepas,2019,20,5,85,120,21,15,84,116,21,13,86,118,20,14,85,117,20,12,36,56,19,18,39,58,19,17,41,61,18,14,42,61,18,13,32,44,20,18,30,39,20,13,29,38,21,23,28,37,20,17,17,20,27.42565359,3.221846405,16,19,27,3,16,19,26,2,16,18,25,2,17,Malaysia
Tanjung Pelepas,2019,21,5,82,115,20,9,84,117,21,14,86,118,20,15,85,118,20,11,37,53,17,9,38,57,19,17,41,60,18,14,41,61,18,12,30,46,19,12,30,41,21,15,29,40,21,25,28,39,20,17,15,16,27.79233333,1.410518519,16,19,28,3,16,19,26,2,16,18,25,2,14,Malaysia
Tanjung Pelepas,2019,22,5,86,114,21,8,83,116,21,12,86,117,20,14,86,118,20,12,43,57,20,9,38,56,19,15,41,59,18,13,42,60,18,12,27,38,21,11,29,41,21,15,29,40,21,24,28,39,20,18,16,19,24.506875,0.754861111,17,19,27,3,16,19,26,2,16,19,25,2,17,Malaysia
Tanjung Pelepas,2019,23,6,81,110,21,12,84,115,21,11,85,116,21,11,85,117,20,12,34,49,20,18,38,54,19,13,40,57,19,14,41,59,18,13,32,43,20,11,30,43,20,13,30,41,20,11,28,39,20,19,15,18,25.30512963,1.077518519,16,18,26,2,16,19,27,2,16,19,26,2,16,Malaysia
Tanjung Pelepas,2019,24,6,79,112,19,4,82,113,20,8,83,114,21,11,85,116,20,12,38,54,17,7,38,53,18,11,38,56,19,14,40,58,18,13,25,40,20,2,29,42,20,9,29,41,20,11,29,39,20,19,16,18,23.67444444,0.883697917,16,18,25,1,16,18,26,2,16,18,26,2,16,Malaysia
Tanjung Pelepas,2019,25,6,83,112,19,7,82,112,20,8,83,114,21,11,85,116,20,13,40,57,17,11,39,54,18,11,39,56,19,14,40,58,18,13,31,41,20,3,29,41,20,7,29,41,20,11,29,40,20,19,12,14,23.11918981,0.40462963,15,17,24,1,15,18,26,2,16,18,26,2,13,Malaysia
Tanjung Pelepas,2019,26,6,84,117,22,8,82,113,20,8,82,114,21,10,84,116,20,12,38,56,20,9,38,54,19,11,38,55,19,13,40,57,18,12,32,44,21,11,30,42,20,7,29,41,20,11,29,40,20,18,14,17,27.68236111,2.01765873,14,17,25,1,15,18,26,2,15,18,26,2,15,Malaysia
Tanjung Pelepas,2019,27,7,79,114,21,5,81,114,20,6,82,114,20,9,84,115,21,9,36,55,19,7,38,56,18,8,38,55,19,11,39,57,19,12,27,41,19,4,29,42,20,5,30,42,20,9,30,41,20,9,16,18,24.97689236,0.821354167,15,17,25,1,15,18,26,1,15,18,26,2,16,Malaysia
Tanjung Pelepas,2019,28,7,74,101,21,3,80,111,21,6,81,112,20,7,82,113,21,9,31,47,21,3,36,54,19,8,37,54,19,9,38,55,19,12,31,40,19,4,30,42,20,6,29,42,20,7,29,41,20,9,12,14,28.48895833,1.204675926,14,16,26,1,15,17,26,1,15,18,26,2,14,Malaysia
Tanjung Pelepas,2019,29,7,62,88,17,2,75,105,20,5,79,109,20,6,80,111,20,9,25,37,16,4,33,49,19,6,36,52,19,9,37,53,19,12,25,37,17,2,29,41,19,5,29,41,20,6,29,41,20,9,12,14,22.66520833,0.269050926,14,16,26,1,14,17,25,1,15,17,26,2,16,Malaysia
Tanjung Pelepas,2019,30,7,63,90,19,5,70,98,19,4,76,106,20,6,78,109,20,8,27,41,16,7,30,45,18,5,34,50,18,8,35,52,19,10,25,36,19,6,27,39,18,4,29,40,19,5,29,40,20,9,11,13,22.46237374,0.090909091,13,15,25,1,14,16,25,1,15,17,26,1,14,Malaysia
Tanjung Pelepas,2019,31,7,85,107,20,9,71,97,19,5,76,105,20,6,79,108,20,7,39,50,19,8,31,44,18,6,34,50,18,7,35,51,18,9,32,41,19,15,28,39,18,7,29,40,19,6,29,41,19,8,14,16,25.82607143,0.593829365,12,14,25,1,13,16,25,1,14,16,25,1,15,Malaysia
Tanjung Pelepas,2019,32,8,76,113,21,6,72,100,19,6,76,105,20,6,78,108,20,7,29,49,18,9,30,44,17,7,33,49,18,7,35,50,18,8,34,47,21,6,29,40,19,7,30,41,19,6,29,41,20,7,13,17,26.87391026,0.395769231,13,15,24,0,13,15,25,1,14,16,25,1,15,Malaysia
Tanjung Pelepas,2019,33,8,68,100,20,6,73,103,20,7,74,104,20,6,77,107,20,6,33,47,18,8,32,47,18,8,32,48,18,7,34,50,18,8,24,38,20,4,29,41,20,8,29,41,19,6,29,41,20,7,11,15,23.67343434,0.272727273,12,15,25,0,13,16,25,1,14,16,25,1,15,Malaysia
Tanjung Pelepas,2019,34,8,86,106,19,5,79,107,20,7,74,102,20,5,77,106,20,6,37,48,18,5,35,49,18,8,32,47,18,6,34,49,18,8,32,40,19,7,31,42,20,8,29,40,19,6,29,41,19,6,17,18,21.72413399,0.470604575,14,17,25,0,13,16,25,1,14,16,25,1,17,Malaysia
Tanjung Pelepas,2019,35,8,77,99,19,6,77,105,20,6,74,101,19,5,76,105,20,6,34,46,18,9,33,48,18,8,32,46,18,7,34,49,18,7,29,36,20,4,30,40,20,5,29,39,19,6,29,40,19,6,14,17,20.49007937,0.371527778,14,17,23,0,13,16,24,0,14,16,24,1,17,Malaysia
Tanjung Pelepas,2019,36,9,81,106,19,4,78,103,19,5,75,101,19,5,77,104,20,5,36,50,19,6,35,48,18,7,33,46,18,7,34,49,18,7,32,41,19,3,29,39,20,5,29,40,19,6,30,40,19,6,13,15,20.96517094,0.230769231,14,16,22,0,13,16,23,0,13,16,24,1,14,Malaysia
Tanjung Pelepas,2019,37,9,73,100,17,6,79,103,19,5,76,103,19,6,76,103,20,5,33,46,16,11,35,48,18,8,34,47,18,8,33,48,18,7,26,38,18,4,30,39,19,5,29,40,19,6,29,40,19,6,14,16,19.36609127,0.499742063,15,17,21,0,13,16,23,0,13,16,24,1,16,Malaysia
Tanjung Pelepas,2019,38,9,81,100,17,5,78,101,18,5,78,104,19,6,75,102,19,5,35,46,16,9,35,47,17,8,35,48,18,8,33,47,18,7,29,35,17,5,29,38,19,4,30,40,19,6,29,39,19,5,17,19,18.86771242,0.352941176,15,17,20,0,14,17,22,0,14,16,23,0,19,Malaysia
Tanjung Pelepas,2019,39,9,78,100,18,7,78,102,18,6,78,103,19,6,75,101,19,5,34,47,17,8,35,47,17,8,34,47,17,8,33,46,18,7,30,37,19,9,29,38,18,5,30,39,19,5,29,39,19,6,14,16,20.36984127,0.285714286,15,17,20,0,14,17,22,0,14,16,23,0,16,Malaysia
Tanjung Pelepas,2019,40,10,72,94,19,16,76,99,18,9,77,101,19,7,75,100,19,6,33,41,15,28,34,45,16,14,34,46,17,10,33,46,17,9,31,42,20,7,29,38,19,6,29,38,19,5,29,39,19,6,8,11,26.56493056,1.308715278,13,16,21,1,14,16,22,0,13,16,22,0,12,Malaysia
Tanjung Pelepas,2019,41,10,82,108,20,10,78,101,18,10,79,102,19,7,77,102,19,7,38,52,19,13,35,47,17,15,35,47,17,11,34,47,17,10,33,45,19,9,31,40,19,7,30,39,19,6,30,40,19,6,11,11,25.5394697,1.16790404,13,14,23,1,14,15,22,1,13,15,23,1,10,Malaysia
Tanjung Pelepas,2019,42,10,73,102,22,6,76,101,20,10,77,101,19,8,78,103,19,7,34,48,20,8,35,47,18,14,35,47,18,11,35,48,18,10,24,36,20,5,30,40,20,7,29,39,19,6,30,40,19,6,15,18,27.52759259,2.81387037,12,14,25,1,13,15,22,1,13,16,23,1,18,Malaysia
Tanjung Pelepas,2019,43,10,67,95,20,3,74,100,20,9,76,101,19,7,76,102,19,7,35,51,17,4,35,48,18,14,35,48,17,11,34,48,18,10,22,31,20,2,28,39,20,6,28,38,19,5,29,39,19,5,10,13,28.90580556,2.325944444,11,13,27,2,13,15,24,1,13,16,23,1,14,Malaysia
Tanjung Pelepas,2019,44,11,81,104,21,12,76,102,21,8,76,100,19,8,77,101,19,7,37,53,18,11,36,51,19,9,35,48,17,12,35,48,18,10,27,32,21,20,27,36,20,9,28,37,19,8,28,38,19,7,17,19,26.1878268,1.108578431,13,15,27,2,13,15,24,1,13,16,23,1,18,Malaysia
Tanjung Pelepas,2019,45,11,77,106,20,7,75,102,21,7,76,101,20,8,77,102,19,7,35,50,18,11,35,51,18,9,35,49,18,12,35,48,18,10,27,37,19,6,25,34,20,8,28,37,19,8,29,38,19,7,15,19,25.50427778,2.211092593,14,17,27,2,13,16,25,1,14,16,24,1,18,Malaysia
Tanjung Pelepas,2019,46,11,78,109,19,4,76,104,20,7,76,102,20,8,77,102,19,7,33,48,19,5,35,51,18,8,35,49,18,11,35,48,18,10,32,46,17,4,27,37,19,8,28,38,19,8,29,38,19,6,13,15,22.32690171,0.803461538,14,17,26,2,13,15,25,2,13,16,24,1,14,Malaysia
Tanjung Pelepas,2019,47,11,78,108,18,7,79,107,19,8,76,103,20,8,77,103,19,7,36,50,17,8,35,50,18,9,35,49,18,11,35,49,18,10,31,44,18,9,29,40,19,10,28,39,19,8,29,39,19,7,11,14,20.78080808,0.181818182,14,17,24,1,13,15,25,1,13,16,24,1,13,Malaysia
Tanjung Pelepas,2019,48,11,71,104,19,7,76,107,19,6,76,105,20,7,76,103,19,8,33,49,18,5,34,49,18,7,35,50,18,8,35,48,17,10,27,43,18,10,29,43,18,7,28,39,19,8,28,39,19,7,11,12,24.74964646,0.923409091,13,15,23,1,13,15,25,1,13,15,24,1,12,Malaysia
Tanjung Pelepas,2019,49,12,74,107,21,11,75,107,19,7,75,104,20,7,76,103,19,8,38,54,20,13,35,50,18,8,35,50,18,8,35,49,18,10,24,38,19,10,29,43,18,8,27,38,19,8,28,39,19,8,12,15,25.79201389,7.638356481,12,14,23,2,13,16,25,2,13,15,24,2,14,Malaysia
Tanjung Pelepas,2019,50,12,71,106,19,6,74,106,19,8,75,105,19,7,75,104,20,8,37,53,18,8,36,52,18,9,36,51,18,8,35,50,18,10,24,40,19,5,27,41,19,9,27,39,19,8,28,39,19,8,10,13,26.07383333,2.431027778,11,14,24,3,12,15,25,2,12,15,25,2,12,Malaysia
Tanjung Pelepas,2019,51,12,78,108,21,8,74,106,20,8,76,107,20,8,75,104,20,8,35,51,21,10,36,52,19,9,36,51,18,9,35,50,18,10,25,37,20,9,25,40,19,9,27,40,19,9,27,39,19,8,18,20,24.21436728,2.947191358,13,15,25,3,13,16,24,2,13,15,25,2,19,Malaysia
Tanjung Pelepas,2019,52,12,75,108,22,10,75,107,21,9,75,107,20,8,75,105,20,8,31,48,18,11,35,52,19,10,35,50,19,9,35,51,19,9,30,42,23,10,26,39,20,9,28,41,19,8,27,39,19,8,14,18,26.51529762,9.226031746,14,17,26,6,13,16,24,3,13,16,25,3,17,Malaysia
Tanjung Pelepas,2020,1,1,86,86,21,17,78,102,21,10,76,105,20,9,76,104,20,8,42,42,19,22,36,49,19,13,36,49,19,10,36,50,19,10,23,23,22,20,26,36,21,11,27,39,20,10,26,37,20,9,21,21,24.10603175,5.530608466,16,18,25,5,14,16,24,4,14,16,25,3,24,Malaysia
Tanjung Pelepas,2020,2,1,84,121,22,11,81,106,22,12,77,106,20,10,77,105,20,9,40,60,20,14,37,50,19,14,37,51,19,11,36,51,19,10,31,43,23,11,27,36,22,12,27,39,20,10,27,38,20,10,13,18,26.69179487,2.13491453,17,19,25,5,14,16,25,4,14,16,25,3,15,Malaysia
Tanjung Pelepas,2020,3,1,91,118,21,20,84,108,21,15,79,107,21,11,79,107,20,10,42,56,19,6,39,52,19,13,37,52,19,11,37,51,19,10,33,42,20,46,29,38,22,22,27,39,21,15,28,39,20,13,16,20,27.23848958,2.092899306,16,19,26,5,14,17,26,4,14,17,25,3,17,Malaysia
Tanjung Pelepas,2020,4,1,80,122,22,9,85,112,22,14,80,110,21,12,79,109,20,10,42,61,20,12,42,55,20,13,38,53,19,12,37,52,19,10,21,39,21,8,27,37,21,21,26,38,21,15,27,40,20,12,17,22,28.05702614,2.971601307,17,20,27,3,15,18,26,4,14,17,25,3,18,Malaysia
Tanjung Pelepas,2020,5,1,84,125,23,7,85,122,22,12,81,112,21,11,79,110,21,10,42,64,19,9,42,60,19,10,39,54,19,11,38,53,19,10,25,39,23,8,28,41,22,18,27,38,21,15,27,40,20,12,17,22,32.14031046,2.674673203,16,21,29,2,16,19,27,4,14,18,26,3,18,Malaysia
Tanjung Pelepas,2020,6,2,79,118,23,10,84,121,22,11,82,113,22,12,79,111,21,10,38,60,20,13,41,60,19,10,39,55,19,12,38,54,19,11,25,37,23,9,26,39,22,18,27,38,22,15,27,39,21,13,16,21,31.34447917,4.127361111,17,21,30,3,17,20,28,4,15,18,26,4,18,Malaysia
Tanjung Pelepas,2020,7,2,77,117,20,6,80,121,22,8,82,114,22,11,79,112,21,10,38,63,19,9,40,62,19,11,39,57,19,12,38,55,19,11,25,35,19,2,24,38,21,7,27,38,22,14,26,38,21,12,14,19,23.14416667,1.420734127,16,21,29,3,16,20,27,4,15,18,27,4,16,Malaysia
Tanjung Pelepas,2020,8,2,72,106,19,20,78,117,21,11,82,114,21,13,79,112,21,11,42,61,18,27,40,62,19,14,41,58,19,14,39,56,19,13,18,31,16,5,23,36,20,6,25,36,21,14,25,37,21,12,12,14,26.45967593,21.50756944,15,19,28,7,16,20,27,5,15,19,27,5,13,Malaysia
Tanjung Pelepas,2020,9,2,77,114,21,12,76,114,21,12,81,118,21,12,80,112,21,11,38,61,20,9,39,61,19,14,40,61,19,12,39,57,19,12,27,38,20,21,24,35,20,9,26,38,21,14,26,37,21,13,12,15,25.92409722,3.244560185,14,17,27,8,15,19,28,5,15,19,27,5,13,Malaysia
Tanjung Pelepas,2020,10,3,72,115,22,9,75,113,20,12,79,117,21,12,80,113,21,12,39,65,21,15,39,63,20,15,40,61,19,12,39,58,19,13,20,33,20,3,23,34,19,8,24,37,20,13,25,37,21,13,13,17,24.63151709,0.802564103,13,16,25,7,15,19,27,5,15,19,27,5,15,Malaysia
Tanjung Pelepas,2020,11,3,75,114,20,18,74,112,20,15,77,116,21,11,79,114,21,13,36,59,18,32,39,62,19,21,39,62,19,16,39,58,19,15,25,37,18,8,23,35,19,9,23,36,20,8,25,37,21,13,14,18,25.64577381,1.846369048,13,16,26,7,14,19,27,5,15,19,27,5,16,Malaysia
Tanjung Pelepas,2020,12,3,85,123,22,14,77,117,21,13,78,117,21,12,80,115,21,13,42,66,19,14,39,63,20,17,39,62,19,16,40,60,19,15,25,35,21,22,24,36,20,14,24,36,20,10,25,36,20,14,18,22,27.85072531,1.953950617,14,18,26,2,15,19,27,5,15,19,27,4,18,Malaysia
Tanjung Pelepas,2020,13,3,80,123,23,10,78,119,21,13,77,116,21,12,80,118,21,12,37,60,20,9,39,63,20,17,39,62,19,16,40,61,19,14,27,42,22,13,24,37,20,12,24,36,20,10,25,38,20,13,16,21,28.51527778,6.249756944,15,20,27,3,14,18,27,5,15,19,27,4,17,Malaysia
Tanjung Pelepas,2020,14,3,75,115,21,8,79,119,21,12,77,116,21,12,79,118,21,12,39,59,19,10,39,61,19,16,39,62,19,16,40,61,19,14,16,33,20,6,23,37,20,12,23,36,20,10,24,37,20,13,20,23,25.69663889,3.815402778,17,21,27,3,15,19,26,5,15,20,27,4,20,Malaysia
Tanjung Pelepas,2020,15,4,90,126,19,10,83,122,21,10,78,117,21,13,79,118,21,11,42,63,17,9,40,62,19,11,39,62,19,16,40,62,19,14,30,40,20,14,25,38,21,14,24,36,20,12,24,37,20,10,18,23,23.19398148,7.436959877,18,22,26,5,15,19,26,6,16,20,27,5,18,Malaysia
Tanjung Pelepas,2020,16,4,81,119,20,8,82,121,21,9,79,119,21,11,79,118,21,11,40,60,19,12,40,61,19,10,39,62,19,14,39,62,19,14,26,41,21,7,25,39,21,10,25,37,20,12,24,37,20,10,15,18,24.437,1.915907407,17,21,25,5,16,20,26,3,15,19,27,5,15,Malaysia
Tanjung Pelepas,2020,17,4,72,110,20,7,80,118,20,8,79,118,21,11,78,117,21,11,34,55,19,10,39,59,18,10,39,61,19,14,39,61,19,14,27,40,20,4,25,39,20,8,25,38,20,10,24,37,20,10,11,15,24.80295455,4.105580808,16,20,25,4,16,20,26,4,15,19,26,5,14,Malaysia
Tanjung Pelepas,2020,18,4,71,106,22,8,79,115,20,8,79,117,21,10,77,116,21,11,35,54,18,12,38,58,18,11,38,60,19,13,39,61,19,14,23,34,23,6,27,39,21,7,25,38,21,10,24,37,20,9,13,18,27.52260684,1.974594017,14,19,25,4,16,20,26,4,15,19,26,5,17,Malaysia
Tanjung Pelepas,2020,19,5,82,121,23,16,77,114,21,10,80,118,21,10,78,116,21,12,41,64,20,13,38,58,19,12,39,60,19,11,39,61,19,14,25,37,23,29,25,38,22,11,25,38,21,13,24,37,20,12,16,20,31.14446181,3.699131944,14,18,27,3,16,20,27,4,15,19,26,5,17,Malaysia
Tanjung Pelepas,2020,20,5,69,110,23,12,74,112,22,11,78,116,21,10,77,116,21,11,36,56,20,18,37,57,19,13,38,59,19,12,38,60,19,14,21,35,22,7,24,37,22,12,24,38,21,11,24,37,21,12,12,19,34.98988426,1.661134259,13,18,30,3,15,20,28,4,15,19,27,3,17,Malaysia
Tanjung Pelepas,2020,21,5,75,113,22,12,74,113,22,12,77,115,21,10,77,116,21,11,36,55,19,5,37,57,19,12,38,58,19,11,38,60,19,13,24,39,21,18,23,36,22,15,24,37,21,11,24,37,21,11,15,19,30.86781481,20.40018519,14,19,31,7,15,19,28,6,15,19,27,5,17,Malaysia
Tanjung Pelepas,2020,22,5,70,115,22,10,74,115,22,12,76,115,21,10,77,116,21,11,32,54,18,6,36,57,19,11,37,58,19,11,38,59,19,12,24,40,21,18,24,38,22,18,25,38,21,13,24,38,21,13,14,21,29.8875,1.864920635,14,20,32,7,14,19,28,5,15,20,28,5,18,Malaysia
Tanjung Pelepas,2020,23,6,75,116,23,10,72,114,22,11,74,114,22,10,77,116,22,10,35,54,18,14,35,55,19,11,36,57,19,11,37,58,19,11,24,40,23,7,23,39,22,12,24,38,22,12,24,38,22,13,16,22,31.15600694,5.320086806,14,20,32,7,14,19,29,5,15,20,28,5,19,Malaysia
Tanjung Pelepas,2020,24,6,82,116,20,4,76,115,22,9,75,113,22,10,77,116,21,10,41,56,17,5,36,55,18,8,36,56,19,10,37,58,19,10,25,41,19,5,24,40,21,12,24,38,22,12,24,39,21,11,16,19,25.94895833,1.53234375,15,20,29,7,14,19,30,5,15,20,28,5,16,Malaysia
Tanjung Pelepas,2020,25,6,73,113,19,7,75,115,21,8,75,114,22,10,76,115,21,9,35,55,16,5,36,55,17,8,36,56,18,10,37,57,18,10,23,41,20,12,24,41,21,10,24,38,22,13,24,38,21,11,15,17,25.42424074,2.729407407,15,20,28,3,15,19,30,5,15,20,28,5,15,Malaysia
Tanjung Pelepas,2020,26,6,82,107,22,8,78,113,21,7,76,114,22,10,77,114,21,9,39,49,21,5,38,54,18,7,37,55,19,9,37,56,18,9,27,37,21,14,25,40,21,9,24,39,21,14,25,39,21,12,16,21,26.37776042,6.546788194,16,20,27,4,15,20,29,5,15,19,28,5,20,Malaysia
Tanjung Pelepas,2020,27,7,71,103,20,7,77,110,20,6,75,112,21,9,75,112,21,9,35,48,18,9,38,52,18,6,36,53,18,8,37,55,19,9,22,36,20,7,24,39,20,9,24,39,21,11,24,38,21,11,14,19,26.86176587,0.709781746,15,19,26,3,15,20,29,5,14,19,28,4,18,Malaysia
Tanjung Pelepas,2020,28,7,83,108,22,19,77,108,21,10,76,111,21,10,75,112,21,10,40,52,18,29,37,51,18,12,37,53,18,10,37,54,19,11,27,38,25,14,25,38,22,12,25,39,21,12,24,38,22,12,16,18,27.50463542,0.832361111,15,19,27,3,15,20,28,5,15,19,29,4,17,Malaysia
Tanjung Pelepas,2020,29,7,80,107,19,4,79,106,21,9,77,111,21,9,76,111,21,10,42,53,17,4,39,51,18,12,37,53,18,10,37,54,18,10,24,37,20,5,25,37,22,10,25,39,21,10,24,38,22,12,14,17,25.93751984,1.93406746,15,19,27,3,15,19,27,3,15,19,29,4,16,Malaysia
Tanjung Pelepas,2020,30,7,81,105,21,6,79,106,21,9,78,109,21,8,77,111,21,10,44,52,19,6,40,51,18,12,39,52,18,10,38,54,18,10,22,34,21,9,24,36,22,9,24,38,21,9,24,38,21,12,15,19,28.09535185,0.532037037,15,18,27,1,15,19,27,3,15,19,29,4,18,Malaysia
Tanjung Pelepas,2020,31,7,77,108,20,6,80,107,21,9,79,108,20,8,77,110,21,9,38,55,18,8,41,53,18,12,39,53,18,9,38,53,18,10,23,33,21,6,24,36,22,9,24,37,21,9,24,38,21,10,16,20,24.28935764,0.61875,15,19,26,1,15,19,26,2,15,19,28,4,19,Malaysia
Tanjung Pelepas,2020,32,8,72,106,20,7,78,107,20,6,77,107,21,8,77,110,21,8,34,50,18,10,40,53,18,7,38,52,18,10,38,53,18,9,25,38,21,5,24,36,21,6,24,37,21,9,24,38,21,10,13,18,26.57696581,3.236794872,15,19,26,2,15,19,26,2,15,19,27,4,17,Malaysia
Tanjung Pelepas,2020,33,8,82,109,22,5,78,107,21,6,79,107,21,8,77,109,21,8,39,53,20,7,39,53,18,8,39,52,18,10,38,53,18,9,25,36,23,6,24,35,21,7,24,36,22,8,24,38,21,9,18,20,27.07351852,1.314583333,16,19,27,1,15,19,27,2,15,19,27,2,18,Malaysia
Tanjung Pelepas,2020,34,8,75,101,23,11,77,106,21,7,78,106,21,8,78,108,21,8,40,53,21,11,38,53,19,9,39,52,18,10,39,53,18,9,22,32,24,17,24,35,22,9,24,36,22,9,24,37,22,9,13,16,27.75361111,0.384615385,15,19,26,1,15,18,27,1,15,19,27,2,16,Malaysia
Tanjung Pelepas,2020,35,8,81,106,24,17,78,106,22,10,79,106,21,9,78,107,21,8,42,58,22,30,39,54,20,14,40,53,19,13,39,53,19,11,24,31,24,4,24,34,23,8,24,35,22,8,24,36,22,9,15,17,30.97972222,3.183277778,15,18,28,2,15,18,27,2,15,18,27,2,16,Malaysia
Tanjung Pelepas,2020,36,9,77,113,24,7,79,107,23,10,78,107,22,8,78,107,21,9,34,53,23,7,39,54,21,13,39,53,19,10,39,53,19,11,25,37,22,10,24,34,23,10,24,35,22,8,24,36,22,9,18,23,29.15226852,3.538780864,16,19,29,2,15,19,27,2,15,19,27,2,20,Malaysia
Tanjung Pelepas,2020,37,9,79,110,23,7,78,108,24,11,78,107,22,8,78,107,22,9,40,54,20,6,39,55,21,13,39,54,20,10,39,53,19,11,23,34,26,11,24,34,24,11,24,34,22,9,24,35,22,9,16,22,27.25017361,3.608680556,16,20,29,3,16,19,28,2,15,19,27,2,20,Malaysia
Tanjung Pelepas,2020,38,9,76,110,25,5,78,110,24,9,77,108,23,8,78,107,22,8,42,59,25,6,40,56,22,12,39,54,21,10,39,53,20,11,20,33,25,4,23,34,24,8,23,34,23,8,24,35,23,8,14,18,27.43944444,3.737281746,16,20,29,4,15,19,28,2,15,19,27,2,16,Malaysia
Tanjung Pelepas,2020,39,9,89,123,26,14,80,114,25,8,79,110,23,9,79,109,23,9,38,58,24,19,39,56,23,9,39,55,21,12,39,54,20,12,31,41,28,16,25,36,25,10,24,35,24,9,24,35,23,9,20,24,26.87248611,1.105138889,17,22,28,3,16,20,28,3,16,19,27,2,20,Malaysia
Tanjung Pelepas,2020,40,9,74,121,23,13,80,116,25,10,79,112,24,10,79,110,23,9,41,63,22,16,40,59,23,12,40,56,22,13,40,55,21,11,17,38,27,14,23,37,26,11,23,35,25,11,23,35,23,9,16,20,24.89439236,5.686857639,17,21,27,4,16,20,28,3,16,20,27,2,17,Malaysia
Tanjung Pelepas,2020,41,10,73,106,28,20,78,115,26,13,78,111,25,12,78,110,23,10,30,54,21,23,38,59,23,16,38,57,22,15,39,55,21,12,26,34,31,22,24,37,28,14,24,35,26,12,24,35,24,11,17,18,34.61872549,11.70841503,17,20,28,6,16,20,29,4,16,20,28,3,17,Malaysia
Tanjung Pelepas,2020,42,10,83,122,28,23,80,118,26,17,79,114,25,13,78,111,24,11,39,58,26,35,37,58,23,23,38,57,23,18,38,56,21,15,24,38,28,18,25,38,28,18,24,36,26,13,24,35,25,11,20,26,33.00427778,4.775222222,18,22,30,6,17,21,29,5,16,20,28,4,21,Malaysia
Tanjung Pelepas,2020,43,10,79,125,24,12,77,119,26,17,79,116,25,13,78,113,24,12,35,61,23,12,36,59,23,21,37,58,23,15,38,56,22,15,28,42,24,10,24,38,27,16,24,37,26,13,24,36,25,12,16,22,29.20199653,13.29840278,17,22,30,9,17,22,29,6,16,20,29,5,18,Malaysia
Tanjung Pelepas,2020,44,10,67,113,29,13,76,117,27,17,78,116,26,13,78,113,25,12,29,52,23,11,33,56,23,20,37,57,23,16,37,56,22,15,21,36,28,23,25,38,28,18,24,37,27,15,24,36,26,13,17,25,40.325,4.10746732,18,23,34,8,17,22,30,6,17,21,30,5,22,Malaysia
Tanjung Pelepas,2020,45,11,79,117,27,17,77,119,27,16,78,117,26,15,78,114,25,13,34,51,22,21,34,56,23,20,36,57,23,18,37,56,23,16,29,42,29,17,26,40,27,17,25,38,27,16,24,37,26,14,16,24,35.69576389,8.213263889,17,24,35,8,17,22,32,7,17,21,31,5,21,Malaysia
Tanjung Pelepas,2020,46,11,85,120,25,16,78,119,26,14,79,118,26,16,79,116,26,14,44,56,23,22,36,55,23,16,36,57,23,20,37,56,23,17,27,44,24,11,26,41,26,15,25,39,27,16,25,38,26,13,14,20,32.06019841,4.19109127,16,23,34,7,17,22,32,7,17,22,31,6,17,Malaysia
Tanjung Pelepas,2020,47,11,74,116,24,6,76,117,26,13,77,118,26,15,78,116,26,13,32,57,22,9,35,54,22,16,36,57,23,19,37,56,23,15,25,40,25,7,26,41,27,14,25,39,27,15,25,38,26,14,17,19,27.42939542,1.060424837,16,22,34,4,17,22,32,7,17,22,31,5,16,Malaysia
Tanjung Pelepas,2020,48,11,80,115,26,8,80,117,26,12,78,117,27,14,78,117,26,13,40,55,25,9,38,55,23,15,35,56,23,18,37,57,23,16,23,37,25,9,26,41,26,11,25,39,27,15,25,38,27,14,17,23,33.07421569,2.615098039,16,22,32,4,17,22,33,6,17,22,31,5,20,Malaysia
Tanjung Pelepas,2020,49,12,79,114,27,7,80,116,26,9,78,118,26,13,78,117,26,13,34,53,25,9,38,55,24,12,36,55,23,16,37,56,23,16,26,36,27,7,25,39,25,9,25,39,26,13,25,38,27,13,19,25,30.71181287,3.10997076,17,22,31,3,17,23,33,5,17,22,31,5,22,Malaysia
Tanjung Pelepas,2020,50,12,87,119,24,9,80,116,26,7,79,117,26,11,79,118,26,13,43,55,22,12,37,55,23,10,36,55,23,13,37,56,23,16,27,40,26,8,25,38,26,8,26,40,26,12,25,39,27,14,17,24,28.47187908,0.773186275,18,23,30,2,17,23,32,5,17,23,31,5,20,Malaysia
Tanjung Pelepas,2020,51,12,85,113,27,12,83,115,26,9,80,116,26,11,79,117,26,13,41,57,24,13,40,55,24,11,37,55,23,13,37,56,23,16,24,32,28,16,25,36,26,10,25,38,26,12,25,38,27,14,20,24,32.31318056,5.876986111,18,24,31,3,17,23,33,4,17,23,32,5,21,Malaysia
Tanjung Pelepas,2020,52,12,74,105,27,8,81,113,26,9,80,115,26,10,79,115,26,12,33,48,25,11,38,53,24,11,38,54,23,13,36,55,23,15,27,39,25,8,26,37,26,10,26,39,26,10,26,38,27,13,14,18,34.25474206,4.304563492,18,23,31,4,17,22,32,4,17,22,33,5,17,Malaysia
Tanjung Pelepas,2020,53,12,37,65,24,3,71,101,25,8,75,108,26,9,76,112,26,11,16,33,24,4,33,48,24,10,35,52,24,11,35,53,24,14,10,17,22,4,22,32,25,9,24,36,25,9,24,37,26,12,11,15,24.04434343,1.068207071,16,20,30,3,16,21,30,3,17,22,32,4,23,Malaysia
Tanjung Pelepas,2021,1,1,89,122,25,17,71,101,26,10,76,109,26,9,76,112,26,11,45,62,23,24,34,50,24,13,36,53,24,11,36,53,23,13,26,39,25,15,22,32,25,11,24,35,25,9,24,37,26,11,18,21,32.56185185,5.49308642,16,20,31,4,17,21,30,3,16,22,32,5,17,Malaysia
Tanjung Pelepas,2021,2,1,77,117,22,12,69,102,25,10,76,109,25,9,76,111,26,11,43,65,19,16,34,52,23,13,37,54,23,12,36,54,23,13,22,32,26,9,21,32,24,9,23,34,25,10,24,36,26,11,12,20,26.54356481,1.593009259,14,19,29,3,16,21,30,3,16,22,31,4,17,Malaysia
Tanjung Pelepas,2021,3,1,78,115,24,10,70,105,24,11,76,109,25,10,77,112,25,10,37,58,22,14,35,55,22,14,37,54,23,13,37,54,23,14,22,34,25,10,20,31,25,10,23,34,25,10,24,36,26,10,19,23,26.82309942,0.958391813,15,20,27,2,16,21,29,3,16,21,30,3,20,Malaysia
Tanjung Pelepas,2021,4,1,77,115,25,7,80,117,24,11,76,109,25,10,77,111,25,10,38,57,24,10,41,61,22,16,37,54,23,13,37,55,23,13,24,36,23,3,24,35,25,9,23,34,25,9,24,36,25,9,15,22,30.78544444,4.187333333,16,22,29,3,16,21,29,3,16,21,30,3,19,Malaysia
Tanjung Pelepas,2021,5,1,76,107,24,6,77,114,24,9,74,107,25,9,76,110,25,9,36,51,22,9,39,58,22,12,36,54,23,13,37,54,23,12,23,36,24,6,23,35,24,7,22,33,25,9,23,35,25,9,17,20,28.1294281,0.939264706,16,21,28,2,16,20,29,3,16,21,30,3,19,Malaysia
Tanjung Pelepas,2021,6,2,95,124,24,10,82,115,24,8,75,109,24,9,78,111,25,9,55,69,22,14,42,59,22,12,38,55,23,13,38,55,23,12,21,31,23,8,23,34,24,7,22,33,24,8,23,34,25,9,19,24,29.41641813,1.963450292,18,22,29,2,16,20,29,3,17,22,30,3,19,Malaysia
Tanjung Pelepas,2021,7,2,88,121,26,15,84,117,25,10,77,111,24,10,79,111,25,10,45,64,22,20,44,60,22,13,39,57,22,14,39,56,23,13,27,36,27,15,24,35,24,8,22,33,24,9,23,34,25,9,16,21,33.77263889,3.149583333,17,22,31,3,16,21,29,2,16,21,30,3,17,Malaysia
Tanjung Pelepas,2021,8,2,83,124,26,23,86,119,25,14,83,118,25,13,79,112,25,11,41,66,24,29,44,63,22,18,43,62,22,17,39,57,23,15,21,33,24,33,23,34,24,16,23,35,25,13,23,34,25,11,21,25,34.08974868,2.421322751,18,23,31,2,17,22,30,3,17,21,30,3,20,Malaysia
Tanjung Pelepas,2021,9,2,81,124,24,13,87,123,25,16,82,118,24,12,78,113,25,12,37,64,22,21,45,66,23,21,42,62,22,17,39,58,23,15,28,37,24,9,24,34,24,16,24,34,24,12,23,34,25,11,16,23,28.21395833,4.360920139,18,23,31,3,17,22,30,2,17,21,30,3,19,Malaysia
Tanjung Pelepas,2021,10,3,85,132,23,11,84,125,25,16,83,120,24,12,78,114,24,11,46,71,21,11,42,66,22,20,42,63,22,16,39,59,23,15,25,42,21,11,25,37,24,17,24,36,24,12,23,34,24,11,14,19,31.56978175,10.94577381,17,22,32,5,17,22,30,4,16,21,30,3,14,Malaysia
Tanjung Pelepas,2021,11,3,76,121,22,5,81,125,24,13,83,121,24,11,79,116,24,11,35,61,19,6,40,66,22,17,42,63,22,15,40,60,22,15,24,38,21,4,25,38,22,14,24,36,23,11,23,34,24,11,17,22,27.51771242,5.659885621,17,22,30,6,17,22,30,4,16,21,29,4,18,Malaysia
Tanjung Pelepas,2021,12,3,75,110,25,9,79,122,23,10,82,120,24,12,82,119,24,12,38,55,25,12,39,63,22,12,42,63,22,15,41,62,22,15,20,32,21,9,24,37,22,8,24,36,23,12,24,36,24,11,17,23,31.76109477,2.395245098,16,22,30,6,17,22,31,4,17,22,30,4,21,Malaysia
Tanjung Pelepas,2021,13,3,80,117,25,10,79,120,24,9,83,122,24,12,81,119,24,11,41,59,24,14,40,62,22,11,42,64,22,16,41,62,22,15,25,39,23,10,24,38,22,8,24,36,23,12,24,36,23,11,14,19,33.83468254,0.728690476,16,21,31,5,17,22,31,4,16,22,30,3,16,Malaysia
Tanjung Pelepas,2021,14,3,83,119,24,15,79,117,24,10,81,121,24,13,81,119,24,11,42,61,23,21,39,59,23,13,41,63,22,17,41,61,22,15,26,39,24,12,24,37,22,9,25,37,23,13,24,36,23,11,15,19,29.61042593,3.764666667,16,21,31,3,16,21,31,4,17,22,30,3,16,Malaysia
Tanjung Pelepas,2021,15,4,75,112,29,17,78,115,26,13,80,120,25,13,81,119,25,12,41,61,26,21,41,59,24,17,40,62,23,17,41,62,23,16,23,33,29,13,24,36,24,11,24,37,23,13,24,36,24,11,11,18,38.25853535,7.721414141,14,20,33,4,16,21,32,5,16,21,31,4,16,Malaysia
Tanjung Pelepas,2021,16,4,73,114,31,31,78,116,27,18,79,119,25,14,81,119,25,14,34,61,28,42,40,61,25,24,39,62,23,18,41,62,23,18,24,33,30,30,25,36,26,16,24,37,24,12,24,36,24,13,15,20,39.22307407,8.674444444,14,19,35,5,15,20,32,6,16,21,32,4,18,Malaysia
Tanjung Pelepas,2021,17,4,70,118,30,32,75,116,29,24,77,118,26,16,80,120,26,16,30,55,28,41,37,60,26,31,38,61,24,21,40,62,24,21,25,42,29,38,25,37,28,23,24,37,25,16,24,36,25,16,15,21,38.04614815,2.705537037,14,20,36,6,15,20,34,5,16,21,33,5,18,Malaysia
Tanjung Pelepas,2021,18,4,71,115,34,38,72,115,31,29,75,116,28,20,78,119,27,18,28,52,32,48,33,57,29,38,36,58,26,26,38,61,25,24,24,42,34,42,24,38,30,31,24,37,26,20,24,37,25,19,19,21,38.04302632,17.88754386,15,20,38,9,15,20,35,6,16,21,34,6,18,Malaysia
Tanjung Pelepas,2021,19,5,69,123,29,22,71,118,31,31,75,116,28,22,77,119,27,19,32,54,28,28,31,56,29,40,36,57,27,28,37,60,25,24,20,45,26,28,23,41,30,34,23,38,27,23,24,38,25,20,17,24,33.21374183,3.915882353,17,22,37,8,15,21,35,6,16,21,34,6,20,Malaysia
Tanjung Pelepas,2021,20,5,71,110,29,13,70,117,30,26,74,116,29,22,76,118,27,18,30,50,29,13,30,53,29,33,35,57,27,28,36,59,25,23,25,40,24,17,24,42,28,31,24,39,27,24,24,39,25,19,16,20,34.43170139,7.484704861,17,22,36,8,15,20,36,7,16,21,34,6,18,Malaysia
Tanjung Pelepas,2021,21,5,75,115,28,11,72,116,30,21,73,116,29,22,75,117,27,18,36,53,27,12,32,52,29,26,34,56,28,28,36,58,26,22,23,37,25,7,23,41,27,24,24,39,27,23,24,39,26,18,16,25,33.92184028,13.67652778,17,23,35,11,16,21,36,8,16,21,34,7,22,Malaysia
Tanjung Pelepas,2021,22,5,72,108,27,7,72,114,28,13,72,114,30,21,74,115,28,18,39,57,25,7,34,54,27,15,34,55,28,27,36,57,26,22,20,32,25,4,22,39,25,14,23,38,28,23,23,38,26,18,13,19,34.13089744,10.54034188,16,22,34,9,15,21,36,9,15,21,34,7,18,Malaysia
Tanjung Pelepas,2021,23,6,86,110,23,7,76,111,27,10,73,114,29,20,75,114,28,18,47,55,22,6,38,54,26,10,35,55,27,25,37,56,26,22,21,32,23,13,22,35,24,10,23,38,27,22,23,37,26,19,18,23,25.97898148,3.935185185,16,22,32,9,16,22,35,9,16,21,34,7,21,Malaysia
Tanjung Pelepas,2021,24,6,71,103,23,5,76,109,25,7,73,113,28,17,75,114,28,17,37,52,21,4,40,54,24,7,35,54,27,20,36,56,26,21,19,31,20,8,21,33,23,8,22,38,26,20,23,37,26,19,15,20,31.9737037,2.734037037,16,22,32,8,16,22,34,8,15,21,34,7,19,Malaysia
Tanjung Pelepas,2021,25,6,85,115,28,16,79,109,25,9,75,112,27,15,75,114,28,18,42,58,27,20,41,56,24,9,36,54,26,17,37,56,26,22,25,35,26,11,21,33,24,9,22,37,25,16,23,37,26,19,18,22,31.87146605,16.43484568,16,21,31,8,17,22,33,10,16,21,34,8,19,Malaysia
Tanjung Pelepas,2021,26,6,74,109,26,20,79,109,25,12,75,112,27,13,74,113,28,18,35,52,25,28,40,54,24,15,37,54,25,15,36,55,27,23,22,35,27,19,22,33,24,12,22,36,25,13,23,36,26,19,17,22,27.64939542,5.797908497,17,22,29,7,16,22,32,8,16,21,34,8,20,Malaysia
Tanjung Pelepas,2021,27,6,78,118,28,12,77,111,26,13,77,111,26,11,75,113,28,18,38,59,26,16,38,55,25,17,38,55,25,13,36,55,27,22,20,32,26,7,22,33,25,11,22,34,25,11,22,36,26,19,20,27,34.48119444,8.195638889,18,23,31,8,17,22,32,9,17,22,34,8,23,Malaysia
Tanjung Pelepas,2021,28,7,84,122,24,10,80,116,27,15,78,113,26,11,76,114,27,16,39,54,24,13,39,56,25,19,39,55,25,13,36,54,26,20,28,42,23,11,24,36,26,12,22,35,25,10,23,37,26,17,17,26,25.76877451,2.505653595,18,24,30,8,17,23,31,8,17,23,32,8,21,Malaysia
Tanjung Pelepas,2021,29,7,87,130,22,12,81,120,25,14,80,114,25,11,77,115,27,14,47,66,20,10,40,58,24,17,41,57,24,13,38,55,26,17,25,40,23,23,24,37,25,15,23,35,24,12,23,37,25,16,15,24,27.51562963,1.261685185,17,25,29,4,17,23,30,6,17,23,32,8,18,Malaysia
Tanjung Pelepas,2021,30,7,73,116,24,5,81,122,25,10,80,115,25,11,77,115,26,12,42,64,22,6,42,61,23,11,41,58,23,13,39,56,25,14,17,33,24,5,23,37,24,12,22,35,24,12,22,36,24,13,14,19,31.41257937,2.208174603,17,24,30,4,17,23,30,5,16,23,31,7,16,Malaysia
Tanjung Pelepas,2021,31,7,67,108,26,11,78,119,24,10,77,115,25,12,77,114,26,11,32,57,24,15,40,60,22,11,39,58,23,14,39,56,24,12,20,31,25,7,23,37,24,12,22,35,24,11,22,35,24,11,15,20,33.96096296,8.879907407,15,22,30,4,16,23,31,6,16,22,31,7,19,Malaysia
Tanjung Pelepas,2021,32,8,84,113,25,11,78,117,24,10,79,116,25,12,78,114,25,11,48,68,24,15,42,64,22,11,40,60,24,15,40,58,24,13,22,26,25,7,21,33,24,11,22,34,25,11,22,34,24,10,14,19,27.83767857,3.653095238,15,21,30,4,16,22,30,6,16,22,31,7,17,Malaysia
Tanjung Pelepas,2021,33,8,74,112,26,10,75,112,25,9,78,116,25,12,78,114,25,11,30,51,25,19,38,60,24,14,39,59,24,15,40,58,24,13,26,35,21,6,21,31,24,6,23,34,24,11,22,34,24,10,18,26,32.64126543,2.592962963,15,21,31,4,16,23,30,4,16,22,30,6,23,Malaysia
Tanjung Pelepas,2021,34,8,74,108,23,10,75,110,25,11,78,116,25,10,78,114,25,11,31,48,22,14,35,56,24,16,38,58,23,13,39,57,23,14,30,41,23,10,25,33,23,8,24,35,24,10,23,34,24,11,13,19,26.92638889,1.613888889,15,21,30,4,16,23,30,4,16,22,30,5,18,Malaysia
Tanjung Pelepas,2021,35,8,70,99,21,12,76,108,24,11,77,114,24,10,77,113,25,11,36,45,19,10,36,53,23,14,38,57,22,13,38,56,23,14,17,31,20,12,24,33,22,9,23,35,23,10,23,34,24,11,17,23,24.60351307,16.46099673,16,22,28,6,15,22,29,5,16,22,30,6,23,Malaysia
Tanjung Pelepas,2021,36,9,71,102,26,18,72,105,24,13,75,111,24,11,77,113,25,12,42,56,22,14,35,50,22,14,39,57,22,13,39,57,23,15,18,27,28,33,23,34,23,15,22,33,24,13,23,34,24,13,11,19,38.0214899,7.556414141,15,22,31,7,15,21,30,6,16,22,30,6,19,Malaysia
Tanjung Pelepas,2021,37,9,73,102,25,7,72,103,24,12,73,108,24,11,76,112,25,12,33,49,23,12,36,50,22,13,37,55,23,13,38,56,23,14,22,31,24,4,22,33,24,15,22,32,24,11,22,34,24,12,18,22,27.85476852,2.31566358,15,21,29,7,15,21,30,6,16,22,30,5,22,Malaysia
Tanjung Pelepas,2021,38,9,76,101,30,15,73,101,25,13,74,106,25,12,76,111,25,11,36,46,29,20,37,49,23,14,36,53,23,15,38,55,23,14,21,29,28,13,20,30,25,16,22,31,24,12,22,33,24,12,19,26,34.4496345,6.917997076,16,23,31,8,16,22,31,6,16,23,30,5,26,Malaysia
Tanjung Pelepas,2021,39,9,75,111,29,19,74,104,27,15,75,106,25,13,76,110,25,12,36,56,27,25,37,52,25,18,37,52,24,16,38,55,23,14,27,36,29,14,22,31,27,16,23,32,25,13,23,34,24,12,12,19,36.23280093,8.463194444,15,22,34,6,15,22,31,6,15,22,31,5,17,Malaysia
Tanjung Pelepas,2021,40,10,76,115,31,27,75,107,29,17,74,106,26,15,75,110,26,13,33,54,33,38,35,51,28,24,35,51,25,19,37,55,24,17,27,41,30,27,24,34,28,15,24,34,25,15,23,33,25,14,16,20,32.36536458,3.696423611,16,22,33,5,16,22,32,6,15,21,31,5,17,Malaysia
Tanjung Pelepas,2021,41,10,67,104,32,33,74,108,31,23,73,105,27,18,73,108,26,15,30,47,31,47,34,51,30,33,35,50,26,23,36,53,25,20,25,38,32,29,25,36,30,21,23,34,27,18,23,33,26,14,12,19,35.85902778,5.728587963,15,21,35,6,15,21,32,7,15,21,32,6,18,Malaysia
Tanjung Pelepas,2021,42,10,74,111,32,40,73,110,31,30,73,106,28,21,73,107,27,18,31,48,32,50,33,51,31,40,35,50,27,27,35,52,26,23,23,40,32,47,26,39,31,29,23,34,28,22,23,34,26,18,20,23,31.67593056,16.79813889,15,20,34,9,16,21,33,8,15,21,32,7,21,Malaysia
Tanjung Pelepas,2021,43,10,74,115,32,38,73,111,32,35,73,108,30,25,74,108,28,20,35,52,32,62,32,50,32,49,35,51,29,34,35,52,27,27,24,40,30,24,25,40,31,32,23,35,29,24,24,35,27,19,15,23,34.65172222,5.180055556,16,21,34,8,15,21,34,7,15,22,32,7,20,Malaysia
Tanjung Pelepas,2021,44,10,64,120,29,27,70,113,31,35,72,110,30,26,72,108,28,21,30,60,24,38,32,52,30,49,33,52,29,37,34,51,27,29,20,38,31,23,23,39,31,31,24,37,29,23,23,36,27,20,14,22,34.82890873,9.698174603,15,22,34,9,16,22,33,7,15,22,33,7,18,Malaysia
Tanjung Pelepas,2021,45,11,67,118,28,28,70,116,30,33,72,112,30,28,72,109,28,23,27,55,30,40,31,54,30,47,32,52,30,40,33,51,27,31,24,43,27,25,23,40,30,30,24,38,30,25,23,36,28,22,16,20,26.60225694,9.91359375,16,22,32,10,16,22,33,8,15,21,32,8,17,Malaysia
Tanjung Pelepas,2021,46,11,74,110,28,40,70,116,29,33,71,113,30,31,72,109,29,25,38,53,29,65,33,55,29,51,33,53,30,46,34,52,28,35,23,37,23,20,23,40,28,23,24,39,29,26,23,36,28,23,13,20,33.54130342,3.080021368,15,21,32,7,15,21,33,8,15,21,33,8,18,Malaysia
Tanjung Pelepas,2021,47,11,62,104,30,38,67,113,29,33,70,112,30,34,71,109,29,27,27,50,28,51,31,55,28,49,31,52,30,49,33,52,28,39,22,35,28,39,22,38,27,27,24,39,29,29,23,36,29,25,13,19,34.13858974,7.367371795,14,20,32,8,15,21,33,8,15,21,33,7,18,Malaysia
Tanjung Pelepas,2021,48,11,61,105,29,18,66,109,29,31,68,111,30,33,70,110,30,27,24,48,27,21,29,52,29,44,30,52,29,47,32,52,29,39,24,40,28,21,23,39,27,27,23,39,29,29,24,37,29,24,13,17,31.2525,5.661047009,14,19,31,7,15,20,33,8,15,21,33,7,16,Malaysia
Tanjung Pelepas,2021,49,12,70,100,29,15,67,105,29,28,68,110,30,30,70,110,30,28,27,40,30,15,29,48,29,38,30,51,29,43,31,51,29,39,25,38,28,20,24,38,27,25,23,39,29,27,24,38,29,25,18,22,28.58384259,6.627052469,14,20,32,6,15,21,32,8,15,21,33,7,22,Malaysia
Tanjung Pelepas,2021,50,12,81,112,28,18,69,105,29,22,69,111,29,28,70,110,30,28,40,52,26,19,30,48,28,27,31,51,28,39,32,51,29,39,25,40,28,21,24,38,28,25,23,39,28,24,24,39,29,26,16,20,30.67480903,10.04934028,15,20,31,7,15,20,32,7,15,20,33,8,18,Malaysia
Tanjung Pelepas,2021,51,12,60,104,31,18,68,105,29,17,67,109,29,25,69,110,30,28,23,43,34,28,29,46,29,21,30,50,29,35,30,50,30,40,22,41,29,18,24,40,29,20,23,39,28,23,24,39,29,26,15,20,30.47037037,2.682944444,16,20,30,6,15,20,31,7,15,20,32,7,19,Malaysia
Tanjung Pelepas,2021,52,12,38,78,24,18,62,99,28,17,64,104,28,24,66,107,29,27,16,34,23,27,27,42,28,22,28,47,29,33,29,49,29,39,12,28,24,17,21,37,27,19,22,38,27,23,22,38,28,25,10,16,25.69866667,4.337694444,15,20,29,6,14,19,30,6,15,20,31,7,21,Malaysia
Tanjung Pelepas,2021,53,12,54,54,27,18,58,87,27,18,63,96,28,23,65,103,29,26,24,24,28,24,26,38,28,24,27,43,28,31,29,47,29,37,18,18,23,21,19,32,26,19,21,35,26,22,22,37,28,25,12,12,30.23844907,2.356550926,13,17,29,5,14,18,31,5,15,20,31,7,22,Malaysia
Tanjung Pelepas,2022,1,1,68,104,27,25,55,85,27,20,62,95,28,21,64,102,28,25,31,48,25,30,24,37,28,27,27,42,28,27,29,47,28,35,22,36,29,32,19,31,26,22,21,35,27,24,22,36,27,23,15,20,27.67924074,2.592444444,13,17,29,3,14,18,30,5,14,19,31,6,19,Malaysia
Tanjung Pelepas,2022,2,1,80,113,27,23,60,87,26,21,64,96,28,19,65,102,28,24,37,51,24,35,27,39,25,29,28,43,27,25,29,47,27,33,26,40,25,17,20,31,25,22,22,35,27,21,22,36,27,23,17,22,33.38222222,6.97879085,14,18,29,4,15,19,30,5,14,19,31,6,19,Malaysia
Tanjung Pelepas,2022,3,1,75,117,26,10,69,97,26,19,66,98,27,18,66,102,28,22,36,56,25,18,32,45,26,26,29,44,27,24,29,46,28,31,19,35,23,5,21,32,25,19,21,35,26,19,22,36,26,21,20,26,28.31125,2.002569444,16,20,30,3,15,20,29,5,15,20,30,5,22,Malaysia
Tanjung Pelepas,2022,4,1,73,107,24,9,74,110,26,17,66,99,27,17,66,101,27,21,37,56,24,12,35,53,25,24,31,46,26,24,30,46,27,29,21,31,25,8,22,36,26,16,21,34,26,17,22,35,26,20,15,20,25.36142593,0.537796296,17,22,29,3,15,20,29,4,15,20,30,5,19,Malaysia
Tanjung Pelepas,2022,5,1,67,97,22,4,74,109,25,12,64,97,26,16,66,100,27,18,30,49,22,7,35,53,24,18,29,45,26,23,29,46,26,24,22,28,21,2,22,34,23,8,20,32,25,15,22,34,26,18,15,20,24.69987037,2.550666667,17,22,28,3,15,20,28,3,15,20,29,4,21,Malaysia
Tanjung Pelepas,2022,6,2,88,118,24,10,76,110,24,8,68,99,25,15,68,101,26,15,44,60,23,13,37,55,24,13,32,47,24,21,31,47,26,21,29,38,22,10,23,33,23,6,21,32,24,14,22,34,25,16,15,20,30.66809259,2.73162963,16,22,27,2,15,20,28,3,15,20,29,4,17,Malaysia
Tanjung Pelepas,2022,7,2,68,107,21,7,74,107,23,8,72,102,25,13,69,101,26,15,33,56,20,3,36,55,22,9,34,50,24,18,32,47,25,19,20,32,18,8,23,32,21,7,22,32,23,13,22,34,25,15,15,19,25.15322222,14.87742593,15,20,26,5,16,20,28,4,15,20,28,5,18,Malaysia
Tanjung Pelepas,2022,8,2,64,95,21,5,72,104,22,7,73,107,24,12,68,101,25,14,33,50,22,7,35,54,22,8,35,53,23,16,32,48,25,19,18,28,17,4,22,32,20,6,22,34,23,11,21,33,24,14,13,17,25.02412393,2.744722222,15,19,26,6,16,21,28,4,15,19,28,5,18,Malaysia
Tanjung Pelepas,2022,9,2,81,111,21,20,75,108,22,11,75,108,23,11,68,100,25,14,42,61,20,27,38,57,21,13,37,55,23,15,32,49,24,19,26,32,22,17,23,33,20,10,23,33,22,9,21,32,23,13,13,18,24.52111111,3.986004274,14,19,26,6,15,20,27,5,15,19,28,4,16,Malaysia
Tanjung Pelepas,2022,10,3,80,122,23,7,73,109,22,10,75,109,23,9,70,102,24,13,40,60,23,9,37,57,21,12,37,56,22,12,34,50,23,18,28,43,21,6,23,34,20,9,23,33,21,7,22,32,23,12,12,19,26.73502315,2.25412037,13,18,25,6,15,20,26,4,14,19,27,4,16,Malaysia
Tanjung Pelepas,2022,11,3,76,106,22,6,75,109,22,10,75,108,22,9,73,104,24,12,39,58,19,6,39,57,21,12,37,56,22,11,36,52,23,16,20,28,24,9,23,33,21,9,23,33,21,8,22,32,23,12,17,20,25.19973856,1.838562092,14,19,25,3,14,19,26,4,15,19,27,4,19,Malaysia
Tanjung Pelepas,2022,12,3,69,98,23,7,77,109,22,10,74,107,22,8,74,108,23,11,33,50,23,6,39,57,21,12,37,56,21,10,36,55,22,14,20,27,22,6,24,33,23,9,23,32,21,8,23,33,23,10,16,21,24.48378472,11.39453125,15,20,25,5,15,19,26,5,15,20,27,5,21,Malaysia
Tanjung Pelepas,2022,13,3,77,105,24,6,76,108,23,7,75,108,22,9,75,108,23,10,42,55,22,9,39,56,22,7,38,56,22,10,37,55,22,13,23,32,24,5,23,33,23,6,23,33,22,8,23,33,22,8,12,18,27.81194444,2.696574074,14,20,26,5,14,19,26,5,15,20,27,5,17,Malaysia
Tanjung Pelepas,2022,14,3,76,106,24,9,75,104,23,7,74,106,22,8,75,107,23,8,35,53,22,11,37,54,22,8,37,55,21,10,37,55,22,11,26,36,24,9,22,31,24,7,23,32,22,8,23,33,22,7,15,17,26.34251852,1.490481481,15,19,26,4,14,19,26,5,15,20,26,4,16,Malaysia
Tanjung Pelepas,2022,15,4,70,109,27,11,73,105,24,8,74,107,23,9,74,107,23,9,32,56,25,12,36,54,23,10,37,55,22,11,37,55,22,10,19,31,26,16,22,32,24,9,23,32,23,9,23,32,22,8,19,22,29.98865497,3.829298246,16,20,27,5,15,19,26,4,15,19,26,4,20,Malaysia
Tanjung Pelepas,2022,16,4,81,111,25,5,76,108,25,8,76,109,24,9,75,107,23,8,39,55,24,5,37,55,24,9,38,56,22,11,37,55,22,10,26,35,24,6,24,34,25,9,24,33,24,9,23,33,22,8,16,21,28.03052083,3.958246528,16,20,28,3,15,20,27,4,15,19,27,5,19,Malaysia
Tanjung Pelepas,2022,17,4,64,94,25,8,73,105,25,8,74,106,24,7,75,107,23,9,37,50,23,8,36,54,24,9,37,55,23,8,37,55,22,10,17,27,28,14,22,32,26,11,22,32,24,9,23,32,23,9,10,17,27.93675,0.718888889,15,19,28,2,15,19,27,4,14,19,27,4,18,Malaysia
Tanjung Pelepas,2022,18,4,88,114,24,13,76,107,25,9,75,105,24,8,75,107,23,9,43,58,25,15,38,55,25,10,38,54,23,9,37,55,22,10,26,34,22,14,22,32,25,13,22,31,24,10,22,32,23,10,19,22,26.53745614,5.198011696,16,21,28,3,16,20,27,4,15,19,26,5,19,Malaysia
Tanjung Pelepas,2022,19,5,74,112,25,12,77,108,25,10,75,106,25,9,75,107,24,9,33,55,23,17,38,55,24,11,37,54,24,10,37,55,23,11,25,37,27,12,24,33,25,12,23,32,25,10,23,33,24,10,16,20,28.58390625,0.982552083,15,20,28,3,15,20,27,4,15,19,27,3,18,Malaysia
Tanjung Pelepas,2022,20,5,70,108,25,10,74,107,25,11,75,107,25,9,76,108,24,10,39,58,23,12,38,55,24,13,38,55,24,11,38,56,23,11,18,31,25,11,22,32,25,13,23,33,25,11,23,33,24,11,13,19,32.03403846,5.171260684,15,20,29,3,15,20,28,3,15,20,27,4,18,Malaysia
Tanjung Pelepas,2022,21,5,71,101,24,6,76,109,25,10,74,107,25,9,75,107,24,8,39,55,23,7,39,57,23,13,37,55,24,11,38,55,23,10,20,29,24,4,22,33,24,11,22,33,25,11,22,33,24,9,12,17,28.60613426,6.343657407,15,20,29,4,15,19,29,3,15,19,28,4,17,Malaysia
Tanjung Pelepas,2022,22,5,87,112,21,6,76,108,24,9,76,108,25,9,75,106,24,8,48,59,20,7,40,57,22,11,39,56,23,10,38,55,23,10,28,36,21,5,23,33,24,8,22,33,25,10,22,32,24,9,11,17,26.34479798,0.575075758,13,18,29,3,15,19,29,3,15,19,28,4,15,Malaysia
Tanjung Pelepas,2022,23,6,75,105,24,6,76,107,24,7,76,107,24,8,75,106,24,8,43,60,23,6,42,58,22,8,40,56,23,10,39,55,23,10,15,26,24,9,20,31,23,7,22,32,24,10,22,32,24,9,17,19,26.27653595,2.384542484,13,18,28,4,14,19,28,3,15,19,28,4,18,Malaysia
Tanjung Pelepas,2022,24,6,84,115,25,10,79,108,24,7,77,108,24,9,76,108,24,9,40,59,22,12,43,58,22,8,40,57,23,11,39,56,23,10,28,35,24,10,23,32,23,7,22,32,24,10,23,32,24,10,16,21,32.93862847,3.519947917,14,19,29,3,14,19,29,3,15,19,28,3,18,Malaysia
Tanjung Pelepas,2022,25,6,72,111,23,6,80,111,23,7,78,110,24,9,76,108,24,8,37,58,23,8,42,59,22,8,40,58,23,11,39,56,23,10,24,37,20,4,24,34,22,7,23,33,23,9,23,33,24,10,11,16,27.09252525,0.603409091,14,18,28,2,14,19,29,3,15,19,28,3,14,Malaysia
Tanjung Pelepas,2022,26,6,85,113,27,16,79,111,25,9,77,110,24,9,77,109,25,9,42,57,25,21,41,59,24,12,40,58,23,11,39,57,23,11,27,38,26,17,24,34,24,10,23,34,24,9,23,33,24,10,16,18,29.83810764,2.578194444,15,19,29,2,14,18,29,3,15,19,29,3,16,Malaysia
Tanjung Pelepas,2022,27,6,70,102,27,16,78,110,25,12,77,108,24,9,77,108,25,9,36,55,25,23,39,57,24,16,41,58,23,12,40,57,23,12,18,27,29,15,24,34,25,11,22,32,24,9,23,33,24,10,16,20,29.68588542,3.175798611,15,19,30,2,14,18,29,3,14,19,29,3,20,Malaysia
Tanjung Pelepas,2022,28,7,86,113,25,18,78,110,25,14,79,109,24,10,77,108,25,11,48,64,24,17,41,59,24,17,42,58,23,12,40,57,23,13,25,32,22,29,24,34,24,16,23,33,24,12,23,32,24,12,13,17,32.99854701,3.85482906,14,18,30,3,14,18,29,3,14,19,29,3,15,Malaysia
Tanjung Pelepas,2022,29,7,79,115,28,15,80,111,27,16,80,111,25,12,78,110,25,11,36,58,27,14,41,59,25,18,41,59,24,13,40,58,24,13,23,34,26,22,23,33,26,21,24,33,24,14,23,33,24,13,20,23,33.34759722,8.815916667,16,20,31,5,15,19,30,3,15,19,30,4,20,Malaysia
Tanjung Pelepas,2022,30,7,84,119,27,20,80,112,27,17,79,112,26,13,78,111,25,12,40,53,26,30,40,58,25,21,40,58,24,16,40,58,24,14,24,39,25,20,23,33,25,21,23,34,24,16,23,33,24,13,20,27,29.89176389,3.014722222,17,22,31,5,16,20,30,3,15,20,30,3,23,Malaysia
Tanjung Pelepas,2022,31,7,84,124,26,17,83,118,26,18,81,114,26,15,79,112,25,12,43,62,24,23,42,59,25,21,40,58,25,18,41,58,24,15,26,40,26,14,25,36,25,21,24,35,25,16,23,34,24,13,15,22,29.07244444,5.20237037,17,22,31,5,16,21,31,4,15,20,30,4,18,Malaysia
Tanjung Pelepas,2022,32,8,79,126,28,14,82,121,27,17,80,115,26,15,80,113,25,12,42,69,25,18,40,61,26,21,41,60,25,19,41,59,24,15,21,37,28,10,24,38,26,16,24,36,25,16,23,34,25,13,16,20,33.65086806,6.668559028,18,23,31,6,16,20,31,4,15,20,30,4,16,Malaysia
Tanjung Pelepas,2022,33,8,82,119,26,14,82,122,26,16,81,116,26,16,81,115,25,13,41,61,23,16,42,61,25,22,41,60,25,20,41,60,24,16,25,36,26,17,24,38,26,15,24,35,26,18,24,35,25,14,16,22,32.88081597,5.745260417,17,23,31,5,17,21,31,5,16,20,30,4,18,Malaysia
Tanjung Pelepas,2022,34,8,73,116,24,8,80,121,26,13,80,117,26,15,79,115,26,13,39,62,22,13,41,64,24,18,41,61,24,19,41,60,24,17,19,31,23,3,23,36,26,11,23,35,26,16,23,34,25,14,15,23,28.1877963,2.592925926,16,22,31,5,16,22,31,5,16,21,30,4,20,Malaysia
Tanjung Pelepas,2022,35,8,72,98,23,4,77,115,25,10,80,116,26,14,79,114,26,13,33,46,21,7,39,60,23,13,40,59,24,17,40,59,24,17,25,33,23,3,23,34,25,9,24,35,25,15,24,35,25,14,14,19,26.68839286,1.367718254,15,21,30,4,16,22,31,5,16,21,31,4,19,Malaysia
Tanjung Pelepas,2022,36,8,85,111,21,16,78,111,24,11,80,116,25,14,79,114,25,14,49,61,20,9,41,58,22,11,40,59,24,16,41,59,24,16,25,35,22,36,24,34,23,15,24,36,25,16,24,35,25,16,11,15,25.94825758,0.272727273,14,20,28,2,16,21,30,4,15,20,30,4,14,Malaysia
Tanjung Pelepas,2022,37,9,81,113,22,9,78,110,23,9,80,116,25,13,80,114,25,14,39,57,20,12,40,57,21,10,41,59,23,16,41,59,24,17,27,37,22,10,24,34,22,13,24,36,24,14,24,35,25,16,15,19,27.5797963,1.530166667,14,19,27,1,15,21,29,3,16,20,30,4,17,Malaysia
Tanjung Pelepas,2022,38,9,82,128,22,16,80,113,22,11,80,117,24,12,80,115,25,14,45,65,21,25,42,57,21,13,41,60,22,15,41,59,23,17,23,42,21,5,25,37,22,14,24,36,24,12,23,35,24,15,14,21,27.60061508,3.838571429,14,19,27,2,15,20,29,3,15,21,30,4,16,Malaysia
Tanjung Pelepas,2022,39,9,80,117,22,12,82,117,22,13,79,116,24,12,81,117,24,14,43,61,21,17,44,61,21,16,41,60,22,15,42,60,23,17,22,34,23,9,24,37,22,15,23,36,23,12,24,36,24,15,15,22,26.70096296,3.750740741,14,19,27,2,15,20,29,3,15,21,30,4,19,Malaysia
Tanjung Pelepas,2022,40,9,81,121,21,12,81,120,22,13,80,115,23,12,80,117,24,13,43,64,19,16,43,62,20,18,42,60,21,14,41,60,22,17,21,35,20,11,23,37,22,9,23,35,23,12,23,36,24,13,17,22,25.61763072,3.060081699,15,21,27,3,15,20,28,3,16,21,29,4,18,Malaysia
Tanjung Pelepas,2022,41,10,82,115,23,11,81,120,22,13,80,115,22,11,80,117,24,13,39,57,21,15,43,62,20,18,41,59,21,14,41,60,22,17,25,36,22,11,23,37,22,9,23,35,22,11,24,36,23,13,18,22,27.00516975,1.547623457,16,22,27,3,15,20,27,2,16,21,28,3,19,Malaysia
Tanjung Pelepas,2022,42,10,74,111,20,14,79,116,21,12,80,114,22,12,80,117,23,12,45,60,18,15,43,61,19,16,42,59,20,14,42,60,21,15,18,33,22,21,22,35,22,13,23,36,22,13,23,36,23,13,11,18,26.38050505,1.250631313,15,21,26,2,14,20,27,2,15,20,28,3,16,Malaysia
Tanjung Pelepas,2022,43,10,80,112,21,14,79,115,21,13,81,116,22,13,79,116,23,12,44,62,20,11,43,61,19,14,43,61,20,15,42,60,21,14,22,33,20,24,22,34,21,17,23,36,22,16,23,35,23,13,14,17,24.86535714,5.563769841,15,20,26,3,14,20,26,3,15,20,28,3,15,Malaysia
Tanjung Pelepas,2022,44,10,73,113,23,12,77,113,22,13,79,116,22,13,79,115,22,12,39,61,20,17,42,60,20,14,42,61,20,16,42,60,21,14,20,32,25,7,21,34,22,16,22,35,22,12,23,35,22,13,14,20,29.28345238,6.161746032,14,19,27,4,15,20,27,3,15,20,27,3,18,Malaysia
Tanjung Pelepas,2022,45,11,78,108,21,10,76,111,21,13,79,116,22,13,78,114,22,12,41,58,19,16,42,60,19,15,42,61,20,16,42,60,20,14,22,33,22,6,21,33,22,14,22,35,22,12,22,35,22,12,15,17,25.34137037,2.4575,14,18,26,4,15,20,27,3,14,20,27,3,16,Malaysia
Tanjung Pelepas,2022,46,11,80,113,23,7,78,112,22,11,79,114,22,12,79,113,22,12,45,65,21,11,42,62,20,14,42,61,20,15,42,60,20,14,19,27,21,4,21,31,22,10,21,33,22,12,22,34,22,12,16,21,28.28680556,0.993628472,15,19,27,4,15,20,27,3,15,19,27,3,19,Malaysia
Tanjung Pelepas,2022,47,11,78,117,22,7,77,113,22,9,78,114,22,11,80,115,22,12,38,62,23,8,41,62,21,13,42,61,20,14,43,61,20,14,26,34,20,8,22,32,22,6,22,33,22,12,23,34,22,13,14,21,23.8093254,1.591646825,15,20,27,3,15,20,26,3,15,20,27,3,18,Malaysia
Tanjung Pelepas,2022,48,11,81,116,22,6,79,114,22,8,78,113,22,10,79,115,22,11,38,55,21,9,41,60,21,11,41,60,20,13,42,61,20,14,25,38,21,6,23,33,21,6,22,33,22,11,23,35,22,10,18,23,25.91311728,2.225462963,16,21,26,2,15,20,26,3,15,20,27,3,20,Malaysia
Tanjung Pelepas,2022,49,11,80,112,20,5,80,115,22,6,78,113,21,10,79,115,22,11,37,53,20,6,40,59,21,8,41,60,20,12,41,60,20,14,27,36,17,6,24,34,20,6,22,33,21,10,23,34,21,10,16,23,23.64548611,1.915260417,16,22,25,2,15,20,26,3,15,21,26,3,21,Malaysia
Tanjung Pelepas,2022,50,12,84,112,21,11,81,114,21,7,79,113,22,9,79,114,22,10,43,58,19,15,39,57,21,9,41,59,20,12,41,60,20,13,28,37,23,8,27,36,20,7,24,34,21,9,23,34,21,10,13,17,25.65752137,0.541944444,15,21,25,2,15,20,26,3,15,20,26,3,15,Malaysia
Tanjung Pelepas,2022,51,12,67,105,19,5,78,111,21,7,78,112,21,8,78,113,21,10,36,56,18,6,39,56,19,9,40,59,20,11,41,59,20,12,17,29,18,5,24,35,20,6,23,33,21,6,23,34,21,10,14,20,24.57964286,0.983095238,15,21,25,1,15,20,26,2,15,20,26,2,19,Malaysia
Tanjung Pelepas,2022,52,12,111,138,22,14,86,117,21,9,82,115,21,8,81,114,21,10,56,72,21,19,43,60,19,12,42,60,20,11,42,60,20,12,35,40,22,11,27,36,20,8,25,34,21,7,24,34,21,10,20,26,24.73520833,2.774,16,22,25,2,16,21,25,2,15,20,26,2,19,Malaysia
Tianjin,2019,1,1,92,116,26,12,,,,,,,,,,,,,44,56,20,6,,,,,,,,,,,,,24,31,30,32,,,,,,,,,,,,,24,29,31.55493056,4.067951389,,,,,,,,,,,,,25,PRC
Tianjin,2019,2,1,70,89,33,15,,,,,,,,,,,,,38,47,23,14,,,,,,,,,,,,,18,24,39,12,,,,,,,,,,,,,14,18,50.25349206,20.49202381,,,,,,,,,,,,,20,PRC
Tianjin,2019,3,1,74,107,29,15,,,,,,,,,,,,,36,54,20,10,,,,,,,,,,,,,23,32,32,17,,,,,,,,,,,,,15,21,48.09142593,21.58433333,,,,,,,,,,,,,20,PRC
Tianjin,2019,4,1,67,94,30,10,76,102,30,13,,,,,,,,,33,43,23,12,38,50,22,10,,,,,,,,,19,27,32,11,21,29,33,18,,,,,,,,,15,24,43.01838889,3.78337037,17,23,43,12,,,,,,,,,26,PRC
Tianjin,2019,5,1,67,86,29,12,70,94,30,13,,,,,,,,,34,42,21,7,35,47,22,11,,,,,,,,,20,27,33,28,20,28,34,17,,,,,,,,,13,17,44.2725,0.153846154,14,20,46,12,,,,,,,,,20,PRC
Tianjin,2019,6,2,40,56,26,19,62,86,29,14,,,,,,,,,18,25,22,39,30,41,22,17,,,,,,,,,13,17,30,3,19,26,32,14,,,,,,,,,9,14,26.13243827,3.332098765,13,19,40,7,,,,,,,,,25,PRC
Tianjin,2019,7,2,56,69,24,24,58,76,27,16,,,,,,,,,27,33,19,27,28,36,21,21,,,,,,,,,19,23,29,29,18,24,31,18,,,,,,,,,10,13,27.70294444,5.216805556,12,17,35,3,,,,,,,,,19,PRC
Tianjin,2019,8,2,64,84,26,10,57,74,26,16,66,88,28,15,,,,,32,42,18,10,28,36,20,21,33,43,21,16,,,,,15,23,28,15,17,23,30,19,19,26,32,18,,,,,17,19,36.74986928,4.366830065,12,16,34,3,15,19,38,8,,,,,23,PRC
Tianjin,2019,9,2,74,88,24,17,59,74,25,17,64,84,28,15,,,,,33,42,18,10,28,36,19,22,31,41,21,16,,,,,23,25,24,26,18,22,28,18,19,25,31,18,,,,,18,21,36.10291667,16.67575617,14,17,32,7,14,18,39,9,,,,,24,PRC
Tianjin,2019,10,3,71,89,27,7,66,83,25,14,64,84,27,14,,,,,35,42,21,6,32,40,19,13,31,40,20,15,,,,,20,27,28,10,19,25,27,20,19,25,30,17,,,,,16,20,37.70612847,4.085381944,15,18,35,8,14,19,37,7,,,,,22,PRC
Tianjin,2019,11,3,69,88,25,10,70,87,25,11,64,82,26,13,,,,,32,39,19,7,33,41,19,8,31,39,20,15,,,,,19,27,28,19,19,26,27,17,19,25,29,18,,,,,18,22,32.64689815,4.840185185,17,21,36,7,15,19,36,5,,,,,25,PRC
Tianjin,2019,12,3,73,91,26,14,72,89,25,12,64,81,26,14,68,88,27,14,32,38,19,7,33,40,19,8,30,38,20,14,33,42,20,13,24,30,31,13,22,27,28,17,19,25,29,18,20,26,30,18,17,23,30.40039216,28.05767974,17,22,34,13,15,19,34,8,16,20,37,10,25,PRC
Tianjin,2019,13,3,76,97,29,7,72,91,27,9,65,83,26,13,67,87,27,13,35,41,21,4,34,40,20,6,31,38,20,14,32,41,20,13,21,30,32,7,21,29,30,12,19,25,29,15,20,26,30,16,20,26,40.64844444,11.95697222,18,23,35,12,16,20,34,10,15,20,38,10,27,PRC
Tianjin,2019,14,4,71,98,24,8,72,94,26,10,69,88,26,12,67,87,27,13,34,43,19,9,33,40,19,7,33,40,19,10,32,40,20,12,23,33,28,7,22,30,30,12,21,27,28,16,20,27,30,15,14,22,31.44771825,7.124126984,17,23,34,13,16,21,34,10,15,20,36,9,22,PRC
Tianjin,2019,15,4,68,90,25,6,72,94,26,9,71,91,26,10,66,86,26,12,31,39,18,5,33,40,19,6,33,41,19,7,31,39,20,12,20,28,27,6,22,30,29,8,21,28,28,13,20,26,29,14,17,23,34.78375817,6.394722222,17,24,34,13,17,22,35,10,15,20,35,8,26,PRC
Tianjin,2019,16,4,77,100,25,12,73,96,26,8,72,93,26,10,67,86,26,12,36,43,19,16,34,42,19,8,34,41,19,8,32,39,19,12,23,30,30,8,22,30,29,7,22,29,28,12,20,27,29,14,18,27,32.67557099,10.21195988,17,25,35,9,17,23,35,11,16,21,34,9,27,PRC
Tianjin,2019,17,4,65,89,28,13,70,94,26,10,71,93,26,10,67,87,26,12,34,43,22,14,34,42,19,11,34,41,20,8,32,39,20,13,16,24,35,10,21,29,30,8,21,29,30,10,20,26,29,13,15,22,35.3502963,15.51098148,16,24,34,10,17,23,34,11,16,21,34,10,25,PRC
Tianjin,2019,18,5,73,99,25,10,71,95,26,10,72,94,26,10,70,90,26,11,32,46,20,11,33,43,20,11,33,42,20,9,33,41,19,11,25,30,29,13,21,28,30,9,21,29,30,10,21,28,29,14,16,23,30.67706597,3.369947917,17,24,33,9,17,24,34,11,16,22,34,10,23,PRC
Tianjin,2019,19,5,66,88,26,12,70,94,26,12,71,94,26,10,71,92,26,10,30,39,20,13,33,43,20,13,33,42,20,10,33,41,19,9,22,31,31,11,22,29,31,10,22,30,30,9,21,28,29,12,14,18,32.74339286,11.79063492,16,23,33,10,16,23,34,12,17,22,34,10,20,PRC
Tianjin,2019,20,5,73,95,28,13,69,93,27,12,71,95,26,10,71,93,26,11,35,43,22,11,33,43,21,12,33,42,20,10,33,42,20,9,23,30,32,19,22,29,32,13,22,30,30,10,22,29,29,12,15,22,35.30905556,7.150166667,15,21,34,9,16,23,34,9,17,22,34,11,23,PRC
Tianjin,2019,21,5,72,98,25,10,71,95,26,11,71,95,26,10,71,94,26,10,34,44,19,8,33,43,20,11,33,43,20,11,33,42,20,9,23,33,29,19,23,31,30,15,22,30,30,11,22,29,30,12,15,21,35.03348148,1.996907407,15,21,33,6,16,22,34,8,16,22,34,9,21,PRC
Tianjin,2019,22,5,74,101,26,9,71,96,26,11,71,95,26,11,71,95,26,10,32,45,18,13,33,43,20,11,33,43,20,11,33,42,20,10,25,35,31,7,23,32,30,14,22,30,30,12,22,30,30,12,17,21,32.14728758,3.412598039,15,21,34,6,16,22,34,7,16,23,34,9,21,PRC
Tianjin,2019,23,6,73,95,25,9,73,97,26,10,72,96,26,11,72,95,26,10,34,41,19,10,34,43,19,10,33,43,20,12,33,42,20,10,21,30,29,10,23,32,30,14,22,30,31,12,22,30,30,11,18,24,31.18526235,6.363055556,16,22,33,5,16,22,33,7,16,23,34,9,25,PRC
Tianjin,2019,24,6,76,97,26,14,74,98,25,11,72,95,26,11,72,96,26,10,37,45,20,7,34,44,19,9,34,43,20,11,34,43,20,10,26,33,30,28,24,33,30,16,23,31,31,15,22,31,30,12,13,19,32.56487179,8.836581197,16,21,33,5,15,21,33,7,16,22,34,8,20,PRC
Tianjin,2019,25,6,69,91,26,11,73,96,26,11,72,96,26,11,71,95,26,11,34,41,21,8,34,43,19,9,34,43,20,10,34,43,20,10,20,31,28,18,23,32,30,16,23,32,30,16,22,31,30,13,15,19,36.29668519,6.588962963,16,21,33,6,15,21,33,6,16,22,33,7,21,PRC
Tianjin,2019,26,6,77,97,26,13,74,95,26,12,73,95,26,11,72,95,26,11,38,44,24,13,36,43,21,9,34,43,20,10,34,43,20,11,26,33,29,17,23,32,29,18,23,32,30,16,23,31,30,14,13,20,29.80480769,3.451794872,15,21,32,6,15,21,33,6,16,22,33,7,21,PRC
Tianjin,2019,27,7,71,95,26,14,73,95,26,13,73,96,26,12,72,95,26,12,33,41,20,8,36,43,21,9,35,43,20,10,34,43,20,11,25,36,29,24,24,33,29,22,24,33,30,18,23,31,30,15,13,18,33.80333333,10.34141026,14,19,33,7,15,21,33,6,15,21,33,7,19,PRC
Tianjin,2019,28,7,70,98,24,10,72,95,26,12,73,97,25,11,72,95,26,11,36,45,20,11,35,43,21,10,35,43,20,10,34,43,20,10,23,36,28,10,24,34,28,17,24,33,29,17,23,32,30,15,11,17,29.33126263,4.626287879,13,19,32,6,14,20,33,6,15,20,33,7,17,PRC
Tianjin,2019,29,7,70,88,25,7,72,95,25,11,73,95,25,11,72,95,26,11,37,42,20,8,36,43,21,10,35,43,20,10,34,43,20,10,18,26,27,9,23,33,28,15,23,33,29,15,23,32,29,15,15,20,34.38177778,3.217388889,13,19,32,5,14,20,32,6,15,20,33,6,23,PRC
Tianjin,2019,30,7,79,96,23,8,73,94,24,10,73,95,25,11,73,95,25,11,38,44,18,8,36,43,19,8,36,43,20,9,35,43,20,10,25,30,28,10,23,32,28,13,23,32,29,16,23,32,29,15,16,22,29.83164931,3.313454861,14,19,32,5,14,20,32,6,15,20,33,6,23,PRC
Tianjin,2019,31,7,67,84,20,9,72,92,23,8,72,93,25,11,73,95,25,10,30,36,15,9,35,42,18,9,35,42,20,9,35,43,19,9,24,29,22,9,23,30,26,10,23,32,28,16,23,32,28,15,13,19,28.51106838,9.513098291,14,20,31,5,14,19,32,6,15,20,32,6,23,PRC
Tianjin,2019,32,8,67,82,27,21,71,88,24,11,71,91,25,11,72,94,25,11,33,36,23,17,35,40,19,10,35,41,20,10,35,42,20,10,21,29,25,24,22,29,25,13,23,31,27,15,23,32,28,15,13,17,40.90168803,24.66098291,14,20,33,10,14,19,33,8,14,20,33,7,21,PRC
Tianjin,2019,33,8,62,96,24,17,69,90,24,13,70,92,24,12,71,93,25,12,27,44,17,10,32,40,18,11,34,42,19,10,34,42,19,10,24,34,28,29,24,31,26,18,23,32,27,17,23,32,28,16,11,18,32.9525,3.727121212,13,19,33,10,13,19,32,8,14,20,33,7,19,PRC
Tianjin,2019,34,8,74,95,24,6,68,89,24,13,70,92,24,11,71,93,25,11,39,47,20,5,32,41,19,10,34,42,19,9,35,42,20,9,22,32,27,9,23,31,25,18,23,32,27,16,23,32,27,16,13,16,33.71786325,2.919316239,13,18,34,10,13,18,33,8,14,19,33,7,17,PRC
Tianjin,2019,35,8,76,98,23,8,70,93,25,13,71,92,24,10,72,93,25,11,38,47,21,7,34,44,20,10,35,43,19,9,35,43,20,9,24,31,24,9,23,32,26,18,23,31,26,14,23,32,27,16,14,20,30.55253968,7.507142857,13,18,35,10,13,19,33,7,13,19,33,7,20,PRC
Tianjin,2019,36,9,67,87,26,8,70,94,24,9,70,91,24,10,71,92,25,11,31,37,21,7,34,44,20,7,34,42,19,9,35,42,20,9,24,32,27,8,24,32,26,14,23,30,26,13,23,32,27,15,12,18,35.73613426,10.89305556,13,18,33,6,13,19,33,8,13,19,33,8,21,PRC
Tianjin,2019,37,9,70,89,22,7,72,92,24,7,70,91,24,10,71,92,24,11,38,46,18,6,37,44,20,6,34,42,19,9,35,42,20,9,19,24,23,10,22,30,25,9,23,30,25,14,23,31,26,14,13,19,30.83854701,8.229252137,13,18,33,7,13,19,33,9,13,19,33,8,21,PRC
Tianjin,2019,38,9,76,89,25,11,72,91,24,9,70,90,24,11,71,91,24,10,40,45,20,12,37,44,20,8,35,42,19,9,35,43,19,9,23,26,30,14,23,28,26,10,23,30,26,14,23,30,26,14,13,18,30.85089744,4.631773504,13,19,32,8,13,18,33,9,13,19,33,8,20,PRC
Tianjin,2019,39,9,72,97,29,12,71,91,25,10,71,92,25,11,71,92,24,10,38,49,26,8,37,44,21,8,36,44,21,9,35,43,20,9,22,31,30,24,22,28,28,14,22,30,27,16,22,30,27,14,12,17,34.98185185,4.150462963,13,18,33,7,13,18,34,8,13,18,33,7,18,PRC
Tianjin,2019,40,10,55,82,25,19,68,89,25,12,69,92,25,11,70,90,24,11,25,38,17,24,35,45,20,12,35,44,20,10,35,43,20,10,19,28,31,16,21,27,29,16,22,30,27,15,22,29,27,14,11,16,31.68229798,15.44941919,12,18,32,8,12,18,33,7,13,18,33,8,20,PRC
Tianjin,2019,41,10,63,86,23,15,67,89,25,14,69,90,25,11,69,90,24,12,39,46,20,18,36,45,21,15,36,44,20,11,35,43,20,11,16,26,27,12,20,28,30,16,21,29,27,13,22,29,27,14,8,14,29.37993056,2.871354167,11,16,32,7,12,17,32,7,12,18,32,8,16,PRC
Tianjin,2019,42,10,69,91,26,9,65,89,26,14,69,90,25,11,68,90,25,12,29,40,20,13,33,43,21,16,35,44,20,12,34,43,20,11,24,32,30,5,20,29,30,14,21,29,28,12,22,30,27,14,16,19,33.28295139,7.701197917,12,17,32,8,12,18,32,8,12,18,33,9,21,PRC
Tianjin,2019,43,10,58,79,21,9,61,85,24,13,66,88,25,11,67,89,25,12,34,42,18,8,32,42,19,16,34,43,20,12,34,43,20,11,15,25,22,16,19,28,28,12,20,28,28,13,21,29,27,15,9,12,32.5192284,0.555123457,11,15,32,7,12,17,32,7,12,17,33,8,15,PRC
Tianjin,2019,44,11,71,89,26,12,65,86,24,11,67,88,25,12,68,90,25,11,31,40,19,10,33,42,19,12,34,43,20,12,34,43,20,11,25,32,29,15,20,29,27,12,20,28,28,14,21,29,27,14,15,17,35.35533333,10.88742593,12,16,33,6,12,17,32,7,12,17,33,7,19,PRC
Tianjin,2019,45,11,72,90,24,11,68,87,24,10,67,88,25,12,69,89,25,11,39,45,20,10,33,42,19,10,34,43,20,13,35,44,20,11,20,29,28,17,21,30,27,13,21,29,29,15,21,29,27,13,13,16,30.66752137,6.319123932,13,16,33,6,12,16,32,7,12,17,32,7,18,PRC
Tianjin,2019,46,11,73,95,26,11,69,88,24,11,67,89,25,12,69,89,25,11,37,46,20,11,35,43,19,10,34,43,20,13,35,43,20,11,24,33,31,14,21,30,28,15,21,30,29,15,21,29,28,13,12,16,32.27081019,6.12224537,12,15,33,6,12,16,33,7,12,17,32,7,17,PRC
Tianjin,2019,47,11,67,98,25,7,71,93,25,10,66,89,25,12,68,89,25,11,31,44,22,7,35,44,20,10,33,43,19,13,34,43,20,11,19,32,24,6,22,32,28,13,20,30,28,12,21,29,28,13,17,22,32.52671569,9.078022876,14,18,33,8,13,17,32,7,13,17,33,7,22,PRC
Tianjin,2019,48,11,69,90,26,6,70,93,25,9,68,90,25,10,68,90,25,11,36,44,22,7,36,45,21,9,35,43,20,11,35,44,20,11,24,31,28,7,22,31,28,11,21,30,27,11,21,29,28,13,9,15,38.94197531,2.839722222,13,17,34,6,12,16,33,6,12,17,33,7,17,PRC
Tianjin,2019,49,12,67,90,26,10,69,93,26,9,68,90,25,10,68,90,25,11,34,43,20,8,35,44,21,8,34,43,20,9,34,44,20,11,20,30,30,14,22,32,28,10,21,31,28,12,21,30,28,13,13,17,33.50891026,8.492777778,13,18,34,7,13,17,34,6,12,17,33,7,19,PRC
Tianjin,2019,50,12,62,85,23,10,66,91,25,8,67,90,25,10,67,89,25,11,35,43,20,10,34,44,21,8,35,43,20,9,34,43,20,11,16,25,26,10,20,30,27,9,20,30,27,12,20,30,28,13,11,17,30.47333333,8.645378788,13,18,34,7,12,17,33,7,12,17,33,7,20,PRC
Tianjin,2019,51,12,72,89,25,10,68,89,25,9,69,91,25,10,67,89,25,11,36,43,20,12,35,43,20,9,35,44,20,9,34,43,20,12,25,30,28,7,21,29,28,9,22,30,28,11,21,29,28,11,11,16,33.20340909,10.65808081,11,16,34,8,13,17,33,8,12,16,33,7,18,PRC
Tianjin,2019,52,12,72,88,24,10,68,88,24,10,69,91,25,9,68,89,25,10,37,43,18,10,36,43,20,10,36,44,20,10,35,43,20,10,24,31,26,8,21,29,28,10,22,30,28,10,21,30,27,11,11,14,36.9684596,11.01522727,12,16,34,10,12,17,34,8,12,16,33,7,16,PRC
Tianjin,2020,1,1,72,72,25,24,70,84,24,13,69,88,25,11,69,88,25,11,44,44,21,12,38,43,20,11,36,44,20,10,35,43,20,10,14,14,28,76,20,25,27,25,21,28,28,18,21,29,28,16,14,14,34.37763889,7.52484127,12,15,34,9,12,16,34,8,13,16,34,7,19,PRC
Tianjin,2020,2,1,75,99,25,16,73,87,25,15,70,89,25,12,69,89,25,11,44,57,21,12,40,47,20,11,37,45,20,10,37,45,20,10,22,29,30,30,21,26,28,30,21,28,27,20,21,28,28,18,9,13,31.16947531,5.36654321,11,14,34,9,12,16,34,8,12,16,33,7,13,PRC
Tianjin,2020,3,1,69,96,27,17,72,89,25,17,70,89,25,13,70,90,25,12,41,57,23,22,42,50,21,14,38,47,21,12,37,46,20,11,16,25,30,15,19,25,28,32,20,27,28,21,21,28,28,18,12,14,39.05622685,6.642592593,12,14,35,8,11,15,35,8,12,16,34,8,15,PRC
Tianjin,2020,4,1,53,80,29,25,67,87,26,21,68,87,25,15,69,89,25,13,28,43,21,32,39,50,22,19,37,47,21,15,37,46,21,13,15,23,32,25,17,23,30,36,19,26,29,23,20,28,28,19,10,14,45.38669444,6.507583333,11,14,37,7,11,15,36,8,12,16,35,7,18,PRC
Tianjin,2020,5,1,50,69,25,41,62,86,26,25,66,85,25,19,67,88,25,16,24,36,24,80,34,48,22,36,36,46,21,24,36,45,21,19,14,18,24,1,17,24,29,18,18,24,28,21,19,27,28,18,12,15,26.84398148,8.670439815,11,14,36,7,11,15,35,8,12,16,35,8,22,PRC
Tianjin,2020,6,2,52,75,24,32,56,80,26,29,64,84,25,22,65,86,25,17,26,40,22,35,30,44,23,42,35,45,21,27,35,45,21,21,17,22,26,39,16,22,28,20,18,24,28,25,19,26,28,20,9,13,26.57098765,13.24558642,11,14,34,9,11,14,34,9,12,15,34,8,17,PRC
Tianjin,2020,7,2,54,82,24,64,52,77,25,41,62,83,25,29,64,85,25,22,29,46,20,43,27,41,22,48,34,46,21,31,35,45,21,24,16,22,26,133,16,21,27,49,17,23,28,41,19,25,28,30,9,14,31.06635802,7.514228395,10,14,32,9,11,14,34,8,11,15,34,8,17,PRC
Tianjin,2020,8,2,65,98,21,55,55,81,24,48,61,84,25,34,64,85,25,26,38,56,18,33,29,45,21,48,34,47,21,34,35,46,21,26,18,31,27,125,16,23,26,74,17,23,28,55,18,25,28,40,9,11,23.61188272,5.215339506,10,13,27,9,11,14,32,8,11,14,33,8,11,PRC
Tianjin,2020,9,2,63,102,22,18,59,89,23,42,60,88,25,34,63,86,25,27,35,56,18,12,32,50,20,31,33,49,21,34,35,47,21,26,15,29,25,31,17,26,26,82,17,25,28,50,18,25,27,42,13,17,31.10702991,21.06901709,10,14,28,12,10,14,32,9,11,14,32,9,17,PRC
Tianjin,2020,10,3,75,106,24,62,64,97,23,50,60,89,25,39,64,88,25,31,39,51,21,29,35,52,19,29,33,48,21,36,35,48,21,28,22,37,26,148,18,30,26,109,17,26,27,65,18,26,27,53,14,18,29.1985119,21.85853175,11,15,29,14,11,15,32,11,11,14,32,10,17,PRC
Tianjin,2020,11,3,76,118,30,22,70,106,24,39,61,91,25,40,65,90,25,32,46,63,22,19,40,57,20,23,33,49,21,35,36,49,21,28,16,34,26,23,18,33,26,82,17,27,27,66,17,26,27,54,14,21,60.03196429,31.4928373,13,17,36,20,11,15,34,14,11,15,35,12,18,PRC
Tianjin,2020,12,3,74,106,23,16,72,108,25,30,64,95,24,39,65,92,25,33,49,63,20,16,42,58,20,19,36,51,21,33,37,51,21,29,14,26,28,22,17,32,26,56,17,27,26,65,17,26,27,56,11,17,27.03669192,4.977979798,13,18,37,20,11,16,32,14,11,15,34,12,16,PRC
Tianjin,2020,13,3,79,107,25,18,76,109,25,30,67,99,24,36,65,95,25,32,38,55,20,11,43,58,21,19,38,54,20,25,36,52,21,29,24,32,29,19,19,32,27,53,18,29,27,67,17,27,27,51,17,20,31.29831699,34.68738562,14,19,37,23,12,16,32,18,12,16,34,14,19,PRC
Tianjin,2020,14,3,85,106,22,21,79,109,25,19,71,103,24,35,66,95,25,33,50,57,18,17,46,60,20,16,41,56,20,23,37,52,21,29,25,34,26,33,20,32,27,24,19,31,27,67,18,28,27,51,10,15,31.00761111,9.601388889,13,18,37,20,12,17,33,17,12,16,34,14,14,PRC
Tianjin,2020,15,4,78,102,21,10,79,105,23,16,74,106,24,28,67,96,24,32,45,54,19,12,46,57,20,14,43,57,20,19,37,52,20,28,21,31,23,12,21,31,26,21,19,32,26,52,18,28,27,51,12,17,26.29599537,0.83474537,13,17,29,13,13,17,32,16,12,16,32,14,17,PRC
Tianjin,2020,16,4,79,103,22,11,80,105,23,15,76,106,24,22,69,98,24,31,46,58,19,11,45,56,19,13,44,57,20,16,39,53,20,27,22,30,25,11,23,32,26,19,20,32,26,37,19,29,26,50,11,15,26.27914141,10.73482323,13,17,29,14,13,18,33,17,12,16,31,14,15,PRC
Tianjin,2020,17,4,79,107,24,12,80,105,22,14,78,107,24,22,72,101,24,29,40,55,19,13,45,56,19,13,44,57,20,16,40,55,20,21,26,34,27,11,24,32,25,17,21,32,26,35,20,30,26,51,13,18,30.62166667,9.687435897,12,16,29,8,13,18,33,15,12,16,31,14,17,PRC
Tianjin,2020,18,4,67,97,24,19,76,102,23,13,77,106,24,16,73,103,23,27,40,54,20,13,43,55,19,12,44,57,20,14,41,56,20,19,17,28,28,16,22,31,26,13,21,31,26,18,20,31,26,49,10,15,33.98416667,53.07247222,12,16,29,19,12,17,33,19,12,17,32,18,15,PRC
Tianjin,2020,19,5,77,109,23,15,76,104,23,14,77,105,23,15,75,105,23,23,38,59,20,10,41,57,20,12,43,57,20,13,42,57,20,16,28,33,24,17,23,31,26,14,22,31,26,18,21,32,26,39,11,17,26.92229798,26.7469697,11,16,29,25,12,17,29,19,12,17,31,19,16,PRC
Tianjin,2020,20,5,73,102,22,14,74,104,23,15,77,104,23,15,75,105,23,20,46,59,19,12,41,57,20,12,43,56,19,12,43,57,20,15,18,29,27,20,22,31,26,16,23,31,26,17,21,31,26,30,9,14,24.00753086,11.85771605,11,16,29,25,12,16,29,20,12,17,31,20,14,PRC
Tianjin,2020,21,5,80,105,22,12,74,103,23,15,77,104,22,14,77,106,23,20,43,57,17,16,42,57,19,13,44,57,19,13,43,57,20,15,25,32,28,9,22,31,27,15,23,31,26,16,22,32,26,28,12,16,28.94226852,6.254074074,11,16,28,24,11,16,29,16,12,17,31,18,15,PRC
Tianjin,2020,22,5,74,109,24,15,76,106,23,14,76,104,23,14,77,106,23,16,41,61,20,16,42,59,19,14,42,57,19,13,44,58,20,14,23,34,24,10,24,32,26,14,23,31,26,13,22,31,26,17,10,14,39.98802778,23.08875,11,15,30,17,11,16,30,18,12,17,32,19,13,PRC
Tianjin,2020,23,6,81,103,24,14,77,105,23,14,76,104,23,14,77,105,23,15,48,59,21,10,45,59,20,14,43,58,20,13,44,58,20,13,23,30,27,21,22,31,26,15,23,31,26,14,22,31,26,17,10,14,35.38211111,20.17358333,10,15,32,15,11,15,31,20,11,16,30,18,14,PRC
Tianjin,2020,24,6,75,101,24,10,78,105,24,13,76,104,23,14,77,104,23,14,41,55,21,9,43,58,20,13,42,57,20,13,43,57,20,13,24,32,26,14,24,32,26,13,23,32,26,15,23,32,26,16,10,14,34.32672222,5.05925,11,15,35,14,11,15,32,19,11,16,31,18,14,PRC
Tianjin,2020,25,6,70,95,26,7,75,102,25,12,75,103,24,13,77,103,23,14,42,54,20,8,43,57,21,11,42,57,20,12,43,57,20,12,19,28,30,6,22,31,27,13,22,31,27,14,23,31,26,15,9,13,47.59123457,2.44462963,10,14,39,13,10,15,34,19,11,15,32,15,14,PRC
Tianjin,2020,26,6,78,101,24,12,76,100,25,11,76,103,24,13,76,103,23,13,44,54,20,14,44,56,21,10,43,57,20,12,43,57,20,12,23,32,26,12,22,31,27,13,23,31,27,14,22,31,26,13,11,15,34.80573232,4.18959596,10,14,38,8,10,15,34,12,11,15,32,15,15,PRC
Tianjin,2020,27,7,74,99,23,8,74,99,24,9,76,102,24,12,76,103,24,13,42,55,19,9,42,55,20,10,43,57,20,12,43,57,20,12,24,31,27,6,23,31,27,9,22,31,27,12,23,31,27,13,8,13,35.84357639,7.791041667,10,14,38,5,10,14,35,10,10,15,33,15,13,PRC
Tianjin,2020,28,7,86,107,25,14,77,101,24,10,77,103,24,12,76,103,24,13,53,62,20,12,45,56,20,11,44,57,20,12,43,57,20,12,23,32,28,15,22,31,28,10,23,31,27,12,23,31,27,13,10,13,42.91216667,18.62755556,10,14,40,8,10,14,37,11,10,15,35,16,12,PRC
Tianjin,2020,29,7,77,101,24,8,79,102,24,10,77,102,24,11,76,102,24,12,42,55,20,10,45,57,20,11,44,57,20,11,43,57,20,12,27,33,26,6,24,32,27,9,23,32,27,11,23,31,27,13,8,13,36.06263889,3.663506944,9,14,37,9,10,14,38,11,10,14,35,15,13,PRC
Tianjin,2020,30,7,80,98,26,7,79,101,24,9,78,101,25,10,77,103,24,11,50,61,21,9,47,58,20,10,45,57,20,10,44,58,20,11,23,26,30,5,24,31,28,8,23,31,27,10,23,31,27,12,7,11,48.73071429,1.437420635,8,13,41,8,9,13,39,8,10,14,36,11,11,PRC
Tianjin,2020,31,7,78,95,25,14,80,100,25,11,77,100,25,10,77,101,24,11,43,53,20,16,47,58,20,12,45,56,20,11,45,57,20,12,22,27,26,15,24,30,27,10,23,30,27,10,23,31,27,12,13,15,36.54446581,9.274786325,10,13,41,8,10,13,40,7,10,14,37,9,16,PRC
Tianjin,2020,32,8,75,93,23,10,78,97,24,10,77,99,24,10,77,101,24,11,47,54,18,10,46,56,20,11,45,56,20,11,45,57,20,12,20,27,27,13,23,28,27,10,23,30,27,10,23,30,27,11,8,12,37.69739583,3.238680556,9,13,40,4,9,13,40,6,10,14,38,9,13,PRC
Tianjin,2020,33,8,81,102,24,9,79,97,24,10,79,100,24,10,77,100,24,11,45,58,20,11,46,57,20,12,46,57,20,11,45,57,20,11,26,31,26,6,23,28,27,10,24,30,27,10,23,30,27,11,10,13,37.70536111,2.524027778,10,13,40,4,9,13,39,6,10,13,39,8,13,PRC
Tianjin,2020,34,8,81,102,24,14,79,98,24,12,79,100,24,10,78,100,24,11,46,59,20,11,45,56,20,12,46,57,20,11,45,57,20,11,26,31,27,24,24,29,27,14,24,30,27,11,23,30,27,12,9,12,35.85493827,4.080864198,10,13,37,5,9,13,39,6,9,13,39,7,12,PRC
Tianjin,2020,35,8,72,100,24,13,77,99,24,12,79,100,24,11,77,100,24,11,41,52,19,11,45,56,19,11,46,57,20,11,45,56,20,11,21,34,27,15,23,31,27,15,24,30,27,12,23,30,27,11,10,14,36.92313889,15.51094444,9,13,37,6,9,13,39,7,9,13,39,6,14,PRC
Tianjin,2020,36,9,76,105,25,14,78,102,24,13,78,100,24,11,77,100,24,11,46,60,21,12,45,57,20,12,45,57,20,11,45,56,20,11,20,31,30,9,23,32,28,14,23,30,27,12,23,30,28,11,10,14,33.51638889,31.09294444,10,13,36,13,9,13,38,9,9,13,39,9,13,PRC
Tianjin,2020,37,9,77,103,24,16,77,103,24,14,78,100,24,12,78,101,24,12,47,59,19,8,45,58,20,11,46,57,20,11,46,57,20,11,20,29,27,39,22,31,28,22,22,30,28,16,23,30,27,14,10,15,39.15141667,4.418861111,10,14,36,14,10,13,38,9,10,13,38,9,15,PRC
Tianjin,2020,38,9,73,102,23,9,75,103,24,13,77,100,24,12,78,101,24,11,39,56,19,8,43,57,20,10,44,56,20,11,45,57,20,11,25,33,27,14,22,32,28,19,23,30,27,17,23,30,27,14,9,13,31.46521605,2.672222222,10,14,35,13,10,14,36,9,9,13,38,9,13,PRC
Tianjin,2020,39,9,76,96,25,12,76,102,24,13,76,100,24,12,78,100,24,12,45,53,23,13,44,57,21,11,45,56,20,11,45,57,20,11,23,31,25,11,22,31,27,18,23,31,27,16,23,30,27,14,8,12,37.81677083,5.781076389,9,14,35,11,9,13,36,9,9,13,38,9,13,PRC
Tianjin,2020,40,9,72,98,24,11,75,100,24,12,76,101,24,12,77,100,24,12,41,51,19,15,43,55,20,11,44,56,20,11,44,56,20,11,22,34,25,10,23,32,26,18,23,32,27,16,23,31,27,14,9,13,45.33330247,1.117283951,9,13,38,3,9,13,37,8,9,13,38,7,13,PRC
Tianjin,2020,41,10,66,90,24,14,72,97,24,12,74,100,24,13,76,99,24,12,39,51,21,20,41,53,20,14,43,55,20,12,44,56,20,12,19,27,28,8,22,31,26,11,22,31,27,16,22,30,27,14,8,12,34.28548611,3.034131944,9,13,37,3,9,13,37,8,9,13,38,7,13,PRC
Tianjin,2020,42,10,73,92,24,9,72,94,25,12,73,98,24,12,75,98,24,12,39,51,22,8,41,52,21,14,42,54,20,12,43,55,20,12,25,29,24,11,22,30,26,10,22,31,27,15,22,30,27,15,9,12,35.86944444,4.240709877,9,12,38,4,9,13,37,8,9,13,37,7,13,PRC
Tianjin,2020,43,10,80,102,24,12,73,96,24,12,74,99,24,12,75,99,24,12,48,57,22,16,42,53,21,15,43,55,21,13,44,55,20,12,24,32,25,7,23,31,26,9,22,31,26,14,23,31,27,14,8,13,34.12159722,3.600833333,9,13,37,3,9,13,36,7,9,13,37,7,13,PRC
Tianjin,2020,44,10,74,99,23,8,73,96,24,11,74,98,24,11,75,99,24,12,43,56,20,11,42,54,21,14,43,54,21,12,43,55,20,12,23,32,24,5,23,30,25,8,23,31,26,13,23,31,26,13,8,11,38.48791667,1.765694444,8,12,36,3,9,13,37,3,9,13,37,7,11,PRC
Tianjin,2020,45,11,77,98,24,8,76,98,24,9,74,97,24,11,75,99,24,12,45,59,21,10,44,56,21,11,42,54,21,13,43,55,20,12,23,27,26,8,24,30,25,8,23,31,25,9,23,31,26,13,9,12,38.10737654,0.783981481,9,12,37,3,9,12,37,3,9,13,37,7,12,PRC
Tianjin,2020,46,11,77,100,27,12,77,100,25,10,74,97,25,11,74,99,24,12,43,57,22,11,45,57,21,12,43,54,21,13,43,55,21,12,21,28,30,18,23,30,26,9,23,30,26,10,22,31,27,13,13,15,38.92850427,5.905854701,10,13,37,3,9,13,38,3,9,13,37,7,15,PRC
Tianjin,2020,47,11,81,107,28,20,77,101,26,12,75,98,25,12,75,99,25,12,49,62,26,19,45,59,22,13,43,56,21,14,44,56,21,13,26,33,28,23,23,30,27,14,23,30,26,11,23,31,27,14,6,12,48.47023148,10.26430556,9,13,41,5,9,13,39,4,9,13,38,6,11,PRC
Tianjin,2020,48,11,78,110,26,15,78,104,26,14,76,100,25,12,75,100,25,12,45,63,22,17,46,60,22,14,44,57,22,14,44,56,21,13,24,34,27,17,24,31,28,16,23,30,27,12,23,31,26,14,9,13,39.74469136,2.86595679,9,13,41,5,9,13,39,4,9,13,38,4,12,PRC
Tianjin,2020,49,12,76,100,26,9,78,104,27,14,77,101,25,12,75,100,25,12,45,57,22,9,46,60,23,14,45,58,22,13,43,56,21,13,23,33,27,11,24,32,28,17,24,31,26,13,23,31,26,12,8,10,43.10930556,2.623020833,9,13,43,5,9,12,40,4,9,12,39,4,10,PRC
Tianjin,2020,50,12,78,102,26,17,78,105,26,15,78,102,25,13,76,100,25,12,49,63,23,15,47,61,23,15,46,59,22,13,44,57,22,14,22,29,29,22,24,32,28,18,23,31,27,14,23,31,27,13,7,10,38.55611111,15.40920635,8,11,42,8,9,12,40,5,9,12,39,5,10,PRC
Tianjin,2020,51,12,84,114,25,12,79,107,26,13,78,104,26,13,76,101,25,12,54,69,20,12,48,63,22,13,47,61,22,13,45,58,22,14,21,32,29,18,23,32,28,17,23,31,28,15,23,31,27,13,9,13,40.48459877,0.89037037,8,12,40,5,9,12,41,5,9,12,40,4,11,PRC
Tianjin,2020,52,12,77,105,26,10,79,105,26,12,79,105,26,13,77,102,25,12,47,64,22,11,49,63,22,12,47,62,22,13,46,59,22,13,21,28,26,13,22,31,28,16,23,31,28,16,23,30,27,13,9,13,47.24179012,2.117993827,8,12,42,5,9,12,42,5,9,12,40,4,12,PRC
Tianjin,2020,53,12,31,54,24,14,68,94,25,13,73,99,26,14,74,99,25,12,18,30,17,16,42,57,21,13,44,58,22,14,44,57,22,13,9,17,28,12,18,27,28,16,21,29,28,17,22,30,27,14,4,7,42.96847222,6.938263889,7,11,42,6,8,12,42,6,8,12,41,5,13,PRC
Tianjin,2021,1,1,65,92,29,15,64,91,26,13,71,98,26,14,73,99,26,13,40,57,26,16,40,55,21,14,43,58,22,14,44,58,22,14,17,24,31,20,17,25,28,16,20,29,28,17,21,29,28,14,8,11,40.02899306,3.386145833,8,11,43,3,8,11,43,6,8,12,41,5,12,PRC
Tianjin,2021,2,1,79,107,28,20,63,90,27,15,71,98,26,14,73,99,26,13,45,59,26,13,38,53,23,14,43,58,22,14,44,58,22,13,24,32,26,39,18,25,28,21,20,29,28,19,21,29,28,17,10,16,37.07458333,0.7005,8,12,42,3,8,12,41,4,8,12,41,4,15,PRC
Tianjin,2021,3,1,69,105,28,15,61,90,27,16,70,97,26,14,73,100,26,14,38,58,25,10,35,51,24,14,42,57,23,13,43,58,23,13,25,36,30,27,19,27,29,25,20,29,28,20,21,29,28,19,6,11,34.82782407,0.5,7,11,39,3,8,11,41,4,8,12,41,4,10,PRC
Tianjin,2021,4,1,66,93,25,12,70,99,27,16,69,97,26,14,72,99,26,14,39,50,23,11,41,56,25,13,41,56,23,13,43,57,23,13,18,31,28,17,21,31,29,26,20,29,28,21,21,30,28,20,9,12,31.52441358,9.159197531,8,13,36,3,8,12,39,5,8,12,40,5,13,PRC
Tianjin,2021,5,1,70,99,23,8,71,101,26,14,68,96,26,13,71,99,26,14,45,59,21,6,42,57,24,10,41,56,23,12,43,58,23,13,18,30,24,16,21,32,27,25,19,29,28,20,21,30,28,20,7,10,35.60162698,1.576984127,8,12,35,3,8,12,39,3,8,12,40,5,10,PRC
Tianjin,2021,6,2,51,71,22,14,64,92,25,12,64,91,26,14,69,96,26,14,32,43,18,16,39,53,22,11,38,53,22,12,41,56,22,13,11,20,27,15,18,29,27,19,18,27,28,20,19,29,28,19,8,8,33.72892361,7.645833333,8,10,34,5,8,11,38,4,8,11,39,4,11,PRC
Tianjin,2021,7,2,68,83,20,16,64,87,23,13,62,88,25,14,68,94,25,14,35,43,18,16,38,49,20,12,37,50,22,13,41,54,22,13,25,28,22,15,18,27,25,16,18,27,27,20,20,28,27,19,8,12,24.25972222,21.26875,8,11,31,10,8,11,35,6,8,11,37,6,14,PRC
Tianjin,2021,8,2,71,97,25,18,65,88,23,14,67,93,25,15,67,94,25,14,38,49,22,22,38,49,20,15,39,52,22,14,40,54,22,14,24,36,26,17,20,29,25,16,20,30,27,21,20,29,27,19,9,12,31.34391975,3.302901235,8,11,31,8,8,12,34,6,8,11,36,6,12,PRC
Tianjin,2021,9,2,71,98,22,15,65,87,22,16,68,94,24,15,67,93,25,14,46,62,20,15,38,49,20,17,40,53,22,14,40,54,22,14,18,26,24,20,20,28,25,17,20,30,26,21,19,28,27,19,7,10,35.26392857,4.5375,8,11,31,9,8,11,33,6,8,11,36,5,10,PRC
Tianjin,2021,10,3,77,99,24,14,72,94,23,16,68,93,24,14,66,92,25,14,46,61,21,18,41,54,20,18,40,53,21,14,39,53,22,14,23,29,25,9,23,30,24,15,20,30,26,17,19,28,27,18,8,9,37.51770833,7.933541667,8,11,32,9,8,11,33,7,8,11,36,6,9,PRC
Tianjin,2021,11,3,84,108,23,11,76,101,24,14,70,94,23,14,67,92,24,14,51,65,20,12,45,59,21,17,42,54,20,14,39,53,21,14,25,32,25,9,23,31,25,14,20,29,25,15,20,28,26,18,8,11,36.69902778,3.639756944,8,11,35,5,8,11,33,7,8,11,35,6,10,PRC
Tianjin,2021,12,3,82,104,27,20,79,102,24,15,72,95,23,15,71,96,25,15,51,63,23,21,49,63,21,17,43,56,20,16,42,56,22,15,23,31,28,21,22,30,26,14,21,29,25,15,21,30,26,19,8,10,51.58770833,11.49909722,8,10,40,7,8,10,36,8,8,11,36,6,10,PRC
Tianjin,2021,13,3,81,122,25,16,81,108,25,15,73,98,24,16,72,99,24,15,47,71,21,17,49,65,21,17,43,57,20,17,43,57,21,15,27,40,26,17,25,33,26,14,22,30,25,15,22,31,26,18,7,11,43.2731746,4.708849206,8,10,42,7,8,10,37,8,8,11,36,6,9,PRC
Tianjin,2021,14,3,76,103,23,10,81,109,24,14,76,102,24,15,72,99,24,14,50,64,20,11,50,66,21,15,46,60,21,16,43,57,21,15,19,28,27,10,24,33,27,14,23,31,25,15,21,31,26,16,7,11,32.10805556,0.142857143,8,11,41,5,8,11,37,7,8,11,36,6,11,PRC
Tianjin,2021,15,4,79,100,24,10,80,107,25,14,78,104,24,14,73,98,24,14,45,57,23,13,48,64,22,15,47,62,21,16,44,57,21,15,27,34,24,7,24,33,26,14,23,32,26,14,22,30,26,14,7,9,35.2343254,0.142857143,7,10,41,4,8,10,38,4,8,10,36,6,9,PRC
Tianjin,2021,16,4,73,95,25,10,77,105,24,11,78,104,24,13,74,98,24,13,44,54,20,11,47,62,21,13,48,62,21,15,44,58,21,15,23,31,29,11,24,33,27,11,23,31,26,13,22,30,26,14,6,10,45.41430556,0.333333333,7,10,39,1,7,10,40,4,8,10,37,6,11,PRC
Tianjin,2021,17,4,86,107,24,10,79,101,24,10,80,105,24,13,75,99,24,14,55,65,21,11,49,60,21,11,49,63,21,14,45,58,21,15,23,32,25,10,23,31,26,10,24,32,26,12,22,31,26,13,8,10,36.02416667,0.5,7,10,37,0,7,10,40,4,8,10,37,5,9,PRC
Tianjin,2021,18,4,75,97,26,16,78,100,25,12,80,105,25,13,77,101,24,14,44,56,23,18,47,58,22,13,48,62,21,14,46,59,21,15,24,32,29,18,24,32,27,12,24,33,27,13,23,32,26,14,7,9,37.27206349,1.279007937,7,10,38,1,7,10,40,3,8,10,37,5,9,PRC
Tianjin,2021,19,5,74,105,24,13,77,101,25,12,78,104,25,13,77,103,24,14,48,67,21,14,48,61,21,14,48,62,22,15,47,61,21,15,17,27,24,11,22,31,27,13,23,32,26,13,23,32,26,13,9,11,34.98067901,9.132592593,8,10,38,3,7,10,39,3,8,10,38,4,10,PRC
Tianjin,2021,20,5,78,99,26,14,78,102,25,13,78,104,25,12,78,103,24,13,45,60,22,17,48,62,22,15,47,62,21,14,48,62,21,15,24,29,27,12,22,30,26,13,23,32,26,12,23,31,26,13,9,10,46.42283951,3.586388889,8,10,39,4,8,10,39,2,8,10,39,4,10,PRC
Tianjin,2021,21,5,82,105,26,16,77,102,26,15,78,101,25,12,79,104,25,13,50,65,23,18,47,62,22,17,48,61,22,14,48,62,21,15,22,26,28,16,22,29,27,14,22,30,27,12,23,31,26,13,10,14,41.25297222,2.570972222,9,11,40,4,8,11,39,2,8,10,40,4,13,PRC
Tianjin,2021,22,5,63,98,26,10,74,102,25,13,76,101,25,12,78,104,25,13,37,60,23,11,45,63,22,15,46,61,22,14,47,62,22,15,18,26,25,11,20,27,26,13,22,30,26,12,23,31,26,13,8,12,40.17868056,4.409548611,9,12,41,5,8,11,40,3,8,11,40,3,12,PRC
Tianjin,2021,23,6,72,93,23,10,74,99,25,12,75,100,25,12,77,102,25,13,45,53,19,10,44,60,22,14,46,60,21,14,47,61,22,14,18,27,25,14,21,27,26,13,21,29,26,13,22,30,26,13,9,13,39.60759259,3.004104938,9,12,42,3,8,11,40,3,8,11,40,3,14,PRC
Tianjin,2021,24,6,66,100,27,11,71,99,26,12,75,101,25,13,75,102,25,12,43,62,22,12,44,60,22,13,46,61,22,14,46,61,21,14,15,25,25,9,18,26,26,13,20,28,26,13,21,30,26,12,8,13,61.43354167,11.55309028,9,13,46,5,9,12,42,5,8,11,41,3,13,PRC
Tianjin,2021,25,6,75,90,28,13,69,95,26,11,73,98,26,13,75,99,25,12,44,52,23,14,42,57,22,12,45,59,22,14,46,60,22,13,25,30,30,11,19,27,26,11,20,28,27,13,21,29,27,12,6,8,55.28240741,6.839583333,8,12,49,6,8,11,45,5,8,11,42,4,9,PRC
Tianjin,2021,26,6,70,101,28,41,71,96,26,19,73,99,26,16,74,99,26,14,42,61,22,44,44,57,21,20,44,60,22,18,45,59,22,16,19,29,29,42,19,28,27,19,20,27,27,16,21,29,27,14,9,11,49.67666667,27.87537037,8,11,52,12,9,12,46,9,8,11,44,6,11,PRC
Tianjin,2021,27,6,73,110,25,13,71,100,27,19,72,100,26,16,74,100,26,15,42,64,21,15,43,60,22,21,44,60,22,18,45,60,22,16,23,35,26,13,21,30,28,19,21,28,27,16,21,29,27,15,8,11,40.63100694,2.853958333,8,11,52,12,8,12,47,8,8,11,44,6,10,PRC
Tianjin,2021,28,7,75,100,26,13,73,100,27,20,72,100,26,16,74,100,26,15,48,60,21,13,44,59,22,22,44,60,22,17,45,60,22,17,15,24,28,18,21,30,28,21,19,28,27,17,20,29,27,15,12,16,45.10574074,6.833078704,9,12,48,11,9,12,47,8,9,12,44,7,16,PRC
Tianjin,2021,29,7,68,98,28,11,72,102,27,19,70,99,26,15,73,100,26,15,38,55,28,15,43,60,23,22,42,58,22,17,44,60,22,17,24,32,25,6,20,30,27,20,20,29,27,15,20,29,27,15,6,11,41.38185185,0.835,9,12,44,10,8,12,47,8,8,12,44,7,11,PRC
Tianjin,2021,30,7,58,76,28,16,69,96,27,13,70,96,27,16,71,98,26,15,35,45,22,21,41,56,23,16,42,57,22,18,43,59,22,17,18,22,29,10,20,28,27,12,20,28,27,15,20,28,27,14,5,9,64.03861111,0.4,8,12,48,3,8,12,50,8,8,12,47,7,12,PRC
Tianjin,2021,31,7,69,96,23,8,68,93,26,12,69,96,26,16,71,97,26,15,50,67,21,8,43,57,23,14,43,58,22,18,43,59,22,17,14,20,25,8,18,25,27,11,19,27,27,15,20,27,27,14,5,9,33.736,4.211611111,7,11,46,3,7,11,49,8,8,11,47,6,9,PRC
Tianjin,2021,32,8,70,86,24,11,66,89,26,11,70,95,26,16,70,96,26,14,44,53,22,8,42,55,23,13,43,57,22,17,43,58,22,16,21,25,23,18,19,25,25,11,20,27,27,16,19,27,26,15,5,8,50.98394444,4.375833333,5,9,48,2,7,10,48,7,8,11,47,6,9,PRC
Tianjin,2021,33,8,73,95,24,9,68,88,25,11,70,95,26,15,69,95,26,14,45,60,21,10,44,56,21,12,43,58,22,17,43,58,22,15,21,26,26,9,19,23,26,11,19,27,26,16,19,27,26,14,7,9,41.69162698,3.875753968,6,9,48,3,7,11,46,6,7,11,47,6,9,PRC
Tianjin,2021,34,8,67,93,27,9,70,93,24,9,69,94,26,11,70,95,26,14,44,58,23,8,46,60,22,8,43,58,22,12,43,58,22,15,14,22,24,12,18,23,25,12,19,26,26,12,19,26,26,14,9,13,49.78287037,10.99864198,7,10,44,6,7,11,46,4,7,11,48,7,14,PRC
Tianjin,2021,35,8,71,95,21,6,70,92,24,9,69,92,25,10,70,95,26,13,47,60,18,7,45,58,21,8,44,57,22,11,44,58,22,15,16,23,24,4,18,24,24,11,18,24,25,11,19,26,26,13,8,12,31.79805556,3.867569444,7,11,44,6,7,11,45,4,7,11,47,7,13,PRC
Tianjin,2021,36,9,73,97,23,10,71,95,24,8,69,92,25,10,70,95,25,13,50,64,21,11,47,61,21,9,44,58,22,11,44,58,22,14,17,24,24,10,17,24,24,9,18,24,25,10,19,26,26,13,6,9,44.22050926,0.333333333,8,11,42,5,6,10,45,4,7,11,46,6,9,PRC
Tianjin,2021,37,9,61,94,26,14,68,95,24,10,68,92,25,10,69,95,25,13,36,57,20,13,44,60,20,10,44,58,21,11,43,59,22,14,17,26,31,22,16,24,26,12,17,24,26,12,18,26,26,14,8,11,42.44375,5.243333333,8,11,42,5,7,10,45,4,7,11,45,6,12,PRC
Tianjin,2021,38,9,64,88,26,13,67,94,24,11,69,93,24,10,69,94,25,11,43,52,24,10,44,58,21,10,45,59,21,9,44,58,22,12,13,23,27,23,16,24,26,15,17,24,26,13,18,25,26,13,8,13,41.0653125,14.06958333,8,11,40,6,7,11,42,6,7,11,44,5,15,PRC
Tianjin,2021,39,9,60,88,25,11,65,92,25,12,67,92,25,10,67,92,25,11,42,59,22,9,43,58,22,11,44,58,21,9,44,58,22,11,12,19,28,24,15,23,27,20,16,24,26,15,17,24,26,14,6,10,43.83842593,0.333333333,7,11,43,5,7,11,43,5,7,11,44,5,11,PRC
Tianjin,2021,40,10,68,86,25,8,63,89,26,12,67,92,25,10,67,91,25,10,43,54,21,9,41,56,22,10,44,58,21,9,43,57,22,11,17,22,26,3,15,23,28,18,16,23,26,13,17,24,26,12,8,10,43.51854167,13.11447917,8,11,43,8,8,11,42,6,7,10,44,5,12,PRC
Tianjin,2021,41,10,61,80,25,6,63,86,25,10,66,90,25,10,66,90,25,10,40,54,20,9,42,55,22,9,43,57,21,9,43,57,21,10,14,17,22,1,14,20,26,13,15,22,26,12,16,22,26,12,7,9,57.27265873,1.687380952,7,11,46,7,8,11,44,6,7,10,45,5,11,PRC
Tianjin,2021,42,10,68,87,24,14,64,85,25,10,66,89,24,10,67,90,24,10,42,52,20,12,42,55,21,10,43,57,21,10,44,58,21,9,19,24,25,18,16,21,25,12,16,22,26,13,16,23,25,13,7,11,46.1327381,10.88436508,7,10,48,7,7,11,44,6,7,10,44,6,13,PRC
Tianjin,2021,43,10,64,91,22,7,65,86,24,9,65,89,25,10,67,90,24,10,45,61,21,6,43,55,21,9,43,57,21,10,43,57,21,9,14,21,23,9,16,21,24,8,15,22,26,14,16,23,25,13,5,9,33.62433333,4.033444444,7,10,45,7,7,10,44,6,7,10,44,6,10,PRC
Tianjin,2021,44,10,43,57,32,27,59,79,26,13,61,84,26,12,64,88,25,11,26,36,27,35,38,51,22,16,40,53,22,13,42,56,21,12,12,15,33,14,15,19,26,11,15,21,27,14,16,22,26,13,5,6,54.66111111,10.28272222,6,9,48,7,7,10,45,7,7,10,44,7,11,PRC
Tianjin,2021,45,11,22,27,15,7,49,66,23,13,56,76,24,12,60,82,24,11,9,13,13,4,31,41,20,14,36,48,21,12,39,52,21,11,6,6,20,17,13,17,25,15,13,18,25,14,14,20,25,13,7,8,13.60103175,2.630436508,6,9,37,7,7,10,42,7,7,10,42,6,30,PRC
Tianjin,2021,46,11,25,27,14,8,39,51,21,12,51,68,23,11,57,76,23,11,14,14,11,8,24,31,18,13,33,43,19,12,36,48,20,11,5,7,12,6,9,12,22,11,12,16,23,12,14,19,24,13,6,6,20.04162037,7.859444444,6,7,30,6,6,9,39,6,7,10,39,6,22,PRC
Tianjin,2021,47,11,35,37,12,8,31,37,18,12,48,62,21,10,54,72,22,11,19,21,13,9,17,21,16,14,30,38,18,12,34,45,19,11,9,9,11,9,8,9,19,11,12,15,21,10,13,18,23,13,7,7,9.371904762,3.060198413,6,7,24,6,7,8,35,7,7,9,37,6,19,PRC
Tianjin,2021,48,11,16,22,9,1,25,28,12,6,42,54,19,10,49,65,21,10,10,14,9,2,13,16,12,6,26,33,17,11,31,41,18,11,3,4,3,0,6,7,11,8,10,13,18,9,12,16,22,12,3,4,13.3837037,0.333333333,6,6,14,3,6,8,31,5,6,9,35,6,18,PRC
Tianjin,2021,49,12,34,35,13,3,28,30,12,5,38,48,17,9,47,60,20,9,15,16,5,4,15,16,10,6,23,28,15,10,29,37,17,10,11,11,25,4,7,8,12,5,10,12,19,10,11,15,21,11,8,8,11.60489583,0,6,6,14,3,6,7,25,5,6,8,32,6,23,PRC
Tianjin,2021,50,12,30,31,10,2,29,31,11,3,34,41,16,8,44,56,19,8,14,14,11,2,15,16,9,4,19,24,14,9,27,34,16,9,11,12,5,1,9,9,11,3,9,11,16,7,11,14,19,9,5,5,21.67494444,0.370333333,6,6,14,1,6,7,22,4,6,8,31,5,16,PRC
Tianjin,2021,51,12,17,19,10,1,24,27,11,2,28,32,14,7,40,50,18,8,11,11,11,1,13,14,9,2,15,17,12,8,24,30,15,9,4,5,8,0,7,8,10,1,8,9,14,6,10,13,18,7,2,3,12.42486111,4.801527778,5,5,15,1,5,6,20,4,6,7,28,5,16,PRC
Tianjin,2021,52,12,14,16,4,0,24,25,9,1,24,27,11,4,36,44,16,7,6,6,3,0,12,12,7,2,12,14,9,4,21,26,14,8,6,7,5,0,8,9,11,1,7,8,11,5,10,12,16,7,2,3,1,0,4,5,12,1,5,6,13,2,5,7,25,4,19,PRC
Tianjin,2021,53,12,57,57,26,26,30,31,13,7,29,31,12,6,35,42,16,9,31,31,21,28,16,16,11,8,15,16,11,7,20,24,14,9,18,18,32,29,10,11,12,7,8,9,12,6,10,12,17,9,8,8,35.64722222,13.63552083,4,5,18,5,5,6,16,4,5,7,23,5,14,PRC
Tianjin,2022,1,1,22,22,9,2,28,29,12,7,28,30,12,5,32,37,15,8,14,14,11,3,16,16,12,8,15,16,10,6,18,21,13,9,4,4,9,0,8,9,14,7,8,9,12,5,9,10,15,7,4,4,1,0,4,5,13,5,5,5,13,3,5,6,19,4,18,PRC
Tianjin,2022,2,1,25,25,6,2,30,30,11,7,27,28,11,5,28,31,13,7,21,21,5,2,18,18,10,8,15,16,9,5,16,18,12,8,1,1,1,0,7,8,12,7,7,8,11,4,8,8,14,7,3,3,13.55018519,0,4,5,13,3,4,5,14,2,5,5,17,4,12,PRC
Tianjin,2022,3,1,14,15,5,0,30,30,12,8,27,28,10,4,26,28,11,5,8,9,4,0,19,19,10,8,15,15,9,5,14,15,10,5,6,6,7,0,7,7,12,7,8,8,11,4,7,8,11,5,0,0,0,0,4,4,13,3,4,4,12,2,5,5,13,3,0,PRC
Tianjin,2022,4,1,29,29,7,2,23,23,7,1,26,27,10,4,27,28,10,5,17,17,7,1,15,15,7,2,15,15,9,5,15,16,9,5,7,7,4,3,5,5,5,1,7,8,9,4,7,8,10,4,5,5,8.340166667,0.2,3,3,6,0,4,4,12,2,4,5,12,3,17,PRC
Tianjin,2022,5,1,20,21,6,3,22,23,6,2,25,26,9,4,26,27,10,4,9,10,5,6,14,14,5,2,15,15,8,5,15,15,9,5,8,8,3,2,6,6,4,1,7,7,9,4,7,8,9,4,3,3,17.72638889,0,3,3,10,0,3,4,11,2,4,4,12,2,14,PRC
Tianjin,2022,6,2,20,23,9,4,21,22,7,2,25,26,9,5,25,26,9,4,12,13,10,7,12,12,7,4,15,15,8,6,14,15,8,5,7,8,6,0,7,7,5,1,7,7,8,4,7,8,9,3,1,2,1,0,2,3,7,0,3,4,10,2,4,4,11,2,9,PRC
Tianjin,2022,7,2,23,24,8,3,23,24,7,3,26,27,9,5,25,26,9,4,12,12,4,2,13,13,7,4,16,16,8,6,14,15,8,5,5,6,10,5,7,7,6,2,7,7,9,5,7,8,10,4,6,6,12.46694444,2.240092593,4,4,10,1,4,4,11,2,4,4,11,2,25,PRC
Tianjin,2022,8,2,20,20,7,1,21,22,7,3,22,22,7,2,24,25,9,4,12,12,8,0,11,12,7,4,13,14,7,3,14,14,8,4,4,4,9,1,6,7,7,2,5,6,6,1,7,7,8,3,4,4,2.949305556,1.482013889,4,4,9,1,3,3,7,0,4,4,11,2,20,PRC
Tianjin,2022,9,2,29,29,11,5,23,24,9,3,23,23,7,2,24,25,9,4,21,21,10,6,14,15,8,4,14,14,7,3,15,15,8,5,2,2,14,6,5,5,10,3,5,5,7,2,6,6,9,4,6,6,15.39388889,2.943842593,4,5,8,2,4,4,9,1,4,4,10,2,21,PRC
Tianjin,2022,10,3,30,34,7,2,26,27,8,3,23,24,7,3,25,26,9,4,16,18,10,3,15,16,8,3,13,14,7,3,15,15,8,5,9,10,5,2,5,6,10,4,6,6,7,2,6,7,9,4,5,6,4.361666667,1.208111111,5,6,9,2,4,4,8,1,4,4,9,2,18,PRC
Tianjin,2022,11,3,22,23,13,4,25,27,10,3,24,25,8,3,26,27,9,4,11,12,17,7,15,16,11,4,14,14,9,4,15,16,9,5,6,6,5,0,5,6,8,2,6,6,7,2,6,7,9,4,5,5,14.24211111,1.401722222,5,5,9,2,4,5,10,1,4,4,11,2,22,PRC
Tianjin,2022,12,3,15,18,10,9,24,26,10,5,22,24,9,4,22,24,8,3,9,11,8,12,14,16,11,7,13,14,9,5,14,14,8,4,2,3,9,0,5,5,8,2,5,6,8,2,5,5,7,2,4,4,12.631875,8.865833333,5,5,12,4,4,5,10,2,4,4,9,2,22,PRC
Tianjin,2022,13,3,37,40,10,1,26,29,10,4,25,26,9,4,24,25,8,3,21,22,10,1,14,16,11,6,14,15,10,5,14,15,8,4,10,10,13,2,7,7,8,1,6,6,9,2,6,6,7,2,6,8,6.025046296,0,5,6,9,3,5,5,9,2,4,4,9,2,20,PRC
Tianjin,2022,14,3,26,27,11,10,25,27,11,6,25,27,10,4,24,25,9,4,18,18,11,14,15,16,12,9,15,16,10,6,14,15,9,5,5,6,9,0,6,6,9,1,5,6,9,2,6,6,8,2,3,3,11.92935185,0.615648148,5,5,11,3,5,5,10,2,4,4,9,2,11,PRC
Tianjin,2022,15,4,29,32,12,2,27,29,11,6,26,28,10,4,25,27,9,4,15,18,11,2,16,17,10,7,15,17,11,6,14,15,9,5,7,7,11,1,6,7,10,1,6,6,9,2,6,6,8,2,7,7,12.77472222,1.653611111,5,6,11,3,5,5,10,2,5,5,10,2,22,PRC
Tianjin,2022,16,4,34,36,12,3,32,34,11,4,28,30,11,5,25,27,10,4,22,23,11,2,19,20,11,5,17,18,11,6,15,16,10,5,8,8,10,9,8,8,11,3,6,7,9,3,6,7,9,2,4,5,16.73986111,0,5,6,12,1,5,6,12,2,5,5,11,2,14,PRC
Tianjin,2022,17,4,51,54,12,3,35,37,11,5,31,33,11,4,28,30,10,4,26,27,14,1,20,22,12,5,17,19,12,5,16,17,10,5,16,16,9,4,9,9,10,4,8,8,9,2,7,7,9,3,9,11,13.06141975,7.29845679,6,7,14,2,5,6,11,3,5,6,10,2,20,PRC
Tianjin,2022,18,4,32,40,13,2,37,41,12,2,31,34,11,4,29,31,10,4,19,23,14,1,21,23,13,1,18,19,12,5,17,18,11,4,7,8,10,1,10,10,10,4,8,8,9,2,7,7,10,3,6,9,11.10402778,4.890138889,7,8,13,3,6,7,12,3,5,6,11,3,23,PRC
Tianjin,2022,19,5,39,41,12,5,39,43,12,3,33,36,11,4,30,33,11,4,20,21,11,5,22,24,12,2,19,20,11,5,18,19,11,4,13,13,8,2,11,11,9,4,9,9,10,2,7,8,9,2,6,7,22.27046296,8.404861111,6,8,16,5,6,7,13,4,5,6,12,3,17,PRC
Tianjin,2022,20,5,31,38,8,3,38,43,11,3,35,39,11,4,31,34,11,4,17,19,8,3,21,23,12,2,20,21,11,4,18,19,11,5,10,13,7,3,12,13,9,3,10,10,10,3,8,9,9,3,4,6,9.796180556,0.25,6,8,14,5,6,7,13,3,5,6,13,3,16,PRC
Tianjin,2022,21,5,47,47,12,4,37,42,11,3,36,39,11,4,33,36,11,4,28,28,9,4,21,23,11,3,21,22,11,4,19,20,11,5,11,11,15,6,10,11,10,3,10,10,10,3,9,9,9,3,8,8,17.56871528,3.831944444,6,8,15,4,6,7,14,3,6,7,13,3,17,PRC
Tianjin,2022,22,5,44,55,21,7,40,45,13,5,38,43,12,3,34,38,12,4,23,29,19,8,22,24,12,5,21,24,12,3,19,21,12,5,16,18,20,7,13,14,12,4,11,12,11,4,9,10,10,3,5,8,28.43211111,0,6,7,20,3,6,8,16,3,6,7,15,3,15,PRC
Tianjin,2022,23,6,48,51,13,3,43,48,13,4,41,45,13,4,36,40,12,4,23,25,10,2,23,25,11,4,22,24,12,3,20,22,11,5,16,17,18,6,13,15,15,5,12,13,12,5,10,11,11,3,9,9,11.01558642,0.222222222,7,8,17,1,6,8,16,3,6,7,14,3,18,PRC
Tianjin,2022,24,6,25,32,15,3,41,46,15,4,40,45,13,4,37,41,12,4,14,18,10,3,22,25,12,4,21,24,12,3,21,23,12,4,3,5,13,0,12,13,16,5,12,13,12,4,10,11,12,3,8,9,25.83118056,2.287708333,8,9,21,2,7,8,17,3,6,8,16,2,28,PRC
Tianjin,2022,25,6,29,32,9,3,37,43,14,4,37,42,13,4,36,40,12,4,18,19,9,4,20,23,12,4,20,23,11,4,20,22,11,4,8,9,11,2,11,12,16,4,11,12,13,3,10,11,12,3,3,4,1,0,6,8,17,1,6,8,16,2,6,7,15,2,13,PRC
Tianjin,2022,26,6,16,16,9,4,30,33,11,3,35,39,12,4,35,40,12,3,7,7,4,0,16,17,8,2,19,21,10,4,19,21,11,3,4,4,10,12,8,9,13,5,10,11,13,5,10,11,12,4,5,5,13.71805556,4.514611111,6,7,13,2,6,7,16,2,6,7,15,3,31,PRC
Tianjin,2022,27,6,28,30,11,3,25,28,11,3,34,38,12,4,35,39,12,3,14,14,7,2,13,15,7,2,18,20,9,3,19,21,10,3,7,8,9,0,6,7,11,4,9,11,13,5,10,11,12,4,7,8,21.84968254,6.709246032,6,7,16,3,6,7,16,2,6,7,16,3,27,PRC
Tianjin,2022,28,7,31,34,14,4,26,28,10,4,34,37,13,4,35,39,12,4,14,15,11,5,13,14,8,3,18,19,10,4,19,20,10,3,11,11,16,6,8,8,11,5,10,10,14,5,10,11,12,4,6,8,14.64236111,0.333333333,5,6,13,3,6,7,17,2,6,8,16,3,24,PRC
Tianjin,2022,29,7,34,38,15,3,27,30,12,4,32,36,13,4,34,38,12,4,21,22,14,4,14,15,9,3,17,19,10,3,18,20,10,3,9,12,15,1,8,9,12,5,9,11,14,4,10,11,13,4,4,4,17.75118056,0.25,6,6,17,3,6,7,17,2,6,7,16,3,11,PRC
Tianjin,2022,30,7,29,31,15,6,31,33,14,4,30,33,12,4,33,37,13,4,14,16,13,9,16,17,11,5,16,17,10,4,18,19,10,4,12,12,13,3,10,11,13,2,9,10,13,4,10,11,13,4,3,3,30.96407407,3.54037037,5,6,21,3,6,6,17,2,6,7,18,3,10,PRC
Tianjin,2022,31,7,27,31,9,5,30,34,13,4,27,31,12,4,32,36,12,4,17,18,9,4,17,18,12,5,15,16,10,4,18,19,10,4,3,5,8,0,9,10,13,2,7,8,12,3,9,10,13,4,7,8,8.755198413,10.40694444,5,6,18,4,5,6,17,4,6,7,17,3,26,PRC
Tianjin,2022,32,8,37,38,12,4,32,35,13,4,29,31,12,4,33,36,13,4,22,22,12,6,19,20,12,5,16,17,10,4,18,19,11,4,11,11,7,3,9,10,11,2,8,9,11,3,9,10,13,4,4,5,24.445,0.395347222,5,5,20,4,5,6,17,3,6,7,18,3,13,PRC
Tianjin,2022,33,8,35,36,16,9,32,34,13,6,30,32,12,5,32,35,13,4,19,20,16,5,18,19,13,6,16,17,11,4,17,19,11,4,7,7,15,6,8,9,11,3,8,9,11,4,9,10,13,4,9,9,16.43410494,18.95552469,6,6,20,8,6,6,19,6,6,7,18,4,25,PRC
Tianjin,2022,34,8,26,29,9,0,31,34,12,5,31,33,13,4,30,33,12,4,17,18,10,1,19,20,12,4,17,18,12,4,17,18,10,4,7,7,3,0,7,8,8,2,8,9,11,2,8,9,11,3,2,4,19.72097222,0,6,7,17,7,5,6,19,5,6,6,17,4,14,PRC
Tianjin,2022,35,8,34,34,9,3,33,34,12,4,32,34,12,4,29,32,12,4,20,20,9,4,20,20,12,4,18,19,12,5,16,17,10,4,9,9,8,1,9,9,8,3,9,9,11,2,8,8,11,3,5,5,12.22761111,4.388555556,5,6,18,6,5,6,18,5,5,6,17,4,15,PRC
Tianjin,2022,36,8,24,25,6,2,30,31,10,4,31,33,11,4,29,31,11,4,13,14,4,2,17,18,10,3,18,19,11,4,16,17,10,4,7,7,9,1,8,8,9,2,8,9,10,2,8,9,10,3,4,4,10.16388889,3.742638889,5,6,15,7,5,5,18,5,5,6,16,4,16,PRC
Tianjin,2022,37,9,17,17,6,3,25,26,8,2,29,30,10,4,28,30,11,4,7,7,5,4,14,15,7,3,16,17,10,4,15,16,10,4,7,7,9,3,8,8,7,1,8,8,9,2,8,8,10,3,3,3,4.758611111,0,4,4,12,2,5,5,16,5,5,6,16,4,18,PRC
Tianjin,2022,38,9,28,28,6,3,26,26,7,3,29,30,9,4,29,31,11,4,18,18,5,0,15,15,6,2,17,17,9,3,16,17,10,4,5,5,12,0,7,7,10,1,7,7,9,2,8,8,10,2,5,5,7.431611111,14.7935,4,4,9,6,5,5,13,7,5,6,16,5,18,PRC
Tianjin,2022,39,9,24,27,12,2,23,24,8,3,28,29,10,3,29,31,11,4,12,13,8,0,13,13,5,2,16,17,9,3,16,17,10,4,8,9,11,1,7,7,10,1,8,8,9,2,8,9,10,2,4,5,23.28145833,12.16319444,4,4,11,8,5,5,15,7,5,5,16,6,19,PRC
Tianjin,2022,40,9,25,29,11,1,24,25,9,2,27,28,9,3,28,30,11,3,12,15,7,1,12,13,6,1,15,16,8,2,16,17,9,3,5,5,1,0,6,7,8,1,7,7,9,1,8,8,9,2,8,9,22.37121528,0.25,5,6,14,7,5,6,15,7,5,5,17,6,31,PRC
Tianjin,2022,41,10,30,32,6,5,27,29,9,3,26,28,8,2,28,30,10,4,22,22,6,6,16,17,7,2,15,16,7,2,16,17,9,3,5,5,6,0,6,6,8,0,7,7,7,1,7,7,9,2,3,5,9.114351852,0,5,6,16,7,4,5,14,4,5,5,16,6,16,PRC
Tianjin,2022,42,10,62,66,26,11,35,39,14,5,31,32,10,4,31,33,11,4,32,35,19,9,20,21,10,4,17,18,8,3,18,19,9,3,19,19,23,11,9,10,10,3,8,8,10,2,8,8,9,2,11,12,49.47055556,20.40633838,7,8,26,8,5,6,17,7,5,6,17,7,18,PRC
Tianjin,2022,43,10,64,80,25,12,45,52,17,7,34,38,12,5,34,37,12,5,42,48,22,11,27,30,14,7,20,22,10,4,20,21,10,4,13,19,24,7,11,12,14,4,9,10,12,3,9,9,11,3,9,13,40.78117284,22.41061728,8,10,30,11,6,7,21,9,6,7,20,8,16,PRC
Tianjin,2022,44,10,73,91,24,7,57,67,20,9,40,46,15,5,37,41,13,5,42,55,20,8,35,40,17,9,23,27,12,5,21,24,11,4,20,22,24,3,14,16,19,5,10,11,14,3,9,10,12,3,11,14,42.65638889,9.809267677,9,11,36,13,7,8,25,10,6,7,22,9,15,PRC
Tianjin,2022,45,11,72,88,29,19,68,81,26,12,47,55,17,8,40,46,14,6,44,55,23,19,40,48,21,12,28,33,14,7,23,27,12,5,17,20,28,21,17,20,25,11,12,13,16,5,10,11,13,4,11,13,52.21588384,17.98492424,11,13,46,18,8,10,31,12,6,8,25,9,15,PRC
Tianjin,2022,46,11,71,100,24,12,70,90,26,13,53,64,20,9,44,51,16,7,44,57,21,11,43,54,22,12,31,38,16,8,26,30,12,6,20,30,28,10,18,23,26,10,13,16,18,7,11,13,15,5,7,13,37.9322619,19.57285714,10,13,43,17,8,11,35,13,7,8,26,10,13,PRC
Tianjin,2022,47,11,76,91,31,10,73,93,27,12,59,72,22,10,47,56,17,7,49,58,27,8,45,56,23,12,36,43,18,9,28,33,14,7,14,17,37,11,18,22,29,11,14,17,21,8,12,14,18,6,13,16,40.52544872,16.36014957,11,14,43,16,9,12,37,13,7,9,28,11,18,PRC
Tianjin,2022,48,11,68,90,28,24,72,92,28,16,65,80,24,12,51,62,19,9,37,48,23,22,44,55,23,15,39,47,20,12,30,36,15,8,17,24,29,17,17,23,30,15,16,20,25,10,13,15,19,7,14,18,41.85003968,35.7897619,11,15,43,22,10,13,39,18,8,11,31,14,20,PRC
Tianjin,2022,49,11,65,89,28,12,70,93,28,14,69,87,27,13,55,68,21,10,43,55,27,13,43,55,24,14,42,51,23,13,33,40,17,9,14,20,24,3,16,23,30,10,17,21,27,10,13,16,21,7,8,14,41.39729167,25.4278125,11,15,40,24,11,14,43,21,9,11,34,16,16,PRC
Tianjin,2022,50,12,68,92,23,12,69,91,28,15,70,90,27,14,58,73,22,11,38,53,20,16,42,54,24,15,42,54,23,14,35,43,19,10,20,23,21,8,16,21,28,10,17,22,27,10,14,18,21,8,10,16,38.06608333,3.705027778,11,16,40,20,10,15,42,19,9,12,37,15,17,PRC
Tianjin,2022,51,12,56,77,26,9,64,87,26,14,69,90,27,13,61,77,24,11,34,46,23,9,38,51,23,15,41,53,23,13,37,46,20,11,15,20,27,5,17,22,25,8,17,22,27,10,15,19,23,8,7,11,39.03464286,18.65496032,10,15,40,21,10,14,42,18,9,13,38,16,14,PRC
Tianjin,2022,52,12,60,70,20,5,62,82,24,10,67,87,26,13,64,81,24,12,36,43,17,6,38,49,22,11,41,52,23,13,39,48,21,12,17,18,19,3,17,20,23,5,17,22,27,10,16,20,24,8,7,9,31.41063492,7.270674603,8,13,37,14,10,14,40,18,9,13,39,16,13,PRC
Xiamen,2019,1,1,106,117,17,4,,,,,,,,,,,,,59,67,15,5,,,,,,,,,,,,,26,27,19,4,,,,,,,,,,,,,21,23,22.28449735,1.919417989,,,,,,,,,,,,,20,PRC
Xiamen,2019,2,1,95,127,17,10,,,,,,,,,,,,,46,62,14,8,,,,,,,,,,,,,24,29,17,10,,,,,,,,,,,,,25,36,24.03422222,13.15035556,,,,,,,,,,,,,28,PRC
Xiamen,2019,3,1,95,130,17,5,,,,,,,,,,,,,49,63,15,5,,,,,,,,,,,,,27,34,18,6,,,,,,,,,,,,,19,33,22.27147661,2.549356725,,,,,,,,,,,,,25,PRC
Xiamen,2019,4,1,94,119,18,11,98,123,18,7,,,,,,,,,48,59,16,11,51,63,15,7,,,,,,,,,24,33,19,6,25,31,18,6,,,,,,,,,22,27,23.24099747,14.45138889,22,30,23,8,,,,,,,,,23,PRC
Xiamen,2019,5,1,84,119,19,11,92,124,18,9,,,,,,,,,43,59,17,17,47,61,15,11,,,,,,,,,21,31,22,7,24,32,19,7,,,,,,,,,20,29,20.43619444,3.006055556,22,31,22,8,,,,,,,,,24,PRC
Xiamen,2019,6,2,68,105,19,15,85,118,18,11,,,,,,,,,28,43,14,28,42,56,15,15,,,,,,,,,21,33,21,7,23,33,20,7,,,,,,,,,19,29,23.11635965,4.686929825,20,30,22,6,,,,,,,,,28,PRC
Xiamen,2019,7,2,70,94,16,11,79,109,18,12,,,,,,,,,29,41,13,21,37,51,15,19,,,,,,,,,19,24,16,5,21,30,19,6,,,,,,,,,22,29,20.50598485,4.266186869,21,29,22,7,,,,,,,,,31,PRC
Xiamen,2019,8,2,90,119,19,11,78,109,18,12,88,116,18,10,,,,,43,59,17,6,36,51,15,18,43,57,15,13,,,,,24,31,20,20,21,30,20,10,23,30,19,8,,,,,23,29,21.6343599,8.60294686,21,29,21,5,21,29,22,7,,,,,24,PRC
Xiamen,2019,9,2,78,117,35,8,77,109,22,11,84,116,20,10,,,,,35,51,48,10,34,49,23,17,40,55,19,14,,,,,21,33,22,4,21,30,20,9,23,31,19,8,,,,,22,33,25.46590909,7.033598485,22,30,23,6,22,31,23,7,,,,,28,PRC
Xiamen,2019,10,3,97,136,17,10,84,117,22,10,85,117,20,10,,,,,50,68,12,11,39,55,22,12,41,55,19,14,,,,,21,32,19,6,21,30,19,9,22,31,20,8,,,,,26,36,24.1125,12.61266026,23,32,23,8,22,31,23,7,,,,,26,PRC
Xiamen,2019,11,3,93,131,21,9,90,126,23,9,84,118,20,11,,,,,45,60,23,8,43,60,25,9,40,55,20,14,,,,,24,30,17,6,23,32,19,9,22,31,19,8,,,,,24,41,21.11052083,14.46344907,24,35,23,11,22,32,22,9,,,,,31,PRC
Xiamen,2019,12,3,93,127,17,16,90,128,22,11,84,119,20,11,89,120,19,10,43,60,16,8,43,60,25,9,40,55,20,14,43,58,18,12,26,33,17,6,23,32,19,5,22,31,19,8,23,31,19,7,24,34,21.09541667,41.91217593,24,36,23,19,23,33,22,12,22,32,22,11,27,PRC
Xiamen,2019,13,3,94,123,18,8,94,129,18,11,85,119,20,11,88,121,19,10,43,53,14,8,45,60,16,9,40,54,19,13,42,57,18,12,29,36,18,6,25,33,18,6,23,32,19,7,23,32,19,7,22,34,26.07637626,9.73385101,24,36,23,20,23,33,23,13,22,33,23,11,28,PRC
Xiamen,2019,14,4,99,134,19,10,95,129,19,11,89,123,20,10,88,121,20,10,49,61,17,9,45,59,17,8,42,57,20,10,42,56,18,12,23,35,16,11,26,34,17,7,23,32,18,8,23,32,19,8,27,38,24.04988683,9.753683128,24,37,23,19,24,34,23,14,23,33,23,11,28,PRC
Xiamen,2019,15,4,98,140,18,9,96,131,18,11,93,128,20,10,88,122,20,11,42,61,14,10,44,59,15,9,44,59,20,9,42,56,18,12,30,37,17,8,27,35,17,8,25,33,18,8,24,32,19,8,26,42,24.05608974,7.081848291,25,37,24,17,24,36,23,14,23,33,23,11,30,PRC
Xiamen,2019,16,4,104,136,22,12,99,133,19,9,95,131,21,10,89,123,20,11,51,62,23,16,46,59,17,11,45,60,21,10,42,57,19,13,32,42,19,9,29,38,17,9,26,35,18,7,24,33,19,8,21,32,23.1187963,4.613796296,24,37,24,8,24,36,24,13,23,34,23,11,24,PRC
Xiamen,2019,17,4,86,122,17,7,97,133,19,9,96,131,18,10,89,124,20,10,37,54,14,9,45,60,17,11,45,60,17,10,41,56,19,12,24,33,16,6,27,37,17,9,26,35,17,7,25,33,18,8,25,35,22.0193,4.078366667,25,37,23,6,24,37,23,13,23,34,23,11,29,PRC
Xiamen,2019,18,5,90,122,16,6,95,130,18,8,95,129,18,9,91,125,19,10,46,60,15,9,44,59,17,11,45,59,17,10,43,58,19,10,22,29,16,3,27,35,17,6,26,34,17,7,25,33,18,7,22,33,19.01474747,2.279734848,24,36,22,5,24,36,23,12,24,35,23,11,27,PRC
Xiamen,2019,19,5,98,126,17,8,95,127,18,8,95,129,18,9,93,128,20,9,45,54,16,6,45,58,17,10,45,58,16,9,44,59,19,9,27,37,16,7,26,35,17,6,27,35,17,7,25,34,18,8,26,35,20.00970085,11.36820513,24,34,21,6,24,35,22,11,24,35,23,11,28,PRC
Xiamen,2019,20,5,87,122,17,9,90,123,17,7,95,128,18,8,93,128,19,9,39,56,15,10,42,56,15,9,44,58,16,10,44,58,19,10,22,29,17,6,24,32,16,5,26,35,17,7,25,34,17,6,26,37,21.17516026,8.442094017,25,35,21,7,24,36,22,7,24,36,23,11,30,PRC
Xiamen,2019,21,5,94,127,17,8,92,124,17,8,95,129,18,8,94,129,18,9,44,57,15,11,44,57,15,9,44,58,16,10,45,59,16,10,29,35,15,5,25,33,16,5,26,35,16,7,26,34,17,7,21,35,23.005,4.078518519,24,35,21,7,24,36,22,6,24,36,22,11,28,PRC
Xiamen,2019,22,5,90,124,17,5,92,125,17,7,93,127,18,8,94,128,18,9,41,55,14,7,42,56,15,9,43,57,16,10,44,58,16,9,25,32,16,5,26,33,16,6,26,34,16,6,26,34,17,7,24,37,23.44546296,1.079351852,24,36,22,6,24,36,22,5,24,36,22,10,30,PRC
Xiamen,2019,23,6,90,120,17,7,90,123,17,7,92,125,18,8,94,127,18,9,43,53,14,7,42,55,14,9,43,56,16,9,44,57,16,9,22,28,14,11,25,31,15,7,25,33,16,7,26,34,16,7,25,39,24.89627778,3.820866667,24,37,23,4,24,35,22,5,24,36,23,9,33,PRC
Xiamen,2019,24,6,90,120,17,6,91,123,17,6,91,123,17,7,93,126,18,8,46,58,15,7,44,56,14,8,43,56,15,8,44,57,15,9,28,35,15,4,26,33,15,6,25,32,16,6,26,34,16,7,16,27,24.56494792,5.162951389,22,35,24,4,23,35,22,5,23,35,23,6,23,PRC
Xiamen,2019,25,6,96,125,19,9,92,122,17,7,92,123,17,7,94,127,18,8,46,60,19,11,44,57,15,8,44,57,15,9,44,58,16,9,24,30,16,6,25,31,15,7,25,32,16,6,26,34,16,7,26,35,23.67101496,7.823108974,23,35,24,4,23,35,22,6,24,35,23,6,28,PRC
Xiamen,2019,26,6,91,122,18,6,92,122,18,7,92,123,17,7,93,126,18,7,49,65,17,8,46,59,16,8,44,57,16,9,44,58,16,9,21,26,14,6,24,30,15,7,25,32,15,6,26,33,16,6,21,31,24.84503968,0.904219577,22,33,24,4,23,35,23,5,23,35,23,5,25,PRC
Xiamen,2019,27,7,84,110,17,3,90,119,18,6,90,121,17,6,92,123,18,7,38,54,15,4,45,59,16,8,43,57,15,8,44,57,16,9,24,27,11,1,24,30,14,4,24,30,15,6,25,32,15,6,22,29,28.01046717,1.803661616,21,31,25,4,23,34,24,4,23,34,23,5,26,PRC
Xiamen,2019,28,7,89,121,14,4,90,120,17,5,91,121,17,6,90,122,17,6,45,61,9,4,45,60,15,7,44,58,15,8,43,57,15,8,23,28,13,3,23,28,14,4,25,30,14,5,24,31,15,5,21,32,25.63642857,4.147896825,23,32,26,4,22,33,25,4,23,34,23,5,26,PRC
Xiamen,2019,29,7,95,116,17,3,90,117,17,4,91,120,17,5,91,121,17,6,49,60,15,4,45,60,14,5,45,58,15,7,44,58,15,7,27,30,17,5,24,28,14,4,24,30,14,5,25,31,15,5,19,26,23.25039474,0.59877193,21,30,25,2,22,32,25,3,22,33,23,4,22,PRC
Xiamen,2019,30,7,90,116,19,6,90,116,17,4,91,119,17,5,91,121,17,6,47,62,16,9,45,59,14,5,45,59,15,7,44,58,15,7,20,25,15,0,24,28,14,2,24,29,14,4,24,30,15,5,23,29,27.14431159,2.557572464,21,29,26,2,22,31,25,3,23,33,24,4,25,PRC
Xiamen,2019,31,7,84,112,18,5,90,116,17,5,90,118,17,5,90,120,17,6,37,52,14,7,45,59,14,6,45,59,15,7,44,58,15,8,26,29,17,4,24,28,16,3,24,29,15,4,24,30,15,5,21,31,27.24406085,4.282949735,21,30,26,3,21,30,26,3,22,32,25,4,28,PRC
Xiamen,2019,32,8,90,118,18,7,90,116,18,5,90,118,18,5,90,119,17,6,54,65,15,8,47,60,15,7,46,60,15,7,45,59,15,7,20,24,19,5,23,27,17,3,23,27,15,4,24,29,15,5,16,29,25.65064236,3.587274306,20,29,26,3,21,30,26,3,21,32,25,3,25,PRC
Xiamen,2019,33,8,86,115,19,7,88,115,18,6,89,116,18,5,90,118,18,6,40,58,16,6,45,59,15,8,45,60,15,6,45,59,15,7,20,26,15,5,22,26,17,4,23,27,15,4,23,28,15,5,26,31,25.75918803,10.19518162,22,30,26,5,21,30,26,4,22,31,25,4,27,PRC
Xiamen,2019,34,8,89,118,18,12,87,116,18,8,88,116,18,6,90,118,18,6,45,61,16,10,44,59,15,8,44,59,15,7,45,59,15,7,22,24,15,9,22,26,16,6,23,27,15,4,23,28,15,5,22,33,25.39084596,16.78931818,21,31,26,9,21,30,26,5,22,31,26,5,28,PRC
Xiamen,2019,35,8,85,127,18,9,88,120,18,9,89,118,18,7,89,118,18,6,43,67,14,8,46,63,15,8,45,61,14,7,45,60,15,7,22,28,19,14,21,26,17,8,23,27,16,6,23,28,15,5,20,32,24.11255556,7.045583333,21,31,25,9,21,30,26,6,21,30,25,5,25,PRC
Xiamen,2019,36,9,99,122,18,7,90,121,18,9,90,118,18,7,90,119,18,6,55,65,16,7,46,63,15,8,46,61,15,7,46,61,15,7,26,31,15,2,23,27,16,7,23,27,16,5,23,27,16,5,18,26,27.67580247,15.40087963,22,31,26,12,21,30,26,8,21,30,26,6,21,PRC
Xiamen,2019,37,9,86,114,16,5,90,120,17,8,89,118,18,7,89,118,17,6,42,56,13,5,46,62,15,8,45,61,15,8,45,61,15,7,23,28,16,5,23,28,16,7,22,27,16,5,23,27,16,5,21,30,20.23502646,3.988756614,20,30,24,11,21,30,25,8,21,30,25,6,26,PRC
Xiamen,2019,38,9,95,119,16,5,91,121,17,7,89,118,17,7,89,117,17,6,55,67,13,3,49,64,14,6,46,61,15,7,46,61,14,6,20,24,15,11,23,28,16,8,22,27,16,7,23,27,16,5,20,28,24.25909722,4.301847222,20,29,24,8,21,30,25,8,21,30,25,6,24,PRC
Xiamen,2019,39,9,42,69,13,2,81,106,15,5,84,113,17,7,86,114,17,6,30,44,13,2,46,58,14,4,46,60,14,6,45,60,14,6,8,12,12,1,19,24,15,5,20,25,16,6,21,26,16,5,4,13,10.65604167,1.521666667,16,24,21,6,18,28,23,8,19,28,24,6,19,PRC
Xiamen,2019,40,10,27,36,18,3,63,85,15,4,76,103,17,6,81,107,17,6,22,31,21,4,37,50,15,4,42,56,15,6,43,57,15,6,3,3,4,0,14,17,12,4,18,22,14,6,20,24,15,5,2,2,1.299861111,0,12,18,14,2,17,24,20,7,18,26,22,6,6,PRC
Xiamen,2019,41,10,38,42,32,2,51,67,19,3,70,93,18,6,76,101,18,6,29,33,35,3,34,44,21,3,40,53,18,5,42,55,17,6,8,8,17,1,10,12,12,4,17,20,14,5,18,22,15,5,1,1,43.985,0,7,11,20,1,14,21,22,6,16,24,24,6,2,PRC
Xiamen,2019,42,10,88,100,17,9,49,62,20,4,70,91,18,5,76,99,18,6,48,56,13,11,32,41,21,5,41,52,17,5,42,55,17,6,22,25,17,5,10,12,13,2,17,20,15,5,18,22,15,5,18,19,25.63276235,7.905277778,6,9,20,2,13,19,22,5,16,23,23,6,19,PRC
Xiamen,2019,43,10,86,106,16,6,60,71,21,5,70,89,18,5,76,99,18,6,41,51,13,5,35,43,21,6,40,50,17,5,42,55,17,6,25,28,15,6,15,16,13,3,17,20,14,4,18,22,15,5,20,27,21.7165,6.059958333,10,12,23,3,13,18,22,5,16,23,23,6,25,PRC
Xiamen,2019,44,11,89,112,17,3,75,90,20,5,69,87,18,4,76,98,18,6,52,64,14,4,43,51,19,6,40,50,17,5,42,54,16,6,19,22,15,4,19,21,16,4,16,19,14,4,18,22,15,5,18,26,28.03521605,1.543348765,14,18,30,4,13,18,22,3,16,22,23,6,23,PRC
Xiamen,2019,45,11,104,124,19,6,92,111,17,6,71,89,18,5,77,99,18,6,56,64,17,6,49,59,14,7,42,51,17,5,43,55,17,6,23,27,20,5,22,26,17,5,16,19,14,4,18,22,15,5,25,33,21.93272222,5.996544444,20,26,24,5,14,19,22,3,16,23,23,6,27,PRC
Xiamen,2019,46,11,97,134,18,7,94,119,17,5,71,90,19,5,78,100,18,5,45,69,14,7,49,62,15,6,40,52,18,5,43,56,16,6,29,32,16,7,24,27,17,5,17,20,15,4,19,22,15,5,23,33,26.51224638,5.91576087,22,30,25,5,14,19,22,4,16,23,23,5,25,PRC
Xiamen,2019,47,11,88,121,17,5,95,123,18,5,77,97,19,5,78,100,18,5,49,67,14,5,51,66,15,6,43,54,18,6,44,56,16,5,22,27,20,4,23,27,18,5,19,22,16,4,19,22,15,4,17,27,21.57161765,3.816535948,21,30,25,4,16,21,24,4,16,22,23,5,22,PRC
Xiamen,2019,48,11,88,113,18,3,94,123,18,5,85,107,19,5,77,99,18,5,45,56,17,3,49,64,16,6,46,58,17,6,43,55,17,5,23,29,16,3,24,29,18,5,21,25,17,4,19,22,15,4,20,28,23.82219444,3.653055556,21,30,23,5,18,24,27,4,16,22,22,4,25,PRC
Xiamen,2019,49,12,87,110,19,5,90,120,18,5,91,115,18,5,77,99,18,5,45,60,17,3,46,63,15,5,48,61,15,6,43,55,17,5,24,27,19,9,25,29,18,6,23,27,17,5,19,22,16,5,18,23,23.10097222,2.583641975,20,28,24,4,20,27,24,5,16,22,23,4,21,PRC
Xiamen,2019,50,12,91,120,17,6,89,116,18,5,91,118,18,5,77,99,18,5,51,61,14,4,48,61,15,4,48,62,15,5,43,55,17,5,20,29,17,6,22,28,18,6,23,28,17,6,19,22,16,4,20,30,26.67080556,10.04686111,19,27,24,5,20,28,24,5,16,22,23,4,25,PRC
Xiamen,2019,51,12,93,124,17,5,90,117,18,5,92,120,18,5,81,104,19,5,44,57,13,3,46,59,15,3,48,62,15,4,44,56,17,5,24,33,19,7,23,30,18,7,23,28,18,6,20,24,16,5,25,34,23.18834444,7.8338,21,29,24,6,21,29,24,5,17,24,24,5,27,PRC
Xiamen,2019,52,12,59,84,15,5,83,110,17,5,88,116,18,5,84,108,18,5,34,42,14,4,44,55,14,3,46,60,15,4,45,57,16,5,14,20,16,8,21,27,18,8,22,28,18,6,21,26,17,5,11,22,18.56386364,6.350479798,19,27,23,7,20,29,23,6,18,25,25,5,26,PRC
Xiamen,2020,1,1,85,85,28,5,82,103,19,5,86,111,19,5,88,111,18,5,51,51,33,5,45,53,19,4,46,58,17,4,47,58,16,5,17,17,16,5,19,25,17,7,22,27,17,6,22,26,17,6,17,17,25.05697712,4.427352941,18,26,23,7,19,27,24,6,19,27,24,6,20,PRC
Xiamen,2020,2,1,115,137,19,6,88,108,20,5,88,112,19,5,90,114,18,5,65,75,16,6,49,56,19,4,48,59,17,4,48,60,16,5,29,34,17,6,21,26,17,6,22,27,17,6,22,27,17,6,21,28,28.8421164,4.563002646,19,25,24,6,19,26,24,5,20,27,24,5,20,PRC
Xiamen,2020,3,1,104,131,19,13,91,109,20,7,90,113,19,6,92,116,19,6,54,69,18,14,51,59,20,7,49,59,18,5,49,61,17,5,28,33,17,16,22,26,16,8,22,28,17,7,23,28,17,7,22,29,24.7584596,6.753724747,18,24,24,6,19,26,24,6,20,28,24,5,22,PRC
Xiamen,2020,4,1,89,130,19,4,98,121,21,7,90,115,19,6,92,118,19,6,44,69,14,5,54,66,20,8,49,61,17,5,49,62,17,5,25,30,19,5,25,29,17,8,23,28,17,8,23,28,18,7,20,31,30.21252778,1.209166667,20,26,27,4,19,27,25,5,20,28,25,5,24,PRC
Xiamen,2020,5,1,67,100,15,23,94,125,18,11,88,114,19,8,89,116,18,7,27,39,14,34,48,63,15,15,46,58,17,9,46,60,16,8,21,33,14,2,26,33,17,7,22,29,17,7,23,29,17,6,19,28,18.80447368,29.72491228,21,29,26,11,19,27,25,9,19,28,24,7,28,PRC
Xiamen,2020,6,2,63,94,18,6,81,114,18,11,84,111,19,8,86,112,18,7,32,46,16,8,39,56,16,15,44,56,17,10,45,58,17,8,15,22,18,4,22,30,17,7,22,28,17,6,22,28,17,6,16,26,20.355625,4.445086806,19,29,24,11,19,27,24,8,19,27,24,7,28,PRC
Xiamen,2020,7,2,69,91,18,15,72,104,18,12,81,107,19,10,84,110,19,8,36,51,17,8,35,51,15,14,43,55,18,10,44,56,17,8,17,19,16,7,20,26,17,5,21,26,17,6,21,27,17,6,16,21,22.79022569,39.97052083,18,27,23,19,18,25,24,12,19,26,24,10,23,PRC
Xiamen,2020,8,2,82,109,17,27,70,99,17,18,84,110,19,12,84,110,18,10,40,55,13,9,34,48,15,15,44,57,18,11,44,56,17,8,18,23,20,66,18,24,17,20,21,26,17,14,21,27,17,12,24,31,23.06538194,27.94917824,19,27,21,26,19,26,24,15,19,27,24,12,28,PRC
Xiamen,2020,9,2,95,127,17,15,77,105,18,16,86,115,18,14,84,111,18,11,49,60,15,5,39,53,15,7,43,58,15,11,44,56,16,9,22,31,17,20,18,24,18,24,22,28,17,16,21,27,17,13,24,36,21.69494213,31.52409722,20,29,22,26,20,29,24,18,20,28,24,15,28,PRC
Xiamen,2020,10,3,94,137,16,8,85,116,17,16,83,115,17,14,85,112,18,11,50,64,13,6,44,58,15,7,42,57,15,11,44,57,16,9,25,39,16,11,21,28,17,26,21,29,17,16,21,28,17,13,19,34,22.72590643,10.71979532,21,31,23,28,20,30,23,19,20,28,23,15,25,PRC
Xiamen,2020,11,3,92,129,19,9,91,126,17,15,81,115,17,13,85,113,18,11,52,63,15,5,48,61,14,6,41,56,15,10,45,57,17,9,21,31,17,5,22,31,17,26,21,29,17,15,21,28,17,13,19,35,32.31722222,24.77404971,22,34,25,24,20,30,24,21,19,28,24,16,27,PRC
Xiamen,2020,12,3,104,136,18,12,96,132,17,11,83,115,17,14,88,117,19,12,58,71,16,6,52,65,15,6,43,56,15,10,47,59,17,9,16,24,16,46,21,31,16,20,19,28,17,20,21,28,17,16,30,41,22.22899074,5.341916667,23,37,25,18,21,32,23,22,21,30,24,16,30,PRC
Xiamen,2020,13,3,100,137,18,7,98,135,18,9,87,120,18,12,90,122,18,12,58,72,16,8,55,68,15,6,47,60,15,7,47,61,15,10,24,30,18,6,22,31,17,17,20,27,17,21,22,29,17,16,18,35,23.58399691,4.674675926,22,36,25,11,21,32,24,19,21,31,24,16,26,PRC
Xiamen,2020,14,3,108,136,29,8,101,135,21,9,93,125,19,13,89,121,19,12,59,68,37,7,57,69,21,7,50,63,18,7,47,61,17,10,27,38,18,10,22,31,17,17,21,29,17,22,22,29,17,17,22,30,22.71358586,8.457386364,22,35,25,11,22,33,24,19,21,31,24,16,22,PRC
Xiamen,2020,15,4,94,135,17,10,102,136,21,9,96,131,19,12,88,122,18,12,48,68,16,9,56,70,21,8,52,65,18,7,46,61,17,9,25,36,18,6,23,32,18,17,22,32,17,21,21,30,17,16,21,31,18.81632275,15.12949735,23,34,22,8,22,34,23,16,21,32,23,17,23,PRC
Xiamen,2020,16,4,100,127,15,8,101,134,20,8,98,133,19,10,89,122,18,12,59,69,14,7,56,69,21,8,54,67,18,7,47,61,17,9,23,29,16,11,25,33,18,8,23,32,17,14,21,30,17,16,18,29,17.66680556,10.51072531,20,31,21,10,21,34,23,14,21,31,22,18,23,PRC
Xiamen,2020,17,4,109,140,16,15,103,135,19,10,100,135,18,10,93,125,18,12,58,73,14,5,56,70,20,7,55,69,18,7,50,63,17,7,24,33,16,14,25,34,17,10,23,33,17,14,21,30,17,17,27,34,18.88652263,36.20102881,22,31,20,18,22,34,22,14,21,32,22,18,24,PRC
Xiamen,2020,18,4,93,130,19,17,99,133,17,13,100,134,19,11,95,128,18,13,53,72,16,7,55,71,15,7,56,70,18,7,52,66,17,7,20,27,18,21,23,31,17,13,23,31,17,15,22,30,17,19,20,31,26.79813889,40.849625,22,31,21,26,22,33,23,18,22,32,23,21,24,PRC
Xiamen,2020,19,5,89,127,17,14,98,131,17,14,100,134,19,11,97,131,18,13,57,75,16,11,57,72,15,8,56,71,18,8,53,68,17,7,21,29,16,17,22,30,16,16,23,31,17,16,22,31,17,19,11,23,22.31565657,21.72628788,19,29,21,27,21,32,22,18,21,33,23,20,18,PRC
Xiamen,2020,20,5,96,138,18,11,97,134,17,14,99,134,19,11,98,133,18,11,54,76,17,5,56,74,16,7,56,72,18,8,55,69,17,7,20,31,17,19,21,30,16,18,23,32,17,13,22,32,17,16,22,31,21.5494697,20.85957071,20,30,22,30,20,31,22,20,21,33,23,19,22,PRC
Xiamen,2020,21,5,118,160,19,21,99,139,18,16,101,137,19,13,100,136,18,12,61,79,18,4,56,76,17,7,56,73,19,7,56,71,17,7,26,35,16,10,22,31,17,17,23,32,17,14,23,32,17,15,31,46,24.74557348,64.13639785,21,33,24,37,22,32,22,27,22,33,23,22,29,PRC
Xiamen,2020,22,5,91,154,18,13,99,145,18,15,99,139,17,14,100,137,19,12,51,76,16,3,56,77,17,6,55,74,16,7,56,72,18,7,23,36,18,13,23,33,17,15,23,32,17,14,23,32,17,15,17,42,24.25218954,41.71310458,20,36,23,37,21,33,22,31,21,34,23,25,27,PRC
Xiamen,2020,23,6,106,150,20,8,103,151,19,13,100,141,18,14,101,139,19,12,60,76,16,7,57,77,17,5,57,75,16,6,56,73,18,7,18,29,27,7,22,33,19,12,22,31,18,14,22,31,18,15,28,45,22.88404762,9.459642857,25,41,23,34,22,35,22,31,22,35,22,23,30,PRC
Xiamen,2020,24,6,97,139,19,11,103,151,19,13,100,142,18,14,100,139,19,12,55,70,16,7,57,75,17,5,56,75,16,6,56,73,18,7,21,31,19,28,22,33,20,14,22,31,18,16,23,32,18,14,21,38,27.52977513,2.994153439,24,43,25,30,22,36,24,30,21,35,23,23,27,PRC
Xiamen,2020,25,6,113,153,20,15,102,149,19,11,100,144,19,14,101,141,19,13,62,78,18,22,57,75,17,10,57,75,17,8,56,73,18,8,25,36,20,5,22,33,21,13,22,32,19,15,23,33,18,13,26,39,22.90510684,5.4875,23,41,24,15,22,37,24,26,22,35,23,23,25,PRC
Xiamen,2020,26,6,89,133,19,9,101,144,19,10,100,144,19,13,100,141,18,13,55,78,15,5,58,76,16,10,57,76,17,8,56,74,16,8,15,26,20,6,20,31,22,11,21,32,19,13,22,32,18,13,19,29,26.55818713,19.49788012,24,38,25,9,22,37,24,23,22,35,23,24,22,PRC
Xiamen,2020,27,7,109,154,23,9,102,145,20,11,102,148,19,12,101,142,18,13,60,84,24,6,58,78,18,10,57,77,18,8,57,76,17,8,21,30,20,8,21,31,20,12,21,32,20,12,21,31,19,13,28,40,22.29602183,14.11876984,24,37,25,11,24,39,24,22,22,36,23,24,26,PRC
Xiamen,2020,28,7,99,142,17,11,103,146,20,11,103,148,19,12,101,143,19,13,56,76,15,7,58,79,18,10,58,77,17,8,57,76,17,8,20,30,17,10,20,31,19,7,21,32,20,11,21,31,19,13,23,36,23.06506039,20.98539855,24,36,24,15,24,39,24,22,23,36,24,25,25,PRC
Xiamen,2020,29,7,102,138,17,5,100,142,19,8,101,145,19,10,100,143,19,12,60,77,14,6,58,79,17,6,57,77,17,8,57,76,17,8,21,27,16,5,19,28,18,7,21,31,20,10,21,31,19,12,21,34,24.52222222,1.871468254,23,35,24,14,23,38,24,15,22,36,24,22,25,PRC
Xiamen,2020,30,7,101,137,17,8,103,143,19,8,102,143,19,9,101,144,19,11,60,79,15,9,59,79,17,7,59,77,17,9,58,77,17,8,19,26,16,9,20,28,17,8,20,29,19,10,21,31,18,11,22,32,24.15632576,5.004229798,24,36,24,10,24,37,24,10,22,36,24,19,23,PRC
Xiamen,2020,31,7,103,139,19,11,101,139,18,9,102,142,19,10,102,145,19,11,51,72,16,8,57,76,15,7,57,77,17,9,57,77,17,7,24,28,19,10,21,28,17,9,21,29,18,10,21,30,19,11,28,39,24.62305556,16.91831349,24,35,24,11,24,36,24,11,24,38,24,19,28,PRC
Xiamen,2020,32,8,100,149,21,11,102,141,18,9,102,143,19,10,102,146,19,11,61,83,19,8,58,78,16,8,58,78,17,9,58,77,17,8,22,34,18,26,22,29,17,13,21,30,18,10,21,31,19,11,17,32,30.95666667,3.089052288,22,34,26,7,23,35,25,11,23,38,25,17,21,PRC
Xiamen,2020,33,8,93,136,21,14,99,140,19,11,100,141,19,10,100,144,19,10,46,70,19,16,55,76,17,10,56,77,17,8,56,77,17,9,25,32,17,18,23,30,18,16,21,29,18,12,21,30,19,12,22,34,27.91083333,8.085189394,22,34,27,8,23,35,26,11,23,37,25,12,25,PRC
Xiamen,2020,34,8,103,145,20,6,100,142,20,11,101,143,19,9,101,143,19,10,57,75,16,6,54,75,17,9,56,77,17,8,57,77,17,9,20,28,20,4,23,31,19,14,22,29,18,11,21,30,19,11,26,42,29.87050214,8.592104701,23,37,28,9,23,36,26,10,23,37,26,10,29,PRC
Xiamen,2020,35,8,92,140,19,9,97,143,20,10,99,141,19,9,100,142,19,10,52,80,17,12,54,77,18,10,55,77,16,9,56,77,17,9,20,26,19,7,22,30,19,13,21,29,18,11,21,30,19,11,20,34,26.77029167,6.997527778,21,36,29,7,22,35,26,9,23,36,26,9,24,PRC
Xiamen,2020,36,9,104,147,20,8,98,142,20,9,100,141,19,9,101,143,19,10,60,85,18,8,54,78,17,10,56,78,17,9,57,78,17,9,21,29,20,14,22,29,19,10,22,29,18,12,21,29,19,10,23,33,26.6240942,2.179637681,23,36,28,6,22,35,27,7,23,35,26,9,22,PRC
Xiamen,2020,37,9,110,147,21,7,102,145,20,8,101,143,20,9,100,142,19,9,58,78,17,6,57,80,17,8,56,78,17,9,56,78,17,8,24,31,23,12,21,29,21,9,22,29,19,12,21,29,19,11,28,38,26.75515873,3.099414683,24,37,28,5,23,36,27,7,23,35,26,9,26,PRC
Xiamen,2020,38,9,100,141,20,6,102,144,20,7,101,143,20,9,101,143,20,9,55,76,17,4,56,80,17,7,55,77,17,8,56,78,17,8,20,27,19,8,21,28,20,10,22,29,20,12,21,29,19,11,25,38,27.9484,7.249722222,24,36,27,5,24,36,28,7,24,36,26,8,27,PRC
Xiamen,2020,39,9,101,132,22,5,104,142,21,6,100,142,20,8,101,141,19,8,56,74,18,5,57,78,17,6,56,78,18,8,56,77,17,8,18,25,20,6,21,28,21,10,21,29,20,12,21,29,19,11,27,33,29.3655144,3.514259259,26,36,28,4,24,36,28,5,24,35,27,7,25,PRC
Xiamen,2020,40,9,102,142,19,6,103,141,20,6,101,141,20,8,101,141,20,8,57,79,16,4,57,77,17,5,55,77,17,8,56,77,17,8,21,27,17,4,21,28,20,7,21,28,20,9,21,28,19,10,24,36,28.07233796,9.708668981,26,36,28,6,24,36,28,6,24,35,27,6,25,PRC
Xiamen,2020,41,10,89,124,18,6,98,135,20,5,100,140,20,6,100,140,20,8,43,62,16,9,53,73,17,6,55,76,17,7,55,76,17,8,25,29,17,4,21,27,18,5,21,28,19,7,22,29,19,10,21,33,22.55277778,0.861626984,24,35,27,5,24,36,27,5,24,35,27,6,27,PRC
Xiamen,2020,42,10,96,130,22,6,97,132,20,5,99,138,20,6,99,139,20,8,55,68,21,7,53,71,18,6,55,75,17,7,54,75,17,8,23,32,18,5,22,28,18,5,22,28,19,7,22,29,19,10,18,30,26.21214506,4.447885802,23,33,27,5,23,34,27,5,23,35,27,6,23,PRC
Xiamen,2020,43,10,94,136,20,7,95,133,20,6,100,137,20,6,99,139,20,8,54,76,17,7,52,71,18,7,55,75,17,6,55,76,18,8,18,26,22,6,22,29,19,5,21,28,20,7,21,29,19,9,22,34,25.95940657,10.1292803,21,33,26,6,24,34,27,5,23,35,27,6,25,PRC
Xiamen,2020,44,10,102,139,19,4,95,132,20,6,99,136,20,6,99,138,20,7,51,69,18,5,51,69,18,7,54,73,17,6,54,74,17,7,28,35,18,2,24,31,19,4,22,29,19,6,22,29,19,7,23,35,23.59663043,3.72192029,21,33,25,5,24,35,26,5,23,35,27,6,25,PRC
Xiamen,2020,45,11,90,130,19,4,96,134,20,5,97,134,20,5,99,138,20,6,53,69,17,4,53,71,18,6,53,72,17,6,54,74,17,6,17,27,19,5,22,30,19,5,21,29,19,5,21,29,19,6,20,34,23.58665278,3.601166667,21,33,25,5,23,34,26,5,23,35,26,5,26,PRC
Xiamen,2020,46,11,94,130,19,4,95,134,19,5,96,133,20,5,98,137,20,6,49,69,17,6,52,71,17,5,52,71,18,6,54,74,17,6,20,25,17,2,21,28,19,4,21,28,18,4,21,28,19,6,25,36,23.66842222,3.344744444,23,35,24,5,23,34,25,5,23,35,26,5,28,PRC
Xiamen,2020,47,11,98,126,19,6,96,131,19,5,96,132,19,5,98,135,20,6,58,71,16,7,53,70,17,5,53,70,17,6,54,73,17,6,18,21,21,10,21,27,19,5,21,28,19,5,21,28,19,6,22,34,26.84906566,0.682689394,23,35,24,3,22,34,25,5,23,35,26,4,27,PRC
Xiamen,2020,48,11,96,132,22,4,95,130,20,5,95,131,20,5,98,134,20,5,52,69,21,5,53,70,18,5,52,69,18,6,53,72,18,6,23,32,20,4,20,26,19,5,22,28,19,5,21,28,19,6,21,31,28.51753968,2.143650794,22,34,26,2,22,33,25,4,23,34,26,4,23,PRC
Xiamen,2020,49,12,89,122,19,4,94,128,20,5,95,131,20,5,96,132,20,5,55,66,17,4,54,69,18,5,53,70,18,5,53,71,18,6,15,23,20,1,19,25,20,4,20,28,19,4,21,27,19,5,19,33,23.88865497,6.578450292,22,34,26,3,21,33,25,4,22,34,26,5,27,PRC
Xiamen,2020,50,12,104,127,20,6,97,127,20,5,96,130,20,5,96,131,20,5,60,73,18,4,56,70,18,5,54,70,18,5,54,70,18,6,23,26,20,8,20,26,21,6,20,27,20,5,21,27,19,5,21,28,24.88007937,8.699365079,21,32,26,5,22,33,25,5,22,33,26,5,22,PRC
Xiamen,2020,51,12,89,121,20,4,95,126,20,5,95,128,20,5,95,130,20,5,49,60,17,3,54,67,18,4,53,68,18,5,53,69,18,5,22,34,22,6,21,29,21,5,21,28,20,5,21,28,19,5,18,27,27.02859568,3.854969136,20,30,26,5,21,32,25,4,21,33,25,5,22,PRC
Xiamen,2020,52,12,106,137,21,7,97,127,20,5,96,128,20,5,96,130,20,5,58,71,17,6,56,68,17,4,54,69,17,5,53,69,18,5,24,32,22,9,21,29,21,6,20,28,20,6,21,29,20,5,24,34,30.57604167,6.571180556,21,31,27,6,21,32,26,4,21,32,26,5,25,PRC
Xiamen,2020,53,12,44,74,17,2,86,115,19,5,90,121,20,5,92,125,20,5,31,45,15,2,50,62,17,4,52,66,17,5,52,67,18,5,4,10,18,7,18,26,20,7,19,25,20,6,20,27,20,5,9,19,21.80108025,1.986944444,18,27,26,5,20,30,26,4,20,31,26,5,26,PRC
Xiamen,2021,1,1,96,116,20,7,84,112,20,5,90,119,20,5,92,124,20,5,58,68,17,9,49,61,17,5,53,65,17,5,52,67,17,5,19,22,21,4,17,25,21,6,19,25,21,6,19,26,20,5,19,26,28.46375731,1.556111111,18,27,27,3,19,29,27,4,20,31,26,4,22,PRC
Xiamen,2021,2,1,101,141,22,8,87,117,20,6,91,121,20,5,92,125,20,5,58,81,20,8,51,66,17,6,53,67,18,5,53,68,17,5,22,28,24,12,17,23,21,8,19,26,21,6,20,26,20,6,21,32,27.85960317,3.581084656,18,28,27,3,19,29,27,4,20,31,26,4,23,PRC
Xiamen,2021,3,1,99,142,21,6,85,118,20,6,91,123,20,5,92,125,20,5,55,76,20,8,51,68,18,7,53,68,18,6,53,68,18,5,21,33,20,5,17,23,21,7,19,26,21,6,19,26,20,6,23,33,26.60452899,3.38660628,18,28,26,3,19,29,26,5,20,31,26,4,23,PRC
Xiamen,2021,4,1,96,128,20,4,98,132,21,6,92,123,20,5,93,125,20,5,55,68,17,4,57,73,18,7,53,68,18,5,53,68,18,5,22,31,19,2,21,29,21,6,20,27,21,7,19,26,20,6,19,29,27.73378655,8.406476608,21,30,28,4,19,29,27,5,20,30,26,4,23,PRC
Xiamen,2021,5,1,94,124,21,4,98,134,21,6,91,123,20,5,93,124,20,5,51,64,17,6,55,72,18,6,52,67,18,6,53,68,18,5,23,31,22,3,22,31,21,6,20,28,21,6,20,27,21,6,20,29,30.49752778,1.546,21,31,28,4,19,29,28,4,20,30,27,4,23,PRC
Xiamen,2021,6,2,90,127,19,7,95,130,20,6,91,124,20,6,92,124,20,5,46,63,15,8,52,68,17,6,52,67,17,6,52,67,18,6,20,30,19,4,22,31,20,4,19,27,21,6,20,28,21,5,24,34,27.70083333,9.368541667,22,31,28,6,20,30,28,5,20,30,27,5,27,PRC
Xiamen,2021,7,2,92,129,31,5,93,127,23,5,89,123,21,5,92,124,21,5,49,66,38,3,50,65,22,5,50,66,20,6,52,67,19,5,24,30,19,8,22,31,20,4,19,27,20,6,20,28,21,6,19,33,26.2246345,4.164283626,21,31,28,6,19,29,27,4,20,30,27,5,26,PRC
Xiamen,2021,8,2,80,102,22,9,89,121,23,6,94,126,22,6,91,122,21,6,45,56,21,9,48,62,23,6,52,68,21,7,51,66,19,6,15,21,22,5,21,28,21,5,21,28,21,5,20,27,21,6,20,25,26.13006944,13.96965278,21,30,28,7,21,30,28,6,20,29,27,6,25,PRC
Xiamen,2021,9,2,84,123,18,5,87,120,23,7,92,127,22,6,89,122,21,6,49,69,16,7,47,64,22,7,51,68,20,6,50,66,19,6,19,27,18,4,20,27,19,5,21,29,20,5,20,27,20,6,16,27,27.17126736,2.562604167,20,30,27,8,20,30,27,6,19,29,27,5,22,PRC
Xiamen,2021,10,3,93,118,20,5,87,118,23,6,91,124,22,6,90,122,21,6,50,66,18,4,48,64,23,6,50,66,20,6,50,66,19,6,23,26,18,8,20,26,19,6,21,29,20,5,20,27,20,6,20,26,30.74034722,2.902041667,19,28,28,6,20,30,28,6,20,29,28,5,22,PRC
Xiamen,2021,11,3,113,144,19,14,93,122,20,8,93,124,21,7,90,122,21,6,68,82,17,15,53,68,18,8,52,67,20,7,51,67,19,7,23,30,20,14,20,26,19,8,21,28,20,6,20,27,20,6,22,32,25.65535354,10.63482323,20,28,27,8,20,29,28,7,19,29,27,5,22,PRC
Xiamen,2021,12,3,88,134,24,10,95,130,21,9,92,125,22,7,94,127,22,7,49,78,21,8,54,74,18,8,51,68,20,7,53,70,20,7,20,28,24,13,21,28,20,10,21,28,20,7,21,28,20,7,19,28,33.73489766,13.16368421,19,28,29,7,20,29,28,7,20,30,28,6,21,PRC
Xiamen,2021,13,3,73,110,27,36,92,127,23,16,89,123,23,11,92,127,22,10,42,62,25,31,52,72,20,15,50,68,21,11,51,69,20,9,15,23,28,50,20,27,22,21,20,27,21,13,21,28,21,11,16,25,33.61895833,37.26657986,19,28,31,16,20,29,29,12,20,29,29,9,23,PRC
Xiamen,2021,14,3,107,159,19,9,95,137,22,17,91,127,23,12,92,128,22,10,64,93,16,11,56,79,20,16,52,72,21,11,52,70,20,9,20,30,17,7,20,28,22,21,20,27,21,14,20,28,21,10,23,36,26.62845411,6.14236715,20,30,30,17,19,29,29,11,20,30,29,9,23,PRC
Xiamen,2021,15,4,101,136,22,9,92,135,23,16,92,128,22,12,93,128,22,10,57,76,21,9,53,77,21,15,53,73,19,12,52,70,20,9,23,29,18,8,20,28,22,19,20,27,21,14,21,28,20,10,21,31,28.74417989,9.208121693,20,30,31,16,20,29,29,12,20,30,29,10,23,PRC
Xiamen,2021,16,4,88,125,22,8,92,133,22,15,93,131,22,12,92,128,22,10,48,67,18,5,53,75,20,14,53,74,19,11,52,70,20,10,16,25,20,9,19,27,21,19,20,27,20,14,20,28,20,11,24,33,28.99927083,12.90239583,21,31,29,16,20,30,29,12,20,30,29,10,26,PRC
Xiamen,2021,17,4,113,143,20,12,102,141,21,9,97,134,22,13,94,129,22,11,67,78,17,11,59,79,18,9,56,75,19,12,53,71,20,10,22,29,20,9,20,28,19,8,20,28,21,15,20,27,20,12,24,36,29.02083333,15.97081019,23,34,28,11,21,31,30,14,21,31,29,12,25,PRC
Xiamen,2021,18,4,93,133,20,8,99,134,21,9,97,136,22,13,94,130,22,11,54,74,15,7,57,74,18,8,56,76,19,12,54,72,20,10,17,26,25,8,20,27,21,9,20,28,21,15,20,27,21,12,22,33,28.49488636,10.60193182,23,33,29,12,21,32,29,14,21,30,29,12,25,PRC
Xiamen,2021,19,5,85,120,24,13,95,130,22,10,94,133,22,13,93,129,22,11,47,66,16,9,54,71,17,8,54,74,19,11,53,72,18,10,19,23,23,18,19,26,22,11,19,27,22,15,19,26,21,13,19,31,45.16660819,17.04586257,22,33,33,14,21,32,32,15,21,30,30,13,26,PRC
Xiamen,2021,20,5,107,146,20,17,100,136,21,12,96,134,22,14,95,133,21,12,61,83,16,14,57,75,16,10,55,75,18,12,55,75,18,11,19,28,19,15,19,27,21,13,19,27,21,16,20,27,21,14,27,35,30.7906893,22.39861111,23,34,33,17,22,33,31,16,21,31,31,13,24,PRC
Xiamen,2021,21,5,95,134,22,15,95,133,22,13,99,137,21,11,96,134,22,13,56,76,17,12,55,75,16,11,57,77,17,10,55,75,18,11,21,26,25,22,19,26,23,16,20,27,21,12,20,27,21,15,18,32,33.23895062,13.13429012,22,33,34,16,22,33,31,13,21,32,31,14,24,PRC
Xiamen,2021,22,5,89,131,30,15,94,133,24,15,96,134,23,12,96,135,23,14,49,70,31,11,53,74,20,12,55,74,19,10,55,75,19,12,15,23,23,14,19,25,22,17,19,26,22,13,19,27,22,16,25,38,32.68021111,25.75767778,22,34,35,20,23,34,32,16,22,33,31,16,29,PRC
Xiamen,2021,23,6,90,132,24,13,95,136,24,15,95,133,23,12,94,134,23,14,56,72,20,12,56,75,21,12,55,73,19,10,54,75,20,12,17,22,27,15,18,25,23,17,18,25,23,14,19,26,22,16,17,38,31.84271242,12.01111111,22,36,32,18,22,35,33,16,21,33,32,16,29,PRC
Xiamen,2021,24,6,100,140,23,16,94,134,25,15,97,135,23,14,95,134,23,14,55,81,18,13,54,75,22,12,56,75,19,11,55,75,19,12,19,23,21,19,18,24,24,17,19,25,23,15,19,26,22,16,26,36,36.24094017,21.31087607,22,36,34,18,22,35,33,17,22,34,32,17,26,PRC
Xiamen,2021,25,6,97,144,24,13,94,137,25,14,95,135,23,14,97,137,23,12,57,81,19,15,54,76,22,13,54,75,19,12,56,76,19,11,20,24,29,13,18,23,25,15,18,24,24,16,19,26,22,13,20,39,33.25263889,4.896541667,22,38,34,16,22,35,34,16,22,35,32,14,27,PRC
Xiamen,2021,26,6,87,132,23,14,94,137,23,14,94,135,24,14,95,135,23,13,51,76,17,13,55,78,19,13,54,76,19,13,55,75,19,11,17,25,26,10,18,24,26,14,18,24,24,16,19,25,23,13,19,31,32.59133041,19.80858187,21,36,33,15,21,35,34,17,22,34,33,15,23,PRC
Xiamen,2021,27,6,88,133,23,12,93,137,23,14,94,137,24,14,94,134,23,13,55,80,18,13,55,80,18,14,55,77,20,13,55,75,19,11,14,22,28,14,18,24,26,14,18,24,25,15,18,25,24,14,19,31,32.97546784,8.48001462,21,34,34,14,21,35,33,16,22,34,33,15,23,PRC
Xiamen,2021,28,7,101,138,25,14,93,137,24,13,93,136,24,14,95,136,23,13,52,70,18,12,54,77,18,13,54,76,20,13,55,76,19,12,27,35,22,12,20,27,26,12,19,25,25,15,19,26,24,14,22,33,43.11005051,19.42853535,20,34,35,13,21,35,34,16,22,34,34,16,24,PRC
Xiamen,2021,29,7,59,109,22,7,84,128,23,12,89,132,24,13,91,133,23,13,37,55,17,9,49,70,18,12,52,73,20,12,53,74,19,12,11,26,24,2,17,27,25,10,18,25,25,12,18,25,24,14,11,28,35.94722222,7.089848485,18,31,36,14,20,34,35,15,20,34,35,15,26,PRC
Xiamen,2021,30,7,103,128,23,17,88,127,23,13,91,132,23,13,92,132,24,14,55,64,21,15,50,67,19,12,52,72,19,13,53,73,19,12,27,30,24,18,20,28,25,12,19,26,25,13,19,26,24,14,21,34,28.4522619,19.59701058,18,32,35,14,19,34,34,14,20,34,35,16,27,PRC
Xiamen,2021,31,7,75,116,25,50,85,123,24,22,89,130,23,18,91,132,24,17,39,59,21,55,46,62,19,23,50,71,19,18,52,72,19,16,17,27,25,53,21,30,24,21,19,27,25,18,19,26,24,17,19,30,33.60267544,38.40831871,18,31,35,21,20,33,35,17,20,34,34,18,26,PRC
Xiamen,2021,32,8,103,160,26,40,85,128,24,29,89,133,24,21,91,133,24,19,55,87,20,41,47,66,20,30,50,72,19,22,51,73,20,18,28,39,27,33,21,31,25,27,20,29,26,20,19,27,25,19,20,34,37.68854167,49.20606944,18,32,34,29,19,33,35,21,20,34,34,20,21,PRC
Xiamen,2021,33,8,80,145,23,21,90,137,24,32,87,133,24,22,89,134,24,19,51,80,20,22,50,73,20,33,49,71,19,23,51,73,20,19,17,36,24,21,22,33,25,31,20,30,25,20,19,28,25,19,12,29,36.94025463,15.15520833,18,32,34,31,18,31,35,22,19,33,35,20,20,PRC
Xiamen,2021,34,8,83,122,23,8,85,136,24,30,87,131,24,21,89,133,24,19,43,61,18,8,47,72,20,32,48,70,19,22,51,72,19,19,22,33,23,6,21,34,25,28,20,31,25,20,20,29,25,18,18,28,36.35220679,12.15354938,17,30,36,29,18,31,36,21,19,33,35,19,23,PRC
Xiamen,2021,35,8,93,132,34,18,90,140,27,22,87,131,25,22,89,133,25,19,57,70,35,17,52,75,23,22,49,68,21,22,51,72,20,20,17,28,29,28,21,34,26,22,21,32,25,22,20,29,25,19,19,34,37.9902924,10.35710526,17,31,37,22,18,31,36,21,19,32,35,19,26,PRC
Xiamen,2021,36,9,93,134,29,20,87,133,28,17,86,131,26,23,89,133,25,20,53,76,22,21,51,72,24,17,49,69,22,24,50,72,21,20,19,28,33,20,19,31,28,19,20,31,26,23,20,29,26,19,21,30,44.15935185,16.53787037,18,30,39,14,18,31,36,21,18,32,36,18,22,PRC
Xiamen,2021,37,9,77,134,27,17,87,131,29,16,88,134,26,24,87,132,25,20,48,76,23,19,50,71,24,16,50,72,22,25,50,71,21,21,16,28,30,17,19,29,29,18,20,31,27,24,19,30,26,20,13,30,42.15288462,7.384252137,18,31,40,12,18,31,37,21,18,31,37,19,22,PRC
Xiamen,2021,38,9,78,122,31,11,85,131,30,16,85,133,27,23,86,131,26,20,45,71,29,11,51,73,27,17,49,73,23,24,49,71,22,20,15,23,31,14,17,27,31,20,19,30,28,24,19,30,27,20,18,28,35.92850309,6.109984568,18,31,40,10,18,30,38,19,18,31,37,17,23,PRC
Xiamen,2021,39,9,91,123,24,13,85,128,28,15,87,134,27,19,86,130,26,20,52,67,19,12,50,73,23,16,51,74,23,19,49,70,22,20,24,31,28,13,19,28,30,16,20,31,28,19,20,30,27,20,15,25,32.2067963,19.7965,17,28,39,12,17,30,38,17,17,30,37,18,20,PRC
Xiamen,2021,40,10,80,114,24,10,82,123,26,13,84,128,27,15,85,128,26,19,41,57,19,9,47,68,22,13,49,70,23,15,48,69,22,20,17,24,27,11,18,27,29,14,18,29,28,16,19,29,27,20,22,33,33.02743687,9.997487374,17,29,36,11,17,30,37,12,17,30,36,18,29,PRC
Xiamen,2021,41,10,62,102,25,13,78,115,26,12,82,123,27,14,85,128,26,20,35,53,23,10,43,62,22,11,47,66,23,14,48,68,22,20,16,26,24,18,18,26,27,14,18,28,28,16,20,29,27,21,11,23,32.87507576,13.31363636,17,27,34,12,17,29,37,12,17,30,36,18,23,PRC
Xiamen,2021,42,10,78,114,23,9,78,113,24,11,82,122,27,14,83,127,26,19,45,66,20,7,43,61,20,9,47,67,24,13,47,69,22,19,19,26,26,9,19,27,26,13,18,27,28,16,19,29,27,20,14,22,30.08724206,18.2684127,16,26,32,15,17,28,36,13,17,29,36,18,19,PRC
Xiamen,2021,43,10,80,117,25,12,75,112,24,11,80,120,26,13,83,127,26,16,46,63,22,13,42,60,21,10,46,66,22,13,48,69,22,16,18,29,26,17,18,26,26,14,18,27,28,15,19,29,27,17,16,25,29.63227431,5.167274306,16,26,31,12,16,27,35,12,17,28,36,15,21,PRC
Xiamen,2021,44,10,88,113,25,12,77,112,25,12,79,117,26,12,82,123,26,14,39,53,20,9,41,59,21,10,44,63,22,11,46,66,22,13,25,32,25,17,20,28,25,15,19,27,27,14,19,29,27,16,24,28,34.85993056,12.70871528,16,25,32,12,17,27,34,12,17,28,36,12,25,PRC
Xiamen,2021,45,11,85,122,27,15,83,117,25,12,80,116,25,12,82,121,27,13,54,65,23,18,46,62,21,12,45,62,22,11,47,65,23,13,11,21,30,18,18,27,27,15,18,27,27,15,18,27,28,16,20,36,35.40298611,7.194305556,19,28,32,11,18,28,33,12,18,29,35,12,30,PRC
Xiamen,2021,46,11,74,108,20,4,82,115,24,11,80,114,24,11,82,120,26,13,45,65,17,4,46,62,21,11,45,61,20,10,47,65,23,13,16,20,18,4,18,26,25,14,18,26,25,13,18,26,27,15,13,23,30.93339744,4.73267094,18,28,33,7,17,27,32,11,17,28,35,11,21,PRC
Xiamen,2021,47,11,79,101,23,8,82,111,24,10,78,111,24,11,80,117,25,12,47,61,21,6,46,61,20,9,44,60,21,10,46,64,21,12,15,17,20,13,17,23,23,13,17,24,24,13,18,25,26,14,17,23,32.99699346,8.060522876,19,28,34,8,17,27,32,10,17,27,35,11,23,PRC
Xiamen,2021,48,11,78,107,24,10,79,110,24,9,78,111,24,11,79,115,25,11,41,57,21,6,47,62,21,9,44,60,21,9,45,63,21,10,22,28,21,22,16,22,22,14,18,25,24,15,18,25,25,14,15,22,37.35983333,3.293851852,16,26,34,6,16,25,33,9,17,27,34,10,21,PRC
Xiamen,2021,49,12,79,107,23,5,78,106,23,7,80,111,24,10,79,113,25,10,45,60,20,5,45,61,20,5,45,61,21,8,45,62,21,9,20,28,23,6,18,23,20,11,18,25,23,13,18,25,25,14,14,19,35.80668651,4.85406746,15,22,34,5,17,25,33,8,17,26,33,9,18,PRC
Xiamen,2021,50,12,80,102,24,10,79,104,24,8,80,110,24,10,80,111,24,10,44,57,22,10,44,59,21,7,45,60,21,9,45,60,21,9,19,24,25,15,19,24,22,14,18,25,23,14,19,26,24,14,17,21,26.30375817,5.763153595,16,21,33,5,17,25,33,6,17,25,33,9,21,PRC
Xiamen,2021,51,12,27,44,13,2,66,90,21,7,74,101,22,8,74,104,23,9,18,26,17,3,37,50,20,6,42,56,20,8,42,57,20,8,5,9,3,0,17,22,18,11,17,22,21,12,17,24,22,13,4,9,10.41430556,0.25,13,18,27,4,16,23,31,6,16,24,31,8,20,PRC
Xiamen,2021,52,12,8,9,6,0,49,66,17,4,64,88,20,7,68,96,22,8,3,4,11,0,28,37,17,4,37,49,19,6,39,53,20,7,2,2,1,0,12,16,13,5,14,19,17,10,16,22,20,12,3,3,5.200555556,0,10,13,19,3,13,20,27,4,14,21,28,7,33,PRC
Xiamen,2021,53,12,52,52,33,5,42,52,19,4,60,79,21,6,67,91,22,8,29,29,42,8,24,29,23,5,34,45,21,5,38,51,21,7,10,10,17,3,9,11,11,5,14,17,16,8,15,21,19,10,13,13,26.28863248,0.530683761,9,12,17,2,12,17,26,3,14,20,28,6,25,PRC
Xiamen,2022,1,1,70,86,21,4,39,48,18,3,59,76,21,5,67,89,22,7,49,58,23,4,25,29,23,4,35,44,22,5,38,50,22,7,13,17,15,3,8,10,9,1,13,17,15,8,15,20,19,10,8,11,14.91131944,0.5,7,9,14,0,11,15,24,3,14,19,27,4,13,PRC
Xiamen,2022,2,1,69,83,18,3,50,58,19,3,58,74,20,5,66,86,21,7,43,56,19,2,31,37,24,4,34,43,22,5,38,49,21,6,14,15,20,3,10,11,13,2,13,17,15,6,14,19,18,9,12,12,10.61618056,4.22412037,9,10,14,1,11,14,21,2,13,18,25,4,14,PRC
Xiamen,2022,3,1,74,86,22,4,66,77,23,4,57,71,20,4,65,84,21,6,48,55,23,4,42,50,27,5,35,43,22,4,39,49,22,6,17,21,25,4,14,16,19,3,13,16,16,4,14,18,18,8,9,10,11.62348765,7.784259259,11,12,16,3,10,12,18,3,12,17,23,4,12,PRC
Xiamen,2022,4,1,49,72,14,3,66,82,19,3,54,67,19,4,62,80,20,5,32,45,16,3,43,54,20,3,33,41,22,4,37,48,21,5,9,16,14,4,13,17,18,3,11,14,15,4,14,17,17,6,8,11,7.647638889,0,9,11,11,3,9,11,14,2,11,15,21,3,15,PRC
Xiamen,2022,5,1,18,23,15,3,53,66,17,3,46,57,18,3,57,73,20,5,4,5,7,0,32,40,16,2,28,35,20,3,34,43,20,4,5,6,6,0,11,15,16,3,9,12,13,2,13,16,16,6,9,12,22.91253086,5.468395062,10,11,13,4,8,10,14,2,11,14,20,3,52,PRC
Xiamen,2022,6,2,21,24,11,2,41,51,15,3,45,54,17,3,52,66,19,4,10,10,4,3,24,29,12,3,27,33,18,3,31,39,19,4,5,5,8,4,9,12,13,3,9,12,13,3,12,15,15,5,6,9,23.53074074,0,8,11,16,3,9,10,15,2,10,13,19,3,38,PRC
Xiamen,2022,7,2,22,24,8,3,28,36,12,3,47,56,18,3,47,59,17,4,10,11,8,2,14,18,9,2,28,34,18,3,28,35,18,4,6,6,7,5,6,8,9,3,10,12,14,3,10,13,14,4,6,7,10.37481481,2.411574074,7,10,16,2,9,11,16,3,9,11,17,3,29,PRC
Xiamen,2022,8,2,24,28,11,6,21,25,11,3,43,53,15,3,43,53,16,4,7,8,8,0,8,9,7,1,25,31,14,2,25,30,17,3,7,8,7,7,6,6,7,4,10,12,13,4,9,12,12,4,10,12,16.22275,9.188972222,8,10,18,4,9,11,15,4,9,11,16,3,43,PRC
Xiamen,2022,9,2,38,41,11,8,26,29,10,5,39,48,14,4,39,48,15,4,15,16,7,4,11,11,7,2,21,26,11,2,22,27,15,3,8,9,9,1,7,7,8,4,9,11,12,3,8,10,11,3,15,16,14.98957407,16.75274074,9,11,16,7,9,11,15,6,9,10,15,4,39,PRC
Xiamen,2022,10,3,52,57,17,18,34,38,12,9,37,44,14,6,41,49,16,5,18,19,13,14,13,14,9,5,18,21,11,4,22,26,15,4,12,13,15,16,8,9,10,7,9,11,11,5,9,11,12,4,22,25,21.58902778,22.09078283,13,15,16,13,11,13,16,8,10,12,15,6,44,PRC
Xiamen,2022,11,3,39,56,14,9,38,46,13,10,33,41,13,6,44,53,16,6,15,21,11,6,14,16,10,6,14,17,9,4,23,28,15,4,12,16,11,7,10,12,11,8,8,10,10,5,10,12,13,5,12,19,21.46849537,13.65340278,15,18,19,15,11,14,17,9,11,13,17,7,34,PRC
Xiamen,2022,12,3,26,31,11,8,39,46,13,11,30,36,12,7,42,51,14,6,15,17,9,11,16,18,10,9,12,13,8,5,22,27,12,5,5,5,15,7,9,11,13,8,8,9,10,6,9,11,13,5,6,9,10.20199074,2.566527778,14,17,17,14,11,14,18,9,10,13,16,7,29,PRC
Xiamen,2022,13,3,43,52,11,10,40,49,13,11,33,39,12,8,40,48,13,6,23,26,7,17,18,21,10,12,14,16,8,7,20,24,11,6,3,6,27,9,8,10,17,10,7,9,12,7,9,11,14,5,17,20,13.33037582,1.510228758,14,18,17,10,12,15,16,9,11,14,15,7,38,PRC
Xiamen,2022,14,3,46,58,14,8,39,49,12,9,36,43,12,9,38,46,13,7,16,22,14,10,17,22,10,11,15,18,10,8,18,21,11,6,14,16,11,10,9,11,16,8,8,10,13,8,9,11,13,6,16,20,15.97211806,3.013576389,13,17,15,5,13,16,16,9,11,14,16,7,34,PRC
Xiamen,2022,15,4,38,46,12,4,38,47,12,8,38,46,13,9,35,43,12,7,16,21,9,6,18,22,10,11,16,19,10,9,15,18,9,6,6,7,15,1,7,9,17,7,8,10,14,7,8,9,12,6,16,18,13.49164931,2.919809028,14,17,13,3,14,17,16,9,12,15,16,7,39,PRC
Xiamen,2022,16,4,44,49,15,12,43,51,13,8,41,49,13,10,34,41,12,8,15,17,10,16,18,22,10,12,17,20,10,11,14,16,9,7,9,9,16,13,8,10,17,8,9,10,15,8,8,9,12,7,20,23,19.26413889,8.696625,17,20,16,4,16,19,16,9,13,16,17,7,47,PRC
Xiamen,2022,17,4,37,57,14,14,41,53,14,9,41,51,14,10,36,44,12,8,14,20,15,23,15,20,12,14,17,20,11,13,15,17,10,9,10,14,6,8,10,12,12,8,9,11,15,9,8,10,12,7,13,23,19.38931624,8.020598291,16,21,17,6,15,20,17,8,13,17,17,8,40,PRC
Xiamen,2022,18,4,56,61,12,8,44,53,13,9,41,51,13,9,39,47,13,9,24,27,11,13,17,21,11,14,17,21,11,13,16,19,10,10,13,14,13,4,10,11,12,7,9,11,14,7,9,10,13,7,19,20,11.72336257,3.726681287,17,21,16,6,15,19,16,6,14,18,16,8,33,PRC
Xiamen,2022,19,5,35,41,13,10,43,52,14,11,41,49,13,9,40,48,13,10,15,18,9,11,17,21,11,16,17,21,11,13,16,19,10,11,7,7,12,10,10,11,12,9,8,10,14,8,9,10,13,8,13,16,17.90903846,8.058440171,16,21,17,7,15,19,15,5,15,18,16,8,39,PRC
Xiamen,2022,20,5,51,55,18,15,45,54,14,12,44,52,14,10,42,50,13,10,26,27,15,21,20,23,13,17,19,22,11,15,18,21,11,13,11,12,16,11,10,12,12,8,9,11,14,8,9,11,14,8,14,16,26.67501984,6.430694444,15,19,19,7,16,20,17,5,15,19,17,8,29,PRC
Xiamen,2022,21,5,66,72,17,19,52,57,15,13,47,55,14,11,44,53,14,11,34,39,15,16,25,28,13,15,20,24,12,15,19,23,12,14,17,17,21,18,12,13,15,11,11,12,14,10,10,11,15,10,15,16,16.26705556,25.24085185,15,17,18,11,16,19,18,8,15,19,17,9,22,PRC
Xiamen,2022,22,5,48,77,18,15,50,61,17,15,47,57,15,12,44,55,14,11,23,34,17,17,25,30,14,16,21,25,13,15,20,24,12,14,7,17,17,23,11,13,16,16,10,12,14,11,10,12,15,10,18,26,21.49214506,8.639382716,15,19,21,12,16,20,18,9,15,19,17,8,34,PRC
Xiamen,2022,23,6,46,58,16,10,53,66,17,15,48,59,15,13,45,55,14,11,14,20,8,5,24,30,14,15,21,25,13,15,20,24,12,14,13,14,17,18,12,15,18,17,11,13,15,13,10,12,15,11,19,24,20.49328947,8.581739766,17,21,21,12,16,21,19,10,16,19,17,7,41,PRC
Xiamen,2022,24,6,53,75,16,14,53,71,17,14,49,62,16,13,47,58,15,11,25,29,14,7,24,31,13,11,22,27,13,14,20,25,12,13,10,17,11,21,12,16,16,20,11,14,14,14,10,13,15,12,18,29,20.6387963,18.55719136,18,24,20,15,16,21,19,11,17,21,18,9,39,PRC
Xiamen,2022,25,6,48,63,21,10,49,68,18,12,50,63,16,12,47,59,16,11,16,22,11,2,20,26,12,8,22,27,12,12,20,25,12,12,17,20,25,13,12,17,17,19,12,15,16,15,11,14,15,13,15,21,28.43140741,14.7687963,18,25,23,13,16,21,20,12,16,21,19,10,33,PRC
Xiamen,2022,26,6,39,50,14,6,47,62,17,10,48,61,17,12,47,59,16,11,14,15,13,7,17,22,11,5,21,26,13,11,20,24,12,12,9,12,9,7,12,16,16,15,11,15,16,15,11,13,15,12,16,23,17.20963542,5.739010417,17,24,22,12,16,21,21,12,16,21,19,10,46,PRC
Xiamen,2022,27,6,60,64,19,8,50,63,17,10,51,64,17,12,49,60,16,12,30,31,13,10,21,24,13,7,23,27,13,11,21,25,13,12,14,15,21,10,13,16,17,13,12,16,17,15,11,14,15,13,16,18,26.095625,2.882777778,16,23,23,10,16,22,22,11,16,21,20,10,28,PRC
Xiamen,2022,28,7,67,85,19,5,54,66,18,7,53,68,17,11,51,63,16,11,27,35,13,6,22,26,13,6,23,28,13,9,22,26,13,11,20,24,18,7,15,18,18,9,13,17,17,15,12,15,15,13,20,26,27.45338889,2.202222222,17,22,25,6,17,23,22,11,16,22,21,9,31,PRC
Xiamen,2022,29,7,87,101,19,10,63,75,18,7,56,72,18,10,55,67,17,11,47,52,16,12,30,33,14,9,25,30,13,8,25,29,13,11,20,24,18,5,16,19,17,7,14,18,17,13,13,16,16,12,20,25,27.849,9.193833333,18,23,25,5,18,24,24,9,17,22,22,10,25,PRC
Xiamen,2022,30,7,67,100,16,7,70,88,18,8,58,75,17,9,56,70,17,11,36,49,12,10,35,42,14,9,26,32,12,7,26,31,13,10,16,24,15,6,18,22,18,7,15,19,17,11,13,17,17,12,15,27,26.30762963,2.280425926,18,24,27,4,17,24,24,8,17,22,23,9,27,PRC
Xiamen,2022,31,7,62,79,15,12,71,91,17,8,60,77,17,9,58,73,17,11,36,43,12,16,37,45,13,11,29,35,13,9,27,33,13,11,9,13,9,6,16,21,15,6,14,19,16,9,14,17,16,12,17,23,24.05104575,3.857679739,18,25,26,4,17,24,25,7,17,23,24,9,29,PRC
Xiamen,2022,32,8,69,85,16,9,71,91,16,9,62,78,17,8,59,76,17,10,33,42,12,10,38,47,13,12,30,36,13,9,28,34,13,10,19,20,14,10,16,20,14,7,16,19,16,8,14,18,16,12,17,23,24.32323529,5.986356209,17,25,26,5,17,23,25,6,17,23,23,9,27,PRC
Xiamen,2022,33,8,45,61,16,9,61,81,16,9,62,78,17,8,58,75,17,10,16,22,13,7,30,39,12,11,30,36,13,10,26,33,13,9,9,12,15,19,13,17,13,10,15,18,15,9,14,18,16,12,20,27,19.57204167,5.954180556,17,25,24,5,18,24,24,5,18,24,24,7,44,PRC
Xiamen,2022,34,8,47,59,13,8,56,71,15,9,63,79,17,8,58,73,17,9,15,19,8,4,25,32,11,10,30,37,12,9,26,32,12,8,18,21,14,13,14,17,13,12,16,19,16,9,15,18,16,11,14,19,16.16462302,4.881944444,17,23,21,5,17,24,24,5,17,24,23,7,32,PRC
Xiamen,2022,35,8,39,45,8,2,50,63,13,7,60,77,15,8,57,72,16,8,15,16,7,4,20,25,10,6,28,35,12,9,26,31,12,8,9,13,3,3,14,17,12,11,15,19,13,9,14,18,14,10,15,16,10.73357407,0.238462963,17,21,18,4,17,23,22,4,17,23,22,6,36,PRC
Xiamen,2022,36,8,45,53,11,4,44,55,12,6,58,73,14,8,56,70,16,8,19,22,6,3,16,20,8,4,27,33,11,8,25,31,11,8,10,12,13,9,12,15,11,11,14,17,13,9,14,18,15,9,16,19,17.01935764,3.199670139,16,20,16,4,17,22,21,4,17,22,22,5,36,PRC
Xiamen,2022,37,9,37,49,9,3,42,52,10,4,51,66,13,7,55,69,14,7,11,14,8,6,15,18,7,4,23,28,10,8,25,30,11,8,9,13,8,0,12,15,9,6,12,16,11,8,14,17,13,8,17,22,10.05509804,3.413382353,16,19,13,3,16,22,19,4,17,22,21,4,45,PRC
Xiamen,2022,38,9,25,32,11,5,37,45,10,4,46,58,12,6,54,68,14,7,8,10,11,10,13,16,8,6,19,24,10,8,24,30,11,8,6,7,5,1,9,11,7,3,11,14,10,8,13,17,13,7,11,15,13.52967172,3.165353535,15,18,13,3,16,21,17,4,17,22,20,4,47,PRC
Xiamen,2022,39,9,36,36,12,6,36,43,11,5,43,53,12,6,52,65,14,7,11,11,10,6,12,14,9,6,16,20,9,6,23,28,11,8,8,8,13,14,8,10,10,6,11,13,11,9,13,16,12,8,17,17,13.17846405,2.350996732,15,18,13,3,16,20,16,4,17,22,19,4,47,PRC
Xiamen,2022,40,9,19,30,9,1,29,37,10,4,37,46,11,5,48,61,13,6,6,10,8,4,9,11,9,7,13,16,9,6,21,26,10,8,6,8,14,0,7,9,10,4,9,12,11,7,12,15,12,7,7,12,6.532619048,0.285714286,13,17,11,2,15,18,13,3,16,20,17,4,40,PRC
Xiamen,2022,41,10,48,51,21,6,32,37,13,5,37,44,12,5,45,57,13,6,30,30,23,4,14,15,13,6,14,17,10,5,20,24,11,7,7,9,14,6,7,8,12,5,9,11,11,6,11,13,11,7,11,12,19.23775253,11.79611111,12,14,13,4,14,17,13,4,15,19,17,4,24,PRC
Xiamen,2022,42,10,90,99,19,11,48,54,15,6,42,49,12,5,47,57,13,6,47,51,15,13,24,26,14,7,18,21,11,6,21,24,11,7,19,21,20,10,10,12,15,7,9,11,11,5,11,13,12,8,24,27,25.34027778,9.046203704,15,17,16,6,15,18,14,4,16,19,17,5,27,PRC
Xiamen,2022,43,10,79,114,21,11,59,74,18,7,47,58,14,6,48,60,14,6,47,63,20,13,33,39,16,8,22,26,12,7,22,26,12,7,13,20,20,9,11,15,17,6,10,12,13,6,11,14,13,8,19,31,24.80149123,7.928406433,15,21,19,7,15,19,16,5,16,20,17,5,27,PRC
Xiamen,2022,44,10,85,117,21,11,76,95,20,10,52,66,15,7,50,62,14,7,37,53,15,7,40,49,18,9,25,30,14,8,22,27,12,7,25,33,22,15,16,21,19,10,12,15,15,7,12,15,13,8,23,31,27.20793478,13.36451691,19,25,24,11,16,21,17,6,16,21,17,5,26,PRC
Xiamen,2022,45,11,105,139,21,16,90,117,21,12,61,77,17,9,55,69,15,7,60,72,19,15,48,60,17,12,31,38,15,9,26,31,12,7,22,33,23,24,20,27,21,14,13,17,16,10,13,17,14,9,23,34,27.31951691,10.92335749,22,31,26,10,17,22,20,7,16,21,18,6,24,PRC
Xiamen,2022,46,11,95,139,18,17,91,127,20,14,70,91,18,10,59,75,15,8,52,72,15,22,49,65,17,14,36,45,16,11,29,35,13,9,22,34,20,13,21,30,21,15,15,21,18,11,13,18,15,9,21,33,23.84034392,8.962539683,22,32,26,10,18,25,21,8,17,22,18,6,24,PRC
Xiamen,2022,47,11,100,134,21,12,96,132,20,14,78,103,19,11,64,83,16,9,54,71,16,13,51,67,16,14,42,53,16,11,32,40,14,10,26,31,25,10,24,33,23,15,18,24,20,11,14,19,17,9,20,32,29.13326389,10.08144444,22,33,27,11,19,27,23,9,17,24,20,7,24,PRC
Xiamen,2022,48,11,85,124,20,10,96,134,20,14,86,115,20,12,67,89,17,9,49,69,15,10,54,71,16,15,47,60,17,12,34,44,15,10,16,26,23,9,22,31,23,14,19,26,21,12,15,20,17,9,20,29,28.65536111,9.961111111,21,32,27,10,20,29,26,10,18,25,21,8,23,PRC
Xiamen,2022,49,11,106,141,21,13,97,135,20,13,93,126,20,13,73,96,18,10,57,76,16,13,53,72,16,14,50,66,16,13,38,49,15,11,22,29,23,11,22,30,23,11,21,28,22,13,16,22,19,10,27,36,30.06834362,15.47115226,22,33,28,11,22,32,27,11,19,26,22,9,26,PRC
Xiamen,2022,50,12,111,150,19,13,101,137,20,12,96,132,20,13,80,106,19,11,59,76,15,15,55,73,16,13,52,69,16,13,42,55,16,11,26,32,22,17,23,30,23,12,22,30,22,13,18,24,20,11,26,42,24.58524573,5.232029915,23,35,28,10,22,34,27,10,20,28,23,9,28,PRC
Xiamen,2022,51,12,87,118,21,15,97,133,20,13,97,133,20,13,84,113,19,11,49,65,19,11,54,72,16,12,52,69,16,13,46,59,16,12,16,22,21,33,20,27,22,18,22,30,22,17,18,25,21,13,22,31,26.09190657,7.968623737,24,35,27,10,23,34,27,10,20,29,24,9,26,PRC
Xiamen,2022,52,12,85,116,24,18,97,131,21,15,97,133,21,14,90,120,21,13,46,62,21,24,53,70,18,16,53,70,17,15,49,63,17,13,20,25,29,13,21,27,24,19,21,29,23,16,20,26,22,14,19,29,28.30068713,8.055292398,24,35,27,9,22,33,27,10,21,31,26,10,25,PRC
,,,,,,,,,,,,,,,,,,,,,,,,,,,,,,,,,,,,,,60,,,,,,,,,,,,,,,,,,,,,,,,,,,,,,,
