World Port Index Number,Main Port Name,UN/LOCODE,Country Code,Latitude,Longitude
7950.0,Maurer, ,United States,40.533333,-74.25
47620.0,Iharana, ,Madagascar,-13.35,50.0
47020.0,Chake Chake, ,Tanzania,-5.25,39.766667
47005.0,Mjimwema Terminal, ,Tanzania,-6.816667,39.366667
44804.0,Delta Terminal, ,Turkey,36.85,36.166667
50350.0,Cinta Oil Terminal, ,Indonesia,-5.5,106.233333
38330.0,Europa Point, ,Gibraltar,36.133333,-5.35
7010.0,New Harbor, ,United States,43.866667,-69.483333
12900.0,Dtse / Gegua Oil Terminal, ,Brazil,-22.816667,-43.15
48104.0,Sharmah, ,Saudi Arabia,27.933333,35.25
9210.0,Norsworthy, ,United States,29.733333,-95.2
6750.0,Minturn, ,United States,44.15,-68.45
6820.0,Criehaven, ,United States,43.833333,-68.883333
46691.0,North Point, ,"Saint Helena, Ascension, and Tristan da Cunha",-7.883333,-14.366667
57433.0,Bongkot Terminal, ,Thailand,8.05,102.333333
52350.0,Donggala, ,Indonesia,-0.65,119.733333
42415.0,Larimna, ,Greece,38.566667,23.283333
38420.0,Hornillo, ,Spain,37.4,-1.55
40245.0,Melilli Oil Terminal, ,Italy,37.116667,15.25
47942.0,Al Khair Oil Terminal, ,Sudan,19.583333,37.25
6670.0,Corea, ,United States,44.4,-67.966667
59550.0,Margosatubig, ,Philippines,7.583333,123.166667
45635.0,Arzew El Djedid, ,Algeria,35.816667,-0.25
45822.0,Karabane, ,Senegal,12.566667,-16.666667
6970.0,Monhegan, ,United States,43.766667,-69.316667
6710.0,Northeast Harbor, ,United States,44.3,-68.283333
6800.0,Bucks Harbor, ,United States,44.333333,-68.733333
6830.0,Matinicus, ,United States,43.866667,-68.883333
49875.0,Malong Marine Terminal, ,Malaysia,4.633333,104.816667
63090.0,Admiralty Bay, ,Antarctica,-62.083333,-58.416667
63110.0,Melchior Harbor, ,Antarctica,-64.316667,-63.0
7900.0,Grasselli, ,United States,40.616667,-74.2
44807.0,Aksaz Limani, ,Turkey,36.833333,28.383333
46239.0,Egina Oil Terminal, ,Nigeria,3.066667,6.7
47625.0,Antsohim Bondrona, ,Madagascar,-13.083333,48.833333
42180.0,Ayios Nikolaos, ,Greece,37.983333,23.533333
43384.0,Borusan Fertilizer Jetty, ,Turkey,40.416667,29.1
63070.0,Ellefsen Harbor, ,Antarctica,-60.733333,-45.033333
63120.0,Andersen Harbor, ,Antarctica,-64.316667,-62.933333
11360.0,Baie Du Marigot, ,France,18.066667,-63.083333
11372.0,Coles Bay Oil Terminal, ,Sint Maarten,18.016667,-63.083333
48057.0,Zafarana Terminal, ,Egypt,29.166667,32.683333
60205.0,Suizhang Gang, ,China,40.066667,121.05
49685.0,Yetagun Marine Terminal, ,Burma,13.05,96.85
47989.0,Zeit Bay Lpg Terminal, ,Egypt,27.8,33.566667
51800.0,Tanjungredeb, ,Indonesia,2.15,117.483333
59575.0,Santa Clara, ,Philippines,7.783333,122.683333
11048.0,Punta Nizao Oil Terminal, ,Dominican Republic,18.2,-70.2
57490.0,Phsar Ream, ,Cambodia,10.5,103.6
50932.0,Tanjung Gerem, ,Indonesia,-5.966667,105.983333
48341.0,Ras Al Ghar, ,Saudi Arabia,26.9,49.866667
7890.0,Port Socony, ,United States,40.55,-74.25
11005.0,Puerto Botado, ,Dominican Republic,19.2,-69.45
63100.0,Port Lockroy, ,Antarctica,-64.816667,-63.5
51500.0,Tarempah, ,Indonesia,3.216667,106.216667
52440.0,Tahuna, ,Indonesia,3.616667,125.483333
63080.0,Scotia Bay, ,Antarctica,-60.75,-44.716667
47690.0,Port Est, ,Reunion,-20.933333,55.316667
42790.0,Vrakhonisis Kallonis, ,Greece,39.083333,26.083333
45515.0,Port Methanier, ,Algeria,36.883333,6.95
9665.0,Puerto Este, ,Honduras,16.083333,-86.9
35835.0,Port Du Havre-Antifer, ,France,49.65,0.15
7020.0,Pemaquid Beach, ,United States,43.866667,-69.533333
40750.0,Porto Di Malamocco, ,Italy,45.333333,12.316667
46544.0,Psvm Terminal, ,Angola,-6.25,10.733333
47695.0,Port Ouest, ,Reunion,-20.933333,55.283333
9230.0,Sinco, ,United States,29.716667,-95.233333
14020.0,Prince Olav Harbor, ,South Georgia and South Sandwich Islands,-54.033333,-37.15
7070.0,Robinhood, ,United States,43.85,-69.733333
6980.0,Port Clyde, ,United States,43.916667,-69.25
42440.0,Stilis, ,Greece,38.916667,22.616667
14040.0,Stromness Harbor, ,South Georgia and South Sandwich Islands,-54.15,-36.7
45845.0,Victoria, ,Guinea,10.816667,-14.566667
7000.0,Friendship,US FSP,United States,43.966667,-69.333333
6880.0,Bucksport,US BUP,United States,44.566667,-68.783333
9240.0,Houston,US HOU,United States,29.75,-95.283333
12772.0,Aratu,BR ARB,Brazil,-12.783333,-38.5
10010.0,Matthew Town,BS MAT,The Bahamas,20.95,-73.683333
7190.0,Newburyport,US ZMP,United States,42.816667,-70.866667
10430.0,Ceiba Hueca,CU CEI,Cuba,20.216667,-77.31666699999998
60250.0,Dalian,CN DAL,China,38.916667,121.666667
48076.0,Elat,IL ETH,Israel,29.55,34.95
47990.0,El Ghardaqa,EG HRG,Egypt,27.216667,33.85
47630.0,Antsiranana,MG DIE,Madagascar,-12.266667,49.283333
47100.0,Mombasa,KE MBA,Kenya,-4.066667,39.666667
45820.0,Dakar,SN DKR,Senegal,14.683333,-17.433333
48465.0,Kharg Island Oil Terminal,IR KHK,Iran,29.233333,50.333333
48450.0,Bandar-E Mahshahr,IR MRX,Iran,30.466667,49.183333
41820.0,Itea,GR ITA,Greece,38.433333,22.416667
41550.0,Dubrovnik,HR DBV,Croatia,42.666667,18.083333
39590.0,Livorno,IT LIV,Italy,43.542,10.29
39025.0,Monaco,MC MON,Monaco,43.733333,7.416667
37770.0,La Coruna,ES LCG,Spain,43.366667,-8.4
37120.0,Le Verdon,FR LVE,France,45.55,-1.05
42345.0,Astakos,GR AST,Greece,38.483333,21.1
41800.0,Mesolongion,GR MEL,Greece,38.366667,21.416667
45350.0,Abu Khammash,LY ABK,Libya,33.066667,11.816667
45819.0,M Bao Oil Terminal,SN MBA,Senegal,14.716667,-17.4
46237.0,Agbami Oil Terminal,NG ABM,Nigeria,3.466667,5.566667
42890.0,Andros,GR AND,Greece,37.833333,24.95
37960.0,Oporto,PT DOU,Portugal,41.15,-8.666667
60240.0,Lushun,CN LSH,China,38.783333,121.25
51501.0,Belanak Field Terminal,ID BNT,Indonesia,4.15,106.25
39820.0,Fiumicino,IT FCO,Italy,41.772,12.214
46900.0,Chinde,MZ INE,Mozambique,-18.566667,36.5
47420.0,Maintirano,MG MXT,Madagascar,-18.066667,44.016667
47590.0,Maroantsetra,MG WMN,Madagascar,-15.45,49.816667
52240.0,Kendari,ID KDI,Indonesia,-3.966667,122.583333
61360.0,Choshi,JP CHO,Japan,35.733333,140.85
61555.0,Amagasaki,JP AMA,Japan,34.7,135.383333
44965.0,Dhekelia,CY DHK,Cyprus,34.966667,33.716667
45100.0,Ashdod,IL ASH,Israel,31.816667,34.65
45620.0,Mostaganem,DZ MOS,Algeria,35.933333,0.083333
46552.0,Greater Plutonio Terminal,AO GPO,Angola,-7.833333,12.1
49780.0,Krabi,TH KRV,Thailand,8.066667,98.916667
44808.0,Antalya Offshore Terminal,TR UZE,Turkey,36.816667,30.6
44820.0,Antalya,TR AYT,Turkey,36.833333,30.616667
45630.0,Arzew,DZ AZW,Algeria,35.85,-0.3
57410.0,Kuantan New Port,MY KUA,Malaysia,3.966667,103.433333
42434.0,Achladi,GR ACL,Greece,38.9,22.816667
38083.0,Lajes,PT LDP,Portugal,38.4,-28.266667
38440.0,Alicante,ES ALC,Spain,38.333333,-0.483333
43130.0,Iraklion,GR HER,Greece,35.35,25.15
12117.0,Venterminals, ,Venezuela,10.483333,-68.033333
8280.0,Norfolk,US ORF,United States,36.85,-76.29999999999998
62520.0,Ishigaki,JP ISG,Japan,24.333333,124.166667
7460.0,Greenport,US GP4,United States,41.1,-72.366667
39000.0,Villefranche,FR VSS,France,43.7,7.316667
6910.0,Searsport,US SRP,United States,44.45,-68.916667
39261.0,Porto Di Oristano,IT QOS,Italy,39.866667,8.55
38870.0,Toulon,FR TLN,France,43.1,5.916667
38095.0,Praia De Vitoria,PT PRV,Portugal,38.716667,-27.05
40620.0,Ortona,IT OTN,Italy,42.35,14.416667
6950.0,Rockport,US RP3,United States,44.183333,-69.066667
38050.0,Vila Real De S Antonio,PT VNC,Portugal,37.183333,-7.4
39215.0,Sarroch Oil Terminal,IT PFX,Italy,39.083333,9.033333
6680.0,Winter Harbor,US WH5,United States,44.383333,-68.083333
38100.0,Ponta Delgada,PT PDL,Portugal,37.733333,-25.666667
40470.0,Taranto,IT TAR,Italy,40.466667,17.2
8030.0,New Castle,US NSX,United States,39.65,-75.56666699999998
45755.0,Tanger,MA TNG,Morocco,35.783333,-5.816667
46925.0,Pebane,MZ PEB,Mozambique,-17.266667,38.15
42570.0,Stratoni,GR STI,Greece,40.516667,23.833333
42550.0,Yerakini,GR YER,Greece,40.266667,23.466667
42780.0,Plomarion,GR PLM,Greece,38.983333,26.366667
41410.0,Ploce,HR PLE,Croatia,43.05,17.433333
42460.0,Tsingeli,GR TSI,Greece,39.166667,22.85
46375.0,Santo Antonio,ST SAA,Sao Tome and Principe,1.65,7.45
46063.0,Saltpond,GH SPD,Ghana,5.2,-1.05
62175.0,Saiki Ko,JP SAE,Japan,32.966667,131.933333
59580.0,Zamboanga,PH ZAM,Philippines,6.9,122.066667
48020.0,Ras Gharib,EG RAG,Egypt,28.35,33.1
59120.0,Pulupandan,PH PUL,Philippines,10.516667,122.8
8290.0,Portsmouth,US PTM,United States,36.816667,-76.29999999999998
52320.0,Ujung Pandang,ID UPG,Indonesia,-5.133333,119.4
8110.0,Philadelphia,US PHL,United States,39.95,-75.13333299999998
50250.0,Tanjungpandan,ID TJQ,Indonesia,-2.75,107.633333
62010.0,Uwajima Ko,JP UWA,Japan,33.216667,132.566667
8025.0,Salem Nj,US SEM,United States,39.666667,-75.483333
16040.0,Isthmus Cove, ,United States,33.45,-118.5
16310.0,Yerbabuena Island, ,United States,37.816667,-122.366667
16140.0,Ventura,US VNT,United States,34.283333,-119.283333
16130.0,Prisoners, ,United States,34.016667,-119.683333
9950.0,Ireland Island,BM FPT,Bermuda,32.316667,-64.833333
9995.0,Clifton Pier,BS CLP,The Bahamas,25.0,-77.54999999999998
46549.0,Girassol Terminal,AO GIR,Angola,-7.65,11.683333
46551.0,Dalia Terminal,AO DAL,Angola,-7.683333,11.766667
63095.0,Port Foster,AQ PFS,Antarctica,-62.95,-60.633333
57830.0,Guangzhou,CN GGZ,China,23.116667,113.233333
45670.0,Ghazaouet,DZ GHZ,Algeria,35.1,-1.866667
45570.0,Alger,DZ ALG,Algeria,36.766667,3.066667
45490.0,Annaba,DZ AAE,Algeria,36.916667,7.766667
44970.0,Famagusta,CY FMG,Cyprus,35.116667,33.933333
44960.0,Larnaca,CY LCA,Cyprus,34.916667,33.65
10500.0,Jucaro,CU JUC,Cuba,21.616667,-78.84999999999998
45520.0,Collo,DZ COL,Algeria,37.0,6.583333
45525.0,Djen-Djen,DZ DJE,Algeria,36.816667,5.883333
45530.0,Jijel,DZ DJI,Algeria,36.833333,5.783333
60170.0,Longkou Gang,CN LKU,China,37.633333,120.283333
60215.0,Jinzhou Wan,CN JNZ,China,40.75,121.1
44900.0,Kyrenia,CY KYR,Cyprus,35.35,33.333333
10420.0,Media Luna,CU MEL,Cuba,20.15,-77.433333
45560.0,Dellys,DZ DEL,Algeria,36.916667,3.916667
57822.0,Huangpu,CN HUA,China,23.083333,113.416667
60210.0,Huludao Gang,CN HUD,China,40.7,120.983333
60230.0,Bayuquan,CN BYQ,China,40.3,122.083333
45510.0,Skikda,DZ SKI,Algeria,36.883333,6.916667
45610.0,Tenes,DZ TEN,Algeria,36.533333,1.316667
11821.0,Sint Michelsbaai,CW SMB,Curacao,12.133333,-69.016667
45880.0,Porto Grande,CV GRA,Cabo Verde,16.883333,-25.0
48015.0,Ras Shukhier,EG RSH,Egypt,28.133333,33.283333
48025.0,Ras Badran Oil Terminal,EG RAB,Egypt,28.95,33.166667
60165.0,Penglai,CN PLI,China,37.816667,120.833333
48065.0,Wadi Feiran,EG WAF,Egypt,28.75,33.2
47988.0,Sharm El Sheikh,EG SSH,Egypt,27.85,34.283333
48053.0,Ras Sudr,EG RSU,Egypt,29.583333,32.7
10520.0,Tunas De Zaza,CU TDZ,Cuba,21.633333,-79.54999999999998
60150.0,Weihai,CN WEG,China,37.5,122.1
11030.0,San Pedro De Macoris,DO SPM,Dominican Republic,18.45,-69.316667
45730.0,Ceuta,ES CEU,Spain,35.9,-5.316667
38990.0,Nice,FR NCE,France,43.7,7.283333
38775.0,Fos,FR FOS,France,43.416667,4.883333
38290.0,Cadiz,ES CAD,Spain,36.533333,-6.3
38220.0,Huelva,ES HUV,Spain,37.25,-6.95
37740.0,Ferrol,ES FRO,Spain,43.483333,-8.233333
37560.0,Gijon,ES GIJ,Spain,43.55,-5.666667
37230.0,Bayonne,FR BAY,France,43.5,-1.466667
36900.0,Nantes,FR NTE,France,47.2,-1.566667
36860.0,Donges,FR DON,France,47.3,-2.066667
35870.0,Deauville,FR DOL,France,49.366667,0.083333
38310.0,Algeciras,ES ALG,Spain,36.133333,-5.433333
37600.0,Aviles,ES AVS,Spain,43.6,-5.933333
38375.0,Motril,ES MOT,Spain,36.75,-3.516667
38390.0,Almeria,ES LEI,Spain,36.833333,-2.466667
38500.0,El Grao,ES GCS,Spain,39.966667,0.016667
38610.0,Ibiza,ES IBZ,Spain,38.9,1.45
39080.0,Bonifacio,FR BON,France,41.383333,9.166667
36620.0,Concarneau,FR COC,France,47.866667,-3.916667
35830.0,Fecamp,FR FEC,France,49.766667,0.366667
36855.0,Montoir,FR MTX,France,47.3,-2.133333
38380.0,Adra,ES ADR,Spain,36.733333,-3.033333
38410.0,Aguilas,ES AGU,Spain,37.4,-1.566667
38460.0,Puerto De Gandia,ES GAN,Spain,39.0,-0.15
35880.0,Port De Caen,FR CFR,France,49.183333,-0.35
37470.0,Santander,ES SDR,Spain,43.466667,-3.783333
38435.0,Torrevieja,ES TOR,Spain,37.966667,-0.683333
38940.0,Saint-Raphael,FR SRL,France,43.416667,6.766667
38398.0,Puerto De Garrucha,ES GAR,Spain,37.183333,-1.816667
38280.0,Rota,ES ROT,Spain,36.616667,-6.333333
35885.0,Ouistreham,FR OUI,France,49.283333,-0.25
38150.0,Santa Cruz De La Palma,ES SPC,Spain,28.683333,-17.75
38780.0,Port-de-Bouc,FR PDB,France,43.4,4.983333
38730.0,Port-La-Nouvelle,FR NOU,France,43.016667,3.066667
61662.0,Iwakuni Ko,JP IWK,Japan,34.183333,132.25
50140.0,Muntok,ID MUO,Indonesia,-2.066667,105.166667
40590.0,Manfredonia,IT MFR,Italy,41.616667,15.916667
39810.0,Civitavecchia,IT CVV,Italy,42.102,11.771
41420.0,Korcula,HR KOR,Croatia,42.933333,17.133333
41840.0,Aigio,GR GIE,Greece,38.25,22.083333
39140.0,Maddalena,IT MDA,Italy,41.208,9.403
39370.0,Imperia,IT IMP,Italy,43.883333,8.033333
40170.0,Marsala,IT MRA,Italy,37.783333,12.433333
40180.0,Mazara Del Vallo,IT MAZ,Italy,37.644,12.592
50925.0,Banten,ID BTN,Indonesia,-6.016667,105.966667
51400.0,Kupang,ID KOE,Indonesia,-10.166667,123.583333
48420.0,Khorramshahr,IR KHO,Iran,30.433333,48.183333
50930.0,Anyer Lor,ID ANR,Indonesia,-6.05,105.916667
51280.0,Ampenan,ID AMP,Indonesia,-8.566667,116.066667
41350.0,Dugi Rat,HR DUR,Croatia,43.45,16.65
42980.0,Nisos Naxos,GR JNX,Greece,37.1,25.366667
62400.0,Imari,JP IMI,Japan,33.283333,129.883333
62190.0,Hososhima Ko,JP HSM,Japan,32.433333,131.666667
62340.0,Aokata,JP AOK,Japan,32.983333,129.066667
62440.0,Izuhara,JP IZH,Japan,34.2,129.3
61960.0,Komatsushima,JP KOM,Japan,34.016667,134.6
62333.0,Matsu-Shima,JP MTS,Japan,32.933333,129.6
43120.0,Rethimnon,GR RET,Greece,35.366667,24.466667
9680.0,Trujillo,HN TJI,Honduras,15.916667,-85.95
43100.0,Soudha,GR SDH,Greece,35.483333,24.183333
42230.0,Piraievs,GR PIR,Greece,37.933333,23.65
41010.0,Rijeka Luka,HR RJK,Croatia,45.333333,14.433333
40880.0,Umag,HR UMG,Croatia,45.433333,13.516667
51130.0,Surabaya,ID SUB,Indonesia,-7.2,112.733333
61980.0,Susaki Ko,JP SUZ,Japan,33.383333,133.3
62170.0,Tsukumi Ko,JP TMI,Japan,33.083333,131.866667
61965.0,Tachibana,JP TBN,Japan,33.866667,134.666667
50210.0,Pangkalpinang,ID PGK,Indonesia,-2.116667,106.133333
51502.0,Udang Oilfield,ID UDG,Indonesia,4.033333,106.483333
48399.0,Umm Qasr,IQ UQR,Iraq,30.016667,47.95
61760.0,Sakaiminato,JP SMN,Japan,35.533333,133.233333
50935.0,Tanjung Sekong,ID TSE,Indonesia,-5.916667,106.0
61540.0,Tanabe Ko,JP TAE,Japan,33.716667,135.366667
62121.0,Yahata,JP YWT,Japan,33.866667,130.816667
40440.0,Crotone,IT CRV,Italy,39.078,17.136
40580.0,Porto Di Barletta,IT BLT,Italy,41.334,16.292
40530.0,Bari,IT BRI,Italy,41.146,16.846
40660.0,Ancona,IT AOI,Italy,43.629,13.494
48460.0,Bandar Khomeyni,IR BKM,Iran,30.433333,49.083333
43165.0,Kali Limenes,GR KLL,Greece,34.933333,24.833333
41720.0,Kerkira,GR CFU,Greece,39.616667,19.933333
39960.0,Napoli,IT NAP,Italy,40.833,14.275
42905.0,Mikonos,GR JMK,Greece,37.45,25.333333
42600.0,Kavala,GR KVA,Greece,40.933333,24.4
39830.0,Anzio - Nettuno,IT ANZ,Italy,41.446,12.637
39860.0,Gaeta,IT GAE,Italy,41.223,13.577
40550.0,Molfetta,IT MOL,Italy,41.216667,16.6
42120.0,Lavrio,GR LAV,Greece,37.7,24.066667
51120.0,Gresik,ID GRE,Indonesia,-7.15,112.65
50070.0,Lalang Marine Terminal,ID LAT,Indonesia,1.183333,102.216667
61425.0,Omaezaki Ko,JP OMZ,Japan,34.6,138.233333
61720.0,Hagi Ko,JP HAG,Japan,34.416667,131.4
61730.0,Hamada Ko,JP HMD,Japan,34.9,132.083333
42630.0,Alexandroupoli,GR AXD,Greece,40.833333,25.883333
42840.0,Neon Karlovas,GR KAR,Greece,37.8,26.683333
42880.0,Gavrio,GR GAV,Greece,37.883333,24.733333
39190.0,Arbatax,IT ATX,Italy,39.933333,9.7
39550.0,Marina Di Carrara,IT MDC,Italy,44.027,10.047
41790.0,Argostolion,GR ARM,Greece,38.183333,20.516667
41880.0,Katakolon,GR KAK,Greece,37.65,21.316667
42050.0,Navplio,GR NPK,Greece,37.566667,22.8
42160.0,Megara Oil Terminal,GR MGR,Greece,37.966667,23.4
61790.0,Miyazu,JP MIY,Japan,35.533333,135.2
61541.0,Yura,JP YUA,Japan,33.95,135.1
41290.0,Sibenik,HR SIB,Croatia,43.733333,15.883333
42340.0,Ormos Aliveriou,GR LVR,Greece,38.383333,24.05
42070.0,Spetses, ,Greece,37.266667,23.166667
41850.0,Patrai,GR GPA,Greece,38.25,21.733333
39610.0,Vada,IT VDA,Italy,43.35,10.45
40240.0,Siracusa,IT SIR,Italy,37.05,15.283333
39990.0,Torre Annunziata,IT TOA,Italy,40.75,14.45
40760.0,Porto Di Lido-Venezia,IT VCE,Italy,45.416667,12.433333
40040.0,Salerno,IT SAL,Italy,40.666667,14.75
50120.0,Toboali,ID TBL,Indonesia,-3.016667,106.45
61750.0,Sakai Ko,JP SAK,Japan,35.55,133.25
50380.0,Panjang,ID PNJ,Indonesia,-5.466667,105.316667
40130.0,Porto Di Palermo,IT PMO,Italy,38.119,13.38
39740.0,Portovecchio Di Piombino,IT PIO,Italy,42.933,10.557
59485.0,General Santos,PH GES,Philippines,6.116667,125.183333
59345.0,Nasipit Port,PH NAS,Philippines,8.983333,125.333333
47105.0,Kilifi,KE KLF,Kenya,-3.633333,39.866667
46935.0,Nacala,MZ MNC,Mozambique,-14.533333,40.666667
46930.0,Mocambique,MZ MZQ,Mozambique,-15.033333,40.733333
45812.0,Nouadhibou,MR NDB,Mauritania,20.916667,-17.05
45793.0,Casablanca,MA CAS,Morocco,33.6,-7.616667
37990.0,Lisboa,PT LIS,Portugal,38.7,-9.166667
11625.0,Grand Cul De Sac Bay,LC CDS,Saint Lucia,13.983333,-61.016667
58100.0,Jose Panganiban,PH JPM,Philippines,14.283333,122.683333
59400.0,Mati,PH MXI,Philippines,6.95,126.216667
59720.0,Bugo,PH BUG,Philippines,8.516667,124.75
48357.0,Mina Ash Shuaybah,KW SAA,Kuwait,29.033333,48.166667
48370.0,Al Kuwayt,KW KWI,Kuwait,29.35,47.933333
47107.0,Malindi,KE MYD,Kenya,-3.216667,40.133333
57970.0,Basco,PH BSO,Philippines,20.45,121.966667
59430.0,Davao,PH DVO,Philippines,7.066667,125.616667
59770.0,Basilian City (Isabela),PH BCT,Philippines,6.716667,121.966667
45240.0,Darnah,LY DRX,Libya,32.766667,22.65
45335.0,Az Zawiya,LY ZAW,Libya,32.8,12.716667
45785.0,Kenitra,MA NNA,Morocco,34.3,-6.6
45802.0,Agadir,MA AGA,Morocco,30.433333,-9.633333
48338.0,Al Jubayl,SA JBI,Saudi Arabia,27.083333,49.666667
48356.0,Mina Az Zawr,KW MIS,Kuwait,28.733333,48.4
49980.0,Muar,MY MUA,Malaysia,2.05,102.566667
45800.0,Essaouira,MA ESS,Morocco,31.5,-9.783333
46241.0,Akpo Oil Terminal,NG AKP,Nigeria,3.133333,6.816667
57485.0,Kampong Saom,KH KOS,Cambodia,10.633333,103.5
46880.0,Inhambane,MZ INH,Mozambique,-23.916667,35.4
47110.0,Lamu,KE LAU,Kenya,-2.266667,40.9
55330.0,Akaroa,NZ AKA,New Zealand,-43.8,172.966667
37980.0,Figueira Da Foz,PT FDF,Portugal,40.15,-8.85
38030.0,Faro,PT FAO,Portugal,37.033333,-7.933333
37950.0,Porto De Leixoes,PT LEI,Portugal,41.183333,-8.7
38110.0,Vila Do Porto,PT VDP,Portugal,36.933333,-25.15
40330.0,Valletta Harbors,MT MLA,Malta,35.9,14.516667
38000.0,Setubal,PT SET,Portugal,38.516667,-8.9
38005.0,Sines,PT SIE,Portugal,37.95,-8.866667
46920.0,Porto Belo,MZ PBE,Mozambique,-17.7,37.183333
37940.0,Viana Do Castelo,PT VDC,Portugal,41.7,-8.833333
46910.0,Quelimane,MZ UEL,Mozambique,-17.883333,36.883333
57425.0,Tapis Marine Terminal A,MY TAT,Malaysia,5.516667,105.016667
55180.0,Wanganui,NZ WAG,New Zealand,-39.95,175.033333
59725.0,Villanueva,PH VNV,Philippines,8.583333,124.766667
59780.0,Port Holland,PH PHD,Philippines,6.55,121.866667
48349.0,Ras Al Khafji,SA RAR,Saudi Arabia,28.433333,48.583333
47750.0,Port Mathurin,MU PMA,Mauritius,-19.683333,63.416667
49825.0,Port Langkawi,MY LGK,Malaysia,6.433333,99.766667
58205.0,Sorsogon,PH SOR,Philippines,12.966667,124.0
48340.0,Ras  Tannurah,SA RTA,Saudi Arabia,26.633333,50.166667
8225.0,Annapolis,US ANP,United States,38.983333,-76.483333
8210.0,Baltimore,US BAL,United States,39.266667,-76.58333299999998
8080.0,Chester,US CHT,United States,39.85,-75.34999999999998
7810.0,Newark,US EWR,United States,40.7,-74.15
7790.0,Bayonne,US BAY,United States,40.683333,-74.09999999999998
7770.0,Hoboken,US HBK,United States,40.75,-74.016667
7610.0,Greenwich,US GRH,United States,41.016667,-73.616667
7570.0,Bridgeport,US BDR,United States,41.166667,-73.183333
7400.0,Fall River,US FAV,United States,41.7,-71.166667
7720.0,Albany,US ALB,United States,42.65,-73.75
45400.0,Mahdia,TN MAD,Tunisia,35.5,11.066667
44870.0,Botas,TR BOT,Turkey,36.883333,35.933333
45867.0,Bonthe,SL BTE,Sierra Leone,7.533333,-12.5
6940.0,Camden,US AQQ,United States,44.216667,-69.066667
16050.0,Avalon,US AOU,United States,33.35,-118.316667
9340.0,Brownsville,US BRO,United States,25.95,-97.4
9150.0,Galveston,US GLS,United States,29.316667,-94.783333
9140.0,Beaumont,US BPT,United States,30.083333,-94.083333
8970.0,Baton Rouge,US BTR,United States,30.45,-91.183333
8720.0,Carrabelle,US CRB,United States,29.85,-84.666667
8660.0,Key West,US EYW,United States,24.55,-81.81666699999998
8600.0,Fort Pierce,US FPR,United States,27.466667,-80.31666699999998
8570.0,Mayport,US NRB,United States,30.4,-81.433333
8325.0,Elizabeth City,US ECG,United States,36.3,-76.216667
44790.0,Bodrum,TR BXN,Turkey,37.033333,27.433333
47000.0,Kilwa Kivinje,TZ KIK,Tanzania,-8.733333,39.416667
16280.0,Davenport,US DAV,United States,37.016667,-122.2
16145.0,Carpinteria,US CPT,United States,34.383333,-119.516667
16440.0,Crockett,US CRM,United States,38.05,-122.216667
57440.0,Erawan Terminal,TH ERA,Thailand,9.1,101.35
6700.0,Bar Harbor,US BHB,United States,44.383333,-68.2
44740.0,Dikili,TR DIK,Turkey,39.016667,26.816667
45368.0,Didon Terminal,TN DID,Tunisia,33.783333,11.9
45375.0,Gabes,TN GAE,Tunisia,33.9,10.116667
45420.0,La Goulette,TN LGN,Tunisia,36.8,10.3
44660.0,Erdek,TR ERK,Turkey,40.383333,27.8
44730.0,Ayvalik,TR AYV,Turkey,39.316667,26.7
44752.0,Nemrut Limani Bay,TR NEM,Turkey,38.766667,26.916667
9235.0,Deer Park,US DEX,United States,29.75,-95.333333
44810.0,Fethiye,TR FET,Turkey,36.633333,29.1
43334.0,Aliaga,TR ALI,Turkey,38.833333,26.933333
45430.0,Tunis,TN TUN,Tunisia,36.8,10.25
40870.0,Piran,SI PIR,Slovenia,45.533333,13.566667
45365.0,Zarzis,TN ZRZ,Tunisia,33.5,11.116667
44801.0,Toros Gubre,TR TGT,Turkey,36.916667,35.966667
45432.0,Rades,TN RDS,Tunisia,36.816667,10.3
57435.0,Pattani,TH PTN,Thailand,6.95,101.3
7820.0,Elizabethport,US ZIP,United States,40.65,-74.183333
7780.0,Jersey City,US JEC,United States,40.716667,-74.033333
7550.0,New Haven,US HVN,United States,41.233333,-72.916667
7500.0,New London,US NLO,United States,41.35,-72.08333299999998
8070.0,Marcus Hook,US MAH,United States,39.816667,-75.416667
8300.0,Newport News,US NNS,United States,36.966667,-76.433333
57620.0,Nha Trang,VN NHA,Vietnam,12.25,109.233333
7170.0,Kennebunkport,US KBP,United States,43.366667,-70.466667
7040.0,Boothbay Harbor,US OYH,United States,43.866667,-69.583333
11310.0,Charlotte Amalie,VI CHA,U.S. Virgin Islands,18.35,-64.933333
16340.0,Oakland,US OAK,United States,37.816667,-122.333333
16240.0,Monterey,US MY3,United States,36.616667,-121.883333
16210.0,Morro Bay,US MJK,United States,35.366667,-120.85
8860.0,New Orleans,US MSY,United States,29.95,-90.04999999999998
8820.0,Madisonville,US INV,United States,30.4,-90.15
8770.0,Mobile,US MOB,United States,30.683333,-88.116667
8640.0,Miami,US MIA,United States,25.783333,-80.183333
16330.0,Alameda,US NGZ,United States,37.783333,-122.266667
12280.0,Caripito,VE CAR,Venezuela,10.15,-63.033333
8940.0,Destrehan,US NEW,United States,29.95,-90.366667
16360.0,Berkeley,US JBK,United States,37.866667,-122.3
11335.0,Limetree Bay,VI LIB,U.S. Virgin Islands,17.7,-64.75
7230.0,Marblehead,US MH2,United States,42.5,-70.85
11336.0,Port Alucroix,VI PAX,U.S. Virgin Islands,17.7,-64.766667
6810.0,Stonington,US SG4,United States,44.15,-68.666667
9330.0,Port Isabel,US PIS,United States,26.083333,-97.2
8700.0,Tarpon Springs,US ZKL,United States,28.15,-82.766667
7180.0,Portsmouth,US PSM,United States,43.083333,-70.75
16300.0,San Francisco,US SFO,United States,37.816667,-122.416667
9160.0,Texas City,US TXT,United States,29.383333,-94.916667
7225.0,Salem,US SLM,United States,42.516667,-70.883333
8760.0,Pensacola,US PNS,United States,30.4,-87.216667
16150.0,Santa Barbara,US SBA,United States,34.416667,-119.683333
6960.0,Rockland,US RKD,United States,44.1,-69.1
6890.0,Winterport,US WIE,United States,44.633333,-68.85
9100.0,Port Neches,US PON,United States,30.0,-93.95
9290.0,Rockport,US RKP,United States,28.016667,-97.05
46780.0,Simonstown,ZA SMN,South Africa,-34.185,18.436666667
7150.0,Portland,US PWM,United States,43.666667,-70.25
16420.0,South Vallejo,US VLO,United States,38.083333,-122.25
8780.0,Pascagoula,US PGL,United States,30.35,-88.56666699999998
8750.0,Panama City,US PFN,United States,30.133333,-85.65
6870.0,Sandypoint,US SYP,United States,44.516667,-68.816667
7160.0,Saco,US QSK,United States,43.5,-70.45
8260.0,West Point,US VI2,United States,37.533333,-76.79999999999998
7930.0,Port Reading,US PRD,United States,40.566667,-74.233333
7620.0,Port Chester,US UXZ,United States,41.0,-73.666667
7420.0,Providence,US PVD,United States,41.8,-71.4
7970.0,Sayreville,US XNA,United States,40.466667,-74.366667
7960.0,Perth Amboy,US PAY,United States,40.5,-74.266667
8250.0,Yorktown,US YKW,United States,37.233333,-76.5
7750.0,Edgewater,US EGW,United States,40.816667,-73.983333
48325.0,Mina Salman,BH MIN,Bahrain,26.2,50.633333
12775.0,Madre De Deus,BR MDD,Brazil,-12.75,-38.616667
6780.0,Ellsworth,US ESR,United States,44.55,-68.416667
53710.0,Jervis Bay,AU JEB,Australia,-35.116667,150.8
6740.0,Frenchboro,US F8O,United States,44.116667,-68.366667
53750.0,Batemans Bay,AU QBW,Australia,-35.7,150.166667
48392.0,Al-Basra Oil Terminal,IQ MAB,Iraq,29.683333,48.816667
45660.0,Beni Saf,DZ BSF,Algeria,35.3,-1.383333
45910.0,Porto Da Praia,CV RAI,Cabo Verde,14.916667,-23.516667
12770.0,Port De Salvador,BR SSA,Brazil,-12.966667,-38.516667
12910.0,Porto Do Forno,BR FNO,Brazil,-22.966667,-42.016667
37290.0,Puerto De Pasajes,ES PAS,Spain,43.333333,-1.933333
7910.0,Carteret,US CSF,United States,40.583333,-74.216667
7640.0,New York City,US NYC,United States,40.7,-74.016667
7630.0,Brooklyn,US BOY,United States,40.666667,-74.016667
7625.0,City Island,US IS3,United States,40.85,-73.783333
62360.0,Nagasaki,JP NGS,Japan,32.716667,129.85
62280.0,Misumi Ko,JP MIS,Japan,32.6,130.466667
62220.0,Kagoshima Ko,JP KOJ,Japan,31.583333,130.566667
62150.0,Beppu,JP BPU,Japan,33.316667,131.516667
62145.0,Kanda,JP KND,Japan,33.783333,131.016667
62080.0,Niihama,JP IHA,Japan,33.983333,133.283333
62065.0,Muturezima Ko,JP MTR,Japan,33.966667,130.866667
61617.0,Habu Ko,JP HAB,Japan,34.283333,133.183333
61590.0,Hibi Ko,JP HIB,Japan,34.45,133.933333
61570.0,Aioi,JP AIO,Japan,34.783333,134.466667
61567.0,Himeji,JP HIM,Japan,34.75,134.633333
61560.0,Kobe,JP UKB,Japan,34.65,135.183333
59190.0,Iloilo,PH ILO,Philippines,10.7,122.583333
61372.0,Kisarazu Ko,JP KZU,Japan,35.366667,139.883333
48300.0,Al Rayyan Terminal,QA RYN,Qatar,26.65,51.55
48040.0,As Suways,EG SUZ,Egypt,29.966667,32.55
47010.0,Dar Es Salaam,TZ DAR,Tanzania,-6.816667,39.3
46975.0,Mtwara,TZ MYW,Tanzania,-10.266667,40.2
46890.0,Beira,MZ BEW,Mozambique,-19.833333,34.833333
46870.0,Maputo,MZ MPM,Mozambique,-25.962777778,32.544722222
46850.0,Durban,ZA DUR,South Africa,-29.866667,31.066667
46830.0,East London,ZA ELS,South Africa,-33.033333,27.916667
45640.0,Oran,DZ ORN,Algeria,35.7,-0.633333
45550.0,Bejaia,DZ BJA,Algeria,36.75,5.083333
50970.0,Jakarta,ID JKT,Indonesia,-6.1,106.883333
50730.0,Belawan,ID BLW,Indonesia,3.783333,98.683333
41670.0,Durres,AL DRZ,Albania,41.316667,19.45
41640.0,Bar,ME BAR,Montenegro,42.083333,19.083333
41610.0,Kotor,ME KOT,Montenegro,42.416667,18.766667
41030.0,Bakar,HR BAK,Croatia,45.3,14.533333
40500.0,Brindisi,IT BDS,Italy,40.65,17.983333
40480.0,Gallipoli,IT GAL,Italy,40.06,17.984
40110.0,Milazzo,IT MLZ,Italy,38.216667,15.25
39950.0,Bagnoli,IT BLN,Italy,40.81,14.158
39520.0,La Spezia,IT SPE,Italy,44.1,9.833333
39120.0,L'ile Rousse,FR ILR,France,42.633333,8.933333
38810.0,Marseille,FR MRS,France,43.316667,5.366667
38550.0,Barcelona,ES BCN,Spain,41.35,2.166667
38430.0,Cartagena,ES CAR,Spain,37.583333,-0.983333
38090.0,Angra Do Heroismo,PT ADH,Portugal,38.65,-27.216667
38080.0,Horta,PT HOR,Portugal,38.533333,-28.633333
37970.0,Aveiro,PT AVE,Portugal,40.65,-8.65
37860.0,Marin,ES MPG,Spain,42.4,-8.7
7250.0,Boston,US BOS,United States,42.35,-71.05
7210.0,Gloucester,US GLC,United States,39.9,-75.13333299999998
7080.0,Bath,US BTH,United States,43.916667,-69.816667
37010.0,La Rochelle,FR LRH,France,46.15,-1.15
37000.0,La Pallice,FR LPE,France,46.166667,-1.216667
9300.0,Corpus Christi,US CRP,United States,27.816667,-97.4
9070.0,Orange,US ORG,United States,30.083333,-93.733333
9040.0,Lake Charles,US LCH,United States,30.216667,-93.25
9000.0,Morgan City,US LMO,United States,29.7,-91.216667
8980.0,Loop Terminal,US LO9,United States,28.883333,-90.016667
8800.0,Gulfport,US GPT,United States,30.35,-89.08333299999998
8730.0,Apalachicola,US AAF,United States,29.716667,-84.983333
8665.0,Boca Grande,US BCG,United States,26.7,-82.33333299999998
2800.0,Clayton,US CLY,United States,44.233333,-76.04999999999998
2770.0,Ogdensburg,US OGS,United States,44.7,-75.5
2235.0,Montreal,CA MTR,Canada,45.516667,-73.54999999999998
6730.0,Mount Desert,US DZT,United States,44.366667,-68.333333
38433.0,Islas Hormigas, ,Spain,37.65,-0.65
38585.0,Las Hormigas, ,Spain,41.866667,3.183333
40000.0,Castellammare Di Stabia,IT CAS,Italy,40.7,14.476
40210.0,Licata,IT LIC,Italy,37.092,13.936
43340.0,Gemlik,TR GEM,Turkey,40.416667,29.116667
50650.0,Lhokseumawe,ID LSW,Indonesia,5.25,97.116667
51484.0,Belida Marine Terminal,ID BET,Indonesia,4.133333,105.133333
44690.0,Canakkale,TR CKZ,Turkey,40.15,26.4
44880.0,Iskenderun,TR ISK,Turkey,36.6,36.166667
45084.0,Hadera,IL HAD,Israel,32.466667,34.9
48108.0,Duba Bulk Plant Tanker Terminal, ,Saudi Arabia,27.316667,35.9
61357.0,Kashima Ko,JP KSM,Japan,35.933333,140.7
62085.0,Mishima-Kawanoe Ko,JP MKX,Japan,34.0,133.55
7590.0,Norwalk,US ORQ,United States,41.1,-73.416667
2670.0,Cardinal,CA CDN,Canada,44.783333,-75.38333299999998
9030.0,Haymark Terminal, ,United States,30.133333,-93.316667
8990.0,Grand Isle,US GIJ,United States,29.233333,-90.0
42420.0,Kymassi,GR KYM,Greece,38.833333,23.466667
59475.0,Gingoog,PH GIN,Philippines,8.833333,125.1
38980.0,Antibes,FR ANT,France,43.583333,7.133333
39060.0,Bastia,FR BIA,France,42.7,9.45
39110.0,Calvi,FR CLY,France,42.566667,8.75
39250.0,Carloforte,IT CLF,Italy,39.147,8.317
40220.0,Gela,IT GEA,Italy,37.066667,14.25
40270.0,Catania,IT CTA,Italy,37.5,15.1
40985.0,Brsica, ,Croatia,45.033333,14.05
49890.0,Lumut,MY LUM,Malaysia,4.233333,100.633333
51205.0,Celukan Bawang,ID CEB,Indonesia,-8.183333,114.833333
51260.0,Benoa,ID BOA,Indonesia,-8.75,115.216667
57411.0,Kemaman Harbor,MY KEM,Malaysia,4.25,103.466667
57420.0,Kuala Trengganu,MY TGG,Malaysia,5.35,103.133333
46970.0,Mikindani,TZ MIK,Tanzania,-10.266667,40.133333
47140.0,Baraawe, ,Somalia,1.1,44.05
47300.0,Moroni,KM YVA,Comoros,-11.7,43.25
61375.0,Chiba Ko,JP CHB,Japan,35.583333,140.066667
61416.0,Atsumi,JP ATM,Japan,34.666667,137.066667
61470.0,Kinuura Ko,JP KNU,Japan,34.85,136.95
36360.0,Morlaix,FR MXN,France,48.583333,-3.833333
7100.0,Gardiner,US GDN,United States,44.233333,-69.766667
7130.0,Cundy Harbor, ,United States,43.783333,-69.9
61475.0,Gamagori Ko,JP GAM,Japan,34.816667,137.216667
61495.0,Matsusaka,JP MSA,Japan,34.6,136.566667
55130.0,Napier,NZ NPE,New Zealand,-39.483333,176.916667
59180.0,Jordan, ,Philippines,10.666667,122.583333
59760.0,Butuan City,PH BXU,Philippines,8.95,125.533333
60180.0,Dagu Tanggu, ,China,38.966667,117.666667
44640.0,Mudanya,TR MUD,Turkey,40.383333,28.883333
44650.0,Bandirma,TR BDM,Turkey,40.35,27.966667
44670.0,Karabiga,TR KRB,Turkey,40.4,27.316667
45080.0,Haifa,IL HFA,Israel,32.816667,35.0
45180.0,Mersa Matruh,EG MMU,Egypt,31.35,27.233333
45340.0,Marsa Sabratah, ,Libya,32.816667,12.5
46541.0,Kizomba A Terminal, ,Angola,-6.316667,11.05
48400.0,Al Basrah,IQ BSR,Iraq,30.516667,47.833333
48404.0,Khawr Al Zubair,IQ KAZ,Iraq,30.183333,47.9
48430.0,Abadan,IR ABD,Iran,30.333333,48.283333
48440.0,Khosrowabad, ,Iran,30.166667,48.416667
49690.0,Mergui,MM MER,Burma,12.433333,98.6
49790.0,Kantang Harbor,TH KAN,Thailand,7.4,99.516667
50652.0,Blanglancang,ID BLL,Indonesia,5.233333,97.1
50790.0,Bengkalis,ID BKI,Indonesia,1.466667,102.1
44751.0,Gulluk,TR GUL,Turkey,37.25,27.616667
44770.0,Kusadasi,TR KUS,Turkey,37.866667,27.25
44805.0,Marmaris,TR MRM,Turkey,36.85,28.283333
7990.0,Leonardo,US DOJ,United States,40.433333,-74.06666699999998
2560.0,Coteau Landing,CA CQA,Canada,45.25,-74.2
2620.0,Cornwall,CA CWL,Canada,45.016667,-74.733333
2680.0,Lower Lakes Terminal,CA JOH,Canada,44.733333,-75.466667
11170.0,Ensenada Honda, ,Puerto Rico,18.233333,-65.633333
45377.0,Ashtart Oil Terminal,TN ASH,Tunisia,34.283333,11.383333
45444.0,Menzel Bourguiba,TN MBA,Tunisia,37.15,9.8
45650.0,Mers El Kebir, ,Algeria,35.733333,-0.7
45796.0,El Jorf Lasfar,MA JFL,Morocco,33.116667,-8.616667
46542.0,Kizomba B Terminal, ,Angola,-6.35,11.15
46553.0,Estrela Oil Field, ,Angola,-6.45,12.4
46950.0,Ibo,MZ IBO,Mozambique,-12.333333,40.616667
47400.0,Mahajanga,MG MJN,Madagascar,-15.716667,46.3
47944.0,Beshayer Oil Terminal, ,Sudan,19.4,37.316667
48050.0,El Ismailiya,EG ISM,Egypt,30.583333,32.283333
51630.0,Bandar Seri Begawan,BN BWN,Brunei,4.883333,114.883333
61378.0,Katsunan Ko, ,Japan,35.666667,139.983333
61379.0,Funabashi,JP FNB,Japan,35.666667,139.95
61465.0,Mikawa,JP MKW,Japan,34.716667,137.3
57818.0,Chiwan,CN CWN,China,19.966667,110.033333
58070.0,Hondagua,PH HON,Philippines,13.95,122.233333
61571.0,O0kihama, ,Japan,34.75,134.566667
61595.0,Mizushima Ko,JP MIZ,Japan,34.5,133.75
61650.0,Hiroshima,JP HIJ,Japan,34.35,132.466667
61675.0,Kudamatsu,JP KUD,Japan,34.0,131.866667
61695.0,Hikari,JP HKR,Japan,33.95,131.933333
61805.0,Fukui,JP FKJ,Japan,36.066667,136.2
61932.0,Mega, ,Japan,34.783333,134.7
61935.0,Hannan Ko,JP HAN,Japan,34.466667,135.35
61970.0,Kochi Ko,JP KCZ,Japan,33.5,133.566667
62100.0,Marugame Ko,JP MAR,Japan,34.3,133.783333
62430.0,Hakata,JP HKT,Japan,33.6,130.4
62500.0,Naha Ko,JP NAH,Japan,26.216667,127.683333
35860.0,Honfleur,FR HON,France,49.416667,0.216667
36110.0,Granville,FR GFR,France,48.833333,-1.6
36960.0,Les Sables D' Olonne,FR LSO,France,46.5,-1.8
42490.0,Miliana, ,Greece,39.166667,23.216667
38690.0,Mahon,ES MAH,Spain,39.883333,4.266667
38960.0,Cannes,FR CEQ,France,43.55,7.016667
39180.0,Olbia,IT OLB,Italy,40.925,9.528
41415.0,Neum,BA NEM,Bosnia and Herzegovina,42.916667,17.6
43260.0,Kalimnos,GR KMI,Greece,36.95,26.983333
43380.0,Gelibolu,TR GEL,Turkey,40.4,26.666667
59343.0,Masao,PH MAS,Philippines,9.0,125.416667
61564.0,Hirohata,JP HRH,Japan,34.766667,134.633333
61568.0,Higashi-Harima,JP HHR,Japan,34.7,134.833333
61605.0,Fukuyama,JP FYM,Japan,34.433333,133.433333
61630.0,Onomichi-Itozaki,JP ONX,Japan,34.383333,133.166667
61655.0,Kanokawa Ko,JP KKW,Japan,34.183333,132.433333
62079.0,Onoda,JP OND,Japan,34.0,131.183333
62160.0,Oita Ko,JP OIT,Japan,33.25,131.666667
62250.0,Minamata Ko,JP MIN,Japan,32.2,130.383333
62290.0,Miike Ko,JP MII,Japan,33.0,130.416667
62420.0,Karatsu,JP KAR,Japan,33.483333,129.966667
62510.0,Hirara Ko,JP HRR,Japan,24.8,125.283333
16400.0,Oleum,US OL2,United States,38.05,-122.266667
46800.0,Mossel Bay,ZA MZY,South Africa,-34.174722222,22.146111111
16385.0,Sausalito,US JMC,United States,37.85,-122.483333
3250.0,Port Colborne,CA PCO,Canada,42.883333,-79.25
9220.0,Pasadena,US PAS,United States,29.716667,-95.216667
8667.0,Port Manatee,US PME,United States,27.633333,-82.56666699999998
16590.0,Sacramento,US SAC,United States,38.583333,-121.5
8670.0,Tampa,US TPA,United States,27.916667,-82.45
9280.0,Port Oconnor, ,United States,28.45,-96.4
16560.0,Walnut Grove,US YXG,United States,38.233333,-121.516667
8630.0,Port Everglades,US PEF,United States,26.1,-80.116667
3070.0,Port Weller,CA PWE,Canada,43.233333,-79.216667
16120.0,Port Hueneme,US NTD,United States,34.15,-119.2
3090.0,Welland,CA WEL,Canada,43.0,-79.25
8530.0,Savannah,US SAV,United States,32.083333,-81.08333299999998
2220.0,Sorel,CA SOR,Canada,46.05,-73.116667
14130.0,Port San Juan De La Juan, ,Chile,-53.633333,-70.916667
46855.0,Richards Bay,ZA RCB,South Africa,-28.81,32.098333333
62130.0,Kokura Ko,JP KOK,Japan,33.883333,130.883333
41045.0,Omisalj,HR OMI,Croatia,45.216667,14.55
40100.0,Messina,IT MSN,Italy,38.2,15.566667
2975.0,Contrecour,CA COC,Canada,45.883333,-73.2
36220.0,Le Legue,FR LLG,France,48.533333,-2.75
45165.0,Al Iskandariyh (Alexandria),EG ALY,Egypt,31.166667,29.833333
2740.0,Kingston,CA KIN,Canada,44.233333,-76.5
42820.0,Khios,GR JKH,Greece,38.366667,26.133333
43155.0,Ayios Nikolaos,GR ANI,Greece,35.2,25.716667
43250.0,Limin Kos,GR KGS,Greece,36.9,27.283333
47310.0,Fomboni,KM FOU,Comoros,-12.266667,43.75
57825.0,Huangpuxingang,CN HUN,China,23.05,113.5
2550.0,Beauharnois,CA BHA,Canada,45.316667,-73.88333299999998
45151.0,Damietta,EG DAM,Egypt,31.483333,31.75
47320.0,Moutsamoudu,KM MUT,Comoros,-12.15,44.4
47340.0,Dzaoudzi,KM DZA,Comoros,-12.783333,45.25
41910.0,Pilos,GR NAV,Greece,36.9,21.666667
44910.0,Xeros,CY KAR,Cyprus,35.133333,32.833333
36850.0,St Nazaire,FR SNR,France,47.283333,-2.2
40980.0,Zaliv Rasa,HR RAS,Croatia,45.05,14.066667
38770.0,Port Saint Louis Du Rhone,FR PSL,France,43.383333,4.816667
42860.0,Pithagorion,GR PYT,Greece,37.683333,26.95
14800.0,Rada De Arica,CL ARI,Chile,-18.466667,-70.333333
39100.0,Port D' Ajaccio,FR AJA,France,41.916667,8.75
2590.0,St Anicet,CA AIT,Canada,45.133333,-74.366667
35840.0,Port Of Le Havre,FR LEH,France,49.483333,0.116667
39090.0,Port De Propriano,FR PRP,France,41.683333,8.9
2570.0,St Zotique,CA SZT,Canada,45.25,-74.25
2730.0,Wolfe Island,CA WFI,Canada,44.2,-76.433333
2600.0,South Lancaster,CA LCS,Canada,45.133333,-74.5
47985.0,Zeit Bay Terminal,EG ZTB,Egypt,27.833333,33.6
48060.0,Ras Abu Zanimah,EG AZA,Egypt,29.033333,33.116667
62118.0,Hibikinada,JB HBI,Japan,33.933333,130.833333
61480.0,Nagoya Ko,JP NGO,Japan,35.066667,136.866667
45280.0,Banghazi,LY BEN,Libya,32.116667,20.05
48390.0,Khawr Al Amaya,IQ KHA,Iraq,29.783333,48.8
48360.0,Mina Abd Allah,KW MIB,Kuwait,29.016667,48.166667
40250.0,Augusta,IT AUG,Italy,37.216667,15.233333
45337.0,Bouri Oil Field,LY BOU,Libya,33.9,12.65
45850.0,Kamsar,GN KMC,Guinea,10.633333,-14.616667
45857.0,Benti,GN BTY,Guinea,9.166667,-13.2
48361.0,Mina Al Ahmadi,KW MEA,Kuwait,29.066667,48.166667
48540.0,Jask,IR JAK,Iran,25.633333,57.766667
51330.0,Larantuka,ID LKA,Indonesia,-8.35,122.983333
45110.0,Ashqelon,IL AKL,Israel,31.666667,34.5
45220.0,Mersa Tobruq,LY TOB,Libya,32.083333,23.983333
45330.0,Mina Tarabulus (Tripoli),LY TIP,Libya,32.9,13.183333
48406.0,Khawr Al Zubair Lng Terminal,IQ KAZ,Iraq,30.133333,47.916667
48530.0,Jazireh-Ye Hormoz,IR HOR,Iran,27.1,56.45
48535.0,Jazireh-Ye Sirri,IR SXI,Iran,25.9,54.55
50518.0,Kuala Tanjung,ID KTJ,Indonesia,3.366667,99.483333
61642.0,Mitsukojima,JP MKS,Japan,34.183333,132.516667
50805.0,Sungaipakning,ID SEQ,Indonesia,1.35,102.166667
51584.0,Tg. Mani,MY TMP,Malaysia,2.15,111.35
51803.0,Tanjung Sangata,ID SGQ,Indonesia,0.366667,117.566667
51504.0,Widuri Marine Terminal,ID WID,Indonesia,-4.666667,106.65
47160.0,Muqdisho,SO MGQ,Somalia,2.033333,45.35
47150.0,Marka,SO MER,Somalia,1.716667,44.783333
46161.0,Forcados Oil Terminal,NG FOR,Nigeria,5.166667,5.183333
57437.0,Map Ta Phut,TH MAT,Thailand,12.666667,101.166667
47700.0,Saint-Pierre,RE ZSE,Reunion,-21.35,55.466667
47680.0,Saint-Denis,RE RUN,Reunion,-20.866667,55.45
45720.0,Port D Al Hoceima,MA AHU,Morocco,35.25,-3.916667
57443.0,Rayong Tpi Terminal,TH RYG,Thailand,12.633333,101.3
45440.0,Banzart,TN BIZ,Tunisia,37.283333,9.883333
45808.0,Ad Dakhla,EH VIC,Western Sahara,23.7,-15.916667
12210.0,Bahia De Pertigalete,VE PRG,Venezuela,10.233333,-64.566667
43370.0,Eceabat,TR ECE,Turkey,40.183333,26.366667
44802.0,Botas Dortyol Oil Terminal,TR BOT,Turkey,36.866667,36.133333
45370.0,Houmt Souk,TN DJE,Tunisia,33.883333,10.85
45390.0,Mersa Sfax,TN SFA,Tunisia,34.733333,10.766667
57520.0,Duong Dong,VN PQC,Vietnam,10.216667,103.966667
45460.0,Tabarka,TN TBJ,Tunisia,36.966667,8.766667
48650.0,Bedi,IN BED,India,22.573055556,70.045555556
48617.0,Mundra,IN MUN,India,22.728333333,69.706666667
48670.0,Okha,IN OKH,India,22.468055556,69.079722222
7920.0,Chrome,US HYM,United States,40.566667,-74.216667
7895.0,Bayway,US 8BY,United States,40.633333,-74.2
7690.0,Catskill,US ACG,United States,42.216667,-73.84999999999998
7680.0,Kingston,US KGT,United States,41.933333,-73.966667
7660.0,Newburgh,US SWF,United States,41.5,-74.0
6770.0,Bass Harbor,US 9HA,United States,44.233333,-68.35
16410.0,Mare Island,US MI8,United States,38.1,-122.266667
9250.0,Freeport,US FPO,United States,28.95,-95.333333
8790.0,Biloxi,US BIX,United States,30.383333,-88.88333299999998
7410.0,Bristol,US BSE,United States,41.666667,-71.266667
8850.0,Gretna,US GTL,United States,29.916667,-90.06666699999998
6790.0,Brooklin,US BL3,United States,44.266667,-68.583333
6850.0,North Haven,US 9NV,United States,44.133333,-68.866667
8040.0,Deepwater Point,US DPW,United States,39.7,-75.516667
8200.0,Havre De Grace,US HDC,United States,39.533333,-76.08333299999998
8895.0,Convent,US CEN,United States,30.016667,-90.833333
16550.0,Isleton,US IL8,United States,38.166667,-121.6
7120.0,Augusta,US AUG,United States,44.316667,-69.766667
7220.0,Beverly,US BVY,United States,42.533333,-70.883333
16570.0,Courtland,US URD,United States,38.333333,-121.566667
8740.0,Port St Joe,US PSJ,United States,29.816667,-85.31666699999998
8920.0,St Rose,US SRE,United States,29.95,-90.316667
9310.0,Port Aransas,US YAS,United States,27.833333,-97.05
9320.0,Port Ingleside,US YIG,United States,27.816667,-97.183333
6760.0,Swans Island,US IS9,United States,44.133333,-68.45
16270.0,Santa Cruz,US SRU,United States,36.966667,-122.016667
8930.0,Reserve,US RSF,United States,30.05,-90.55
16370.0,Point Richmond,US RCH,United States,37.916667,-122.366667
6690.0,Sorrento,US 9SO,United States,44.466667,-68.183333
8893.0,St. James,US SNJ,United States,29.9792,-90.8275
16520.0,Stockton,US SCK,United States,37.95,-121.3
7030.0,South Bristol,US S8B,United States,43.866667,-69.55
16540.0,Rio Vista,US RVA,United States,38.15,-121.7
6990.0,Thomaston,US 9SA,United States,44.066667,-69.183333
7140.0,South Harpswell,US HP4,United States,43.733333,-70.016667
16190.0,Pismo Beach,US PB5,United States,35.133333,-120.65
16380.0,Point San Pablo,US SAK,United States,37.966667,-122.433333
6720.0,Southwest Harbor,US W8S,United States,44.283333,-68.316667
16390.0,Pinole Point,US P2C,United States,38.016667,-122.366667
7580.0,Southport,US UTP,United States,41.133333,-73.283333
7760.0,Weehawken,US WJQ,United States,40.766667,-74.016667
7670.0,Poughkeepsie,US POU,United States,41.7,-73.95
7650.0,Yonkers,US YON,United States,40.933333,-73.9
62225.0,Kiire,JP KII,Japan,31.383333,130.55
48263.0,Khawr Fakkan,AE KLF,United Arab Emirates,25.362777778,56.368888889
36460.0,Rade De Brest,FR BES,France,48.383333,-4.5
38010.0,Lagos,PT LOS,Portugal,37.1,-8.616667
6920.0,Belfast,US BEL,United States,44.416667,-69.0
50922.0,Merak Mas Terminal,ID MRK,Indonesia,-5.919166667,105.997222222
48250.0,Mina Qabus,OM STQ,Oman,23.633333,58.583333
10006.0,Cockburn Town,BS CBT,The Bahamas,24.05,-74.533333
62495.0,Kin Wan,JP KNN,Japan,26.416667,127.9
48255.0,Mina Al Fahl,OM MFH,Oman,23.633333,58.516667
62505.0,Nakagusuku,JP NAK,Japan,26.266667,127.916667
7850.0,Port Richmond SI,US RI4,United States,40.65,-74.13333299999998
36680.0,Lorient,FR LRT,France,47.75,-3.35
42620.0,Lagos,GR PTL,Greece,41.0,25.133333
7860.0,Mariners Harbor SI, ,United States,40.633333,-74.166667
61545.0,Wakayama-Shimotsu Ko,JP WAK,Japan,34.2,135.133333
9940.0,St George,BM SGE,Bermuda,32.383333,-64.683333
48335.0,Dammam,SA DMM,Saudi Arabia,26.5,50.2
16650.0,Fort Bragg,US FOB,United States,39.45,-123.816667
11340.0,Christiansted,VI CTD,U.S. Virgin Islands,17.75,-64.7
16060.0,Newport Beach,US JNP,United States,33.616667,-117.9
44860.0,Mersin,TR MER,Turkey,36.8,34.633333
16110.0,El Segundo,US ELS,United States,33.916667,-118.433333
11320.0,Cruz Bay,VI CZB,U.S. Virgin Islands,18.333333,-64.8
60233.0,Dandong,CN DDZ,China,39.816667,124.15
48343.0,Ju Aymah Oil Terminal,SA JUT,Saudi Arabia,26.933333,50.033333
47830.0,Boosaaso,SO BSA,Somalia,11.283333,49.183333
48310.0,Al Manamah,BH AMH,Bahrain,26.233333,50.583333
58350.0,Nasugbu,PH NUG,Philippines,14.083333,120.616667
60280.0,Nampo,KP NAM,North Korea,38.716667,125.4
48342.0,Ju Aymah Lpg Terminal, ,Saudi Arabia,26.866667,50.05
48374.0,Doha Harbor,KW DOH,Kuwait,29.383333,47.8
11330.0,Frederiksted,VI FRD,U.S. Virgin Islands,17.716667,-64.883333
11901.0,Covenas Offshore Term.,CO COV,Colombia,9.5,-75.733333
48175.0,Al Mukha,YE MOK,Yemen,13.316667,43.25
60310.0,Haeju Hang,KP HAE,North Korea,38.0,125.7
16515.0,Antioch,US ANZ,United States,38.016667,-121.8
36260.0,Paimpol,FR PAI,France,48.783333,-3.05
42400.0,Porthmos Evripou, ,Greece,38.466667,23.583333
41590.0,Risan,ME RSN,Montenegro,42.516667,18.7
39360.0,San Remo,IT SRE,Italy,43.817,7.786
41220.0,Zadar,HR ZAD,Croatia,44.116667,15.216667
45865.0,Pepel,SL PEP,Sierra Leone,8.583333,-13.05
38720.0,Port-Vendres,FR POV,France,42.516667,3.116667
38580.0,Palamos,ES PAL,Spain,41.833333,3.116667
37400.0,Puerto De Bilbao,ES BIO,Spain,43.35,-3.05
36300.0,Treguier,FR TRE,France,48.783333,-3.233333
6840.0,Vinalhaven,US 9VV,United States,44.05,-68.833333
45762.0,Port Nador,MA NDR,Morocco,35.283333,-2.933333
46820.0,Port Elizabeth,ZA PLZ,South Africa,-33.951944444,25.6425
40940.0,Rovinj,HR ROV,Croatia,45.083333,13.633333
41320.0,Split,HR SPU,Croatia,43.5,16.433333
38920.0,Saint-Tropez,FR STP,France,43.266667,6.633333
42530.0,Thessaloniki,GR SKG,Greece,40.633333,22.933333
43210.0,Rodhos,GR RHO,Greece,36.45,28.233333
45380.0,Skhira,TN LSK,Tunisia,34.283333,10.1
41730.0,Preveza,GR PVK,Greece,38.95,20.75
40615.0,Vasto,IT VSO,Italy,42.116667,14.716667
45753.0,Tangier-Mediterranean,MA PTM,Morocco,35.9,-5.516667
45797.0,Safi,MA SFI,Morocco,32.3,-9.25
39070.0,Porto Vecchio,FR PVO,France,41.583333,9.283333
16200.0,Port San Luis,US PSL,United States,35.166667,-120.75
37690.0,San Ciprian,ES SCI,Spain,43.7,-7.433333
38540.0,Tarragona,ES TAR,Spain,41.1,1.233333
38670.0,Puerto De Alcudia,ES ALD,Spain,39.833333,3.133333
36130.0,Saint-Malo,FR SML,France,48.65,-2.016667
37900.0,Vigo,ES VGO,Spain,42.233333,-8.716667
43390.0,Tekirdag,TR TEK,Turkey,40.983333,27.516667
41620.0,Tivat,ME TIV,Montenegro,42.433333,18.7
42850.0,Samos,GR SMI,Greece,37.75,26.966667
38543.0,Villanueva Y Geltru,ES VLG,Spain,41.233333,1.733333
40960.0,Pula,HR PUY,Croatia,44.883333,13.8
38180.0,Puerto Del Rosario,ES FUE,Spain,28.5,-13.85
41660.0,Shengjin,AL SHG,Albania,41.816667,19.6
38570.0,San Feliu De Guixols,ES SFU,Spain,41.783333,3.033333
39440.0,Savona,IT SVN,Italy,44.316667,8.5
38750.0,Sete,FR SET,France,43.4,3.7
8810.0,Slidell,US UYN,United States,30.266667,-89.783333
47030.0,Tanga,TZ TGT,Tanzania,-5.083333,39.116667
36040.0,Saint Helier Harbour,JE STH,Jersey,49.183333,-2.116667
43150.0,Sitia,GR JSH,Greece,35.216667,26.133333
45818.0,St Louis,SN XLS,Senegal,16.016667,-16.516667
38480.0,Valencia,ES VLC,Spain,39.45,-0.316667
37830.0,Villagarcia De Arosa,ES VIL,Spain,42.6,-8.766667
38590.0,Rosas,ES ROS,Spain,42.266667,3.183333
38490.0,Sagunto,ES SAG,Spain,39.65,-0.216667
11934.0,Puerto Prodeco,CO PPR,Colombia,11.15,-74.216667
40505.0,Torre Del Greco,IT TDG,Italy,40.783333,14.366667
16030.0,Wilson Cove, ,United States,33.0,-118.55
44803.0,Yakacik,TR YAK,Turkey,36.716667,36.183333
46940.0,Pemba,MZ POL,Mozambique,-12.966667,40.5
37670.0,Ribadeo,ES RIB,Spain,43.533333,-7.033333
41090.0,Senj,HR SEN,Croatia,44.983333,14.9
45435.0,Tazerka Oil Terminal,TN TAT,Tunisia,36.6,11.683333
60435.0,Sokch'o Hang,KR SHO,South Korea,38.2,128.6
62078.0,Tonda,JP TND,Japan,34.033333,131.75
16510.0,Pittsburg,US PBG,United States,38.033333,-121.883333
61380.0,Tokyo Ko,JP TYO,Japan,35.666667,139.75
62255.0,Yatsushiro Ko,JP YAT,Japan,32.5,130.533333
8050.0,Wilmington,US ILG,United States,39.733333,-75.54999999999998
62115.0,Tobata,JP TBT,Japan,33.916667,130.816667
49850.0,Pulau Pinang,MY PEN,Malaysia,5.416667,100.35
49930.0,Port Klang,MY PKG,Malaysia,3.0,101.4
48240.0,Qalhat Lng Terminal,OM QAL,Oman,22.683333,59.4
61420.0,Shimoda Ko,JP SMD,Japan,34.666667,138.95
59340.0,Surigao City,PH SUG,Philippines,9.783333,125.5
62165.0,Saganoseki Ko,JP SAG,Japan,33.25,131.866667
57950.0,Peng-Hu Kang,TW MZG,Taiwan,23.583333,119.533333
61690.0,Ube Ko,JP UBJ,Japan,33.933333,131.233333
60190.0,Tianjin Xin Gang,CN TXG,China,38.966667,117.833333
48155.0,Ras Isa Marine Terminal,YE RAI,Yemen,15.133333,42.6
7405.0,Tiverton,US TIV,United States,41.633333,-71.216667
62077.0,Takuma,JP TKM,Japan,34.216667,133.683333
7980.0,South Amboy,US ZZM,United States,40.483333,-74.266667
11470.0,Port Louis,GP PTL,Guadeloupe,16.416667,-61.533333
8115.0,Paulsboro,US PAU,United States,39.85,-75.25
61415.0,Tagonoura Ko,JP TGO,Japan,35.133333,138.7
50600.0,Uleelheue,ID OLO,Indonesia,5.566667,95.283333
10960.0,Pepillo Salcedo,DO SAL,Dominican Republic,19.7,-71.75
59150.0,Port Capiz,PH CSI,Philippines,11.6,122.716667
61802.0,Uchiura,JP UCR,Japan,35.516667,135.5
60200.0,Qinhuangdao,CN SHP,China,39.933333,119.616667
61566.0,Shikama,JP SKM,Japan,34.766667,134.65
7560.0,Port Jefferson,US PTJ,United States,40.95,-73.08333299999998
60220.0,Yingkou,CN YIK,China,40.683333,122.233333
48267.0,Zirkuh Oil Field,AE ZUR,United Arab Emirates,24.866667,53.05
49995.0,Serangoon Harbor, ,Singapore,1.4,103.95
49910.0,Teluk Anson,MY TAN,Malaysia,4.016667,101.016667
62120.0,Wakamatsu Ko,JP WAM,Japan,33.9,130.816667
48320.0,Sitrah,BH SIT,Bahrain,26.166667,50.666667
62380.0,Sasebo,JP SSB,Japan,33.166667,129.716667
57995.0,Port San Vicente, ,Philippines,18.516667,122.133333
49770.0,Phuket,TH PKT,Thailand,7.833333,98.4
62110.0,Sakaide Ko,JP SKD,Japan,34.333333,133.85
61500.0,Toba,JP TOB,Japan,34.483333,136.85
54575.0,Point Murat, ,Australia,-21.816667,114.183333
60160.0,Yantai,CN YTG,China,37.55,121.45
61547.0,Sakai-Senboku,JP SBK,Japan,34.55,135.433333
50610.0,Sabang,ID SBG,Indonesia,5.883333,95.316667
49962.0,Pelabuhan Sungai Udang,MY SUP,Malaysia,2.25,102.133333
54120.0,Warrnambool,AU WMB,Australia,-38.4,142.483333
61940.0,Takamatsu,JP TAK,Japan,34.35,134.05
7600.0,Stamford,US XLX,United States,41.033333,-73.54999999999998
61680.0,Tokuyama,JP TKY,Japan,34.033333,131.816667
7740.0,Troy,US TRY,United States,42.733333,-73.7
61490.0,Yokkaichi,JP YKK,Japan,34.966667,136.633333
62224.0,Shibushi Wan,JP SBS,Japan,31.466667,131.1
61410.0,Uraga Ko,JP URG,Japan,35.233333,139.716667
49830.0,Pelabuhan Bass, ,Malaysia,6.316667,99.833333
59950.0,Zhen Hai,CN ZHI,China,29.95,121.7
58315.0,Santa Cruz (Marinduque Isl), ,Philippines,13.5,122.066667
48035.0,Sokhna Port Gas Tanker Terminal,EG SOK,Egypt,29.683333,32.366667
61370.0,Tateyama Ko,JP TTY,Japan,35.0,139.8
61580.0,Uno Ko,JP UNO,Japan,34.483333,133.95
62113.0,Yanai,JP YAN,Japan,33.95,132.133333
61550.0,Osaka,JP OSA,Japan,34.65,135.433333
61460.0,Shimizu Ko,JP SMZ,Japan,35.016667,138.5
61700.0,Shimonoseki,JP SHS,Japan,33.933333,130.933333
51815.0,Tanjung Santan,ID SAT,Indonesia,-0.1,117.533333
39935.0,Miseno, ,Italy,40.788158156,14.091097256
40352.0,Scalo Vecchio, ,Italy,35.855,12.863
40745.0,Porto Di Chioggia,IT CHI,Italy,45.233333,12.3
40650.0,Civitanova Marche,IT IOA,Italy,43.316,13.734
40155.0,Levanzo,IT LEV,Italy,37.987,12.341
40720.0,Porto Di Corsini,IT PCS,Italy,44.495,12.291
40785.0,Grado,IT GRD,Italy,45.697,13.298
39910.0,Ischia,IT ISH,Italy,40.748,13.944
40090.0,Villa San Giovanni,IT VSG,Italy,38.222,15.63
40560.0,Bisceglie,IT BCE,Italy,41.246,16.509
40570.0,Trani,IT TNI,Italy,41.283420643,16.423705752
40700.0,Rimini,IT RMI,Italy,44.081,12.574
39840.0,Ponza,IT PNZ,Italy,40.895,12.964
40060.0,Vibo Valentia Marina,IT VVA,Italy,38.723,16.13
40145.0,San Vito Lo Capo,IT SVC,Italy,38.181,12.736
39795.0,Porto Ercole,IT PTH,Italy,42.404,11.213
40282.0,Giardini Naxos,IT GIA,Italy,37.828,15.273
40120.0,Termini Imerese,IT TRI,Italy,37.985,13.723
40680.0,Fano,IT FAO,Italy,43.857,13.017
39855.0,Terracina,IT TRC,Italy,41.283,13.258
40640.0,San Benedetto Del Tronto,IT SDB,Italy,42.96,13.892
39500.0,Chiavari - Lavagna,IT CHX,Italy,44.305,9.326
39570.0,Viareggio,IT VIA,Italy,43.862,10.234
39850.0,San Felice Circeo,IT SFE,Italy,41.226,13.097
40460.0,Corigliano Calabro,IT CGC,Italy,39.672,16.529
40450.0,Ciro Marina,IT MRM,Italy,39.372,17.136
40510.0,Monopoli,IT MNP,Italy,40.955,17.308
40280.0,Riposta,IT RPT,Italy,37.735,15.209
40140.0,Castellammare Del Golfo,IT CTR,Italy,38.032,12.885
40520.0,Mola Di Bari,IT ODB,Italy,41.062,17.1
39940.0,Pozzuoli,IT POZ,Italy,40.824,14.11
40355.0,Cala Pozzolana, ,Italy,35.864,12.852
39900.0,Forio,IT FRD,Italy,40.742,13.859
39310.0,Porto Torres,IT PTO,Italy,40.852,8.396
40200.0,Porto Empedocle,IT PEM,Italy,37.278,13.528
40630.0,Pescara,IT PSR,Italy,42.464,14.236
40490.0,Otranto,IT OTO,Italy,40.152,18.493
40165.0,Favignana,IT FAV,Italy,37.933,12.324
39920.0,Procida,IT PRO,Italy,40.77,14.031
39865.0,Formia,IT FOM,Italy,41.254,13.614
40670.0,Senigallia,IT SEG,Italy,43.724,13.221
40150.0,Trapani,IT TPS,Italy,38.012,12.506
39420.0,Rada Di Vado,IT VDL,Italy,44.265,8.453
40160.0,Marettimo,IT MMO,Italy,37.966,12.075
39260.0,Porto Vesme,IT PVE,Italy,39.194,8.384
40080.0,Reggio Di Calabria,IT REG,Italy,38.129,15.65
39905.0,Casamicciola,IT CML,Italy,40.752,13.912
40710.0,Cesenatico,IT CNT,Italy,44.208,12.408
39790.0,Porto Santo Stefano,IT PSS,Italy,42.44,11.122
7840.0,Tompkinsville SI, ,United States,40.633333,-74.06666699999998
40350.0,Lampedusa,IT LMP,Italy,35.494,12.601
61810.0,Tsuruga Ko,JP TRG,Japan,35.65,136.066667
48257.0,Port Of Sohar,OM SOH,Oman,24.516667,56.633333
40243.0,Santa Panagia,IT SPA,Italy,37.069,15.297
61400.0,Yokosuka Ko,JP YOS,Japan,35.283333,139.666667
39780.0,Giglio Porto,IT GPR,Italy,42.362,10.921
40230.0,Pozzallo,IT PZL,Italy,36.716667,14.85
40190.0,Sciacca,IT SCK,Italy,37.502,13.075
39930.0,Baia,IT BAI,Italy,40.817,14.074
40780.0,Nogaro,IT PNG,Italy,45.759,13.167
40730.0,Porto Garibaldi,IT PGA,Italy,44.677,12.252
40690.0,Pesaro,IT PES,Italy,43.928,12.903
45140.0,Bur Sa'id,EG PSD,Egypt,31.266667,32.3
47960.0,Nuwaybi',EG NUW,Egypt,28.966667,34.65
47982.0,At Tur,EG TOR,Egypt,28.233333,33.616667
47987.0,Marsa az Zaytiyah, ,Egypt,27.85,33.6
48615.0,Vadinar Terminal,IN VAD,India,22.466666667,69.666666667
48613.0,Sikka,IN SKK,India,22.433333,69.833333
48680.0,Porbandar,IN PBD,India,21.633333,69.6
49030.0,New Mangalore,IN NML,India,12.916667,74.81666699999998
49130.0,Kochi (Cochin),IN KOC,India,9.966667,76.233333
49320.0,Tuticorin,IN TUT,India,8.8,78.166667
49010.0,Honavar, ,India,14.283333333,74.45
49287.0,Batticaloa Roads, ,Sri Lanka,7.766666667,81.68333333299998
48890.0,Port Dabhol,INDHP,India,17.583333333,73.166666667
48895.0,Jaigarh Bay,INJGD,India,17.3,73.216666667
48720.0,Jafarabad,INJBD,India,20.866666667,71.383333333
49540.0,Dhamra,INDMQ,India,20.816666667,86.966666667
49479.0,Gangavaram,INGGV,India,17.633333333,83.25
49470.0,Kakinada Bay,IN KAK,India,17.0,82.31666699999998
49370.0,Karaikal Port,IN KRK,India,10.833333,79.866667
49410.0,Cuddalore,IN CDL,India,11.716667,79.766667
48770.0,Magdalla,IN MDA,India,21.15,72.75
49290.0,Trincomalee Harbor,LK TRR,Sri Lanka,8.55,81.216667
39280.0,Alghero,IT AHO,Italy,40.568,8.307
39170.0,Golfo Aranci,IT GAI,Italy,40.993,9.624
39150.0,Liscia Di Vacca, ,Italy,41.141,9.511
39160.0,Cala Volpe, ,Italy,41.088,9.542
49560.0,Calcutta,IN CCU,India,22.55,88.33333299999998
48845.0,Jawaharlal Nehru Port (Nhava Shiva),IN NSA,India,18.95,72.95
48990.0,Karwar,IN KRW,India,14.816667,74.116667
49555.0,Haldia Port,IN HAL,India,22.016667,88.08333299999998
48730.0,Pipavav Bandar,IN PAV,India,20.916667,71.516667
49430.0,Pondicherry,IN PNY,India,11.933333,79.83333299999998
48760.0,Bhavnagar,IN BHU,India,21.766667,72.233333
49535.0,Paradip,IN PPT,India,20.266667,86.683333
49454.0,Kamarajar Port,INENR,India,13.261388889,80.3425
49250.0,Galle Harbor,LK GAL,Sri Lanka,6.033055556,80.22833333299998
49500.0,Gopalpur,IN GPR,India,19.301944444,84.966666667
48840.0,Mumbai (Bombay),IN BOM,India,18.966667,72.866667
49110.0,Beypore,IN BEY,India,11.166667,75.79999999999998
48900.0,Ratnagiri,IN RTC,India,16.983333,73.283333
49000.0,Belekeri,IN BLK,India,14.7,74.266667
49350.0,Nagappattinam,IN NPT,India,10.766667,79.84999999999998
48674.0,Dahej,IN DAH,India,21.7,72.533333
48960.0,Panaji,IN PAN,India,15.5,73.81666699999998
49300.0,Kankesanturai,LK KNK,Sri Lanka,9.816667,80.04999999999998
49550.0,Baleshwar, ,India,21.483333333,86.95
49160.0,Quilon (Kollam),IN QUI,India,8.871944444,76.58388888899998
49040.0,Azhikal (Azhikkal),IN AZK,India,11.945555556,75.30944444399998
49170.0,Trivandrum,IN TRV,India,8.483333,76.95
49180.0,Kolachel, ,India,8.166667,77.25
49100.0,Calicut (Kozhikode),IN CCJ,India,11.25,75.766667
9550.0,San Miguel De Cozumel,MX CZM,Mexico,20.5,-86.966667
9425.0,Dos Bocas Terminal,MX DBT,Mexico,18.433333,-93.216667
11980.0,San Lorenzo,VE SLV,Venezuela,9.783333,-71.066667
12200.0,Guanta,VE GUT,Venezuela,10.25,-64.583333
12090.0,Puerto Cumarebo,VE CMR,Venezuela,11.483333,-69.35
11940.0,Santa Marta,CO SMR,Colombia,11.25,-74.216667
11935.0,Pozos Colorados,CO POC,Colombia,11.15,-74.25
11946.0,Puerto Bolivar,CO PBO,Colombia,12.25,-71.966667
12180.0,Jose Terminal,VE JOT,Venezuela,10.1,-64.85
45025.0,Tarabulus,LBKYE,Lebanon,34.45,35.833333
45003.0,Tartus,SY TTS,Syria,34.9,35.866667
45030.0,Bayrut,LB BEY,Lebanon,33.9,35.5
45005.0,Baniyas,SY BAN,Syria,35.188333333,35.943333333
10978.0,Amber Cove,COAMB,Dominican Republic,19.833333333,-70.766666667
10962.0,Manzanillo,DOMAN,Dominican Republic,19.716666667,-71.75
9930.0,Freeport,BMFPT,Bermuda,32.316666667,-64.833333333
10030.0,Providenciales,TCPLS,Turks and Caicos Islands,21.733333333,-72.283333333
10370.0,Santiago De Cuba,CU SCU,Cuba,20.016667,-75.83333299999998
10320.0,Puerto Guantanamo,CU GUB,Cuba,19.983333,-75.13333299999998
11010.0,Sanchez,DO SNZ,Dominican Republic,19.233333,-69.616667
9960.0,Hamilton,BM BDA,Bermuda,32.3,-64.783333
11000.0,Santa Barbara De Samana,DO SAM,Dominican Republic,19.2,-69.333333
10280.0,Cayo Moa Grande,CUMOA,Cuba,20.666667,-74.9
10585.0,Cayman Brac,KY CYB,Cayman Islands,19.75,-79.75
10120.0,Cardenas,CU CAR,Cuba,23.05,-81.2
10550.0,Nueva Gerona,CU GER,Cuba,21.916667,-82.79999999999998
11075.0,Cabo Rojo,DO CBJ,Dominican Republic,17.916667,-71.65
10130.0,Isabela De Sagua,CU IDS,Cuba,22.95,-80.0
10710.0,Port Antonio,JM POT,Jamaica,18.183333,-76.45
11380.0,Gustavia,BL GUS,Guadeloupe,17.9,-62.85
10110.0,Matanzas,CU QMA,Cuba,23.05,-81.54999999999998
10980.0,Puerto Plata,DO POP,Dominican Republic,19.8,-70.7
10250.0,Felton,CUFEL,Cuba,20.733333,-75.59999999999998
10930.0,Cap Haitien,HT CAP,Haiti,19.766667,-72.2
9985.0,Freeport,BS FPO,The Bahamas,26.516667,-78.783333
11370.0,Philipsburg,SX PHI,Sint Maarten,18.016667,-63.05
10580.0,Georgetown,KY GEC,Cayman Islands,19.3,-81.38333299999998
11350.0,Road Harbor, VG RAD,British Virgin Islands,18.416667,-64.616667
10460.0,Manzanillo,CU MZO,Cuba,20.35,-77.116667
9987.0,South Riding Point,BS SRP,The Bahamas,26.616667,-78.216667
11630.0,Castries,LC CAS,Saint Lucia,14.016667,-61.0
10540.0,Cienfuegos,CU CFG,Cuba,22.15,-80.45
10530.0,Casilda,CU CAS,Cuba,21.75,-79.983333
11020.0,La Romana,DO LRM,Dominican Republic,18.416667,-68.966667
9990.0,Nassau,BS NAS,The Bahamas,25.083333,-77.34999999999998
10470.0,Guayabal,CU GYB,Cuba,20.7,-77.616667
48030.0,North Ain Sukhna Port,EG AIS,Egypt,29.65,32.366667
10210.0,Banes,CUBAN,Cuba,20.916666667,-75.716666667
10140.0,Caibarien,CUCAI,Cuba,22.533333333,-79.466666667
10290.0,Baracoa,CUBCA,Cuba,20.35,-74.5
10240.0,Preston,CUPST,Cuba,20.766666667,-75.65
10480.0,Santa Cruz del Sur,CUSCS,Cuba,20.7,-77.983333333
47946.0,Sawakin Harbor,SD SSD,Sudan,19.133333,37.35
10505.0,Palo Alto,CUPAL,Cuba,21.583333333,-78.966666667
47900.0,Mitsiwa Harbor,ER MSW,Eritrea,15.616667,39.466667
47880.0,Assab,ER ASA,Eritrea,13.0,42.75
16260.0,Moss,US MLG,United States,36.8,-121.783333
48090.0,Al Aqabah,JO AQJ,Jordan,29.516667,35.0
48045.0,El-Adabiya,EG ADA,Egypt,29.866667,32.466667
48055.0,Ain Sukhna Terminal,EG AIS,Egypt,29.583333,32.366667
47940.0,Port Sudan,SD PZU,Sudan,19.6,37.233333
54830.0,Dover, ,Australia,-43.316667,147.033333
48140.0,Jiddah,SA JED,Saudi Arabia,21.483333,39.183333
48142.0,Jizan,SA GIZ,Saudi Arabia,16.9,42.483333
8680.0,St Petersburg,RULED,United States,27.766667,-82.616667
46180.0,Sea Eagle Terminal, ,Nigeria,4.8,5.316667
45970.0,Baobab Marine Terminal,CI BAO,Cote D'Ivoire,4.966667,-4.55
48165.0,Al Ahmadi,YE HOD,Yemen,14.833333,42.966667
48190.0,Aden,YE ADE,Yemen,12.783333,44.95
45990.0,Port Bouet,CI PBT,Cote D'Ivoire,5.233333,-3.966667
46200.0,Pennington Oil Terminal,NG PEN,Nigeria,4.25,5.616667
46190.0,Brass Oil Terminal,NG BRA,Nigeria,4.066667,6.283333
48214.0,Rudum Terminal, ,Yemen,13.983333,47.916667
48235.0,Duqm,OM DQM,Oman,19.673252583,57.716908916
48210.0,Al Mukalla,YE ZAM,Yemen,14.516667,49.116667
48230.0,Mina Raysut,OM SLL,Oman,16.951111111,54.029166667
48216.0,Balhaf,YE BLH,Yemen,13.966667,48.183333
48202.0,Ash Shihr Oil Terminal,YE ASR,Yemen,14.7,49.483333333
48198.0,Nishtun,YE NIS,Yemen,15.816667,52.2
49640.0,Bassein,MM BSX,Burma,16.783333333,94.733333333
48259.0,Khawr Khasab,OM KHS,Oman,26.216667,56.233333
48520.0,Bandar Abbas,IR BND,Iran,27.15,56.2
49650.0,Rangoon,MM RGN,Burma,16.766667,96.166667
49660.0,Moulmein Harbor, ,Burma,16.483333,97.616667
48590.0,Gwadar,PK GWD,Pakistan,25.133333,62.3
2555.0,Port de Valleyfield, ,Canada,45.216666667,-74.09999999999998
9548.0,Punta Venado,MXPVN,Mexico,20.566666667,-87.13333333299998
9570.0,Puerto Costa Maya,MXCOM,Mexico,18.733333333,-87.68333333299998
9440.0,Frontera,MX FRN,Mexico,18.533333,-92.65
9395.0,Cayo Arcas Terminal,MX CAT,Mexico,20.166667,-91.983333
9490.0,Ciudad Del Carmen,MX CME,Mexico,18.633333,-91.866667
9410.0,Nanchital,MX NAN,Mexico,18.066667,-94.416667
9670.0,La Ceiba,HN LCE,Honduras,15.783333,-86.79999999999998
9660.0,Tela,HN TEA,Honduras,15.783333,-87.45
49730.0,Victoria Point Harbor, ,Burma,9.983333333,98.55
9855.0,Punta Rincon,PAPRI,Panama,9.016666667,-80.7
9768.0,San Andres Island,COADZ,Colombia,12.566666667,-81.7
9760.0,Puerto Cabezas,NI PUZ,Nicaragua,14.016667,-83.38333299999998
9769.0,El Bluff,NI ELB,Nicaragua,12.0,-83.7
9805.0,Puerto Moin,CR PMN,Costa Rica,10.0,-83.08333299999998
9598.0,Big Creek,BZBGK,Belize,16.516666667,-88.4
9810.0,Puerto Limon,CR LIO,Costa Rica,9.983333,-83.016667
9675.0,Coxen Hole,HN RTB,Honduras,16.316667,-86.54999999999998
9770.0,Bluefields,NI BEF,Nicaragua,12.016667,-83.75
48280.0,Hulaylah Oil Terminal,AE HTL,United Arab Emirates,25.983333,55.933333
51200.0,Panarukan,ID PRN,Indonesia,-7.7,113.933333
51810.0,Benoa, ,Indonesia,0.983333,117.966667
52297.0,Parepare,ID PAP,Indonesia,-4.0,119.616667
48264.0,Mina Saqr,AE MSA,United Arab Emirates,25.983333,56.05
48480.0,Jazireh-Ye Lavan Oil Terminal,IR LVP,Iran,26.783333,53.333333
48272.0,Sharjah Offshore Terminal, ,United Arab Emirates,25.583333,55.4
48273.0,Umm Al Qaywayn,AE QIW,United Arab Emirates,25.583333,55.583333
48269.0,Al Jazeera Port,AE JAZ,United Arab Emirates,25.716667,55.783333
48276.0,Mina Jabal Ali,AE JEA,United Arab Emirates,25.016667,55.05
48271.0,Ash Shariqah,AE SHJ,United Arab Emirates,25.366666667,55.383333333
48275.0,Dubayy,AE DXB,United Arab Emirates,25.266666667,55.3
46295.0,Kribi Deep Sea Port,CM KBI,Cameroon,2.71853154,9.860530084
48270.0,Ajman,AE AJM,United Arab Emirates,25.416667,55.433333
48274.0,Al Hamriyah Lpg Terminal,AE HAM,United Arab Emirates,25.466667,55.483333
47855.0,Doraleh,DJ DCT,Djibouti,11.602777778,43.088611111
46285.0,Kole Oil Terminal,CM KOL,Cameroon,4.25,8.55
46225.0,Antan Oil Terminal,NG ANA,Nigeria,4.216667,8.333333
62140.0,Moji Ko,JP MOJ,Japan,33.95,130.966667
61640.0,Kure,JP KRE,Japan,34.233333,132.55
62030.0,Matsuyama,JP MYJ,Japan,33.85,132.7
62020.0,Yawatahama,JP YWH,Japan,33.45,132.416667
45950.0,Buchanan,LR UCN,Liberia,5.866667,-10.066667
45952.0,Greenville,LR GRE,Liberia,4.983333,-9.05
38160.0,Santa Cruz De Tenerife,ES SCT,Spain,28.466667,-16.233333
48630.0,Kandla,IN IXY,India,23.033333,70.216667
45862.0,Freetown,SL FNA,Sierra Leone,8.5,-13.233333
45838.0,Bissau,GW OXB,Guinea-Bissau,11.866667,-15.633333
38130.0,Funchal,PT FNC,Portugal,32.633333,-16.916667
38170.0,Las Palmas,ES LPA,Spain,28.15,-15.416667
45809.0,Laayoune,MA EUN,Western Sahara,27.083333,-13.433333
38190.0,Arrecife,ES ACE,Spain,28.95,-13.533333
49620.0,Sittwe,MM AKY,Burma,20.133333,92.9
48690.0,Veraval,IN VVA,India,20.9,70.366667
48620.0,Mandvi,IN MDV,India,22.833333,69.35
48790.0,Hazira,IN HZA,India,21.083333,72.63333299999998
8240.0,Alexandria,US AXR,United States,38.8,-77.033333
7520.0,Essex,US EEX,United States,41.35,-72.38333299999998
45297.0,As Sidr,LY ESI,Libya,30.633333,18.366667
45295.0,Al Burayqah,LY MBR,Libya,30.416667,19.6
45290.0,Ez Zueitina,LY ZUE,Libya,30.85,20.05
45010.0,Al Ladhiqiyah,SY ALD,Syria,35.533333,35.766667
42920.0,Limin Sirou,GR JSY,Greece,37.433333,24.95
41940.0,Kalamata,GR KLX,Greece,37.016667,22.116667
46160.0,Forcados,NG FOR,Nigeria,5.366667,5.433333
7370.0,New Bedford,US NBD,United States,41.633333,-70.916667
16630.0,Bodega Bay,US DHB,United States,38.333333,-123.05
5060.0,Gladstone,US GDE,United States,45.85,-87.016667
5050.0,Escanaba,US ESC,United States,45.766667,-87.04999999999998
5030.0,Menominee,US MNM,United States,45.095277778,-87.58944444399998
5020.0,Marinette,US MOY,United States,45.083333,-87.59999999999998
5010.0,Oconto,US OCQ,United States,44.894444444,-87.829444444
4940.0,Green Bay,US GRB,United States,44.516667,-88.016667
4920.0,Algoma,US QAG,United States,44.6,-87.433333
4910.0,Kewaunee,US KWU,United States,44.466667,-87.5
4640.0,Frankfort,US FNF,United States,44.633333,-86.25
4630.0,Leland, ,United States,45.016667,-85.766667
4590.0,Harbor Springs,US HS3,United States,45.433333,-84.983333
4520.0,Mackinaw City,US KWY,United States,45.783333,-84.716667
10150.0,Nuevitas Bay,CU NVT,Cuba,21.55,-77.266667
10020.0,Grand Turk,TC GDT,Turks and Caicos Islands,21.433333,-71.15
16470.0,Benicia,US BNC,United States,38.05,-122.15
16170.0,Gaviota, ,United States,34.466667,-120.2
9170.0,Baytown,US HPY,United States,29.733333,-95.016667
8580.0,Jacksonville,US JAX,United States,30.316667,-81.65
8560.0,Fernandina Beach,US FEB,United States,30.683333,-81.466667
8550.0,Brunswick,US SSI,United States,31.15,-81.5
8540.0,Darien,US DIE,United States,31.366667,-81.433333
8430.0,Morehead City,US MRH,United States,34.716667,-76.7
2720.0,Gananoque,CA GNE,Canada,44.333333,-76.166667
2790.0,Alexandria Bay,US AXB,United States,44.333333,-75.916667
16160.0,Ellwood,US EL3,United States,34.433333,-119.916667
8420.0,Beaufort,US BFO,United States,34.716667,-76.666667
10158.0,Manati,CU MNT,Cuba,21.366667,-76.81666699999998
10025.0,Cockburn Harbor,TC 9CB,Turks and Caicos Islands,21.5,-71.533333
4610.0,Charlevoix,US CSX,United States,45.316667,-85.266667
40300.0,Lipari,IT LIP,Italy,38.483333,14.966667
43030.0,Milos,GR MLO,Greece,36.716667,24.45
43280.0,Lakki,GR PKK,Greece,37.133333,26.85
58750.0,Baybay,PH BYB,Philippines,10.683333,124.8
4530.0,Mackinac Island,US MCD,United States,45.85,-84.616667
5070.0,Nahma, ,United States,45.833333,-86.666667
5100.0,Manistique,US ISQ,United States,45.95,-86.25
45175.0,El Hamra Oil Terminal,EG MAH,Egypt,30.983333,28.866667
2700.0,Brockville,CA BCK,Canada,44.583333,-75.666667
16480.0,Martinez,US MRZ,United States,38.033333,-122.133333
44825.0,Alanya,TR ALA,Turkey,36.533333,32.0
45790.0,Mohammedia,MA MOH,Morocco,33.716667,-7.4
48121.0,King Fahd Port, ,Saudi Arabia,23.95,38.216667
51780.0,Lingkas, ,Indonesia,3.283333,117.6
61664.0,Namikata,JP NIT,Japan,34.116667,132.9
45955.0,Cape Palmas,LR CPA,Liberia,4.366667,-7.716667
58740.0,Maasin,PH MAA,Philippines,10.133333,124.833333
62060.0,Kikuma Ko,JP KIK,Japan,34.033333,132.833333
62070.0,Imabari Ko,JP IMB,Japan,34.066667,133.016667
8180.0,Cape Charles,US CCJ,United States,37.266667,-76.016667
8480.0,Southport,US XMK,United States,33.916667,-78.016667
4540.0,St Ignace, ,United States,45.85,-84.716667
45040.0,Sayda,LB SAY,Lebanon,33.5,35.35
4580.0,St. James Harbor, ,United States,45.733333,-85.516667
41950.0,Yithion,GR GYT,Greece,36.75,22.566667
9080.0,Port Arthur,US POA,United States,29.833333,-93.966667
39720.0,Portoferraio,IT PFE,Italy,42.816667,10.333333
16450.0,Port Costa,US PCX,United States,38.05,-122.183333
4620.0,Traverse City,US TVC,United States,44.766667,-85.616667
45036.0,Sidon/zahrani Terminal,LB ZHR,Lebanon,33.533333,35.316667
5110.0,Port Inland, ,United States,45.966667,-85.866667
3170.0,Oswego,US OSW,United States,43.466667,-76.516667
47050.0,Zanzibar,TZ ZNZ,Tanzania,-6.166667,39.183333
46170.0,Warri,NG WAR,Nigeria,5.516667,5.733333
9060.0,Sabine Pass,US NSS,United States,29.733333,-93.9
16290.0,Princetown, ,United States,37.5,-122.483333
8610.0,Palm Beach,US PAB,United States,26.766667,-80.04999999999998
4600.0,Petoskey,US PET,United States,45.366667,-84.966667
16320.0,Redwood City,US RWC,United States,37.533333,-122.2
8470.0,Wilmington,US ILM,United States,34.233333,-77.95
2710.0,Rockport,CA GNN,Canada,44.383333,-75.933333
8590.0,St Augustine,US UST,United States,29.9,-81.31666699999998
9050.0,Sabine,US SAB,United States,29.716667,-93.866667
45296.0,Ras   Lanuf,LY RLA,Libya,30.516667,18.566667
8830.0,Port Sulphur,US SUL,United States,29.483333,-89.683333
44850.0,Tasucu,TR TAS,Turkey,36.316667,33.883333
8460.0,Wrightsville,US WGC,United States,34.216667,-77.81666699999998
4930.0,Sturgeon Bay,US SUE,United States,44.833333,-87.38333299999998
8440.0,Swansboro, ,United States,34.683333,-77.13333299999998
61967.0,Shingu,JP SHN,Japan,33.666667,135.983333
61515.0,Owase Ko,JP OWA,Japan,34.066667,136.216667
8245.0,Piney Point,US PYP,United States,38.133333,-76.533333
8227.0,Solomons Island,US OMU,United States,38.316667,-76.45
58590.0,Port Romblon,PH ROM,Philippines,12.583333,122.266667
52270.0,Raha Roadstead,ID RAQ,Indonesia,-4.85,122.733333
48120.0,Yanbu,SA YBI,Saudi Arabia,24.083333,38.05
48348.0,Ras Al Mishab,SA RAM,Saudi Arabia,28.116667,48.633333
8230.0,Washington D.C.,US WAS,United States,38.866667,-77.033333
48152.0,Salif,YE SAL,Yemen,15.3,42.666667
8190.0,Salisbury,US SBY,United States,38.366667,-75.59999999999998
40360.0,Pantelleria,IT PNL,Italy,36.838,11.942
62497.0,Nishihara,JP NHR,Japan,26.216667,127.8
45027.0,Selaata,LB,Lebanon,34.283333333,35.655
48268.0,Mubarraz Oil Terminal,AE MBS,United Arab Emirates,24.433333,53.516667
48290.0,Doha,QA DOH,Qatar,25.283333,51.533333
48266.0,Zirkuh,AE ZUR,United Arab Emirates,25.016667,53.0
48265.0,Fateh Oil Terminal,AE FAT,United Arab Emirates,25.583333,54.416667
48298.0,Al Shaheen Terminal,QA ASN,Qatar,26.583333,52.0
48282.0,Jabal Az Zannah/ruways,AE JED,United Arab Emirates,24.2,52.7
48295.0,Jazirat Halul,QA HAL,Qatar,25.683333,52.416667
48279.0,Umm An Nar,AE ULR,United Arab Emirates,24.45,54.483333
48287.0,Umm Said,QA UMS,Qatar,24.916667,51.566667
48297.0,Ras Laffan,QA RLF,Qatar,25.916667,51.583333
48278.0,Abu Zaby,AE AUH,United Arab Emirates,24.5,54.333333
48277.0,Jazirat Das,AE DAS,United Arab Emirates,25.15,52.866667
51680.0,Victoria, ,Malaysia,5.283333,115.233333
59270.0,Puerto Princesa,PH PPS,Philippines,9.733333,118.733333
59500.0,Polloc (Cotabato),PH PLC,Philippines,7.35,124.216667
49960.0,Port Dickson,MY PDI,Malaysia,2.533333,101.783333
46454.0,M'bya Oil Terminal,GA MBY,Gabon,-3.883333,10.933333
46451.0,Etame Terminal,GA ETA,Gabon,-3.75,10.516667
55300.0,Picton,NZ PCN,New Zealand,-41.283333,174.016667
50450.0,Teluk Bayur,ID TBR,Indonesia,-1.0,100.366667
55270.0,Collingwood, ,New Zealand,-40.683333,172.666667
46335.0,Ceiba Terminal, ,Equatorial Guinea,1.416667,9.233333
46690.0,Jamestown,SH SHN,"Saint Helena, Ascension, and Tristan da Cunha",-15.916667,-5.716667
46580.0,Sumbe,AO NDD,Angola,-11.2,13.833333
46485.0,Takula Terminal,AO TAK,Angola,-5.216667,11.783333
46487.0,Malongo Oil Terminal,AO MAL,Angola,-5.433333,12.083333
12740.0,Porto De Suape,BR SUA,Brazil,-8.4,-34.966667
55275.0,Tarakohe,NZ TKH,New Zealand,-40.85,172.9
12380.0,Linden,GY LDN,Guyana,6.0,-58.3
46340.0,Cogo,GC COG,Equatorial Guinea,1.083333,9.7
46545.0,Soyo Angola Lng Terminal,AO SZA,Angola,-6.116667,12.333333
12650.0,Porto De Mucuripe, ,Brazil,-3.716667,-38.483333
46446.0,Oguendjo Terminal,GA OGU,Gabon,-1.466667,8.916667
46510.0,Banana,CD BNW,Congo (Kinshasa),-5.983333,12.383333
12410.0,Paramaribo,SR PBM,Suriname,5.833333,-55.166667
12630.0,Camocim,BR CMC,Brazil,-2.9,-40.833333
39210.0,Cagliari,IT CAG,Italy,39.19,9.102
55290.0,Nelson,NZ NSN,New Zealand,-41.266667,173.266667
46550.0,Porto Do Ambriz,AO AZZ,Angola,-7.833333,13.1
12405.0,Nieuw Nickerie,SR ICK,Suriname,5.95,-57.0
46452.0,Olowi Marine Terminal, ,Gabon,-3.133333,10.216667
12390.0,New Amsterdam,GY NAM,Guyana,6.25,-57.516667
46488.0,Kuito Oil Field,AO KOT,Angola,-5.466667,11.5
46490.0,Cabinda,AO CAB,Angola,-5.533333,12.2
46453.0,Gamba Oil Terminal,GA GAX,Gabon,-2.833333,10.0
46472.0,Djeno Terminal,CG DJE,Congo (Brazzaville),-4.933333,11.9
46460.0,Yombo Terminal,CG YOM,Congo (Brazzaville),-4.45,11.1
46750.0,Saldanha Bay,ZA SDB,South Africa,-33.033333,17.966667
46473.0,N'kossa Terminal,CG NKO,Congo (Brazzaville),-5.266667,11.566667
46543.0,Kizomba C Terminal, ,Angola,-6.316667,11.283333
12415.0,Paranam,SR PRM,Suriname,5.616667,-55.1
46495.0,Futila Terminal,AO FLT,Angola,-5.45,12.183333
12661.0,Guamare Oil Terminal,BR GUA,Brazil,-4.866667,-36.283333
46547.0,Palanca Terminal,AO PAT,Angola,-6.95,12.4
12730.0,Recife,BR REC,Brazil,-8.05,-34.866667
46570.0,Porto Amboim,AO PBN,Angola,-10.733333,13.75
57700.0,Hon Gai,VN HON,Vietnam,20.95,107.066667
59930.0,Haimen,CN HME,China,28.683333,121.45
59960.0,Zhoushan,CN ZOS,China,30.0,122.1
14470.0,Puerto San Antonio,CL SAI,Chile,-33.583333,-71.616667
60810.0,De Kastri,RU DKA,Russia,51.466667,140.783333
36280.0,Lezardrieux,FR LZD,France,48.790299727,-3.098863445
60500.0,Ch'ongjin,KP CHO,North Korea,41.766667,129.816667
59385.0,Mangagoy,PH MGG,Philippines,8.233333,126.316667
56280.0,Honolulu,US HNL,United States,21.3,-157.866667
56272.0,Barber's Point,US NAX,United States,21.316667,-158.116667
56260.0,Kaunakakai,US KUA,United States,21.083333,-157.033333
56200.0,Lahaina,US LHN,United States,20.866667,-156.666667
56180.0,Kahului,US OGG,United States,20.9,-156.466667
56150.0,Kiholo, ,United States,19.866667,-155.95
56120.0,Kauhako Bay, ,United States,19.383333,-155.9
56110.0,Milolii, ,United States,19.183333,-155.9
56100.0,Honuapo, ,United States,19.083333,-155.55
30680.0,Husum,DE HUS,Germany,54.483333,9.05
56090.0,Hilo,US ITO,United States,19.733333,-155.066667
56070.0,Honokaa, ,United States,20.1,-155.466667
55440.0,Greymouth,NZ GMN,New Zealand,-42.433333,171.216667
55210.0,New Plymouth,NZ NPL,New Zealand,-39.066667,174.033333
52235.0,Mangkasa Oil Terminal, ,Indonesia,-2.733333,121.066667
52065.0,Bitung,ID BIT,Indonesia,1.433333,125.183333
47980.0,Safaja,EG SGA,Egypt,26.733333,33.95
47970.0,Al Qusayr,EG AQU,Egypt,26.1,34.283333
17080.0,Hoquiam,US HQM,United States,46.966667,-123.9
57245.0,Forari Bay, ,Vanuatu,-17.683333,168.55
57120.0,Honiara,SB HIR,Solomon Islands,-9.416667,159.95
56820.0,Kokopo, ,Papua New Guinea,-4.333333,152.266667
56710.0,Longan Island, ,Papua New Guinea,-1.216667,144.3
56660.0,Malakal Harbor, ,Palau,7.333333,134.45
56630.0,Colonia, ,Federated States of Micronesia,9.516667,138.133333
56600.0,Moen, ,Federated States of Micronesia,7.433333,151.833333
56570.0,Lele Harbor, ,Federated States of Micronesia,5.333333,163.033333
56325.0,Johnston Atoll, ,Johnson Atoll,16.75,-169.516667
46520.0,Boma,CD BOA,Congo (Kinshasa),-5.85,13.05
45320.0,Misratah,LY MIS,Libya,32.366667,15.216667
44610.0,Derince Burnu,TR DRC,Turkey,40.75,29.816667
44540.0,Haydarpasa,TR HAY,Turkey,41.0,29.016667
44410.0,Giresun,TR GIR,Turkey,40.933333,38.4
50910.0,Flying Fish Cove,CX FFC,Christmas Island,-10.416667,105.7
44200.0,Novorossiysk,RU NVS,Russia,44.716667,37.783333
44080.0,Azov,RU AZO,Russia,47.1,39.433333
44010.0,Mariupol,UA MPW,Ukraine,47.083333,37.566667
44000.0,Berdyansk,UA ERD,Ukraine,46.75,36.783333
43900.0,Kerch,UA KEH,Ukraine,45.35,36.483333
43850.0,Feodosiya,UA FEO,Ukraine,45.016667,35.433333
43680.0,Kherson,UA KHE,Ukraine,46.616667,32.6
43650.0,Odesa,UA ODS,Ukraine,46.483333,30.733333
43645.0,Illichivsk,UA ILK,Ukraine,46.3,30.65
43550.0,Mangalia,RO MAG,Romania,43.816667,28.583333
43420.0,Istanbul,TR IST,Turkey,41.016667,28.966667
43600.0,Galati,RO GAL,Romania,45.416667,28.083333
43590.0,Braila,RO BRA,Romania,45.25,27.983333
33090.0,Mallaig,GB MLG,United Kingdom,57.0,-5.816667
32955.0,Lochmaddy,GB LMA,United Kingdom,57.6,-7.166667
32750.0,Klaksvik,FO KVI,Faroe Islands,62.233333,-6.583333
32320.0,Burghead,GB BUH,United Kingdom,57.7,-3.5
32290.0,Buckie Harbor,GB BUC,United Kingdom,57.683333,-2.966667
32240.0,Fraserburgh Harbor,GB FRB,United Kingdom,57.683333,-2.0
32200.0,Montrose,GB MON,United Kingdom,56.7,-2.466667
32010.0,Grangemouth,GB GRG,United Kingdom,56.016667,-3.716667
31930.0,Leith,GB LEI,United Kingdom,55.983333,-3.183333
31860.0,Berwick-Upon-Tweed,GB BWK,United Kingdom,55.766667,-2.0
31820.0,Blyth,GB BLY,United Kingdom,55.116667,-1.5
31680.0,Bridlington,GB BRT,United Kingdom,54.083333,-0.183333
31670.0,Goole,GB GOO,United Kingdom,53.7,-0.833333
31660.0,Kingston Upon Hull,GB HUL,United Kingdom,53.75,-0.283333
31650.0,Immingham,GB IMM,United Kingdom,53.633333,-0.2
31640.0,Grimsby,GB GSY,United Kingdom,53.583333,-0.0666669999999
31610.0,King's Lynn,GB KLN,United Kingdom,52.75,0.4
31580.0,Great Yarmouth,GB GTY,United Kingdom,52.616667,1.733333
31570.0,Lowestoft,GB LOW,United Kingdom,52.483333,1.75
31560.0,Felixstowe,GB FXT,United Kingdom,51.95,1.316667
31530.0,Harwich,GB HRW,United Kingdom,51.95,1.283333
31420.0,Gravesend,GB GVS,United Kingdom,51.45,0.366667
31310.0,Oostende,BE OST,Belgium,51.233333,2.916667
31290.0,Bruges,BE BGS,Belgium,51.233333,3.216667
31270.0,Ghent,BE GNE,Belgium,51.066667,3.733333
31260.0,Bruxelles,BE BRU,Belgium,50.866667,4.35
31250.0,Antwerpen,BE ANR,Belgium,51.216667,4.4
31150.0,Dordrecht,NL DOR,Netherlands,51.816667,4.65
31060.0,Amsterdam,NL AMS,Netherlands,52.366667,4.9
31040.0,Ijmuiden,NL IJM,Netherlands,52.466667,4.583333
31010.0,Harlingen,NL HAR,Netherlands,53.183333,5.416667
30990.0,Delfzijl,NL DZL,Netherlands,53.333333,6.933333
30950.0,Emden,DE EME,Germany,53.333333,7.183333
30900.0,Bremen,DE BRE,Germany,53.133333,8.766667
30840.0,Nordenham,DE NHA,Germany,53.483333,8.483333
30810.0,Bremerhaven,DE BRV,Germany,53.533333,8.583333
30800.0,Cuxhaven,DE CUX,Germany,53.866667,8.716667
30780.0,Hamburg,DE HAM,Germany,53.55,9.933333
30725.0,Itzehoe,DE ITZ,Germany,53.916667,9.516667
30260.0,Arhus,DK AAR,Denmark,56.15,10.216667
29880.0,Odense,DK ODE,Denmark,55.416667,10.383333
29670.0,Bandholm,DK BDX,Denmark,54.833333,11.5
29350.0,Helsingor,DK HLS,Denmark,56.033333,12.616667
29005.0,Flensburg,DE FLF,Germany,54.8,9.433333
27220.0,Lulea,SE LLA,Sweden,65.583333,22.166667
25590.0,Gavle,SE GVX,Sweden,60.683333,17.166667
25330.0,Nynashamn,SE NYN,Sweden,58.9,17.966667
25290.0,Nykoping,SE NYO,Sweden,58.75,17.016667
24570.0,Kalmar,SE KLR,Sweden,56.666667,16.366667
24460.0,Karlskrona,SE KAA,Sweden,56.166667,15.6
24220.0,Limhamn,SE LIM,Sweden,55.591111111,12.918333333
24210.0,Malmo,SE MMA,Sweden,55.623333333,12.984722222
24180.0,Landskrona,SE LAA,Sweden,55.859722222,12.826666667
24040.0,Falkenberg,SE FAG,Sweden,56.881666667,12.466111111
24020.0,Goteborg,SE GOT,Sweden,57.709722222,11.954722222
23840.0,Fredrikstad,NO FRK,Norway,59.179166667,10.952777778
23830.0,Moss,NO MSS,Norway,59.440555556,10.655277778
7380.0,Newport,US NPT,United States,41.5,-71.333333
7340.0,Edgartown,US ETW,United States,41.383333,-70.5
7320.0,Falmouth,US FMH,United States,41.55,-70.616667
37190.0,Bordeaux,FR BOD,France,44.866667,-0.566667
35810.0,Dieppe,FR DPE,France,49.933333,1.083333
35750.0,Calais,FR CQF,France,50.966667,1.85
35740.0,Gravelines,FR GRV,France,51.0,2.116667
35732.0,Dunkerque Port Ouest,FR DKK,France,51.066667,2.35
35730.0,Dunkerque Port Est,FR DKK,France,51.05,2.383333
35710.0,Dover Harbor,GB DVR,United Kingdom,51.116667,1.333333
35650.0,Newhaven Harbour,GB NHV,United Kingdom,50.783333,0.0500000000001
35610.0,Littlehampton Harbour,GB LIT,United Kingdom,50.783333,-0.533333
35550.0,Cowes Harbour,GB COW,United Kingdom,50.766667,-1.3
35400.0,Brixham Harbour,GB BRX,United Kingdom,50.4,-3.516667
35390.0,Dartmouth Harbour,GB DTM,United Kingdom,50.35,-3.616667
35340.0,Fowey Harbour,GB FOY,United Kingdom,50.333333,-4.633333
35290.0,Falmouth Harbour,GB FAL,United Kingdom,50.15,-5.066667
35200.0,Hayle,GB HAY,United Kingdom,50.183333,-5.416667
35150.0,Bideford,GB BID,United Kingdom,51.033333,-4.2
35070.0,Bristol,GB BRS,United Kingdom,51.466667,-2.633333
35060.0,Avonmouth,GB AVO,United Kingdom,51.5,-2.716667
35010.0,Cardiff,GB CDF,United Kingdom,51.45,-3.166667
34990.0,Barry,GB BAD,United Kingdom,51.4,-3.266667
34880.0,Milford Haven,GB MLF,United Kingdom,51.716667,-5.033333
34700.0,Manchester,GB MNC,United Kingdom,53.483333,-2.266667
34690.0,Liverpool,GB LIV,United Kingdom,53.416667,-3.0
34660.0,Fleetwood,GB FLE,United Kingdom,53.916667,-3.016667
34630.0,Barrow In Furness,GB BIF,United Kingdom,54.116667,-3.233333
34160.0,Fenit,IE FEN,Ireland,52.266667,-9.866667
34060.0,Galway,IE GWY,Ireland,53.266667,-9.05
33930.0,Killybegs,IE KBS,Ireland,54.633333,-8.45
33830.0,Londonderry,GB LDY,United Kingdom,55.0,-7.316667
33690.0,Ardglass,GB AGL,United Kingdom,54.266667,-5.616667
33610.0,Douglas,IM DGS,Isle of Man,54.15,-4.466667
33560.0,Ayr,GB AYR,United Kingdom,55.466667,-4.633333
33520.0,Millport,GB MLP,United Kingdom,55.75,-4.916667
33340.0,Ardrishaig,GB ASG,United Kingdom,56.016667,-5.45
33300.0,Campbeltown,GB CBT,United Kingdom,55.433333,-5.6
6900.0,Bangor,US BGR,United States,44.8,-68.766667
6640.0,Jonesport,US JON,United States,44.533333,-67.616667
6610.0,Lubec,US LB2,United States,44.866667,-66.983333
6410.0,Liverpool (Brooklyn),CA BKN,Canada,44.033333,-64.65
5980.0,Little Bras D Or, ,Canada,46.25,-60.3
23750.0,Horten,NO HOR,Norway,59.416667,10.5
23660.0,Brevik,NO BVK,Norway,59.066667,9.7
19820.0,Kodiak,US ADQ,United States,57.783333,-152.4
19800.0,Anchorage,US ANC,United States,61.216667,-149.9
19795.0,Nikiski,US NIK,United States,60.683333,-151.4
19781.0,Homer,US HOM,United States,59.6,-151.416667
19640.0,Cordova,US CDV,United States,60.55,-145.766667
19160.0,Knudson Cove, ,United States,55.466667,-131.8
18923.0,Kemano Bay, ,Canada,53.483333,-128.133333
18835.0,Coal Harbor,CA CAU,Canada,50.6,-127.583333
18460.0,Comox Harbor,CA COX,Canada,49.666667,-124.916667
18110.0,Fraser Mills,CA FRR,Canada,49.224147222,-122.855966667
18100.0,New Westminster,CA NWE,Canada,49.2,-122.916667
17920.0,Friday Harbor,US FRD,United States,48.533333,-123.016667
17790.0,Everett,US PAE,United States,48.0,-122.216667
17780.0,Mukilteo,US MKI,United States,47.95,-122.3
17760.0,Edwards Point, ,United States,47.8,-122.4
28930.0,Kiel,DE KEL,Germany,54.316667,10.133333
28880.0,Lubeck-Travemunde,DE TRV,Germany,53.966667,10.883333
28720.0,Nowy Port,PL NWA,Poland,54.416667,18.666667
28710.0,Gdansk,PL GDN,Poland,54.35,18.666667
28690.0,Kaliningrad,RU KGD,Russia,54.7,20.483333
28240.0,Hamina,FI HMN,Finland,60.566667,27.2
27750.0,Mantyluoto,FI MTY,Finland,61.6,21.483333333
27580.0,Nykarleby,FI UKP,Finland,63.516667,22.533333
17660.0,Olympia,US OLM,United States,47.05,-122.9
17430.0,Bremerton,US PWT,United States,47.566667,-122.65
17100.0,Neah Bay,US NEB,United States,48.366667,-124.616667
17090.0,La Push, ,United States,47.9,-124.633333
17060.0,Aberdeen,US GHR,United States,46.983333,-123.816667
17000.0,Nahcotta, ,United States,46.5,-124.033333
16900.0,Longview,US LOG,United States,46.133333,-122.933333
16850.0,Astoria,US AST,United States,46.2,-123.833333
16820.0,Newport,US NPO,United States,44.633333,-124.05
16720.0,Bandon,US BDY,United States,43.116667,-124.416667
16700.0,Crescent City,US CEC,United States,41.75,-124.2
16670.0,Eureka,US EKA,United States,40.8,-124.183333
16660.0,Fields Landing,US F5L,United States,40.716667,-124.216667
14570.0,Coquimbo,CL CQQ,Chile,-29.95,-71.333333
13770.0,La Plata,AR LPG,Argentina,-34.833333,-57.883333
13760.0,Buenos Aires,AR BUE,Argentina,-34.6,-58.366667
13150.0,Nueva Palmira,UY NVP,Uruguay,-33.883333,-58.416667
13040.0,Imbituba,BR IBB,Brazil,-28.233333,-48.666667
21610.0,Harstad,NO HRD,Norway,68.8,16.55
5750.0,Charlottetown,CA CHA,Canada,46.233333,-63.133333
5740.0,Georgetown,CA GEO,Canada,46.183333,-62.533333
5480.0,Grand Marais,US GRM,United States,47.75,-90.333333
5460.0,Duluth,US DLH,United States,46.766667,-92.1
5410.0,Bayfield,US BFI,United States,46.8,-90.816667
5390.0,Ashland,US ASX,United States,46.6,-90.866667
5280.0,Marquette,US MQT,United States,46.533333,-87.38333299999998
5260.0,Grand Marais, ,United States,46.683333,-85.966667
5160.0,Michipicoten,CA MIH,Canada,47.966667,-84.9
4960.0,Kaukauna,US KAU,United States,44.283333,-88.266667
4950.0,Depere, ,United States,44.45,-88.06666699999998
4890.0,Manitowoc,US MTW,United States,44.092222222,-87.64833333299998
4860.0,Milwaukee,US MKE,United States,43.033333,-87.88333299999998
4840.0,Kenosha,US ENW,United States,42.583333,-87.81666699999998
4800.0,Chicago,US CHI,United States,41.883333,-87.59999999999998
4790.0,Calumet Harbor,US CAY,United States,41.733333,-87.516667
4780.0,Indiana Harbor,US ECH,United States,41.666667,-87.433333
4760.0,Gary,US GYY,United States,41.616667,-87.33333299999998
4750.0,Michigan City,US MGC,United States,41.733333,-86.9
4710.0,Holland,US HLM,United States,42.783333,-86.13333299999998
4700.0,Grand Haven,US GHN,United States,43.066667,-86.233333
4690.0,Muskegon,US MKG,United States,43.233333,-86.266667
4670.0,Ludington,US LDM,United States,43.95,-86.45
4650.0,Manistee,US MBL,United States,44.25,-86.31666699999998
4510.0,Cheboygan,US SHG,United States,45.65,-84.466667
20940.0,Bredvik, ,Norway,70.583333,22.133333
20650.0,Kirkenes,NO KKN,Norway,69.729722222,30.068888889
20480.0,Barrow,US BRW,United States,71.283333,-156.783333
20430.0,Deering,US DRG,United States,66.083333,-162.733333
20400.0,Nome,US OME,United States,64.5,-165.416667
20290.0,Clarks Point,US CLP,United States,58.85,-158.55
20150.0,Constantine Harbor, ,United States,51.4,179.3
20140.0,Adak Naval Air Station,US AXK,United States,51.866667,-176.633333
20120.0,Dutch Harbor,US DUT,United States,53.9,-166.533333
20080.0,King Cove,US KVC,United States,55.05,-162.316667
20050.0,Baralof Bay, ,United States,55.233333,-160.533333
19910.0,Larsen Bay,US KLN,United States,57.533333,-153.983333
19880.0,Lazy Bay, ,United States,56.9,-154.25
12690.0,Natal,BR NAT,Brazil,-5.783333,-35.2
12500.0,Cameta,BR CMA,Brazil,-2.25,-49.5
12490.0,Belem,BR BEL,Brazil,-1.45,-48.5
23550.0,Kristiansand,NO KRS,Norway,58.138888889,8.012777778
23530.0,Mandal,NO MAN,Norway,58.016667,7.466667
23490.0,Egersund,NO EGE,Norway,58.438611111,5.986388889
23440.0,Haugesund,NO HAU,Norway,59.412222222,5.253611111
23355.0,Husnes,NO HUS,Norway,59.8775,5.762222222
23160.0,Bergen,NO BGO,Norway,60.402777778,5.298611111
23130.0,Floro,NO FRO,Norway,61.603888889,5.030833333
23110.0,Molde,NO MOL,Norway,62.733333,7.166667
23075.0,Muruvik,NO MRV,Norway,63.441388889,10.841388889
23058.0,Djupviken, ,Norway,63.787777778,11.427222222
23053.0,Malm,NO MLM,Norway,64.067222222,11.2275
23020.0,Berg,NO BER,Norway,65.365277778,12.196666667
22990.0,Bronnoysund,NO BNN,Norway,65.468055556,12.196111111
22920.0,Mosjoen,NO MJF,Norway,65.858888889,13.170833333
22760.0,Mo I Rana,NOMQN,Norway,66.324444444,14.122222222
22295.0,Lakselv,NO LVG,Norway,67.357777778,15.592222222
22290.0,Bodo,NO BOO,Norway,67.285555556,14.364166667
22030.0,Narvik,NO NVK,Norway,68.421111111,17.402222222
8595.0,Canaveral Harbor,US PCV,United States,28.7,-80.616667
8520.0,Beaufort,US BFT,United States,32.433333,-80.666667
8500.0,Charleston,US CHS,United States,32.783333,-79.916667
8490.0,Georgetown,US GGE,United States,33.366667,-79.283333
8410.0,New Bern,US EWN,United States,35.1,-77.04999999999998
8400.0,Bayboro, ,United States,35.15,-76.766667
8380.0,Belhaven,US BPV,United States,35.616667,-76.616667
8370.0,Columbia,US CUB,United States,35.916667,-76.25
8340.0,Edenton,US EDE,United States,36.05,-76.616667
4470.0,Alpena,US APN,United States,45.066667,-83.416667
4450.0,Au Sable, ,United States,44.4,-83.31666699999998
4420.0,Alabaster,US LBA,United States,44.183333,-83.54999999999998
4400.0,Bay City,US BCY,United States,43.6,-83.866667
4330.0,Marine City, ,United States,42.716667,-82.5
4320.0,Algonac,US ALG,United States,42.616667,-82.516667
4250.0,Desbarats, ,Canada,46.333333,-83.916667
4240.0,Hilton, ,Canada,46.25,-83.88333299999998
4230.0,Bruce Mines,CA BCM,Canada,46.283333,-83.783333
4200.0,Blind River,CA BLR,Canada,46.183333,-82.95
4180.0,Meldrum Bay,CA MDB,Canada,45.933333,-83.116667
4170.0,Gore Bay,CA YZE,Canada,45.916667,-82.466667
4160.0,Kagawong, ,Canada,45.916667,-82.25
4140.0,Little Current,CA LIC,Canada,45.983333,-81.933333
4080.0,Killarney,CA KLY,Canada,45.966667,-81.516667
4060.0,Key Harbour,CA KHO,Canada,45.883333,-80.75
4050.0,Byng Inlet,CA BTT,Canada,45.766667,-80.56666699999998
3940.0,Midland,CA MID,Canada,44.75,-79.916667
3900.0,Collingwood,CA COL,Canada,44.5,-80.233333
3880.0,Meaford,CA MFD,Canada,44.616667,-80.59999999999998
3730.0,Goderich,CA GOH,Canada,43.75,-81.733333
3670.0,Courtright,CA CRR,Canada,42.816667,-82.466667
3620.0,Detroit,US DET,United States,42.333333,-83.033333
3520.0,Huron,US HUB,United States,41.4,-82.54999999999998
3500.0,Lorain,US LOR,United States,41.466667,-82.183333
3470.0,Ashtabula,US ASF,United States,41.9,-80.79999999999998
3460.0,Conneaut,US CDY,United States,41.966667,-80.54999999999998
3450.0,Erie,US ERI,United States,42.15,-80.09999999999998
3440.0,Dunkirk,US DKK,United States,42.483333,-79.33333299999998
3430.0,Buffalo,US BUF,United States,42.883333,-78.88333299999998
3130.0,Chaumont, ,United States,44.066667,-76.13333299999998
3050.0,Hamilton,CA HAM,Canada,43.25,-79.84999999999998
3030.0,Bronte, ,Canada,43.4,-79.716667
2930.0,Belleville,CA BLV,Canada,44.15,-77.4
2130.0,Chicoutimi (Port Saguenay),CA CHI,Canada,48.433333,-71.066667
2015.0,Baie Comeau,CA BCO,Canada,49.233333,-68.133333
1990.0,Matane,CA MNE,Canada,48.85,-67.533333
640.0,Nuuk,GL GOH,Greenland,64.183333,-51.75
20000.0,Kanatak, ,United States,57.566667,-156.033333
5270.0,Munising,US MGS,United States,46.416667,-86.65
5320.0,Baraga,US RGA,United States,46.783333,-88.483333
5520.0,Douglastown, ,Canada,48.766667,-64.383333
21490.0,Finnsnes,NO FNE,Norway,69.233333,17.966667
21660.0,Andenes,NO ADN,Norway,69.328333333,16.127777778
13740.0,Concepcion Del Uruguay,AR COU,Argentina,-32.483333,-58.233333
14670.0,Mejillones,CL MJS,Chile,-23.1,-70.466667
18780.0,Clayoquot, ,Canada,49.15,-125.916667
17050.0,Bay City, ,United States,46.866667,-124.066667
28615.0,Lielupe, ,Latvia,57.0,23.433333
28900.0,Neustadt,DE NGL,Germany,54.1,10.816667
18140.0,Mission City,CA MIB,Canada,49.146388889,-122.258611111
18630.0,Lyall Harbor,CA YAJ,Canada,48.8,-123.2
18860.0,Alert Bay,CA AAL,Canada,50.583333,-126.933333
18890.0,Bella Coola,CA BLC,Canada,52.366667,-126.8
18925.0,Kitimat,CA KTM,Canada,54.0,-128.683333
19630.0,Katalla, ,United States,60.2,-144.533333
6630.0,Machias,US ACI,United States,44.716667,-67.466667
33310.0,Lamlash Harbor,GB LAH,United Kingdom,55.533333,-5.116667
33450.0,Bowling,GB BOW,United Kingdom,55.933333,-4.483333
33530.0,Ardrossan,GB ARD,United Kingdom,55.65,-4.816667
34260.0,Bantry,IE BTH,Ireland,51.683333,-9.45
34648.0,Garlston,GB GIS,United Kingdom,53.35,-2.9
34780.0,Caernarvon,GB CNV,United Kingdom,53.15,-4.266667
35760.0,Boulogne-Sur-Mer,FR BOL,France,50.733333,1.6
37170.0,Ambes,FR AMS,France,45.016667,-0.533333
3100.0,Niagara,CA NOL,Canada,43.25,-79.06666699999998
7330.0,Nantucket,US ACK,United States,41.283333,-70.1
23850.0,Halden,NO HAL,Norway,59.116667,11.383333
23950.0,Brofjorden,SE BRO,Sweden,58.360277778,11.421111111
29180.0,Fakse Ladeplads Havn,DK FAK,Denmark,55.216667,12.166667
29790.0,Marstal,DK MRS,Denmark,54.916667,10.333333
29800.0,Aeroskobing, ,Denmark,54.883333,10.416667
30095.0,Augustenborg,DK AUB,Denmark,54.95,9.866667
30100.0,Abenra,DK AAB,Denmark,55.05,9.433333
30455.0,Hanstholm,DK HAN,Denmark,57.133333,8.6
30870.0,Oldenburg,DE OLO,Germany,53.116667,8.216667
31080.0,Hoek Van Holland,NL HVH,Netherlands,51.95,4.133333
31668.0,New Holland,GB NHO,United Kingdom,53.7,-0.366667
31972.0,Hound Point Terminal,GB HPT,United Kingdom,56.0,-3.366667
32990.0,Lochboisdale,GB LBD,United Kingdom,57.15,-7.3
43670.0,Mykolayiv,UA NLV,Ukraine,46.95,31.983333
43950.0,Kyrylivka, ,Ukraine,46.35,35.366667
48470.0,Bushehr,IR BUZ,Iran,28.983333,50.833333
48533.0,Bandar Taheri Offshore Terminal, ,Iran,27.65,52.35
48550.0,Chah Bahar,IR ZBR,Iran,25.266667,60.616667
50340.0,Ardjuna Oil Field,ID AJN,Indonesia,-5.883333,107.716667
44350.0,Batumi,GE BUS,Georgia,41.65,41.65
44620.0,Izmit,TR IZT,Turkey,40.766667,29.916667
45323.0,Khoms,LY KHM,Libya,32.666667,14.25
56300.0,Nawiliwili Bay,US NIJ,United States,21.95,-159.35
56730.0,Lorengau,PG LOR,Papua New Guinea,-2.016667,147.266667
57200.0,Luganville,VU LUG,Vanuatu,-15.516667,167.166667
52523.0,Labuha,ID LAH,Indonesia,-0.633333,127.466667
53520.0,Ballina,AU BNK,Australia,-28.866667,153.566667
56130.0,Napoopoo, ,United States,19.483333,-155.933333
56170.0,Mahukona, ,United States,20.183333,-155.9
56270.0,Barbers Point Terminal, ,United States,21.266667,-158.1
310.0,Akureyri,IS AKU,Iceland,65.683333,-18.083333
320.0,Husavik,IS HUS,Iceland,66.033333,-17.333333
430.0,Eskifjordhur,IS ESK,Iceland,65.066667,-14.016667
450.0,Budir,IS FAS,Iceland,64.933333,-14.016667
480.0,Hornafjordur,IS HFN,Iceland,64.25,-15.233333
560.0,Nanortalik Havn,GL JNN,Greenland,60.116667,-45.2
590.0,Narsarssuaq,GL UAK,Greenland,61.15,-45.433333
670.0,Maniitsoq,GL JSU,Greenland,65.416667,-52.916667
2310.0,Oka Sur Le Lac,CA OKA,Canada,45.466667,-74.08333299999998
2420.0,Montebello,CA MBO,Canada,45.65,-74.933333
2510.0,Gatineau,CA GAT,Canada,45.483333,-75.65
2530.0,Hull,CA HUL,Canada,45.433333,-75.7
2960.0,Cobourg,CA CBG,Canada,43.95,-78.166667
3015.0,Clarkson,CA CSN,Canada,43.5,-79.59999999999998
3790.0,Lions Head, ,Canada,44.983333,-81.25
4150.0,Honora, ,Canada,45.866667,-82.166667
4210.0,Cockburn,BSCBT,Canada,45.95,-83.31666699999998
280.0,Dalvik,IS DAL,Iceland,65.983333,-18.516667
420.0,Neskaupstadur,IS NES,Iceland,65.15,-13.683333
1715.0,Come By Chance Harbor,CA CBC,Canada,47.8,-54.016667
1890.0,Havre St Pierre,CA HSP,Canada,50.233333,-63.6
2380.0,Grenville,CA GRZ,Canada,45.633333,-74.59999999999998
2320.0,Hudson,CA HUD,Canada,45.466667,-74.13333299999998
4490.0,Calcite,US MI3,United States,45.416667,-83.783333
21880.0,Henningsvaer,NO HEN,Norway,68.153611111,14.212777778
23080.0,Hommelvik,NO HOK,Norway,63.416667,10.8
23180.0,Brattholmen,NO NZG,Norway,60.348611111,5.1775
23240.0,Odda,NO ODD,Norway,60.096944444,6.541111111
23300.0,Meling, ,Norway,59.783333,5.116667
23465.0,Akrahamn,NO AKM,Norway,59.266667,5.183333
21920.0,Brettesnes,NO BTS,Norway,68.233333,14.85
22120.0,Drag,NO DRG,Norway,68.05,16.083333
22320.0,Fauske,NO FAU,Norway,67.25,15.398888889
22790.0,Hemnesberget,NO HNE,Norway,66.233333,13.616667
23050.0,Namsos,NO OSY,Norway,64.458333333,11.509444444
23100.0,Kristiansund,NO KSU,Norway,63.113888889,7.738611111
23107.0,Bud, ,Norway,62.9,6.916667
23108.0,Haroysund,NO HRS,Norway,62.891111111,6.958055556
23111.0,Andalsnes,NO AND,Norway,62.568055556,7.677222222
23112.0,Hareid,NO HRI,Norway,62.372222222,6.035555556
23115.0,Moldtustranda,NO MLT,Norway,62.3,5.65
23120.0,Alesund,NO AES,Norway,62.466667,6.166667
23125.0,Maloy,NO MAY,Norway,61.933333,5.116667
23136.0,Ardalstangen,NO ARD,Norway,61.232777778,7.698611111
23138.0,Mongstad,NO MON,Norway,60.830833333,5.036666667
23451.0,Karsto,NO KAR,Norway,59.266667,5.516667
23455.0,Espevaer, ,Norway,59.583333,5.15
23505.0,Kirkehamn,NO KIR,Norway,58.231388889,6.527222222
23510.0,Flekkefjorden,NO FFD,Norway,58.264166667,6.655277778
12455.0,Degrad Des Cannes,GF DDC,French Guiana,4.85,-52.266667
19970.0,Bear Island, ,United States,58.45,-152.683333
20010.0,Chignik,US KCL,United States,56.3,-158.4
20020.0,Ivanof Bay,US KIB,United States,55.8,-159.466667
20085.0,Cold Bay,US CDB,United States,55.2,-162.7
20097.0,Akutan Harbor,US KQA,United States,54.133333,-165.8
20100.0,Cannery Bay, ,United States,53.7,-166.75
20110.0,Makushin, ,United States,53.766667,-166.983333
20160.0,Kiska,US KIS,United States,51.966667,177.55
20250.0,Naknek,US NNK,United States,58.716667,-157.016667
20270.0,Koggiung, ,United States,58.966667,-156.916667
20280.0,Ekuk,US KKU,United States,58.816667,-158.566667
20300.0,Dillingham,US DLG,United States,59.033333,-158.483333
20340.0,Kotlik,US KOT,United States,63.033333,-163.55
20350.0,Hamilton, ,United States,62.9,-163.916667
20450.0,Kotzebue,US OTZ,United States,66.916667,-162.583333
20486.0,Bernard Harbor, ,United States,70.133333,-143.633333
20560.0,Barentsburg,SJ BAR,Svalbard,78.05944444399998,14.202222222
20710.0,Berlevag,NO BVG,Norway,70.861666667,29.111944444
20740.0,Kjollefjorden,NO KJF,Norway,70.95,27.333333
21120.0,Oksfjord,NO OKF,Norway,70.233333,22.35
21380.0,Gibostad,NO GBD,Norway,69.356111111,18.081944444
4820.0,Great Lakes,US GRL,United States,42.3,-87.83333299999998
5130.0,Goulais Bay,CA 345,Canada,46.733333,-84.5
5150.0,Gargantua, ,Canada,47.566667,-84.966667
29720.0,Nysted,DK NTD,Denmark,54.666667,11.733333
29860.0,Nyborg,DK NBG,Denmark,55.316667,10.8
29910.0,Middelfart,DK MID,Denmark,55.5,9.733333
29930.0,Assens,DK ASN,Denmark,55.266667,9.883333
30105.0,Ensted,DK ENS,Denmark,55.016667,9.433333
30160.0,Kolding,DK KOL,Denmark,55.483333,9.5
30340.0,Hadsund,DK HSU,Denmark,56.716667,10.116667
30350.0,Mariager,DK MRR,Denmark,56.65,9.983333
30360.0,Hobro,DK HBO,Denmark,56.633333,9.8
30380.0,Hals,DK HAS,Denmark,56.983333,10.316667
32330.0,Inverness,GB INV,United Kingdom,57.483333,-4.233333
30430.0,Frederikshavn,DK FDH,Denmark,57.433333,10.55
30480.0,Lemvig,DK LVG,Denmark,56.583333,8.283333
30500.0,Holstebro-Stuer,DK HSB,Denmark,56.5,8.583333
42760.0,Mitilini,GR MJT,Greece,39.1,26.566667
30710.0,Brunsbuttel Elbahafen,DE BRB,Germany,53.883333,9.166667
30720.0,Brunsbuttel Canal Terminals,DE BRB,Germany,53.9,9.15
30740.0,Neuhaus,DE NEH,Germany,53.8,9.033333
30760.0,Gluckstadt,DE GLU,Germany,53.783333,9.416667
30785.0,Butzfleth,DE BUZ,Germany,53.65,9.516667
30985.0,Eemshaven,NL EEM,Netherlands,53.45,6.833333
31085.0,Europoort,NL EUR,Netherlands,51.95,4.116667
31100.0,Maassluis,NL MSL,Netherlands,51.916667,4.25
31375.0,Isle Of Grain,GB IOG,United Kingdom,51.433333,0.7
31470.0,London,GB LON,United Kingdom,51.5,-0.0833329999999
31630.0,Boston,GB BOS,United Kingdom,52.966667,-0.0166669999999
31940.0,Granton,GB GRN,United Kingdom,55.983333,-3.216667
31945.0,Braefoot Bay Terminal,GB BFB,United Kingdom,56.033333,-3.316667
32030.0,Burntisland,GB BTL,United Kingdom,56.05,-3.233333
32070.0,Methil,GB MTH,United Kingdom,56.183333,-3.0
32250.0,Macduff,GB MCD,United Kingdom,57.666667,-2.5
32300.0,Lossiemouth,GB LSS,United Kingdom,57.716667,-3.283333
32340.0,Cromarty,GB CRN,United Kingdom,57.683333,-4.033333
32370.0,Helmsdale Harbor,GB HMA,United Kingdom,58.116667,-3.65
32700.0,Kongshavn, ,Faroe Islands,62.116667,-6.733333
32740.0,Fuglafjordur,FO FUG,Faroe Islands,62.25,-6.8
32980.0,Castle Bay,GB CBA,United Kingdom,56.95,-7.483333
59380.0,Hinatuan,PH HNT,Philippines,8.366667,126.333333
40830.0,Muggia,IT UGG,Italy,45.6,13.766667
43388.0,Ambarli,TR AMR,Turkey,40.966667,28.7
43435.0,Istinye,TR ITY,Turkey,41.116667,29.05
43566.0,Cernavoda,RO CEV,Romania,44.333333,28.05
43677.0,Dnipro-Buzkyy, ,Ukraine,46.733333,31.883333
43720.0,Khorly, ,Ukraine,46.083333,33.283333
43940.0,Henichesk, ,Ukraine,46.166667,34.816667
56835.0,Kimbe,PG KIM,Papua New Guinea,-5.133333,150.533333
44162.0,Kavkaz Oil Terminal,RU KZP,Russia,45.333333,36.65
44180.0,Anapa,RU AAQ,Russia,44.883333,37.316667
48464.0,Barkan Oil-loading Terminal, ,Iran,29.733333,50.166667
48635.0,Navlakhi,IN NAV,India,22.956388889,70.447583333
49580.0,Mongla,BD MGL,Bangladesh,22.466667,89.59999999999998
50740.0,Kuala Kapus,ID KKA,Indonesia,3.0,114.366667
50785.0,Dumai,ID DUM,Indonesia,1.683333,101.45
51010.0,Cirebon,ID CBN,Indonesia,-6.716667,108.566667
51220.0,Cilacap,ID CXP,Indonesia,-7.733333,109.0
51290.0,Labuhanhaji, ,Indonesia,-8.7,116.566667
51320.0,Maumere,ID MOF,Indonesia,-8.616667,122.216667
56840.0,Bialla,PG BAA,Papua New Guinea,-5.3,150.983333
57642.0,Dai Hang, ,Vietnam,8.483333,108.683333
47974.0,Hamrawein,EG HAM,Egypt,26.25,34.2
51850.0,Gunung Batu Besar,ID BTH,Indonesia,-2.616667,116.3
52040.0,Manado,ID MDC,Indonesia,1.5,124.833333
52090.0,Gorontalo,ID GTO,Indonesia,0.5,123.05
52760.0,Namlea,ID NAM,Indonesia,-3.283333,127.083333
53000.0,Miei, ,Indonesia,-2.733333,134.5
5180.0,Heron Bay,CA HBY,Canada,48.65,-86.31666699999998
5370.0,Houghton,US HTL,United States,47.116667,-88.56666699999998
5380.0,Ontonagon,US ONG,United States,46.883333,-89.33333299999998
5430.0,Cornucopia, ,United States,46.866667,-91.1
13100.0,La Paloma,UY LAP,Uruguay,-34.65,-54.15
13140.0,Colonia,UY CYR,Uruguay,-34.466667,-57.85
13160.0,Fray Bentos,UY FZB,Uruguay,-33.116667,-58.316667
16808.0,Cushman, ,United States,43.983333,-124.066667
16835.0,Depoe Bay, ,United States,44.8,-124.066667
16838.0,Ilwaco,US IQL,United States,46.3,-124.05
16920.0,Kalama,US KAM,United States,46.016667,-122.85
17190.0,Hoodsport,US 9WA,United States,47.416667,-123.133333
17260.0,Keyport,US KYP,United States,47.7,-122.616667
17350.0,Fort Ward, ,United States,47.583333,-122.516667
17670.0,Nisqually Head, ,United States,47.116667,-122.75
27560.0,Kokkola,FI KOK,Finland,63.85,23.016667
27610.0,Hellnas,FI HLL,Finland,63.283333,22.233333
27670.0,Kaskinen,FI KAS,Finland,62.383333,21.233333
28170.0,Ekenas,FI TAI,Finland,59.983333,23.433333
28180.0,Jussaro,FI JUS,Finland,59.833333,23.566667
28187.0,Inkoo,FI INK,Finland,60.016667,23.916667
28310.0,Gavan Vysotsk,RU VYS,Russia,60.616667,28.566667
28654.0,Butinge Oil Terminal,LT BOT,Lithuania,56.033333,20.95
28680.0,Baltiysk,RU BLT,Russia,54.633333,19.9
28920.0,Heiligenhafen,DE HHF,Germany,54.366667,10.983333
28950.0,Eckernforde,DE ECK,Germany,54.483333,9.833333
17840.0,Coupeville,US CBL,United States,48.233333,-122.683333
18518.0,Nanoose Harbor,CA NNE,Canada,49.266667,-124.15
18790.0,Ahousat, ,Canada,49.283333,-126.066667
18525.0,Harmac,CA HMC,Canada,49.133333,-123.85
18600.0,Ganges,CA GGS,Canada,48.85,-123.483333
18818.0,Bergh Cove, ,Canada,50.533333,-127.616667
18915.0,Bella Bella, ,Canada,52.166667,-128.15
19290.0,Fishermans Harbor, ,United States,55.966667,-133.8
19510.0,Hood Bay, ,United States,57.4,-134.5
19788.0,Ninilchik,US NIN,United States,60.05,-151.683333
23760.0,Holmestrand,NO HOL,Norway,59.490555556,10.326666667
5970.0,Grand Narrows, ,Canada,45.95,-60.783333
6660.0,Milbridge,US MLQ,United States,44.533333,-67.883333
33160.0,Lochaline,GB LOL,United Kingdom,56.55,-5.766667
33170.0,Craignure,GB CNU,United Kingdom,56.466667,-5.7
33210.0,Glensanda,GB GSA,United Kingdom,56.566667,-5.533333
33290.0,Crinan (Canal),GB CNC,United Kingdom,56.083333,-5.566667
33577.0,Bangor,GB BAN,United Kingdom,54.65,-5.666667
34190.0,Castletown Bearhaven,IE CTB,Ireland,51.65,-9.916667
34200.0,Kilrush,IE KLR,Ireland,52.633333,-9.5
34640.0,Heysham,GB HYM,United Kingdom,54.033333,-2.916667
34650.0,Liverpool Bay Terminal,GB LIB,United Kingdom,53.533333,-3.55
34850.0,Fishguard,GB FIS,United Kingdom,52.016667,-4.983333
34970.0,Neath,GB NEA,United Kingdom,51.633333,-3.833333
35240.0,Newlyn,GB NYL,United Kingdom,50.1,-5.55
35590.0,Fawley Marine Terminal,GB FAW,United Kingdom,50.816667,-1.333333
35800.0,Le Treport,FR LTR,France,50.066667,1.366667
37160.0,Blaye,FR BYE,France,45.133333,-0.666667
7240.0,Lynn,US LZN,United States,42.45,-70.95
7315.0,Hyannis Port, ,United States,41.633333,-70.3
23817.0,Fagerstrand,NO FAX,Norway,59.733055556,10.584722222
23829.0,Kambo,NO KMO,Norway,59.473055556,10.679722222
23890.0,Grebbestad,SE GRE,Sweden,58.676944444,11.247777778
23900.0,Fjallbacka,SE FJA,Sweden,58.600277778,11.277222222
23910.0,Hunnebostrand,SE HUN,Sweden,58.437777778,11.286111111
24050.0,Halmstad,SE HAD,Sweden,56.666667,12.866667
24530.0,Bergkvara,SE BEA,Sweden,56.383333,16.1
24720.0,Figeholm,SE FIG,Sweden,57.366667,16.5
24900.0,Farosund,SE FSD,Sweden,57.916667,19.05
24960.0,Klintehamn,SE KLI,Sweden,57.383333,18.2
25440.0,Grisslehamn,SE GRH,Sweden,60.1,18.816667
25610.0,Norrsundet,SE NOT,Sweden,60.933333,17.166667
26240.0,Harnosand,SE HND,Sweden,62.633333,17.933333
26310.0,Gustavsvik,SE GUS,Sweden,62.833333,17.883333
26340.0,Lunde, ,Sweden,62.883333,17.883333
26380.0,Kramfors,SE KRF,Sweden,62.933333,17.8
26720.0,Domsjo,SE DOM,Sweden,63.266667,18.733333
26790.0,Husum,SE HUS,Sweden,63.333333,19.15
29455.0,Nykobing (Mor),DK NYM,Denmark,56.766667,11.866667
27130.0,Brannfors,SE BNF,Sweden,65.016667,21.383333
27540.0,Himanka,FI HIM,Finland,64.0,23.65
29130.0,Christianso Harbor,DK CSO,Denmark,55.316667,15.183333
29410.0,Frederiksvaerk,DK FDV,Denmark,55.966667,12.016667
29420.0,Frederikssund,DK FDS,Denmark,55.833333,12.05
29440.0,Holbaek,DK HBK,Denmark,55.716667,11.716667
29546.0,Gulfhaven,DK GFH,Denmark,55.2,11.266667
55617.0,Funafuti Atoll,TV FUN,Tuvalu,-8.516667,179.133333
56010.0,Atuona,PF AUQ,French Polynesia,-9.816667,-139.033333
56015.0,Baie Taiohae,PF TAI,French Polynesia,-8.933333,-140.083333
56140.0,Kailua,US KA7,United States,19.633333,-156.0
56160.0,Kawaihae,US KWH,United States,20.033333,-155.833333
56190.0,Hana,US HNM,United States,20.75,-155.983333
56230.0,Kaumalapau Harbor, ,United States,20.783333,-157.0
58630.0,Laoang, ,Philippines,12.566667,125.016667
58655.0,Guiuan,PH GUN,Philippines,11.033333,125.716667
58670.0,Catbalogan,PH CTS,Philippines,11.766667,124.883333
59800.0,Jolo,PH JOL,Philippines,6.05,121.0
59974.0,Changshu,CN CGS,China,31.766667,120.95
59991.0,Nantong,CN NTG,China,32.0,120.8
60470.0,Ch'aho, ,North Korea,40.2,128.65
60860.0,Okha,RU OKA,Russia,53.55,143.0
12340.0,Ciudad Bolivar,VE CBL,Venezuela,8.133333,-63.55
12420.0,Moengo,SR MOJ,Suriname,5.633333,-54.416667
12710.0,Cabedelo,BR CDO,Brazil,-6.966667,-34.833333
19890.0,Karluk,US KYK,United States,57.566667,-154.45
19930.0,Dry Spruce Bay, ,United States,57.933333,-153.033333
19980.0,Hogg Island, ,United States,58.466667,-152.683333
20070.0,Belkofski, ,United States,55.083333,-162.033333
20170.0,Alcan Harbor,US ZAK,United States,52.733333,174.066667
20180.0,Massacre Bay, ,United States,52.833333,173.233333
20240.0,Egegik,US EGX,United States,58.2,-157.366667
20310.0,Bethel,US BET,United States,60.816667,-161.716667
20320.0,Nash Harbor, ,United States,60.2,-166.983333
20330.0,Kwiguk, ,United States,62.733333,-164.466667
20410.0,Grantley Harbor, ,United States,65.266667,-166.333333
20570.0,Longyearbyen,SJ LYR,Svalbard,78.22722222199998,15.633333333
20580.0,Ny Alesund,SJ NYA,Svalbard,78.928333333,11.933055556
20800.0,Honningsvag,NO HVG,Norway,70.98258756,25.950055502
20910.0,Kvalsund,NO KVS,Norway,70.506944444,23.983333333
20920.0,Hammerfest,NO HFT,Norway,70.666667,23.666667
21130.0,Alta,NO ALF,Norway,69.973333333,23.235277778
4770.0,Buffington, ,United States,41.633333,-87.416667
5140.0,Batchawana Bay, ,Canada,46.916667,-84.59999999999998
5310.0,L Anse,US LAJ,United States,46.766667,-88.466667
5350.0,Copper Harbor, ,United States,47.466667,-87.866667
5360.0,Eagle Harbor, ,United States,47.466667,-88.166667
5420.0,La Pointe,US JPP,United States,46.783333,-90.783333
5510.0,Gaspe,CA GPE,Canada,48.833333,-64.483333
5560.0,Dalhousie,CA DHS,Canada,48.066667,-66.366667
5600.0,Caraquet,CA CAQ,Canada,47.8,-64.933333
21495.0,Medby, ,Norway,68.908888889,17.728333333
13050.0,Laguna,BR LGA,Brazil,-28.5,-48.783333
13115.0,Jose Ignacio,UY JIT,Uruguay,-34.95,-54.7
13120.0,Montevideo,UY MVD,Uruguay,-34.9,-56.216667
13720.0,Concordia,AR COC,Argentina,-31.4,-58.033333
13730.0,Colon,AR COL,Argentina,-32.216667,-58.133333
16805.0,Glenada, ,United States,43.966667,-124.116667
51340.0,Ende,ID ENE,Indonesia,-8.833333,121.65
44270.0,Adler, ,Russia,43.433333,39.933333
44370.0,Hopa,TR HOP,Turkey,41.416667,41.4
44500.0,Eregli,TR ERE,Turkey,41.3,31.45
44542.0,Botas Natural Gas Terminal, ,Turkey,41.0,27.983333
44622.0,Gebze,TR GEB,Turkey,40.766667,29.55
44625.0,Golcuk Burnu,TR GOK,Turkey,40.733333,29.816667
45823.0,Lyndiane,SN LYN,Senegal,14.166667,-16.166667
46710.0,Edinburgh Of The Seven Seas, ,"Saint Helena, Ascension, and Tristan da Cunha",-37.05,-12.3
56310.0,Ahukini Landing, ,United States,22.0,-159.333333
56400.0,Majuro Atoll,MH MAJ,Marshall Islands,7.083333,171.383333
16740.0,Empire, ,United States,43.4,-124.283333
16750.0,North Bend,US OTH,United States,43.4,-124.216667
16770.0,Coos Bay,US COB,United States,43.366667,-124.216667
16795.0,Gardiner,US GDR,United States,43.716667,-124.1
17170.0,Glen Cove, ,United States,48.083333,-122.783333
17330.0,Creosote, ,United States,47.616667,-122.5
17380.0,East Bremerton, ,United States,47.566667,-122.616667
27590.0,Kantlax,FI KAN,Finland,63.416667,22.283333
27805.0,Naantali,FI NLI,Finland,60.466667,22.016667
28230.0,Kotka,FI KTK,Finland,60.466667,26.966667
28390.0,Lomonosov,RU LOM,Russia,59.916667,29.766667
28640.0,Liepaja,LV LPX,Latvia,56.516667,21.016667
28790.0,Darlowo,PL DAR,Poland,54.433333,16.416667
28800.0,Kolobrzeg,PL KOL,Poland,54.216667,15.55
18580.0,Cowichan Bay,CA CCB,Canada,48.75,-123.616667
18650.0,Hope Bay, ,Canada,48.8,-123.283333
18665.0,Bamberton,CA BAM,Canada,48.55,-123.516667
18792.0,Gold River,CA GOR,Canada,49.683333,-126.116667
18916.0,Klemtu,CA YKT,Canada,52.6,-128.516667
18920.0,Butedale, ,Canada,53.166667,-128.683333
19055.0,Alliford Bay, ,Canada,53.216667,-131.983333
19090.0,Hyder,US WHD,United States,55.916667,-130.0
19100.0,Hidden Inlet, ,United States,54.95,-130.333333
19120.0,George Inlet, ,United States,55.383333,-131.466667
19200.0,Burnett Inlet, ,United States,56.066667,-132.466667
19330.0,Bay Of Pillars, ,United States,56.6,-134.233333
19430.0,Kimshan Cove, ,United States,57.683333,-136.116667
19600.0,Letnikof Cove, ,United States,59.183333,-135.4
19710.0,Crab Bay, ,United States,60.066667,-148.0
19790.0,Kenai,US ENA,United States,60.55,-151.266667
19805.0,Drift River,US DRF,United States,60.55,-152.133333
19850.0,Mccord,US QMW,United States,57.15,-153.2
33200.0,Fort William,GB FWM,United Kingdom,56.816667,-5.116667
5990.0,North Sydney,CA NSY,Canada,46.216667,-60.25
6020.0,Louisbourg,CA LOU,Canada,45.916667,-59.966667
6330.0,Musquodoboit Harbour,CA MUS,Canada,44.783333,-63.15
6470.0,Digby,CA DIG,Canada,44.616667,-65.766667
6600.0,Eastport,US EPM,United States,44.9,-66.983333
6620.0,Machiasport,US 9MP,United States,44.7,-67.4
33405.0,Finnart Oil Terminal,GB FNT,United Kingdom,56.116667,-4.833333
33460.0,Old Kilpatrick,GB OKK,United Kingdom,55.916667,-4.466667
33515.0,Hunterston,GB HST,United Kingdom,55.75,-4.883333
33820.0,Coleraine,GB CLR,United Kingdom,55.133333,-6.666667
33985.0,Lancaster,GB LAN,United Kingdom,54.05,-2.783333
34110.0,Limerick,IE LMK,Ireland,52.633333,-8.616667
34130.0,Foynes,IE FOV,Ireland,52.616667,-9.116667
34685.0,Mostyn,GB CHE,United Kingdom,53.316667,-3.266667
43625.0,Izmayil,UA IZM,Ukraine,45.333333,28.85
43745.0,Chornomors Ke,UA ILK,Ukraine,45.516667,32.7
43780.0,Balaklava, ,Ukraine,44.5,33.6
43810.0,Alushta, ,Ukraine,44.683333,34.416667
44210.0,Gelendzhik,RU GDZ,Russia,44.55,38.066667
48475.0,Bandar-E Pars Terminal, ,Iran,27.533333,52.533333
50440.0,Bengkulu,ID BKS,Indonesia,-3.783333,102.25
44480.0,Inebolu,TR INE,Turkey,41.983333,33.766667
44605.0,Kaba Burnu, ,Turkey,40.766667,29.533333
543.0,Kusanartoq, ,Greenland,61.766667,-42.216667
700.0,Attu, ,Greenland,67.95,-53.733333
940.0,Kajalleq Upernavik,GLJUV,Greenland,72.15,-55.533333
1611.0,Clarenville,CA CLE,Canada,48.17515,-53.9591
1710.0,Argentia,CA NWP,Canada,47.3,-53.983333
1880.0,Blanc Sablon,CA YBX,Canada,51.416667,-57.133333
2110.0,La Baie (Port Alfred),CA LBA,Canada,48.333333,-70.883333
2350.0,Carillon, ,Canada,45.566667,-74.366667
2370.0,Chute A Blondeau,CA CAB,Canada,45.583333,-74.466667
2390.0,Hawkesbury,CA HAW,Canada,45.616667,-74.616667
2400.0,Fassett,CA FSS,Canada,45.65,-74.866667
2480.0,Cumberland,CA OCL,Canada,45.516667,-75.4
2490.0,Masson,CA MAS,Canada,45.533333,-75.416667
2830.0,Millhaven,CA ILL,Canada,44.2,-76.733333
3020.0,Oakville,CA OAJ,Canada,43.433333,-79.666667
3380.0,Amherstburg,CA AMH,Canada,42.1,-83.09999999999998
4020.0,Depot Harbour, ,Canada,45.316667,-80.09999999999998
4120.0,Manitowaning,CA YEM,Canada,45.75,-81.79999999999998
4370.0,Harbor Beach,US HB4,United States,43.85,-82.65
8330.0,Hertford,US HD4,United States,36.183333,-76.466667
9420.0,Minatitlan,MX MTT,Mexico,17.9,-94.583333
21840.0,Ballstad,NO BSD,Norway,68.066667,13.7
21950.0,Lodingen,NO LOD,Norway,68.416667,16.0
22010.0,Lilandsgrunnen,NO LID,Norway,68.478055556,16.890555556
22050.0,Litle Ballangen,NO BLL,Norway,68.348611111,16.872777778
22140.0,Korsnes, ,Norway,68.251944444,16.061666667
22270.0,Kjerringoy,NO KJE,Norway,67.5225,14.759722222
22540.0,Glomfjord,NO GLO,Norway,66.8075,13.980277778
23060.0,Levanger,NO LEV,Norway,63.754722222,11.293333333
23070.0,Langstein,NO LGS,Norway,63.548611111,10.89
23230.0,Norheimsund,NO NHS,Norway,60.366111111,6.153888889
23310.0,Mosterhamn,NO MOS,Norway,59.698888889,5.391111111
23340.0,Leirvik,NO LRI,Norway,59.758333333,5.496666667
23450.0,Kopervik,NO KOP,Norway,59.283333,5.316667
23600.0,Arendal,NO ARE,Norway,58.453888889,8.776944444
45795.0,El Jadida,MA ELJ,Morocco,33.25,-8.5
56320.0,Nonopapa, ,United States,21.866667,-160.233333
56350.0,Enitwetak Island,MH ENT,Marshall Islands,11.333333,162.333333
56740.0,Hamburg Harbor, ,Papua New Guinea,-1.633333,149.966667
57436.0,Benchamas Terminal,TH BEN,Thailand,10.516667,101.25
48106.0,Duba,SA DHU,Saudi Arabia,27.566667,35.533333
51736.0,Mostyn,MY MZS,Malaysia,4.683333,118.25
52230.0,Kolonodale,ID KNL,Indonesia,-1.983333,121.333333
52680.0,Bula,ID BUA,Indonesia,-3.1,130.5
53010.0,Manokwari Road,ID MKW,Indonesia,-0.866667,134.083333
53100.0,Fakfak,ID FKQ,Indonesia,-2.933333,132.283333
53195.0,Discovery Bay, ,Papua New Guinea,-10.416667,150.416667
56025.0,Canton Island,KI CIS,Kiribati,-2.833333,-171.716667
56039.0,English Harbor, ,Kiribati,3.85,-159.366667
56250.0,Kamalo, ,United States,21.05,-156.883333
57775.0,Lon Shui Terminal, ,China,20.833333,115.683333
61020.0,Mys Rogatyy Oktyabrskiy,RU OKT,Russia,50.733333,142.1
34770.0,Holyhead,GB HLY,United Kingdom,53.316667,-4.633333
35100.0,Bridgwater,GB BRW,United Kingdom,51.133333,-3.0
35300.0,Mevagissey,GB MVG,United Kingdom,50.266667,-4.783333
35320.0,Charlestown,GB CHF,United Kingdom,50.333333,-4.75
35440.0,Bridport Harbour,GB BRP,United Kingdom,50.716667,-2.766667
35700.0,Folkestone Harbour,GB FOL,United Kingdom,51.083333,1.2
35980.0,Alderney Harbour,GG ACI,Guernsey,49.733333,-2.2
7310.0,Hyannis,US HYA,United States,41.65,-70.283333
23780.0,Drammen,NO DRM,Norway,59.733333,10.25
23820.0,Drobak,NO DRK,Norway,59.660555556,10.625
23905.0,Bovallstrand,SE BLD,Sweden,58.483333,11.333333
24010.0,Marstrand,SE MSD,Sweden,57.883888889,11.588333333
24100.0,Hoganas,SE HOG,Sweden,56.196666667,12.544722222
25190.0,Norrkoping,SE NRK,Sweden,58.583333,16.2
25360.0,Gustavsberg,SE GUB,Sweden,59.316667,18.383333
25460.0,Hallstavik,SE HAK,Sweden,60.05,18.583333
25780.0,Hudiksvall,SE HUV,Sweden,61.733333,17.116667
26430.0,Bollstabruk,SE BOL,Sweden,63.0,17.7
26710.0,Kopmanholmen,SE KMH,Sweden,63.166667,18.583333
26810.0,Nordmaling,SE NOG,Sweden,63.566667,19.483333
26880.0,Obbola,SE OBB,Sweden,63.7,20.333333
26990.0,Gumbodahamn, ,Sweden,64.233333,21.1
27090.0,Kagehamn, ,Sweden,64.833333,21.033333
28955.0,Kappeln,DE KAP,Germany,54.666667,9.933333
29120.0,Hasle,DK HSL,Denmark,55.183333,14.7
29220.0,Koge,DK KOG,Denmark,55.45,12.2
29390.0,Hundested Havn,DK HUN,Denmark,55.966667,11.85
29520.0,Korsor,DK KRR,Denmark,55.333333,11.133333
29555.0,Naestved,DK NVD,Denmark,55.233333,11.75
29630.0,Nykobing,DK NYF,Denmark,54.766667,11.866667
29700.0,Nakskov,DK NAK,Denmark,54.833333,11.133333
29870.0,Kerteminde,DK KTD,Denmark,55.45,10.666667
29940.0,Faborg,DK FAA,Denmark,55.1,10.25
30120.0,Haderslev,DK HAD,Denmark,55.25,9.5
30170.0,Fredericia,DK FRC,Denmark,55.566667,9.766667
30640.0,Esbjerg,DK EBJ,Denmark,55.466667,8.45
30695.0,Busum,DE BUM,Germany,54.133333,8.866667
30850.0,Brake,DE BKE,Germany,53.333333,8.483333
30860.0,Elsfleth,DE ELS,Germany,53.233333,8.466667
30960.0,Leer,DE LEE,Germany,53.233333,7.45
31020.0,Den Helder,NL DHR,Netherlands,52.966667,4.783333
31215.0,Hansweert,NL HAN,Netherlands,51.45,4.0
31320.0,Nieuwpoort,BE NIE,Belgium,51.133333,2.75
31390.0,Chatham Docks,GB CTM,United Kingdom,51.4,0.55
31506.0,Colchester,GB COL,United Kingdom,51.883333,0.916667
31665.0,Howdendyke,GB HDD,United Kingdom,53.733333,-0.883333
31740.0,Hartlepool,GB HTP,United Kingdom,54.7,-1.183333
31880.0,Eyemouth,GB EYM,United Kingdom,55.866667,-2.083333
31890.0,Dunbar,GB DBR,United Kingdom,56.0,-2.516667
32420.0,Kettletoft,GB KET,United Kingdom,59.233333,-2.6
32440.0,Kirkwall,GB KWL,United Kingdom,58.983333,-2.966667
32490.0,Lyness,GB LYS,United Kingdom,58.833333,-3.2
32850.0,Gairloch,GB GAR,United Kingdom,57.716667,-5.683333
32900.0,Kyle Of Lochalsh,GB KYL,United Kingdom,57.283333,-5.716667
32910.0,Kyleakin,GB KYN,United Kingdom,57.266667,-5.733333
43562.0,Medgidia,RO MED,Romania,44.25,28.266667
40790.0,Monfalcone,IT MNF,Italy,45.783333,13.55
43430.0,Defterdar Burnu, ,Turkey,41.05,29.033333
43500.0,Burgas,BG BOJ,Bulgaria,42.483333,27.483333
43558.0,Basarabi,RO BAB,Romania,44.166667,28.433333
43565.0,Danube-Black Sea Canal, ,Romania,44.266667,28.183333
43568.0,Midia,RO MID,Romania,44.35,28.666667
58620.0,Masbate,PH MBT,Philippines,12.366667,123.616667
59985.0,Jiangyin,CN JGY,China,31.916667,120.233333
59986.0,Changzhou,CN CZX,China,31.966667,119.983333
59987.0,Gaogang,CN GAO,China,32.283333,119.85
60450.0,Hungnam,KP HGM,North Korea,39.833333,127.616667
60480.0,Kimch'aek,KP SON,North Korea,40.666667,129.2
60510.0,Najin,KP RJN,North Korea,42.233333,130.3
61040.0,Aleksandrovsk -Sakhalinskiy,RU SAK,Russia,50.9,142.133333
61110.0,Mombetsu Ko, ,Japan,44.35,143.35
14110.0,Bahia Agua Fresca, ,Chile,-53.383333,-70.966667
14140.0,Bahia Harris, ,Chile,-53.85,-70.45
60290.0,Kyomip'o,KP SGN,North Korea,38.733333,125.616667
18441.0,Duncan Bay,CA DCN,Canada,50.066667,-125.283333
23220.0,Strandvik, ,Norway,60.158611111,5.677777778
57840.0,Hong Kong,HK HKG,Hong Kong,22.266667,114.2
57810.0,Macau,MO MFM,Macau,22.183333,113.566667
28400.0,Kronshtadt,RU KDT,Russia,59.983333,29.783333
28190.0,Helsinki,FI HEL,Finland,60.166667,24.966667
57859.0,Huizhou,CN HUI,China,22.716667,114.516667
57862.0,Chaozhou,CN COZ,China,23.616667,117.083333
60720.0,Bukhta Gaydamak, ,Russia,42.866667,132.683333
35020.0,Bird Port,GB BPT,United Kingdom,51.566667,-2.966667
35015.0,Newport,GB NPT,United Kingdom,51.55,-2.983333
28140.0,Hanko,FI HKO,Finland,59.816667,22.95
60060.0,Hankow,CN HNK,China,30.583333,114.283333
60000.0,Nanjing,CN NJI,China,32.083333,118.75
60030.0,Ankingcheng, ,China,30.516667,117.033333
45163.0,El Maadiya,EG EMD,Egypt,31.266667,30.15
57953.0,Mailiao,TW MLI,Taiwan,23.783333,120.166667
14060.0,Grytviken,GS GRV,South Georgia and South Sandwich Islands,-54.266667,-36.5
27920.0,Mariehamn,FI MHQ,Finland,60.1,19.916667
18570.0,Crofton,CA CRO,Canada,48.866667,-123.633333
8170.0,Ocean City,US OCE,United States,38.333333,-75.08333299999998
7510.0,Norwich,US NOC,United States,41.516667,-72.08333299999998
7490.0,Mystic,US MYC,United States,41.35,-71.966667
7480.0,Noank,US NK3,United States,41.316667,-71.983333
7450.0,Montauk Harbor,US MTP,United States,41.066667,-71.933333
62950.0,Murmansk,RU MMK,Russia,68.983333,33.05
62800.0,Arkhangels'k,RU ARH,Russia,64.529722222,40.521666667
62730.0,Igarka,RU IAA,Russia,67.458333333,86.588888889
3480.0,Fairport,US FPT,United States,41.766667,-81.29999999999998
80.0,Hafnarfjordur,IS HAF,Iceland,64.066667,-21.95
190.0,Isafjordur,IS ISA,Iceland,66.066667,-23.116667
160.0,Bildudalur,IS BIL,Iceland,65.683333,-23.6
61270.0,Aomori Ko,JP AOJ,Japan,40.833333,140.75
62720.0,Dudinka,RU DUD,Russia,69.4,86.166667
8020.0,Atlantic City,US AIY,United States,39.366667,-74.416667
8120.0,Gloucester,US GLC,United States,42.6,-70.666667
8140.0,Burlington,US BUH,United States,40.083333,-74.866667
185.0,Bolungarvik,IS BOL,Iceland,66.166667,-23.233333
61862.0,Himekawa,JP HMK,Japan,37.033333,137.85
61875.0,Eastern Part Of Niigata-Ko,JP NIH,Japan,38.016667,139.233333
62775.0,Mezen,RU MEZ,Russia,65.833333,44.183333
3350.0,Leamington,CA LMN,Canada,42.033333,-82.59999999999998
62890.0,Kandalaksha,RU KAN,Russia,67.133333,32.416667
62970.0,Mys Abram, ,Russia,68.983333,33.033333
7440.0,Davisville Depot,US DVV,United States,41.616667,-71.4
8000.0,Barnegat,US BG7,United States,39.766667,-74.09999999999998
61277.0,Noshiro Ko,JP NSR,Japan,40.216667,140.0
61232.0,Isikari Wan, ,Japan,43.233333,141.366667
61820.0,Fukui Ko,JP FKJ,Japan,36.183333,136.1
8270.0,Fredericksburg,US FDB,United States,38.3,-77.45
105.0,Grundartangi,IS GRT,Iceland,64.266667,-22.0
61822.0,Kanazawa,JP KNZ,Japan,36.616667,136.6
61867.0,Kashiwazaki,JP KWZ,Japan,37.366667,138.55
62900.0,Bolshaya Piryu Guba, ,Russia,66.673055556,34.361388889
8150.0,Bristol,US UAC,United States,40.1,-74.84999999999998
760.0,Aasiaat,GL JEG,Greenland,68.710833333,-52.868333333
16960.0,Camas,US CMS,United States,45.583333,-122.4
1340.0,Goose Bay,CA GOO,Canada,53.366667,-60.3
56370.0,Kwajalein,MH KWA,Marshall Islands,8.716667,167.733333
19270.0,Klawock,US KLW,United States,55.55,-133.1
70.0,Keflavik,IS KEV,Iceland,64.0,-22.55
18070.0,Blaine,US BWS,United States,49.0,-122.75
810.0,Illulissat (Jakobshavn),GL JAV,Greenland,69.216667,-51.1
19260.0,Craig,US CGA,United States,55.466667,-133.15
21315.0,Olavsvern,NO RMJ,Norway,69.525629248,19.007549286
28496.0,Meeruse,EE MRS,Estonia,59.45087,24.6722
28520.0,Heltermaa,EE HLT,Estonia,58.866684,23.048341
28498.0,Bekkeri,EE BEK,Estonia,59.45454,24.66745
28492.0,Lahesuu,EE LHS,Estonia,59.457056204,24.703002723
28482.0,Miiduranna,EE MDR,Estonia,59.499402,24.816063
19750.0,Latouche, ,United States,60.0505,-147.9042
19785.0,Coal Point, ,United States,59.6014,-151.4111
12760.0,Port De Aracaju,BR AJU,Brazil,-10.916667,-37.05
35990.0,Saint Sampson,GG STS,Guernsey,49.483333,-2.516667
23055.0,Steinkjer,NO STE,Norway,64.01,11.478611111
2200.0,Port De Becancour,CA BEC,Canada,46.4,-72.38333299999998
19860.0,Three Saints Bay, ,United States,57.116667,-153.5
3340.0,Pelee I West Dock, ,Canada,41.766667,-82.683333
32730.0,Sorvagur,FO SRV,Faroe Islands,62.083333,-7.25
19190.0,Union Bay, ,United States,55.766667,-132.216667
44380.0,Rize,TR RIZ,Turkey,41.066667,40.516667
23990.0,Uddevalla,SE UDD,Sweden,58.334722222,11.8775
17440.0,Port Orchard,US PXO,United States,47.533333,-122.633333
840.0,Qeqertarsuaq,GL JGO,Greenland,69.233333,-53.533333
20370.0,Unalakleet,US UNK,United States,63.883333,-160.783333
31140.0,Rotterdam,NL RTM,Netherlands,51.9,4.483333
34950.0,Swansea,GB SWA,United Kingdom,51.616667,-3.95
20425.0,Shishmaref,US SHH,United States,66.25,-166.083333
3610.0,Rouge River, ,United States,42.283333,-83.116667
1040.0,Pangnirtung,CA PNT,Canada,66.133333,-65.75
17120.0,Port Angeles,US CLM,United States,48.116667,-123.433333
26730.0,Ornskoldsvik,SE OER,Sweden,63.283333,18.716667
23139.0,Stura,NO STU,Norway,60.622222222,4.863333333
20700.0,Vardo,NO VAO,Norway,70.376944444,31.105555556
2430.0,Papineauville,CA PPV,Canada,45.616667,-75.016667
26290.0,Utansjo,SE UTA,Sweden,62.766667,17.933333
18850.0,Sointula, ,Canada,50.633333,-127.016667
27870.0,Signilskar, ,Finland,60.2,19.333333
35370.0,Plymouth,GB PLY,United Kingdom,50.366667,-4.15
19140.0,Ward Cove,US WDC,United States,55.4,-131.733333
30630.0,Ringkobing,DK RKG,Denmark,56.083333,8.25
23720.0,Tonsberg,NO TON,Norway,59.262222222,10.41
31760.0,Sunderland,GB SUN,United Kingdom,54.916667,-1.366667
19390.0,Port Conclusion, ,United States,56.25,-134.683333
6575.0,Port Bayside Nb,CA BST,Canada,45.15,-67.133333
16950.0,Vancouver,US VAN,United States,45.633333,-122.683333
44090.0,Yeysk,RU YEY,Russia,46.733333,38.266667
12750.0,Porto De Maceio,BR MCZ,Brazil,-9.666667,-35.733333
27400.0,Tornio,FI TOR,Finland,65.766667,24.166667
27780.0,Rauma,FI RAU,Finland,61.125,21.446111111
19840.0,Port Hobron, ,United States,57.166667,-153.166667
14250.0,Puerto Quemchi,CL QMC,Chile,-42.15,-73.483333
7270.0,Scituate,US SCU,United States,42.2,-70.716667
13790.0,Quequen,AR QQN,Argentina,-38.583333,-58.7
8510.0,Port Royal,US PRJ,United States,32.366667,-80.683333
20060.0,Unga, ,United States,55.183333,-160.5
27520.0,Oulu,FI OUL,Finland,65.016667,25.4
35715.0,Ramsgate,GB RMG,United Kingdom,51.333333,1.416667
4000.0,Port Severn, ,Canada,44.8,-79.716667
19030.0,Port Clements,CA PCS,Canada,53.683333,-132.183333
2980.0,Oshawa,CA OSH,Canada,43.866667,-78.81666699999998
20690.0,Vadso,NO VDS,Norway,70.072222222,29.741388889
35600.0,Portsmouth Harbour,"GB ME""""",United Kingdom,50.8,-1.1
18942.0,Porpoise Harbor, ,Canada,54.216667,-130.283333
3330.0,Pelee I North Wharf,CA DLM,Canada,41.816667,-82.666667
20220.0,Pilot Point,US PIP,United States,57.566667,-157.6
32950.0,Uig,GB UIG,United Kingdom,57.583333,-6.35
3700.0,Sarnia,CA SNI,Canada,42.983333,-82.416667
33020.0,Stornoway Harbor,GB STO,United Kingdom,58.183333,-6.366667
2970.0,Port Hope,CA OPE,Canada,43.933333,-78.283333
2150.0,Riviere Du Loup,CA RDL,Canada,47.833333,-69.516667
19400.0,Port Alexander,US PTD,United States,56.25,-134.65
34610.0,Workington,GB WOR,United Kingdom,54.566667,-3.633333
32360.0,Portmahomack Harbor,GB PMK,United Kingdom,57.833333,-3.833333
26180.0,Soraker,SE SOR,Sweden,62.5,17.5
18090.0,Steveston,CA SVN,Canada,49.133333,-123.183333
34980.0,Port Talbot,GB PTB,United Kingdom,51.583333,-3.816667
21820.0,Reine,NO REI,Norway,67.938611111,13.101666667
12600.0,Tutoia,BR TUT,Brazil,-2.783333,-42.283333
19585.0,Port Chilkoot, ,United States,59.233333,-135.433333
28605.0,Salacgriva,LV SAL,Latvia,57.7,24.366667
44490.0,Zonguldak,TR ZON,Turkey,41.466667,31.816667
32590.0,Scalloway,GB SWY,United Kingdom,60.133333,-1.283333
20420.0,Savoonga,US SVA,United States,63.683333,-170.4
4480.0,Rockport, ,United States,45.2,-83.38333299999998
610.0,Paamuit (Frederikshab),GL JFR,Greenland,62.0,-49.666667
3980.0,Waubaushene, ,Canada,44.766667,-79.716667
19380.0,Port Armstrong,US PTL,United States,56.3,-134.666667
19230.0,Rose Inlet, ,United States,54.95,-132.966667
30910.0,Wilhelmshaven,DE WVN,Germany,53.533333,8.166667
23195.0,Tranneset, ,Norway,60.416667,5.016667
20210.0,Port Heiden,US PTH,United States,56.883333,-158.7
25380.0,Stockholm,SE STO,Sweden,59.333333,18.05
19730.0,Port Ashton, ,United States,60.066667,-148.05
43572.0,Tulcea,RO TCE,Romania,45.166667,28.816667
20175.0,Skoot Cove, ,United States,52.716667,174.066667
32430.0,Whitehall,GB WHL,United Kingdom,59.133333,-2.6
4290.0,Sault Ste Marie,CA SSM,Canada,46.516667,-84.34999999999998
19490.0,Todd, ,United States,57.466667,-135.05
6220.0,Sonora, ,Canada,45.066667,-61.916667
44070.0,Rostov-Na-Donu,RU RND,Russia,47.166667,39.716667
5170.0,Quebec Harbour, ,Canada,47.7,-85.79999999999998
2300.0,Vaudreuil,CA DON,Canada,45.4,-74.033333
8390.0,Washington,US KJH,United States,35.55,-77.04999999999998
20230.0,Ugashik,US UGS,United States,57.533333,-157.416667
5620.0,Shippegan,CA SHP,Canada,47.75,-64.7
19620.0,Yakutat,US YAK,United States,59.55,-139.733333
3095.0,St Catherine,CA SC4,Canada,43.183333,-79.283333
21970.0,Ulvik,NO UVK,Norway,68.560833333,16.233888889
43835.0,Sudak, ,Ukraine,44.85,34.983333
9270.0,Port Lavaca,US PLV,United States,28.616667,-96.616667
23040.0,Rorvik,NO RVK,Norway,64.864722222,11.251944444
35630.0,Shoreham Harbour,GB SHO,United Kingdom,50.816667,-0.25
16980.0,The Dalles,US DLS,United States,45.6,-121.183333
3580.0,Trenton,US XNG,United States,42.133333,-83.166667
4030.0,Parry Sound,CA PRS,Canada,45.333333,-80.033333
33880.0,Rathmullan,IE RAT,Ireland,55.1,-7.533333
44060.0,Taganrog,RU TAG,Russia,47.2,38.95
25700.0,Sandarne,SE SAE,Sweden,61.266667,17.183333
24000.0,Stenungsund,SE STE,Sweden,58.079722222,11.8
31980.0,Rosyth,GB ROY,United Kingdom,56.016667,-3.433333
18980.0,Stewart,CA STW,Canada,55.933333,-130.0
32470.0,St Margarets Hope,GB SGP,United Kingdom,58.833333,-2.95
19760.0,Seward,US SWD,United States,60.1,-149.433333
3270.0,Port Dover,CA PDV,Canada,42.783333,-80.2
19320.0,Washington Bay,US HQJ,United States,56.733333,-134.35
17020.0,Raymond,US ACC,United States,46.683333,-123.733333
3260.0,Port Maitland,CAPTM,Canada,42.85,-79.58333299999998
20130.0,Unalaska,US UAA,United States,53.866667,-166.533333
28870.0,Wismar,DE WIS,Germany,53.9,11.466667
21510.0,Sjovegan,NO SJV,Norway,68.873611111,17.828611111
2940.0,Trenton,CA TTC,Canada,44.1,-77.56666699999998
5290.0,Presque Isle,US PSS,United States,46.566667,-87.38333299999998
7280.0,Plymouth,US PYM,United States,41.95,-70.666667
12335.0,Puerto Ordaz,VE PZO,Venezuela,8.35,-62.716667
3092.0,Thorold,CA THD,Canada,43.083333,-79.716667
23118.0,Orstav,NO ORS,Norway,62.196111111,6.114444444
35410.0,Torquay Harbour,GB TOR,United Kingdom,50.466667,-3.533333
2880.0,Picton,CA PIC,Canada,44.016667,-77.13333299999998
19210.0,Wrangell,US WRG,United States,56.466667,-132.383333
24260.0,Ystad,SE YST,Sweden,55.418333333,13.818055556
21910.0,Skrova Havn,NO SRO,Norway,68.165833333,14.664166667
30970.0,Papenburg,DE PAP,Germany,53.1,7.383333
43750.0,Yevpatoriya,UA ZKA,Ukraine,45.2,33.383333
26890.0,Umea Hamn,SE UME,Sweden,63.7,20.35
14270.0,Puerto Montt,CL PMC,Chile,-41.483333,-72.966667
38270.0,Sevilla,ES SVQ,Spain,37.366667,-6.0
27535.0,Veitsiluoto,FI VEI,Finland,65.7,24.616667
3110.0,Queenston,CA QNS,Canada,43.166667,-79.06666699999998
16810.0,Waldport, ,United States,44.433333,-124.066667
22750.0,Sandnessjoen,NO SSJ,Norway,66.026388889,12.629444444
1810.0,Stephenville,CA STV,Canada,48.533333,-58.533333
16790.0,Winchester Bay, ,United States,43.683333,-124.183333
31120.0,Vlaardingen,NL VLA,Netherlands,51.9,4.35
20470.0,Wainwright,US AIN,United States,70.65,-160.0
27530.0,Raahe,FI RAA,Finland,64.683333,24.416667
24635.0,Stora Jatterson,SE JAT,Sweden,57.1,16.566667
31130.0,Schiedam,NL SCI,Netherlands,51.9,4.4
5770.0,Summerside,CA SUM,Canada,46.4,-63.783333
29580.0,Stubbekobing,DK SBK,Denmark,54.883333,12.05
3420.0,Tonawanda,US UZF,United States,43.033333,-78.88333299999998
44420.0,Ordu,TR ORD,Turkey,41.0,37.883333
19650.0,Shepard Point, ,United States,60.633333,-145.666667
2030.0,Rimouski,CA RIM,Canada,48.45,-68.516667
32230.0,Peterhead,GB PHD,United Kingdom,57.5,-1.783333
19870.0,Trap Point, ,United States,57.0,-154.15
37150.0,Pauillac,FR PAP,France,45.2,-0.75
23046.0,Salsbruket,NO SBU,Norway,64.797777778,11.860277778
29710.0,Rodby Havn,DK ROF,Denmark,54.65,11.35
13080.0,Porto Alegre,BR POA,Brazil,-30.033333,-51.233333
32890.0,Plockton,GB PLO,United Kingdom,57.333333,-5.65
3390.0,Windsor,CA WND,Canada,42.316667,-83.033333
44460.0,Sinop,TR SIC,Turkey,42.05,35.166667
27650.0,Vaasa,FI VAA,Finland,63.1,21.583333
28820.0,Swinoujscie,PL SWI,Poland,53.916667,14.266667
3890.0,Thornbury,CA TBY,Canada,44.566667,-80.45
28840.0,Sassnitz,DE SAS,Germany,54.516667,13.65
23090.0,Trondheim,NO TRD,Norway,63.448333333,10.401666667
27250.0,Torehamn,SE TOE,Sweden,65.9,22.65
13950.0,Puerto Santa Cruz,AR RZA,Argentina,-50.016667,-68.516667
19050.0,Queen Charlotte,CA QCH,Canada,53.25,-132.083333
24940.0,Storugns,SE SUS,Sweden,57.833333,18.8
28912.0,Orth,DE ORT,Germany,54.45,11.05
1035.0,Padloping Island, ,Canada,67.033333,-62.733333
510.0,Vestmannaeyjar,IS VES,Iceland,63.433333,-20.283333
31430.0,Tilbury,GB TIL,United Kingdom,51.466667,0.333333
19920.0,Port Obrien, ,United States,57.733333,-153.316667
3930.0,Penetanguishene,CA PTH,Canada,44.766667,-79.933333
17320.0,Winslow, ,United States,47.616667,-122.516667
18705.0,Port San Juan, ,Canada,48.55,-124.433333
5440.0,Port Wing, ,United States,46.783333,-91.383333
25370.0,Sandhamn, ,Sweden,59.283333,18.916667
19440.0,Pelican,US PEC,United States,57.966667,-136.233333
13000.0,Sao Francisco,BR SFS,Brazil,-26.25,-48.633333
23105.0,Sunndalsora,NO SUN,Norway,62.683333,8.55
17940.0,Roche  Harbor,US RCE,United States,48.616667,-123.166667
18660.0,Sidney,CA SDY,Canada,48.65,-123.383333
17040.0,Westhaven Cove,US WSZ,United States,46.916667,-124.116667
4850.0,Racine,US RAC,United States,42.733333,-87.783333
29830.0,Svendborg,DK SVE,Denmark,55.066667,10.616667
32460.0,South Ness, ,United Kingdom,58.8,-3.2
43790.0,Yalta,UA YAL,Ukraine,44.483333,34.166667
23736.0,Slagenstangen,NOSEG,Norway,59.327777778,10.519444444
23480.0,Stavanger,NO SVG,Norway,58.966667,5.75
5400.0,Washburn,US WZU,United States,46.666667,-90.883333
23470.0,Sandnes,NO SAS,Norway,58.873333333,5.752777778
1958.0,Port Cartier,CAPCA,Canada,50.033333,-66.783333
25280.0,Oxelosund,SE OXE,Sweden,58.666667,17.116667
32820.0,Ullapool,GB ULL,United Kingdom,57.9,-5.15
3530.0,Sandusky,US SKY,United States,41.45,-82.716667
31690.0,Scarborough,GB SCA,United Kingdom,54.283333,-0.4
33030.0,Tarbert,GB TAR,United Kingdom,57.9,-6.816667
1820.0,St George's, ,Canada,48.45,-58.45
32930.0,Portree Harbor,GB PRT,United Kingdom,57.416667,-6.2
13170.0,Paysandu,UY PDU,Uruguay,-32.316667,-58.066667
4500.0,Rogers City,US RCY,United States,45.45,-83.81666699999998
2990.0,Port Whitby,CA WHI,Canada,43.85,-78.933333
34590.0,Silloth,GB SIL,United Kingdom,54.866667,-3.4
23630.0,Risor,NO RIS,Norway,58.721944444,9.245277778
19410.0,Sitka,US SIT,United States,57.05,-135.333333
18805.0,Tahsis,CA PTA,Canada,49.916667,-126.666667
33280.0,Port Ellen,GB PLN,United Kingdom,55.633333,-6.2
36000.0,Saint Peter Port,GG SPT,Guernsey,49.45,-2.533333
8320.0,Richmond,US RIC,United States,37.533333,-77.416667
4350.0,Port Huron,US PHN,United States,43.0,-82.433333
17730.0,Seattle,US SEA,United States,47.6,-122.333333
34196.0,Valentia, ,Ireland,51.933333,-10.3
35450.0,Portland Harbour,GB PRH,United Kingdom,50.583333,-2.433333
4430.0,Tawas City,US TWY,United States,44.266667,-83.5
43747.0,Ust-Dunaisk,UA UDY,Ukraine,45.466667,29.7
19780.0,Seldovia,US SOV,United States,59.433333,-151.733333
7260.0,Quincy,US MQI,United States,42.25,-70.966667
25320.0,Sodertalje,SE SOE,Sweden,59.183333,17.65
3950.0,Tiffin, ,Canada,44.75,-79.84999999999998
27790.0,Uusikaupunki,FI UKI,Finland,60.8,21.4
24310.0,Solvesborg,SE SOL,Sweden,56.045555556,14.586388889
7290.0,Provincetown,US PVC,United States,42.05,-70.183333
27330.0,Sandvik,SE SAK,Sweden,65.733333,23.766667
4720.0,Saugatuck, ,United States,42.666667,-86.2
32720.0,Vestmanna,FO VES,Faroe Islands,62.15,-7.166667
26280.0,Ulvvik, ,Sweden,62.666667,17.866667
44603.0,Yarimca,TR YAR,Turkey,40.8,29.7
32500.0,Scapa Bay,GB SCF,United Kingdom,58.95,-2.983333
31600.0,Wisbech,GB WIS,United Kingdom,52.666667,0.15
23710.0,Sandefjorden,NOSAD,Norway,59.100555556,10.233055556
23730.0,Valloy,NO VAL,Norway,59.258055556,10.49
9260.0,Palacios,US PSX,United States,28.683333,-96.216667
5470.0,Two Harbors,US THB,United States,47.016667,-91.65
17030.0,Willapa Harbor,US WIH,United States,46.683333,-123.75
24440.0,Ronneby,SE RNB,Sweden,56.172777778,15.301388889
28300.0,Vyborg,RU VYG,Russia,60.716667,28.75
19639.0,Orca,US OSZ,United States,60.583333,-145.716667
400.0,Seydhisfjordhur,IS SEY,Iceland,65.266667,-14.0
5800.0,Pictou,CA PTO,Canada,45.666667,-62.716667
3540.0,Port Clinton,US PCN,United States,41.516667,-82.933333
35250.0,Penzance,GB PEN,United Kingdom,50.116667,-5.533333
35690.0,Rye Harbour,GB RU7,United Kingdom,50.933333,0.766667
25800.0,Stocka,SE STA,Sweden,61.9,17.35
30440.0,Skagen Havn,DK SKA,Denmark,57.716667,10.6
33060.0,Ornsay, ,United Kingdom,57.15,-5.8
19470.0,Tenakee Springs,US TKE,United States,57.783333,-135.2
33140.0,Tobermory,GB TOB,United Kingdom,56.616667,-6.066667
21690.0,Stokkmarknes,NO SKN,Norway,68.566667,14.916667
32180.0,Perth,GB PER,United Kingdom,56.4,-3.45
27755.0,Tahkoluoto,FI THK,Finland,61.633333,21.4
16710.0,Port Orford,US PO2,United States,42.733333,-124.5
22160.0,Tranoy,NO TRY,Norway,68.180833333,15.673611111
7200.0,Rockport,US JRT,United States,42.666667,-70.616667
29905.0,Skaerbaek,DK SKB,Denmark,55.516667,9.616667
32450.0,Stromness,GB SNS,United Kingdom,58.966667,-3.3
17550.0,Quartermaster Harbor, ,United States,47.383333,-122.466667
18330.0,Westview, ,Canada,49.834166667,-124.531944444
20190.0,Village Cove, ,United States,57.133333,-170.266667
7350.0,Vineyard Haven,US VYH,United States,41.45,-70.6
4880.0,Sheboygan,US SBM,United States,43.75,-87.7
2340.0,St Andrews East,CA SAE,Canada,45.566667,-74.33333299999998
17700.0,Tacoma,US TIW,United States,47.283333,-122.416667
33550.0,Troon,GB TRN,United Kingdom,55.55,-4.683333
17900.0,Richardson, ,United States,48.45,-122.9
25720.0,Soderhamn,SE SOO,Sweden,61.3,17.083333
3000.0,Toronto,CA TOR,Canada,43.616667,-79.38333299999998
34150.0,Tarbert,IE TAR,Ireland,52.583333,-9.366667
16730.0,Prosper,US QPX,United States,43.15,-124.366667
24030.0,Varberg,SE VAG,Sweden,57.108888889,12.2325
28750.0,Police,PL PLC,Poland,53.566667,14.566667
23620.0,Tvedestrand,NO TVE,Norway,58.611666667,8.9425
3510.0,Vermilion,US VE9,United States,41.433333,-82.366667
26420.0,Vaja,SE VAJ,Sweden,62.983333,17.716667
16880.0,Westport,US WSZ,United States,46.133333,-123.383333
28828.0,Wolgast,DE WOL,Germany,54.05,13.783333
35415.0,Teignmouth Harbour,GB TNM,United Kingdom,50.55,-3.5
17160.0,Port Townsend,US TWD,United States,48.116667,-122.75
31210.0,Vlissingen,NL VLI,Netherlands,51.45,3.6
20390.0,Solomon,US SOL,United States,64.55,-164.4
18760.0,Ucluelet,CA UCL,Canada,48.95,-125.55
790.0,Qasigiannguit-Christianshab,GL JCH,Greenland,68.816667,-51.183333
32380.0,Wick,GB WIC,United Kingdom,58.433333,-3.083333
16840.0,Warrenton,US WTO,United States,46.166667,-123.916667
35170.0,Padstow,GB PAD,United Kingdom,50.55,-4.933333
23140.0,Vaksdal,NO VAK,Norway,60.478333333,5.732777778
4460.0,Oscoda,US OSC,United States,44.416667,-83.31666699999998
43510.0,Varna,BG VAR,Bulgaria,43.183333,27.966667
23810.0,Oslo,NO OSL,Norway,59.898055556,10.745555556
32680.0,Tvoroyri,FO TVO,Faroe Islands,61.55,-6.8
4220.0,Thessalon,CA THS,Canada,46.25,-83.56666699999998
13250.0,Puerto De Asuncion,PY ASU,Paraguay,-25.266667,-57.683333
43655.0,Yuzhnyy,UA YZE,Ukraine,46.6,31.016667
23670.0,Porsgrunn,NO POR,Norway,59.147222222,9.653888889
19250.0,Waterfall,US KWF,United States,55.3,-133.233333
24810.0,Ronehamn,SE RNH,Sweden,57.116667,18.5
44140.0,Temryuk,RU TMR,Russia,45.35,37.35
18130.0,Port Coquitlam,CA PTC,Canada,49.233333333,-122.766666667
27850.0,Tolkkinen,FI TOK,Finland,60.033333,25.583333
31360.0,Whitstable,GB WTS,United Kingdom,51.366667,1.033333
30457.0,Thisted,DK TED,Denmark,56.95,8.7
4830.0,Waukegan,US UGN,United States,42.366667,-87.81666699999998
44230.0,Tuapse,RU TUA,Russia,44.1,39.066667
31220.0,Terneuzen,NL TNZ,Netherlands,51.35,3.816667
23460.0,Sauda,NO SAU,Norway,59.636944444,6.341111111
22520.0,Ornes,NO SVI,Norway,66.864722222,13.706944444
31700.0,Whitby,GB WTB,United Kingdom,54.483333,-0.616667
4410.0,Saginaw,US SGM,United States,43.433333,-83.933333
4740.0,St Joseph,US SXX,United States,42.116667,-86.483333
43673.0,Port Oktyabrsk,UA OCT,Ukraine,46.833333,31.933333
20090.0,Sanak, ,United States,54.483333,-162.816667
30285.0,Studstrup,DK SSV,Denmark,56.25,10.35
35790.0,Saint-Valery-Sur-Somme,FR SVS,France,50.183333,1.616667
17410.0,Silverdale,US SIF,United States,47.65,-122.7
2470.0,Rockland,CA ROK,Canada,45.55,-75.29999999999998
20305.0,Platinum,US PTU,United States,59.016667,-161.833333
35210.0,St. Mary's (Scilly Isl.),GB SVZ,United Kingdom,49.916667,-6.316667
6650.0,Wyman, ,United States,44.516667,-67.866667
19900.0,Uyak,US KUY,United States,57.633333,-154.0
16870.0,Tongue Point, ,United States,46.2,-123.75
19770.0,Port Graham,US PGM,United States,59.35,-151.816667
21140.0,Talvik, ,Norway,70.033333333,22.95
32410.0,Pierowall,GB PIE,United Kingdom,59.317777778,-2.988611111
1020.0,Pond Inlet,CA PDI,Canada,72.75,-76.75
29660.0,Sakskobing,DK SAX,Denmark,54.8,11.633333
23525.0,Stusvik, ,Norway,58.004444444,7.034166667
21900.0,Svolvaer,NO SVJ,Norway,68.233333,14.583333
19280.0,Steamboat Bay,US WSB,United States,55.533333,-133.633333
6500.0,Windsor,CA WDR,Canada,45.0,-64.15
17010.0,South Bend,US ACJ,United States,46.666667,-123.783333
20360.0,St. Michael,US SMK,United States,63.483333,-162.033333
43570.0,Sulina,RO SUL,Romania,45.166667,29.666667
14220.0,Puerto Castro,CL WCA,Chile,-42.483333,-73.766667
3710.0,Point Edward,CA PEW,Canada,43.0,-82.416667
4560.0,Sault Ste Marie,US SSM,United States,46.5,-84.34999999999998
2210.0,Trois Rivieres,CA TRR,Canada,46.35,-72.54999999999998
13130.0,Puerto Sauce,UY JLC,Uruguay,-34.433333,-57.45
24950.0,Visby,SE VBY,Sweden,57.633333,18.283333
19740.0,San Juan Cannery,US PJS,United States,60.05,-148.066667
28823.0,Szczecin,PL SZZ,Poland,53.416667,14.55
28848.0,Stralsund,DE STL,Germany,54.316667,13.1
12491.0,Vila Do Conde,BR VDC,Brazil,-1.55,-48.75
29560.0,Vordingborg,DK VOR,Denmark,55.0,11.9
23485.0,Skudeneshavn,NO SKU,Norway,59.143333333,5.258333333
35330.0,Par,GB PAR,United Kingdom,50.35,-4.7
31750.0,Seaham,GB SEA,United Kingdom,54.833333,-1.316667
7360.0,Woods Hole,US WHO,United States,41.516667,-70.666667
542.0,Qutdleq, ,Greenland,61.516667,-42.216667
19830.0,Womens Bay, ,United States,57.716667,-152.516667
8822.0,Southwest Pass,US SW8,United States,28.45,-90.7
28860.0,Rostock,DE RSK,Germany,54.1,12.133333
19950.0,Port Vita, ,United States,58.066667,-153.066667
30060.0,Sonderborg,DK SGD,Denmark,54.916667,9.783333
17230.0,Port Gamble,US PGH,United States,47.85,-122.583333
35460.0,Weymouth Harbour,GB WEY,United Kingdom,50.616667,-2.45
27990.0,Pargas,FI PAR,Finland,60.283333,22.066667
34020.0,Westport,IE WES,Ireland,53.8,-9.533333
32630.0,Sullom Voe,GB SUL,United Kingdom,60.466667,-1.3
29530.0,Skaelskor,DK SSK,Denmark,55.25,11.3
3750.0,Port Elgin,CA PEL,Canada,44.433333,-81.4
18160.0,Port Moody,CA PMO,Canada,49.283333,-122.883333
31050.0,Zaandam,NL ZAA,Netherlands,52.433333,4.833333
31370.0,Sheerness,GB SHS,United Kingdom,51.45,0.75
35560.0,Yarmouth Harbour,GB YMO,United Kingdom,50.7,-1.5
24690.0,Oskarshamn,SE OSK,Sweden,57.266667,16.45
44345.0,Supsa Marine Terminal,GE SPS,Georgia,42.1,41.716667
25910.0,Sundsvall,SE SDL,Sweden,62.383333,17.35
17110.0,Sekiu, ,United States,48.266667,-124.3
43710.0,Skadovs'k,UA SKD,Ukraine,46.1,32.916667
26140.0,Vivstavarv,SE VIV,Sweden,62.483333,17.35
35480.0,Poole Harbour,GB POO,United Kingdom,50.683333,-1.95
24840.0,Slite,SE SLI,Sweden,57.7,18.816667
32676.0,Vagur,FO VAG,Faroe Islands,61.483333,-6.8
4340.0,St Clair,US SCL,United States,42.816667,-82.483333
14650.0,Taltal,CL TTC,Chile,-25.4,-70.483333
20483.0,Prudhoe Bay,US SCC,United States,70.333333,-148.416667
16800.0,Reedsport, ,United States,43.7,-124.1
2330.0,St Placide,CA PLI,Canada,45.533333,-74.2
16890.0,Rainier,US RAI,United States,46.083333,-122.933333
13981.0,Villa Constitucion, ,Argentina,-33.3,-60.333333
20135.0,Palisades Point, ,United States,52.233333,-174.166667
33480.0,Renfrew,GB REN,United Kingdom,55.883333,-4.383333
16940.0,Portland,US PDX,United States,45.516667,-122.666667
1000.0,Pituffik (Thule Air Base),GL THU,Greenland,76.533333,-68.866667
3660.0,Sombra,CA SOM,Canada,42.716667,-82.483333
3590.0,Wyandotte,US WYD,United States,42.2,-83.15
3010.0,Port Credit,CA PCR,Canada,43.55,-79.58333299999998
32702.0,Runavik,FO RVK,Faroe Islands,62.116667,-6.716667
30730.0,Rendsburg,DE REN,Germany,54.3,9.683333
22940.0,Tjotta,NO TJL,Norway,65.821111111,12.433333333
4730.0,South Haven,US SOH,United States,42.4,-86.283333
4870.0,Port Washington,US PWA,United States,43.383333,-87.866667
35950.0,Rade De Cherbourg,FR CER,France,49.65,-1.633333
28770.0,Ustka,PL UST,Poland,54.583333,16.85
19180.0,Yes Bay, ,United States,55.916667,-131.8
29760.0,Rudkobing,DK RKB,Denmark,54.95,10.716667
21670.0,Sortland,NO SLX,Norway,68.696944444,15.421944444
37040.0,Rochefort,FR RCO,France,45.933333,-0.95
4270.0,Richards Landing, ,Canada,46.3,-84.033333
19590.0,Skagway,US SGY,United States,59.45,-135.333333
23823.0,Tofte,NOHUR,Norway,59.544166667,10.570555556
5960.0,Whycocomagh, ,Canada,45.966667,-61.133333
44320.0,Sokhumi,GE ABK,Georgia,42.983333,40.983333
12330.0,Palua,VE PLA,Venezuela,8.366667,-62.683333
23680.0,Skien,NO SKE,Norway,59.199722222,9.603611111
31280.0,Zeebrugge,BE ZEE,Belgium,51.333333,3.2
32780.0,Scrabster Harbor,GB SCR,United Kingdom,58.616667,-3.55
5450.0,Superior,US SUW,United States,46.733333,-92.066667
1750.0,Port De St Pierre,PM FSP,Saint Pierre and Miquelon,46.783333,-56.166667
43925.0,Reni,UA RNI,Ukraine,45.433333,28.3
37050.0,Tonnay Charente,FR TON,France,45.933333,-0.9
31720.0,Teesport,GB TEE,United Kingdom,54.65,-1.133333
33620.0,Ramsey,IM RAM,Isle of Man,54.316667,-4.366667
260.0,Siglufjorhurd,IS SIG,Iceland,66.15,-18.916667
3760.0,Southampton,CA SON,Canada,44.5,-81.38333299999998
19300.0,Petersburg,US PSG,United States,56.816667,-132.95
23835.0,Sarpsborg,NO SPG,Norway,59.266667,11.1
44240.0,Sochi,RU AER,Russia,43.583333,39.733333
3150.0,Sackets Harbor, ,United States,43.95,-76.116667
31765.0,Tynemouth,GB TYM,United Kingdom,55.0,-1.4
3770.0,Tobermory,GBTOB,Canada,45.266667,-81.666667
35580.0,Southampton,GB SOU,United Kingdom,50.9,-1.4
31070.0,Scheveningen,NL SCE,Netherlands,52.1,4.266667
3200.0,Rochester,US ROC,United States,43.266667,-77.59999999999998
20930.0,Sorvaer,NO SVR,Norway,70.627222222,21.964722222
2180.0,Quebec,CA QUE,Canada,46.816667,-71.216667
12980.0,Paranagua,BR PNG,Brazil,-25.5,-48.516667
3960.0,Port Mcnicoll, ,Canada,44.75,-79.79999999999998
33570.0,Stranraer,GB STR,United Kingdom,54.9,-5.033333
6190.0,Stormont,CA SMT,Canada,45.216667,-61.716667
4380.0,Port Hope, ,United States,43.95,-82.7
20040.0,Sand Point,US SDP,United States,55.333333,-160.533333
21870.0,Stamsund,NO SUZ,Norway,68.121111111,13.848888889
4680.0,White Lake,US WEK,United States,43.383333,-86.34999999999998
25060.0,Vastervik,SE VVK,Sweden,57.766667,16.65
17750.0,Point Wells,US OW4,United States,47.783333,-122.4
22350.0,Rognan,NO ROG,Norway,67.108611111,15.397777778
8350.0,Plymouth,US XKN,United States,35.866667,-76.75
23500.0,Rekefjord,NO REK,Norway,58.325833333,6.258333333
30460.0,Thyboron,DK THN,Denmark,56.7,8.216667
18820.0,Port Alice,CA PAC,Canada,50.383333,-127.45
31830.0,Warkworth Harbour,GB WKO,United Kingdom,55.333333,-1.583333
23790.0,Storsteilene, ,Norway,59.816666667,10.6075
8870.0,Port Of Memphis,US MEM,United States,35.066667,-90.166667
35110.0,Watchet Harbor,GB WAT,United Kingdom,51.183333,-3.333333
19670.0,Valdez,US VDZ,United States,61.116667,-146.25
25900.0,Stockvik,SE STK,Sweden,62.333333,17.383333
19990.0,Port William,US PWI,United States,58.483333,-152.583333
2460.0,Thurso,CA URS,Canada,45.6,-75.233333
28715.0,Port Polnochny, ,Poland,54.4,18.716667
17250.0,Poulsbo,US PUL,United States,47.733333,-122.65
30190.0,Vejle,DK VEJ,Denmark,55.716667,9.55
29600.0,Stege,DK STE,Denmark,54.983333,12.283333
23487.0,Tananger,NO TAE,Norway,58.93,5.570833333
3550.0,Put In Bay,US PU2,United States,41.65,-82.81666699999998
57070.0,Yandina,SB XYA,Solomon Islands,-9.083333,159.216667
27190.0,Pitea,SE PIT,Sweden,65.316667,21.483333
44390.0,Trabzon,TR TZX,Turkey,41.016667,39.766667
33370.0,Rothesay Harbor,GB RAY,United Kingdom,55.833333,-5.05
20200.0,Port Moller,US PML,United States,55.983333,-160.566667
16930.0,St Helens,US STH,United States,45.866667,-122.8
19807.0,Snug Harbor, ,United States,60.1,-152.583333
21310.0,Tromso,NO TOS,Norway,69.65,18.966667
35040.0,Sharpness,GB SSS,United Kingdom,51.716667,-2.483333
4900.0,Two Rivers,US TWR,United States,44.15,-87.56666699999998
13860.0,San Blas,AR BSB,Argentina,-40.566667,-62.233333
4130.0,Sheguiandah, ,Canada,45.9,-81.916667
19810.0,Ouzinkie,US KOZ,United States,57.916667,-152.5
43760.0,Sevastopol,UA SVP,Ukraine,44.616667,33.533333
3220.0,Youngstown,US YTW,United States,43.25,-79.04999999999998
36370.0,Port De Roscoff-Bloscon,FR ROS,France,48.733333,-3.983333
33950.0,Sligo,IE SLI,Ireland,54.266667,-8.466667
5880.0,Port Hastings,CA PHA,Canada,45.65,-61.4
23330.0,Sagvag, ,Norway,59.771666667,5.378888889
33470.0,Rothesay Dock, ,United Kingdom,55.9,-4.4
35850.0,Port Of Rouen,FR URO,France,49.45,1.066667
3190.0,Sodus Bay,US SOD,United States,43.266667,-76.983333
24280.0,Simrishamn,SE SIM,Sweden,55.558333333,14.358055556
19589.0,Tanani Point, ,United States,59.283333,-135.45
25050.0,Verkeback,SE VER,Sweden,57.733333,16.533333
18960.0,Port Simpson,CA PSI,Canada,54.566667,-130.433333
3810.0,Wiarton,CA YVV,Canada,44.75,-81.13333299999998
18872.0,Port Mcneill,CA PMA,Canada,50.583333,-127.083333
5490.0,Washington Harbor, ,United States,47.916667,-89.15
100.0,Reykjavik,IS REY,Iceland,64.15,-21.933333
19660.0,Valdez Marine Terminal,US VDZ,United States,61.083333,-146.4
51030.0,Pekalongan,ID PEX,Indonesia,-6.85,109.7
56590.0,Pohnpei Harbor,FM PNI,Federated States of Micronesia,6.983333,158.2
59988.0,Yangzhou,CN YZH,China,32.266667,119.433333
53050.0,Sailolof, ,Indonesia,-1.25,130.75
690.0,Sisimiut,GL JHS,Greenland,66.916667,-53.7
50330.0,Palembang,ID PLM,Indonesia,-2.983333,104.766667
51020.0,Tegal,ID TEG,Indonesia,-6.85,109.133333
51040.0,Semarang,ID SRG,Indonesia,-6.95,110.416667
3320.0,Rondeau,CA ENE,Canada,42.266667,-81.9
7470.0,Stonington,US SGN,United States,41.333333,-71.9
16970.0,Washougal,US W9A,United States,45.583333,-122.35
250.0,Saudarkrokur,IS SAU,Iceland,65.75,-19.666667
8890.0,Tri-City Port, ,United States,38.716667,-90.2
62680.0,Pevek,RU PWE,Russia,69.716667,170.3
55000.0,Whangaroa,NZ WHR,New Zealand,-35.05,173.766667
75.0,Straumsvik,IS STR,Iceland,64.05,-22.05
56530.0,Tinian,MP TIQ,Northern Mariana Islands,14.966667,145.616667
61090.0,Shakotan, ,Russia,43.866667,146.833333
59976.0,Taicang,CN TAC,China,31.65,121.2
57100.0,Tulaghi,SB TLG,Solomon Islands,-9.1,160.15
61353.0,Soma,JP SOM,Japan,37.833333,140.95
56450.0,Tarawa Atoll,KI TRW,Kiribati,1.333333,172.933333
17990.0,Orcas,US XJY,United States,48.6,-122.933333
56290.0,Port Allen,US PAL,United States,21.9,-159.583333
4810.0,Wilmette,US XTT,United States,42.083333,-87.683333
50231.0,Ramba, ,Indonesia,-2.616667,104.133333
52480.0,Teluk Beo, ,Indonesia,4.233333,126.783333
55840.0,Papeete,PF PPT,French Polynesia,-17.533333,-149.583333
28500.0,Vene-Balti,EE VEB,Estonia,59.45696,24.65636
28540.0,Virtsu,EE VIR,Estonia,58.575016,23.510001
28480.0,Vanasadam - Port of Tallinn,EE TLL,Estonia,59.450128,24.766676
62840.0,Rabocheostrovsk, ,Russia,64.991666667,34.795277778
58690.0,Tacloban,PH TAC,Philippines,11.25,125.0
16680.0,Samoa,US IOR,United States,40.816667,-124.183333
56520.0,Saipan,MP SPN,Northern Mariana Islands,15.2,145.683333
61165.0,Tomakomai Ko,JP TMK,Japan,42.633333,141.633333
59820.0,Siasi,PH SSV,Philippines,5.55,120.816667
62810.0,Severodvinsk,RU SEW,Russia,64.577222222,39.773055556
8160.0,Trenton,US TTN,United States,40.2,-74.766667
52660.0,Wahai,ID WBA,Indonesia,-2.783333,129.5
50510.0,Sibolga,ID SLG,Indonesia,1.733333,98.766667
51070.0,Rembang,ID REM,Indonesia,-6.7,111.35
51254.0,Tanjung Benete,ID BEN,Indonesia,-8.9,116.75
57434.0,Tantawan Marine Terminal,TH TTE,Thailand,10.083333,101.416667
51100.0,Tuban,ID TBN,Indonesia,-6.733333,112.15
62894.0,Vitino,RU VIT,Russia,67.083333,32.316667
58695.0,Tanauan,PH TNU,Philippines,11.1,125.016667
19680.0,Whittier,US WQF,United States,60.778333333,-148.694444444
62910.0,Ostrovnoy Gremikha,RU GRH,Russia,68.058333333,39.525555556
28550.0,Parnu,EE PRN,Estonia,58.383351,24.480001
55800.0,Uturoa,PF UTU,French Polynesia,-16.733333,-151.45
60440.0,Wonsan,KP WON,North Korea,39.166667,127.45
48468.0,Sirus Oil Terminal,IR CYT,Iran,29.016667,49.483333
53190.0,Suloga Harbor, ,Papua New Guinea,-9.216667,152.766667
28515.0,Rohukula,EE RHK,Estonia,58.90606,23.423923
56945.0,Queen Carola Harbor, ,Papua New Guinea,-5.166667,154.55
60520.0,Senbong, ,North Korea,42.333333,130.4
51180.0,Probolinggo,ID PRO,Indonesia,-7.716667,113.216667
61890.0,Ryotu Ko,JP RYO,Japan,38.083333,138.566667
50700.0,Pangkalansusu,ID PKN,Indonesia,4.116667,98.216667
62670.0,Tiksi,RU IKS,Russia,71.644444444,128.890555556
170.0,Thingeyri,IS TEY,Iceland,65.883333,-23.483333
8318.0,Warwick, ,United States,37.45,-77.416667
60010.0,Wu Hu, ,China,31.333333,118.366667
59990.0,Zhangjiangang,CN ZJG,China,31.966667,120.4
50971.0,Poleng Oil Field,ID POL,Indonesia,-6.65,112.916667
60870.0,Vitaz Marine Terminal, ,Russia,52.7,143.55
55770.0,Vaitape,PF VAI,French Polynesia,-16.5,-151.75
55960.0,Port Rikitea, ,French Polynesia,-23.116667,-134.966667
51350.0,Waingapu,ID WGP,Indonesia,-9.633333,120.216667
57230.0,Port Vila,VU VLI,Vanuatu,-17.733333,168.316667
61855.0,Shimminato, ,Japan,36.766667,137.116667
7430.0,Quonset Point,US NCO,United States,41.583333,-71.4
62695.0,Port Dikson,RU DKS,Russia,73.50638888899998,80.50611111099998
58640.0,Port Borongan,PH BGV,Philippines,11.6,125.433333
56323.0,Tern Island, ,United States,23.866667,-166.283333
28490.0,Paljassaare,EE PAS,Estonia,59.459102,24.70564
28425.0,Sillamae,EE SLM,Estonia,59.42612,27.73945
3310.0,Port Stanley,CA PST,Canada,42.666667,-81.2
52940.0,Serui, ,Indonesia,-1.9,136.25
52140.0,Poso,ID PSJ,Indonesia,-1.366667,120.75
50300.0,Sungaigerong,ID SUG,Indonesia,-2.983333,104.833333
17650.0,Shelton,US XSI,United States,47.216667,-123.1
52295.0,Pomalaa,ID PUM,Indonesia,-4.166667,121.6
52870.0,Saumlaki,ID SXK,Indonesia,-7.983333,131.3
50441.0,Pulau Baai, ,Indonesia,-3.916667,102.283333
52560.0,Patani, ,Indonesia,0.366667,128.75
56540.0,Rota,MP ROP,Northern Mariana Islands,14.133333,145.15
18060.0,Semiahmoo, ,United States,48.983333,-122.766667
56240.0,Pukoo, ,United States,21.066667,-156.8
54672.0,Weipa,AU WEI,Australia,-12.666667,141.866667
48130.0,Rabigh,SA RAB,Saudi Arabia,22.733333,38.983333
90.0,Skerjafjordur,IS KJF,Iceland,64.15,-22.016667
59963.0,Zhapu,CN ZPU,China,30.583333,121.083333
52695.0,Salawati,ID SWT,Indonesia,-1.35,130.983333
7641.0,Patchogue,US PCP,United States,40.75,-73.016667
40820.0,Trieste,IT TRS,Italy,45.651,13.746
3060.0,Port Dalhousie,CADHS,Canada,43.216667,-79.266667
34560.0,Greenore,IE GRN,Ireland,54.033333,-6.133333
3360.0,Kingsville,CA KVL,Canada,42.016667,-82.733333
34360.0,Cork,IE ORK,Ireland,51.85,-8.266667
33780.0,Kilroot,GB KLR,United Kingdom,54.733333,-5.716667
3490.0,Cleveland,US CLE,United States,41.5,-81.716667
3560.0,Toledo,US TOL,United States,41.7,-83.466667
61250.0,Rumoi Ko,JP RMI,Japan,43.95,141.633333
6000.0,Sydney,CA SYD,Canada,46.15,-60.2
3570.0,Monroe,US MOI,United States,41.883333,-83.33333299999998
16830.0,Toledo,US TDX,United States,44.616667,-123.933333
33770.0,Belfast,GB BEL,United Kingdom,54.616667,-5.9
33145.0,Kilkeel,GB KLK,United Kingdom,54.05,-5.983333
34480.0,Dublin,IE MTL,Ireland,53.35,-6.25
1957.0,Pointe Noire,CA PNO,Canada,50.166667,-66.483333
33790.0,Larne,GB LAR,United Kingdom,54.85,-5.8
33680.0,Warren Point,GB WPT,United Kingdom,54.1,-6.25
34390.0,New Ross,IE NRS,Ireland,52.383333,-6.95
34025.0,Drogheda,IE DRO,Ireland,53.716667,-6.3
34350.0,Cobh,IE COB,Ireland,51.85,-8.3
34420.0,Rosslare,IE ROE,Ireland,52.25,-6.333333
62640.0,Provideniya,RU PVS,Russia,64.421111111,-173.2275
34400.0,Waterford,IE WAT,Ireland,52.266667,-7.116667
49330.0,Pamban, ,India,9.283333333,79.216666667
27825.0,Uto,FIUTO,Finland,59.783333333,21.366666667
1675.0,Bay Bulls,CABBU,Canada,47.316666667,-52.816666667
1760.0,Miquelon, ,Saint Pierre and Miquelon,47.1,-56.366666667
1714.0,Arnold's Cove, ,Canada,47.764799043,-53.981065504
1712.0,Long Harbour, ,Canada,47.423624109,-53.826773459
1785.0,Grand Bank,CAGRB,Canada,47.1,-55.75
1655.0,Holyrood, ,Canada,47.4,-53.133333333
1470.0,Baie Verte,CA BVE,Canada,49.916666667,-56.2
1420.0,St Anthony,CA SAT,Canada,51.366666667,-55.566666667
1591.0,Carmanville,CA CMV,Canada,49.4,-54.266666667
1090.0,Churchill,CA CHV,Canada,58.783333333,-94.2
1500.0,Springdale,CA SPD,Canada,49.5,-56.066666667
1450.0,Roddickton,CA ROD,Canada,50.866666667,-56.133333333
1560.0,Lewisporte,CA LWP,Canada,49.25,-55.05
1150.0,Deception Bay,CA DEB,Canada,62.15,-74.68333333299998
1260.0,Nain,CA NAI,Canada,56.55,-61.683333333
1540.0,Botwood,CA BWD,Canada,49.133333333,-55.333333333
1570.0,Twillingate,CA TWI,Canada,49.65,-54.766666667
40.0,Thorlakshofn,ISTHH,Iceland,63.85,-21.366666667
230.0,Skagastrond,ISSKA,Iceland,65.816666667,-20.316666667
340.0,Raufarhofn,ISRAU,Iceland,66.45,-15.933333333
465.0,Djupivogur,ISDJU,Iceland,64.666666667,-14.283333333
900.0,Uummannaq,GLUMD,Greenland,70.666666667,-52.116666667
360.0,Vopnafjordur,ISVPN,Iceland,65.75,-14.816666667
350.0,Thorshofn,IS THO,Iceland,66.2,-15.333333333
400.0,Seydisfjordur,ISSEY,Iceland,65.266666667,-14.0
65.0,Grindavik,ISGRI,Iceland,63.833333333,-22.433333333
120.0,Grundarfjordur,ISGRF,Iceland,64.933333333,-23.25
635.0,Faeringehavn,GLFHN,Greenland,63.683333333,-51.516666667
315.0,Grenivik,ISGRE,Iceland,65.95,-18.183333333
540.0,Ammassalik,GLAGM,Greenland,65.616666667,-37.616666667
453.0,Faskrudsfjordur,ISFAS,Iceland,64.916666667,-14.016666667
72.0,Helguvik,ISHEL,Iceland,64.016666667,-22.55
210.0,Hvammstangi,ISHVM,Iceland,65.4,-20.95
680.0,Soendre Stroemfjord,GLSFJ,Greenland,66.95,-50.95
85.0,Kopavogur,ISKOV,Iceland,64.116666667,-21.95
155.0,Patreksfjordur,ISPAT,Iceland,65.6,-24.0
270.0,Olafsfjordur,ISOLF,Iceland,66.066666667,-18.65
125.0,Stykkisholmur,ISSTY,Iceland,65.083333333,-22.733333333
5680.0,Shediac Harbor, ,Canada,46.216666667,-64.533333333
1989.0,Cap des Mechins, ,Canada,49.0,-66.983333333
6290.0,Sheet Harbor, ,Canada,44.9,-62.5
1980.0,Godbout, ,Canada,49.316666667,-67.6
5702.0,Ile du Cap aux Meules, ,Canada,47.383333333,-61.916666667
5542.0,Newport (Canada), ,Canada,48.266666667,-64.75
1888.0,Natashquan, ,Canada,50.083333333,-61.733333333
5942.0,St Anns Harbour, ,Canada,46.283333333,-60.55
5890.0,Port Hood, ,Canada,46.0,-61.55
6401.0,Riverport, ,Canada,44.3,-64.333333333
6390.0,Lunenburg Harbour, ,Canada,44.366666667,-64.3
2100.0,Tadoussac, ,Canada,48.15,-69.716666667
5930.0,Dingwall Harbor, ,Canada,46.9,-60.466666667
5650.0,Richibucto Harbor, ,Canada,46.683333333,-64.866666667
5999.0,Crawley Creek, ,Canada,46.15,-60.223333333
5704.0,Havre de la Grande Entree, ,Canada,47.583333333,-61.583333333
2155.0,La Malbaie, ,Canada,47.633333333,-70.133333333
2145.0,Ile du Gros Cacouna, ,Canada,47.933333333,-69.5
5590.0,Bathurst Harbour, ,Canada,47.633333333,-65.633333333
6420.0,Lockeport Harbor, ,Canada,43.7,-65.116666667
2080.0,Baie des Escoumins, ,Canada,48.35082,-69.389171579
5950.0,Baddeck Harbour, ,Canada,46.1,-60.75
6430.0,Shelburne Harbour, ,Canada,43.75,-65.316666667
2152.0,St Simeon, ,Canada,47.833333333,-69.866666667
5700.0,Havre Aubert, ,Canada,47.233333333,-61.833333333
5780.0,Pugwash Harbour, ,Canada,45.85,-63.666666667
1900.0,Mingan Harbor, ,Canada,50.283333333,-64.016666667
2160.0,Portneuf, ,Canada,46.683333333,-71.883333333
6044.0,Arichat Harbour, ,Canada,45.516666667,-61.016666667
5585.0,Belledune Harbor, ,Canada,47.9,-65.833333333
1910.0,Port Menier, ,Canada,49.816666667,-64.35
2173.0,Pointe des Roches, ,Canada,47.416666667,-70.4
5730.0,Souris Harbour, ,Canada,46.35,-62.25
5540.0,Chandler, ,Canada,48.35,-64.666666667
9540.0,Puerto Morelos,MXPMS,Mexico,20.85,-86.88333333299998
1860.0,Old Ferolle Harbor, ,Canada,51.083333333,-56.883333333
1862.0,St. Barbe Harbor, ,Canada,51.2,-56.766666667
1850.0,Port Saunders, ,Canada,50.65,-57.283333333
1789.0,Great Jervis Harbor, ,Canada,47.65,-56.183333333
1853.0,Hawkes Habor, ,Canada,50.616666667,-57.3
910.0,Marmorilik,GLMML,Greenland,71.133333333,-51.266666667
435.0,Reydarfjordur,ISRFJ,Iceland,65.033333333,-14.1
455.0,Stodhvarfjordur,ISSTD,Iceland,64.833333333,-13.883333333
68.0,Sandgerdi,ISSAN,Iceland,64.033333333,-22.716666667
110.0,Litlisandur,ISLSA,Iceland,64.383333333,-21.45
115.0,Borgarnes,ISBOR,Iceland,64.55,-21.916666667
57857.0,Yantian,CN YTN,China,22.583333,114.266667
57872.0,Zhangzhou,CN ZZU,China,24.683333,118.15
57876.0,Xiuyu,CN XYG,China,25.233333,118.983333
57874.0,Quanzhou,CN QZL,China,24.883333,118.6
28210.0,Porvoo,FISKV,Finland,60.3,25.633333
14000.0,Stanley,FK PSY,Falkland Islands (Islas Malvinas),-51.7,-57.833333
57821.0,Zhuhai,CN ZUH,China,22.233333,113.583333
57777.0,Shekou,CN SHK,China,22.466667,113.866667
28360.0,Primorsk,RU PRI,Russia,60.366667,28.633333
27740.0,Pori,FI POR,Finland,61.483333,21.8
36290.0,Pontrieux,FR POX,France,48.709507583,-3.146202479
28410.0,Ust Luga,RU ULU,Russia,59.666667,28.316667
14150.0,Puerto Yartou, ,Chile,-53.883333,-70.15
59995.0,Zhenjiang,CN ZHE,China,32.216667,119.433333
18670.0,Victoria Harbor,CA VIC,Canada,48.433333,-123.383333
18150.0,Vancouver,CA VAN,Canada,49.283333,-123.116667
18730.0,Port Alberni,CA PAB,Canada,49.233333,-124.816667
45164.0,Abu Qir,EG,Egypt,31.323997974,30.078534364
11670.0,St George's,GD STG,Grenada,12.05,-61.75
28370.0,Sankt-Peterburg,RU LED,Russia,59.933333,30.3
27537.0,Rahja,FI KJO,Finland,64.217777778,23.679722222
20730.0,Mehamnfjorden,NOMEH,Norway,71.041346614,27.835338465
23065.0,Fiborgtangen,NOSKX,Norway,63.717642991,11.14797225
23503.0,Jossingfjord,NOJOS,Norway,58.314907138,6.333204587
22770.0,Nesna,NONSN,Norway,66.200987053,13.010143534
23170.0,Haakonsvern,NO HKS,Norway,60.333164356,5.235305876
27820.0,Turku,FI TKU,Finland,60.45,22.233333
28440.0,Kunda,EE KND,Estonia,59.527775,26.547196
14100.0,Rada Punta Arenas,CL PUQ,Chile,-53.166667,-70.9
45172.0,Sidi Kerir (Kurayr),EG SKT,Egypt,31.056713682,29.670446971
57864.0,Dongshan,CN DSN,China,23.756666667,117.505
29435.0,Kyndbyvaerkets,DK KBY,Denmark,55.816667,11.883333
47820.0,Berbera,SO BBO,Somalia,10.45,45.016667
38495.0,Burriana,ES BRX,Spain,39.883333,-0.05
13020.0,Itajai,BR ITJ,Brazil,-26.916667,-48.633333
45814.0,Nouakchott,MR NKC,Mauritania,18.033333,-16.033333
12857.0,Santa Clara, ,Brazil,-20.883333,-51.366667
9500.0,Campeche,MX CPE,Mexico,19.85,-90.55
45940.0,Monrovia,LR MLW,Liberia,6.316667,-10.816667
30400.0,Alborg,DKAAL,Denmark,57.05,9.933333
30450.0,Hirtshals,DK HIR,Denmark,57.6,9.966667
57657.0,Thanh Hoa,VN THO,Vietnam,10.816667,106.766667
11690.0,Bridgetown,BB BGI,Barbados,13.1,-59.633333
60376.0,Gwangyang Hang,KR KAN,South Korea,34.90846,127.75012
55500.0,Kingston, ,Norfolk Island,-29.066667,167.95
55670.0,Apia,WS APW,Samoa,-13.816667,-171.766667
11640.0,Kingstown,VC KTN,Saint Vincent and the Grenadines (Windward Islands),13.15,-61.233333
60330.0,Kunsan,KR KUV,South Korea,35.983333,126.616667
10160.0,Puerto Padre,CU PPA,Cuba,21.283333,-76.533333
11550.0,Fort De France,MQ FDF,Martinique,14.6,-61.066667
11620.0,Vieux Fort,LC VIF,Saint Lucia,13.716667,-60.966667
10190.0,Vita,CUVIT,Cuba,21.1,-75.966666667
56330.0,Wake Island, ,Wake Island,19.283333,166.616667
11800.0,Caracasbaai,CWCRB,Curacao,12.066667,-68.866667
11781.0,Goto Oil Terminal,BQGOT,Caribbean Netherlands,12.216667,-68.383333
56500.0,Nauru,NR INU,Nauru,-0.533333,166.916667
56550.0,Apra Harbor,GU APR,Guam,13.45,144.616667
62630.0,Nikol Skoye, ,Russia,55.2,165.983333
14860.0,Bahia De Matarani,PEMRI,Peru,-17.0,-72.116667
11930.0,Barranquilla,COBAQ,Colombia,10.966667,-74.766667
11772.0,Galeota Point Terminal,TTGUA,Trinidad and Tobago,10.133333,-60.983333
12260.0,Carupano,VECUP,Venezuela,10.7,-63.25
12270.0,Guiria,VEGUI,Venezuela,10.566667,-62.3
12370.0,Georgetown,GYGEO,Guyana,6.833333,-58.166667
605.0,Gronnedal (Kangilinnguit),GLJGR,Greenland,61.233333,-48.1
12810.0,Port Of Ilheus,BRIOS,Brazil,-14.783333,-39.016667
57415.0,Kirteh Oil Terminal, ,Malaysia,4.566667,103.466667
49794.0,Khanom,TH KHA,Thailand,9.2,99.9
57462.0,Laem Chabang,TH LCH,Thailand,13.083333,100.883333
57575.0,Cat Lai,VN CLI,Vietnam,10.75,106.783333
57439.0,Songkhla Harbor,TH SGK,Thailand,7.216667,100.583333
57461.0,Siam Seaport,TH SBP,Thailand,13.133333,100.883333
57458.0,Si Racha,TH SRI,Thailand,13.166667,100.916667
57572.0,Phu My,VN PHU,Vietnam,10.583333,107.033333
57580.0,Thanh Ho Chi Minh,VN SGN,Vietnam,10.766667,106.716667
57472.0,Petchburi Terminal, ,Thailand,13.166667,100.15
57655.0,Mui Vung Tau,VN VUT,Vietnam,10.316667,107.066667
57745.0,Fang-Cheng,CNFAN,China,21.75,108.35
49792.0,Bang Saphan,TH BSP,Thailand,11.183333,99.6
57610.0,Vinh Cam Ranh,VN BNO,Vietnam,11.883333,109.166667
57680.0,Hai Phong,VN HPH,Vietnam,20.916667,106.683333
57450.0,Bangkok,TH BKK,Thailand,13.75,100.5
57460.0,Si Racha Terminal,TH SRI,Thailand,13.116667,100.883333
57446.0,Sattahip,TH SAT,Thailand,12.616667,100.916667
57640.0,Qui Nhon,VN UIH,Vietnam,13.766667,109.233333
57470.0,Ko Si Chang Terminal,TH KSI,Thailand,13.166667,100.816667
57570.0,Vung Tau,VN VUT,Vietnam,10.35,107.066667
12115.0,El Palito,VEELP,Venezuela,10.483333,-68.116667
59940.0,Ningbo,CNNBO,China,29.883333,121.55
12060.0,Las Piedras,VELSP,Venezuela,11.7,-70.216667
12070.0,Amuay (Bahia De Amuay),VEAMY,Venezuela,11.75,-70.233333
12145.0,Catia La Mar,VECLM,Venezuela,10.6,-67.016667
60130.0,Lianyungang,CNLYG,China,34.733333,119.45
12130.0,Puerto Borburata,VEBOR,Venezuela,10.483333,-67.983333
12100.0,Puerto Chichiriviche,VECHV,Venezuela,10.916667,-68.266667
11782.0,Salina,BRSAA,Caribbean Netherlands,12.083333,-68.283333
59970.0,Shanghai,CNSGH,China,31.216667,121.5
60133.0,Rizhao,CNRZH,China,35.383333,119.566667
60125.0,Lanshan,CNLSN,China,35.08,119.366667
59910.0,Wenzhou,CNWZO,China,28.016667,120.65
60140.0,Qingdao Gang,CN QIN,China,36.033333,120.266667
11400.0,Basseterre,KNBAS,Saint Kitts and Nevis,17.3,-62.716667
11160.0,Bahia De Fajardo,PRFAJ,Puerto Rico,18.333333,-65.633333
11410.0,Charlestown,KNCHA,Saint Kitts and Nevis,17.133333,-62.633333
11205.0,Puerto Yabucoa,PRPYA,Puerto Rico,18.05,-65.833333
11190.0,Playa De Humacao,PRHUC,Puerto Rico,18.166667,-65.75
11390.0,Oranjestad,BQORA,Caribbean Netherlands,17.483333,-62.983333
14895.0,Bahia San Nicolas,PESNX,Peru,-15.25,-75.233333
14840.0,Puerto Ilo,PEILQ,Peru,-17.633333,-71.366667
15000.0,Punta Lobitos (Bahia De Huarmey),PEPLO,Peru,-10.1,-78.166667
14990.0,Puerto Supe,PESUP,Peru,-10.8,-77.75
62635.0,Port Beringovsky,RUBER,Russia,63.063055556,179.3675
50045.0,Kijang,IDKIJ,Indonesia,0.85,104.6
49982.0,Johor,MYJHB,Malaysia,1.433333,103.9
14500.0,Bahia De Valparaiso,CLVAP,Chile,-33.033333,-71.616667
14425.0,Lirquen,CLLQN,Chile,-36.716667,-72.983333
14415.0,Bahia San Vicente,CLSVE,Chile,-36.733333,-73.166667
14340.0,Bahia De Valdivia,CLZAL,Chile,-39.8,-73.25
12585.0,Itaqui,BRIQI,Brazil,-2.566667,-44.366667
12560.0,Manaus,BRMAO,Brazil,-3.133333,-60.016667
12540.0,Itacoatiara,BRIAR,Brazil,-3.15,-58.45
11710.0,Chaguaramas,TTCHA,Trinidad and Tobago,10.683333,-61.65
11760.0,Brighton,TTLAB,Trinidad and Tobago,10.25,-61.633333
50017.0,Jurong Island,SGJUR,Singapore,1.283333,103.733333
50100.0,Dabo,IDDAS,Indonesia,-0.5,104.566667
14400.0,Coronel,CLCNL,Chile,-37.033333,-73.166667
14510.0,Bahia Quintero (Ventanas),CLQTV,Chile,-32.766667,-71.533333
14380.0,Lota,CLLTA,Chile,-37.1,-73.15
14560.0,Bahia Herradura Guayacan,CLGYC,Chile,-29.966667,-71.366667
14610.0,Huasco,CLHSO,Chile,-28.466667,-71.25
9355.0,Altamira,MXATM,Mexico,22.483333,-97.85
11718.0,Anse Tembladora,TTTEM,Trinidad and Tobago,10.683333,-61.583333
12485.0,Porto Santana,BRSTN,Brazil,-0.05,-51.183333
11700.0,Scarborough,TTSCA,Trinidad and Tobago,11.183333,-60.733333
9370.0,Tuxpan,MXTUX,Mexico,20.95,-97.4
11750.0,Point Lisas Industrial Port,TTPTS,Trinidad and Tobago,10.4,-61.5
13660.0,Ramallo,ARRAM,Argentina,-33.483333,-60.016667
14420.0,Talcahuano,CLTAL,Chile,-36.7,-73.09999999999998
14720.0,Tocopilla,CLTOQ,Chile,-22.083333,-70.233333
11725.0,Point Lisas Port,TTPTS,Trinidad and Tobago,10.383333,-61.483333
13640.0,Villa Constitucion,ARVCN,Argentina,-33.233333,-60.333333
12510.0,Santarem,BRSTM,Brazil,-2.416667,-54.716667
14440.0,Penco,CLPEO,Chile,-36.716667,-73.0
13650.0,San Nicolas,ARSNS,Argentina,-33.333333,-60.233333
13690.0,Puerto Ibicuy,ARIBY,Argentina,-33.75,-59.183333
9360.0,Tampico,MXTAM,Mexico,22.216667,-97.866667
13670.0,San Pedro,ARSPD,Argentina,-33.583333,-59.816667
11720.0,Port Of Spain,TTPOS,Trinidad and Tobago,10.65,-61.516667
13700.0,Zarate,ARZAE,Argentina,-34.083333,-59.033333
14330.0,Puerto De Corral,CLCRR,Chile,-39.866667,-73.433333
50030.0,Tanjunguban,IDTAN,Indonesia,1.066667,104.216667
50015.0,Pulau Sebarok,SGSEB,Singapore,1.2,103.8
50060.0,Pulau Sambu,IDPSS,Indonesia,1.166667,103.9
50010.0,Pulau Bukom,SGPUB,Singapore,1.233333,103.766667
50055.0,Sekupang,IDSKP,Indonesia,1.133333,103.916667
50040.0,Tanjungpinang,IDTNJ,Indonesia,0.916667,104.45
55400.0,Bluff Harbor,NZ BLU,New Zealand,-46.6,168.333333
55450.0,Westport,NZ WSZ,New Zealand,-41.75,171.6
13070.0,Pelotas,BRPET,Brazil,-31.783333,-52.333333
13980.0,Ushuaia,ARUSH,Argentina,-54.816667,-68.3
14190.0,Puerto Natales,CLPNT,Chile,-51.716667,-72.56666699999998
13830.0,Puerto Nacional,ARPNL,Argentina,-38.8,-62.283333
13060.0,Rio Grande,BRRIG,Brazil,-32.05,-52.083333
13840.0,Puerto Galvan,ARPGV,Argentina,-38.783333,-62.3
13800.0,Puerto Rosales,ARPRS,Argentina,-38.933333,-62.066667
13820.0,Puerto Ingeniero White,ARINW,Argentina,-38.8,-62.266667
13600.0,Puerto San Martin,ARSMA,Argentina,-32.716667,-60.733333
14075.0,Puerto Williams,CLWPU,Chile,-54.933333,-67.6
13810.0,Puerto Belgrano,ARPBG,Argentina,-38.883333,-62.1
13055.0,Tramandai,BRTRM,Brazil,-29.983333,-50.133333
14197.0,Puerto Chacabuco,CLPCH,Chile,-45.466667,-72.83333299999998
46459.0,Dussafu Terminal, ,Gabon,-4.25,10.816667
43093.0,Kavonisi-Kissamos, ,Greece,35.516667,23.633333
58395.0,Subic Bay,PH SFS,Philippines,14.8,120.266667
58460.0,San Fernando Harbor,PH SFE,Philippines,16.616667,120.316667
58150.0,Tabaco,PH TBC,Philippines,13.366667,123.733333
58130.0,Virac,PH VRC,Philippines,13.583333,124.25
58370.0,Manila,PH MNL,Philippines,14.583333,120.966667
57990.0,Claveria,PH CLV,Philippines,18.616667,121.083333
58390.0,Mariveles,PH MVS,Philippines,14.433333,120.483333
58540.0,Calapan,PH CLP,Philippines,13.416667,121.183333
58170.0,Legazpi Port,PH LGP,Philippines,13.15,123.75
58000.0,Aparri,PH APR,Philippines,18.366667,121.633333
58320.0,Batangas City,PH BTG,Philippines,13.75,121.05
58410.0,Masinloc,PH MSC,Philippines,15.55,119.95
25570.0,Karskar,SE KAS,Sweden,60.683333,17.266667
25760.0,Iggesund,SE IGG,Sweden,61.65,17.083333
27080.0,Skelleftehamn,SE SFT,Sweden,64.683333,21.233333
61140.0,Hanasaki Ko,JP HNK,Japan,43.283333,145.583333
61130.0,Nemuro Ko,JP NEM,Japan,43.333333,145.583333
61205.0,Esasi Ko,JP ESI,Japan,41.866667,140.116667
61180.0,Mori,JP MOR,Japan,42.116667,140.583333
61230.0,Otaru Ko,JP OTR,Japan,43.2,141.016667
61260.0,Wakkanai,JP WKJ,Japan,43.416667,141.683333
27680.0,Kristinestad,FI KRS,Finland,62.283333,21.4
27570.0,Pietarsaari,FI PRS,Finland,63.683333,22.666667
27410.0,Kemi,FI KEM,Finland,65.733333,24.566667
28460.0,Loksa,EE LSA,Estonia,59.583392,25.698938
47460.0,Toliara,MG TLE,Madagascar,-23.366667,43.666667
47510.0,Mananjary,MG MNJ,Madagascar,-21.25,48.333333
47430.0,Morondava,MG MOQ,Madagascar,-20.283333,44.3
57935.0,Tan-Shui,TW TPE,Taiwan,25.183333,121.4
26800.0,Rundvik,SE RUV,Sweden,63.533333,19.45
47500.0,Manakara,MG WVK,Madagascar,-22.116667,48.05
47470.0,Tolanaro,MG TLN,Madagascar,-25.033333,47.0
28220.0,Loviisa,FI LOV,Finland,60.45,26.233333
28185.0,Porkkala,FI POA,Finland,60.083333,24.383333
57955.0,Tai-Chung Kang,TW TXG,Taiwan,24.3,120.5
47540.0,Toamasina,MG TOA,Madagascar,-18.166667,49.416667
47720.0,Port Louis,MU PLU,Mauritius,-20.15,57.5
27280.0,Karlsborg,SE KXV,Sweden,65.8,23.283333
47360.0,Andoany, ,Madagascar,-13.4,48.3
47800.0,Diego Garcia,IO DGA,British Indian Ocean Territory,-7.35,72.466667
57910.0,Hua-Lien Kang,TW HUN,Taiwan,23.983333,121.6
57920.0,Kao-Hsiung,TW KHH,Taiwan,22.616667,120.25
25480.0,Hargshamn,SE HAN,Sweden,60.183333,18.45
25640.0,Vallvik,SE VAL,Sweden,61.183333,17.166667
25550.0,Skutskar,SE SSR,Sweden,60.65,17.4
63130.0,Mcmurdo Station,AQ MCM,Antarctica,-77.84999999999998,166.65
51635.0,Lumut,BN LUM,Brunei,4.716667,114.45
48495.0,Bandar-E Shahid Rejaie,IR BSR,Iran,27.1,56.066667
30290.0,Grenaa Havn,DK GRE,Denmark,56.416667,10.933333
30230.0,Horsens,DK HOR,Denmark,55.866667,9.85
15030.0,Puerto De Chimbote,PECHM,Peru,-9.083333,-78.616667
30330.0,Randers,DK RAN,Denmark,56.466667,10.05
51695.0,Sapangar Bay, ,Malaysia,6.083333,116.116667
51620.0,Muara Harbor,BN MUA,Brunei,5.033333,115.066667
51770.0,Tanjung Arang  (Bunyu),ID BYQ,Indonesia,3.466667,117.833333
12570.0,Iquitos,PEIQT,Peru,-3.75,-73.233333
10770.0,Kingston,JMKIN,Jamaica,17.966667,-76.783333
10660.0,Ocho Rios,JMOCJ,Jamaica,18.416667,-77.116667
10610.0,Montego Bay,JMMBJ,Jamaica,18.466667,-77.933333
10820.0,Jacmel,HTJAK,Haiti,18.233333,-72.533333
11460.0,Basse Terre,GPBBR,Guadeloupe,16.0,-61.733333
10600.0,Lucea,JMLUC,Jamaica,18.45,-78.166667
10620.0,Falmouth,JMFMH,Jamaica,18.483333,-77.65
10860.0,Miragoane,HTMIR,Haiti,18.45,-73.08333299999998
13570.0,Parana,ARPRA,Argentina,-31.716667,-60.533333
9625.0,Santo Tomas De Castilla,GTIZ4,Guatemala,15.7,-88.616667
9620.0,Puerto Barrios,GTPBR,Guatemala,15.733333,-88.59999999999998
11530.0,Portsmouth,DMPOR,Dominica,15.566667,-61.466667
11520.0,Roseau,DMRSU,Dominica,15.3,-61.4
10870.0,Petit Goave,HTPEG,Haiti,18.433333,-72.866667
10773.0,Rocky Point,JMROP,Jamaica,17.816667,-77.15
11450.0,Pointe A Pitre,GPPTP,Guadeloupe,16.233333,-61.533333
10800.0,Savannah La Mar,JMSLM,Jamaica,18.2,-78.13333299999998
10630.0,Rio Bueno,JMRIB,Jamaica,18.466667,-77.466667
10772.0,Port Esquivel,JMPEV,Jamaica,17.883333,-77.13333299999998
10880.0,Port Au Prince,HTPAP,Haiti,18.55,-72.34999999999998
10775.0,Port Kaiser,JMPKS,Jamaica,17.866667,-77.59999999999998
3860.0,Owen Sound,CA OWS,Canada,44.583333,-80.933333
28740.0,Gdynia,PL GDY,Poland,54.533333,18.55
29230.0,Kobenhavn,DK CPH,Denmark,55.7,12.616667
28530.0,Roomassaare,EE RMS,Estonia,58.21504,22.50695
23770.0,Svelvik,NO SVV,Norway,59.620277778,10.411388889
23970.0,Lysekil,SE LYS,Sweden,58.271388889,11.444166667
24120.0,Helsingborg,SE HEL,Sweden,56.035277778,12.687777778
28890.0,Lubeck,DE LBC,Germany,53.883333,10.7
23870.0,Stromstad,SE SMD,Sweden,58.933333,11.166667
28620.0,Ventspils,LV VNT,Latvia,57.4,21.533333
24790.0,Degerhamn,SE DEG,Sweden,56.35,16.416667
54675.0,Gove,AU GOV,Australia,-12.2,136.7
24370.0,Karlshamn,SE KAN,Sweden,56.152777778,14.869166667
28660.0,Klaipeda,LT KLJ,Lithuania,55.716667,21.116667
5210.0,Thunder Bay,CA THU,Canada,48.4,-89.233333
24300.0,Ahus,SE AHU,Sweden,55.9275,14.328055556
25395.0,Vasteras,SE VST,Sweden,59.616667,16.55
29490.0,Kalundborg,DK KAL,Denmark,55.683333,11.1
23700.0,Larvik,NO LAR,Norway,59.038055556,10.031111111
23640.0,Kragero,NO KRA,Norway,58.863611111,9.413055556
29085.0,Nekso,DK NEX,Denmark,55.066667,15.133333
29110.0,Ronne,DK RNN,Denmark,55.1,14.7
29545.0,Stigsnaesvaerkets Havn,DK SIT,Denmark,55.2,11.25
28525.0,Saaremaa sadam,EE SMA,Estonia,58.536129,22.236096
15050.0,Salaverry,PESVY,Peru,-8.233333,-78.983333
28610.0,Riga,LV RIX,Latvia,56.95,24.1
24250.0,Trelleborg,SE TRG,Sweden,55.36,13.150555556
29260.0,Tuborg,DK TUB,Denmark,55.716667,12.583333
9830.0,Almirante,PAPAM,Panama,9.3,-82.4
9840.0,Bocas Del Toro,PABOC,Panama,9.333333,-82.233333
9825.0,Chiriqui Grande,PACHG,Panama,8.95,-82.116667
19610.0,Excursion Inlet,USEXI,United States,58.416667,-135.45
19580.0,Juneau,USJNU,United States,58.3,-134.416667
19530.0,Funter,USFNR,United States,58.25,-134.9
19520.0,Hawk Inlet,USHWI,United States,58.116667,-134.75
19480.0,Chatham,USCYM,United States,57.516667,-134.933333
19460.0,Hoonah,USHNH,United States,58.116667,-135.45
19240.0,Hydaburg,USHYG,United States,55.2,-132.833333
19220.0,Kasaan,USKXA,United States,55.533333,-132.4
19110.0,Metlakatla,USMTM,United States,55.133333,-131.566667
19000.0,Masset Harbor,CAMSS,Canada,54.016667,-132.15
19310.0,Kake,USKAE,United States,56.966667,-133.933333
19550.0,Dupont,USPUP,United States,58.233333,-134.266667
61060.0,Moskal Vo,RU MVO,Russia,53.583333,142.5
19130.0,Ketchikan,USKTN,United States,55.333333,-131.65
19450.0,Elfin Cove,USELV,United States,58.2,-136.35
60990.0,Lesogorsk,RU LES,Russia,49.45,142.133333
19170.0,Loring,USWLR,United States,55.6,-131.633333
19370.0,Big Port Walter,USPWR,United States,56.383333,-134.733333
19375.0,Little Port Walter,USLPW,United States,56.383333,-134.633333
62540.0,Okhotsk Iy Reyd,RU OHO,Russia,59.366667,143.2
60981.0,Shakhtersk,RU SHA,Russia,49.166667,142.066667
60880.0,Poronaysk,RU PRN,Russia,49.216667,143.133333
62550.0,Bukhta Nagayeva (Magadan),RU MAG,Russia,59.566667,150.716667
60980.0,Uglegorsk,RU UGL,Russia,49.083333,142.033333
60820.0,Nikolayevsk Na Amur,RU NIA,Russia,53.133333,140.733333
62600.0,Petropavlovsk,RU PKC,Russia,53.05,158.65
60930.0,Nevelsk,RU NEV,Russia,46.666667,141.866667
60940.0,Kholmsk,RU KHO,Russia,47.05,142.05
60795.0,Sovetskaya Gavan,RU SOG,Russia,48.973611111,140.268055556
60800.0,Bukhta Vanino,RU VNN,Russia,49.083333,140.283333
60920.0,Korsakov,RU KOR,Russia,46.616667,142.766667
54600.0,Port Walcott,AU PWL,Australia,-20.65,117.183333
11900.0,Covenas,CO CVE,Colombia,9.416667,-75.683333
10100.0,Bahai De La Habana,CU HAV,Cuba,23.133333,-82.366667
10090.0,Mariel,CU MAR,Cuba,22.983333,-82.75
10080.0,Cabanas,CU CAB,Cuba,23.0,-82.966667
13710.0,Campana,AR CMP,Argentina,-34.15,-58.966667
585.0,Narsaq,GL JNS,Greenland,60.916667,-46.05
11035.0,Andres (Andres Lng Terminal),DO BCC,Dominican Republic,18.433333,-69.633333
11050.0,Las Calderas,DO LCS,Dominican Republic,18.216667,-70.516667
11880.0,Turbo,CO TRB,Colombia,8.083333,-76.733333
15110.0,Pimentel,PE PMT,Peru,-6.833333,-79.933333
62535.0,Slavyanka,RU SKA,Russia,42.866667,131.383333
11060.0,Puerto Viejo De Azua,DO PVA,Dominican Republic,18.35,-70.833333
60582.0,Zarubino,RU ZAR,Russia,42.633333,131.083333
11070.0,Santa Cruz De Barahona,DO BRX,Dominican Republic,18.2,-71.083333
11045.0,Puerto De Haina,DO INA,Dominican Republic,18.416667,-70.016667
11040.0,Santo Domingo,DO SDQ,Dominican Republic,18.466667,-69.883333
60610.0,Vladivostok,RU VVO,Russia,43.108888889,131.888333333
60540.0,Pos'yet,RU PSE,Russia,42.65,130.8
60730.0,Nakhodka,RU NJK,Russia,42.8,132.883333
10050.0,Santa Lucia,CU SLU,Cuba,22.666666667,-83.966666667
580.0,Qaqortoq,GL JJU,Greenland,60.716666667,-46.033333333
10070.0,Bahia Honda,CU BHO,Cuba,22.966666667,-83.166666667
61870.0,Niigata Ko,JP KIJ,Japan,37.916667,139.05
61320.0,Ofunato,JP OFO,Japan,39.05,141.733333
61290.0,Miyako,JP MYK,Japan,39.633333,141.983333
61325.0,Kesennuma Ko,JP KSN,Japan,38.866667,141.6
61330.0,Onagawa,JP ONG,Japan,38.45,141.45
61850.0,Fushiki-Toyama,JP FTX,Japan,36.766667,137.133333
61865.0,Naoetsu Ko,JP NAO,Japan,37.183333,138.25
61175.0,Tokachi,JP TOK,Japan,42.25,143.3
61900.0,Sakata Ko,JP SKT,Japan,38.933333,139.816667
61910.0,Akita-Funakawa Ko,JP AXT,Japan,39.781388889,140.015
41690.0,Vlore,AL VOA,Albania,40.466667,19.5
48288.0,Hamad, ,Qatar,25.016666667,51.6
55350.0,Timaru,NZ TIU,New Zealand,-44.4,171.25
55370.0,Otago Harbor,NZ ORR,New Zealand,-45.816667,170.633333
20695.0,Batsfjord,NO BJF,Norway,70.634722222,29.737222222
57320.0,Noumea,NC NOU,New Caledonia,-22.283333,166.433333
55560.0,Savusavu Bay,FJ SVU,Fiji,-16.766667,179.333333
13610.0,San Lorenzo,ARSLO,Argentina,-32.75,-60.733333
57275.0,Baie De Kouaoua,NC KOU,New Caledonia,-21.383333,165.816667
57325.0,Baie Ugue,NC BUG,New Caledonia,-21.15,165.55
55600.0,Pangai,TO PAN,Tonga,-19.8,-174.35
48262.0,Al Fujayrah, ,United Arab Emirates,25.173055556,56.369166667
55556.0,Malai, ,Fiji,-16.35,179.366667
55530.0,Lautoka Harbor,FJ LTK,Fiji,-17.6,177.45
55540.0,Suva Harbor,FJ SUV,Fiji,-18.133333,178.416667
23095.0,Orkanger, ,Norway,63.31666667,9.85
55740.0,Avatiu,CK AVA,Cook Islands,-21.2,-159.783333
13630.0,Rosario,ARROS,Argentina,-32.95,-60.633333
55550.0,Levuka, ,Fiji,-17.683333,178.833333
55610.0,Neiafu,TO NEI,Tonga,-18.65,-173.983333
55650.0,Mata-Utu,WF MAU,Wallis and Futuna,-13.283333,-176.133333
56328.0,Midway Island, ,Midway Islands,28.183333,-177.366667
55695.0,Alofi,NU ALO,Niue,-19.033333,-169.933333
55680.0,Pago Pago Harbor,AS PPG,American Samoa,-14.283333,-170.666667
55590.0,Nuku Alofa,TO TBU,Tonga,-21.133333,-175.2
52720.0,Ambon,ID AMQ,Indonesia,-3.683333,128.166667
53020.0,Tg. Sorong, ,Indonesia,-0.883333,131.233333
45825.0,Banjul,GMBJL,The Gambia,13.45,-16.566667
14940.0,Conchan Oil Terminal,PECON,Peru,-12.166667,-77.0
12025.0,La Salina,VELSV,Venezuela,10.366667,-71.466667
11230.0,Arroyo,PRARR,Puerto Rico,17.966667,-66.066667
10270.0,Bahia De Sagua De Tanamo,CUSDT,Cuba,20.683333,-75.33333299999998
10230.0,Antilla,CUANT,Cuba,20.833333,-75.733333
10260.0,Nicaro,CUICR,Cuba,20.716667,-75.54999999999998
11090.0,Aguadilla,PRBQN,Puerto Rico,18.433333,-67.15
11240.0,Bahia De Jobos,PRPJO,Puerto Rico,17.95,-66.183333
11290.0,Mayaguez,PRMAZ,Puerto Rico,18.2,-67.15
12034.0,Bajo Grande,VEBJV,Venezuela,10.516667,-71.633333
14671.0,Caleta Patillos,CLCAL,Chile,-20.733333,-70.2
14960.0,Bahia De Ancon,PEANC,Peru,-11.75,-77.183333
15290.0,La Libertad,ECLLD,Ecuador,-2.216667,-80.916667
11100.0,Arecibo,PRARE,Puerto Rico,18.483333,-66.7
11250.0,Las Mareas,PRLAM,Puerto Rico,17.95,-66.166667
12037.0,El Tabiazo,VEETV,Venezuela,10.766667,-71.533333
46207.0,Okrika,NGOKR,Nigeria,4.716667,7.083333
14635.0,Puerto Calderilla,CLCAA,Chile,-27.083333,-70.866667
46195.0,Qua Iboe Oil Terminal,NGQIB,Nigeria,4.233333,8.033333
14630.0,Puerto Caldera,CLCLD,Chile,-27.05,-70.833333
45835.0,Rio Cacheu,GWCAC,Guinea-Bissau,12.283333,-16.233333
12032.0,Punta De Palmas,VEPLV,Venezuela,10.783333,-71.583333
14980.0,Puerto De Huacho,PEHCO,Peru,-11.116667,-77.616667
14950.0,Puerto Del Callao,PECLL,Peru,-12.05,-77.15
15190.0,Talara,PETYL,Peru,-4.583333,-81.283333
11110.0,San Juan,PRSJU,Puerto Rico,18.466667,-66.116667
46310.0,Serpentina Terminal,GQSER,Equatorial Guinea,3.8,8.083333
14640.0,Puerto Chanaral,CLCNR,Chile,-26.35,-70.65
15170.0,Paita,PEPAI,Peru,-5.083333,-81.116667
11280.0,Playa De Guanica,PRGUX,Puerto Rico,17.966667,-66.916667
15250.0,Puerto Bolivar,ECPBO,Ecuador,-3.266667,-80.0
11260.0,Playa De Ponce,PRPSE,Puerto Rico,17.983333,-66.616667
11270.0,Playa De Guayanilla,PRGUY,Puerto Rico,18.016667,-66.766667
57820.0,Qinzhou,CN QZH,China,21.733333,108.583333
57650.0,Da Nang,VN DAD,Vietnam,16.1,108.216667
57770.0,Zhanjiang,CN ZNG,China,21.2,110.4
57760.0,Haikou,CN HIG,China,20.05,110.283333
53160.0,Port Moresby,PG POM,Papua New Guinea,-9.466667,147.133333
56810.0,Rabaul,PG RAB,Papua New Guinea,-4.2,152.183333
57750.0,Beihai,CN BIH,China,21.483333,109.066667
51440.0,Dili,TL DIL,Timor-Leste,-8.533333,125.583333
57768.0,Basuo,CN BSP,China,19.1,108.616667
57816.0,Sanya,CN SYA,China,18.316667,109.45
57817.0,Yangpu,CN YPG,China,19.733333,109.183333
57660.0,Nghe Tinh,VN NGT,Vietnam,18.766667,105.766667
56760.0,Kavieng Harbor,PG KVG,Papua New Guinea,-2.583333,150.8
57819.0,Shui Dong,CN SDG,China,21.483333,111.083333
57710.0,Cam Pha,VN CPH,Vietnam,21.033333,107.366667
53206.0,Oro Bay,PG ROR,Papua New Guinea,-8.883333,148.483333
46240.0,Okwori Terminal,NG OKW,Nigeria,3.85,6.983333
13815.0,Bahia Blanca,AR BHI,Argentina,-38.783333,-62.266667
50517.0,Jabung Batanghari Marine Terminal,ID JBT,Indonesia,-0.916667,104.066667
57890.0,Chi-Lung,TW KEL,Taiwan,25.133333,121.766667
61340.0,Ishinomaki Ko,JP ISM,Japan,38.4,141.316667
13580.0,Diamante,AR DME,Argentina,-32.066667,-60.65
13560.0,Santa Fe,AR SFN,Argentina,-31.65,-60.7
12050.0,Punta Cardon,VE PCN,Venezuela,11.633333,-70.233333
11430.0,St Johns,AG SJO,Antigua and Barbuda,17.116667,-61.85
51587.0,Tanjung Pelepas,MY TPP,Malaysia,1.35,103.55
50516.0,Tanjung Balai Karimun,ID TJB,Indonesia,0.983333,103.433333
57900.0,Su-Ao,TW SUO,Taiwan,24.6,121.866667
51910.0,Sampit,ID SMQ,Indonesia,-2.516667,113.0
41668.0,Porto Romano,AL ROM,Albania,41.383333333,19.416666667
51720.0,Pelabuhan Sandakan,MY SDK,Malaysia,5.833333,118.116667
61170.0,Muroran Ko,JP MUR,Japan,42.35,140.966667
51690.0,Kota Kinabalu,MY BKI,Malaysia,5.983333,116.066667
61356.0,Hitachi,JP HTC,Japan,36.5,140.633333
61355.0,Onahama Ko,JP ONA,Japan,36.933333,140.9
61385.0,Kawasaki Ko,JP KWS,Japan,35.5,139.766667
61390.0,Yokohama Ko,JP YOK,Japan,35.45,139.583333
53230.0,Lae,PG LAE,Papua New Guinea,-6.733333,147.0
51920.0,Kumai,ID KUM,Indonesia,-2.75,111.716667
50180.0,Blinyu,ID BLI,Indonesia,-1.633333,105.783333
51890.0,Banjarmasin,ID BDJ,Indonesia,-3.333333,114.583333
51941.0,Pontianak,ID PNK,Indonesia,-0.0166669999999,109.333333
53250.0,Madang,PG MAG,Papua New Guinea,-5.216667,145.816667
51560.0,Kuching,MY KCH,Malaysia,1.566667,110.35
51585.0,Bintulu Port,MY BTU,Malaysia,3.266667,113.066667
51820.0,Samarinda,ID SRI,Indonesia,-0.516667,117.116667
51710.0,Kudat,MY KUD,Malaysia,6.883333,116.85
45120.0,Al Arish,EGAAC,Egypt,31.152045051,33.831078335
30930.0,Helgoland,DEHGL,Germany,54.172438358,7.895715237
12940.0,Angra Dos Reis,BRADR,Brazil,-23.016667,-44.316667
12890.0,Macae,BR MEA,Brazil,-22.366667,-41.766667
60323.0,Daesan Hang,KR TSN,South Korea,37.016667,126.4
12960.0,Sao Sebastiao,BR SSO,Brazil,-23.8,-45.4
12920.0,Rio De Janeiro,BR RIO,Brazil,-22.9,-43.166667
12850.0,Vitoria,BRVIX,Brazil,-20.316667,-40.333333
12855.0,Tubarao,BRTUB,Brazil,-20.283333,-40.25
9511.0,Progreso,MX PGO,Mexico,21.283333,-89.666667
49457.0,Krishnapatnam,INKRI,India,14.25,80.13333333299998
49455.0,Kattupalli Port,INKRI,India,13.306944444,80.35222222199998
9510.0,Puerto Progreso,MXPGO,Mexico,21.35,-89.68333333299998
49970.0,Melaka,MY MEA,Malaysia,2.2,102.25
60320.0,Inchon,KR INC,South Korea,37.466667,126.616667
60430.0,Mukho,KR MUK,South Korea,37.566667,129.116667
60431.0,Tonghae,KR TGA,South Korea,37.533333,129.15
60325.0,Pyeongtaek Hang,KR PTK,South Korea,37.0,126.8
60385.0,Chinae,KR CHF,South Korea,35.133333,128.65
60340.0,Mokpo,KR MOK,South Korea,34.783333,126.383333
12950.0,Gebig, ,Brazil,-23.05,-44.216667
12970.0,Santos,BR SSZ,Brazil,-23.95,-46.3
46140.0,Koko,NG KOK,Nigeria,6.0,5.466667
46135.0,Escravos Oil Terminal,NG ESC,Nigeria,5.5,5.0
12935.0,Guaiba Island Terminal, ,Brazil,-23.016667,-44.033333
12930.0,Niteroi,BR NTR,Brazil,-22.883333,-43.116667
12820.0,Portocel, ,Brazil,-19.85,-40.05
60400.0,Ulsan,KR USN,South Korea,35.45,129.4
60390.0,Busan,KR PUS,South Korea,35.1,129.033333
60410.0,Pohang,KR KPO,South Korea,36.05,129.383333
60380.0,Masan,KR MAS,South Korea,35.183333,128.566667
23520.0,Farsund,NO FAN,Norway,58.084666667,6.795333333
49450.0,Chennai (Madras),IN MAA,India,13.1,80.29999999999998
48970.0,Marmagao,IN MRM,India,15.4175,73.795
14955.0,La Pampilla Oil Terminal,PELPP,Peru,-11.933333,-77.13333299999998
49480.0,Vishakhapatnam,IN NRP,India,17.683333,83.29999999999998
49720.0,Port Blair,IN IXZ,India,11.677777778,92.733333333
14970.0,Chancay,PECHY,Peru,-11.583333,-77.25
18055.0,Cherry Point,US CP4,United States,48.866667,-122.75
18050.0,Bellingham,US BLI,United States,48.75,-122.5
18040.0,Anacortes,US OTS,United States,48.516667,-122.616667
48605.0,Muhamamad Bin Qasim,PK BQM,Pakistan,24.766667,67.35
6860.0,Castine,USCAS,United States,44.383333,-68.733333
61800.0,Maizuru Ko,JP MAI,Japan,35.516667,135.333333
48600.0,Karachi,PK KHI,Pakistan,24.783333,66.983333
18235.0,Port Mellon,CA PML,Canada,49.516667,-123.483333
49255.0,Hambantota,LKHBA,Sri Lanka,6.116666667,81.13333333299998
61190.0,Hakodate Ko,JP HKD,Japan,41.783333,140.716667
61840.0,Nanao Ko,JP NNO,Japan,37.05,136.983333
49200.0,Male,MV MCP,Maldives,4.166666667,73.5
49240.0,Colombo,LK CMB,Sri Lanka,6.95,79.84999999999998
61245.0,Ishikari Bay New Port,JP ISI,Japan,43.216667,141.283333
49460.0,Machilipatnam, ,India,16.15,81.166667
54220.0,Port Adelaide,AU PAE,Australia,-34.85,138.5
54210.0,Klein Point,AU KLP,Australia,-34.966667,137.766667
54350.0,Port Lincoln,AU PLO,Australia,-34.716667,135.85
54255.0,Port Giles,AU PGI,Australia,-35.033333,137.766667
54290.0,Port Pirie,AU PPI,Australia,-33.183333,138.016667
15140.0,Puerto Bayovar,PEPUB,Peru,-5.833333,-81.04999999999998
13900.0,Puerto Madryn,AR PMY,Argentina,-42.766667,-65.033333
54520.0,Fremantle,AU FRE,Australia,-32.05,115.75
11908.0,El Bosque,COEBQ,Colombia,10.4,-75.533333
11905.0,Mamonal,COMAM,Colombia,10.316667,-75.516667
15210.0,Puerto Cabo Blanco,PECAB,Peru,-4.25,-81.233333
9860.0,Puerto Cristobal,PACTB,Panama,9.35,-79.916667
9865.0,Puerto Colon,PAONX,Panama,9.366667,-79.88333299999998
54320.0,Whyalla,AU WYA,Australia,-33.033333,137.583333
54565.0,Cape Cuvier,AU CCU,Australia,-24.216667,113.383333
54280.0,Wallaroo,AU WAL,Australia,-33.933333,137.616667
54450.0,Esperance,AU EPR,Australia,-33.866667,121.9
54236.0,Ardrossan,AU ARD,Australia,-34.433333,137.916667
54200.0,Kingscote,AU KGC,Australia,-35.633333,137.633333
54140.0,Portland,AU PTJ,Australia,-38.333333,141.6
54410.0,Thevenard,AU THE,Australia,-32.166667,133.65
54325.0,Port Bonython,AU PBY,Australia,-33.016667,137.766667
13780.0,Mar Del Plata,AR MDQ,Argentina,-38.033333,-57.533333
54555.0,Useless Loop,AU USL,Australia,-26.083333,113.4
14760.0,Iquique,CLIQQ,Chile,-20.2,-70.166667
14660.0,Antofagasta,CL ANF,Chile,-23.65,-70.416667
15200.0,Caleta Lobitos,PELOB,Peru,-4.45,-81.283333
54660.0,Wyndham,AU WYN,Australia,-15.466667,128.1
54540.0,Geraldton,AU GET,Australia,-28.783333,114.6
54670.0,Darwin,AU DRW,Australia,-12.471388889,130.847777778
54671.0,Milner Bay,AU MIB,Australia,-13.866667,136.416667
54500.0,Bunbury,AU BUY,Australia,-33.316667,115.633333
54470.0,Albany,AU ALH,Australia,-35.033333,117.883333
54580.0,Onslow,AU ONS,Australia,-21.65,115.1
54630.0,Broome,AU BME,Australia,-17.966667,122.233333
15370.0,Buenaventura,COBUN,Colombia,3.883333,-77.06666699999998
15330.0,Esmeraldas,ECESM,Ecuador,1.0,-79.65
15360.0,Tumaco,COTCO,Colombia,1.816667,-78.75
53930.0,Western Port,AU WEP,Australia,-38.35,145.233333
15310.0,Manta,ECMEC,Ecuador,-0.95,-80.716667
54690.0,Karumba,AU KRB,Australia,-17.483333,140.833333
15270.0,Guayaquil,ECGYE,Ecuador,-2.2,-79.88333299999998
33390.0,Greenock,GB GRK,United Kingdom,55.95,-4.75
32600.0,Lerwick,GB LER,United Kingdom,60.167,-1.15
32220.0,Aberdeen,GB ABD,United Kingdom,57.15,-2.083333
58965.0,Cebu South Port (CSPIC),PHCEB,Philippines,10.233333333,123.8
31510.0,Brightlingsea,GB BLS,United Kingdom,51.804333333,1.019666667
60670.0,Sukhodol, ,Russia,43.228333333,132.318333333
13970.0,Rio Grande,AR RGA,Argentina,-53.783333,-67.683333
56855.0,Kieta,PG KIE,Papua New Guinea,-6.216667,155.633333
46306.0,Punta Europa Terminal,GQPET,Equatorial Guinea,3.783333,8.716667
13940.0,Puerto San Julian,AR SJL,Argentina,-49.316667,-67.7
48327.0,Khalifa Bin Salman,BH KBS,Bahrain,26.183333333,50.7
14090.0,Puerto Sara,CL,Chile,-52.633333,-70.2
61160.0,Kushiro Ko,JP KUH,Japan,42.983333,144.366667
61310.0,Kamaishi Ko,JP KIS,Japan,39.266667,141.9
46286.0,Moudi Marine Terminal,CMMOU,Cameroon,4.116667,8.483333
46238.0,Okono Terminal,NG OKN,Nigeria,3.983333,7.3
46235.0,Odudu Terminal,NG ODU,Nigeria,4.0,7.766667
46330.0,Luba,GQ LUB,Equatorial Guinea,3.5,8.566667
46287.0,Ebome Marine Terminal,CM EBT,Cameroon,2.8,9.816667
46292.0,Kome Kribi 1 Marine Terminal,CM KBI,Cameroon,2.916667,9.8
46178.0,Yoho Terminal, ,Nigeria,4.016667,7.466667
13920.0,Comodoro Rivadavia,ARCRD,Argentina,-45.866667,-67.466667
61120.0,Abashiri Ko,JP ABA,Japan,44.016667,144.283333
13965.0,San Sebastian Bay,AR SSN,Argentina,-53.166667,-68.5
15275.0,Puerto Maritimo De Guayaquil,ECPEV,Ecuador,-2.283333,-79.9
60725.0,Vostochnyy,RU VYP,Russia,42.75,133.083333
47850.0,Djibouti,DJ JIB,Djibouti,11.6,43.133333
31550.0,Ipswich,GB IPS,United Kingdom,52.05,1.166667
14175.0,Caleta Mina Elena, ,Chile,-52.683333,-71.9
61350.0,Sendai-Shiogama,JP SGM,Japan,38.316667,141.033333
13930.0,Puerto Deseado,AR PUD,Argentina,-47.75,-65.9
13960.0,Puerto Gallegos,AR RGL,Argentina,-51.616667,-68.966667
46208.0,Onne,NGONN,Nigeria,4.683333,7.15
61280.0,Hachinohe Ko,JP HHE,Japan,40.533333,141.55
46206.0,Bonny Offshore Terminal,NGBON,Nigeria,4.183333,7.233333
61045.0,Lazarev,RU LAZ,Russia,52.216667,141.516667
14095.0,Caleta Clarencia,CLCLR,Chile,-52.9,-70.1
14080.0,Punta Delgada,CL,Chile,-52.466667,-69.55
45821.0,Rufisque,SN RQ2,Senegal,14.711666667,-17.28
15730.0,Salina Cruz,MXSCX,Mexico,16.166667,-95.2
15915.0,San Juan De La Costa,MX SJC,Mexico,24.4,-110.7
46095.0,Kpeme,TG KPE,Togo,6.2,1.516667
15550.0,Corinto,NICIO,Nicaragua,12.483333,-87.166667
1784.0,Fortune, ,Canada,47.073282201,-55.830687119
57870.0,Xiamen,CN XMG,China,24.45,118.066667
15545.0,Puerto Sandino,NIPSN,Nicaragua,12.183333,-86.766667
59860.0,Fuzhou,CN FZG,China,26.083333,119.3
15640.0,Acajutla,SVAQJ,El Salvador,13.583333,-89.83333299999998
15917.0,Pichilingue,MX PIC,Mexico,24.266667,-110.333333
15975.0,Puerto Morro Redondo,MX PMS,Mexico,28.05,-115.183333
15770.0,Manzanillo,MX ZLO,Mexico,19.05,-104.316667
15870.0,Santa Rosalia,MX SRL,Mexico,27.333333,-112.283333
15570.0,Puerto De San Lorenzo,HN SLO,Honduras,13.4,-87.45
15410.0,Balboa,PABLB,Panama,8.95,-79.56666699999998
1786.0,Harbour Breton, ,Canada,47.483333333,-55.8
15510.0,Puntarenas,CR PAS,Costa Rica,9.983333,-84.83333299999998
46135.0,Lekki,NG LKK,Nigeria,6.423198,4.008242
15830.0,Topolobampo,MX TPB,Mexico,25.6,-109.066667
1650.0,Bay Roberts,CABYR,Canada,47.58905,-53.26265
15490.0,Puerto Quepos,CR XQP,Costa Rica,9.433333,-84.166667
1790.0,Burgeo,CABUO,Canada,47.616666667,-57.6
15445.0,Pedregal,PA PED,Panama,8.35,-82.433333
28505.0,Paldiski South Harbor,EE PLS,Estonia,59.333343,24.081111
15810.0,Mazatlan,MX MZT,Mexico,23.2,-106.416667
1605.0,Port Union, ,Canada,48.5,-53.083333
1730.0,Marystown, ,Canada,47.183333333,-55.116666667
15990.0,Ensenada,MX ESE,Mexico,31.866667,-116.633333
15660.0,Puerto Quetzal,GTPRQ,Guatemala,13.916667,-90.8
15460.0,Puerto Armuelles,PA AML,Panama,8.266667,-82.84999999999998
1670.0,St John's,CASJF,Canada,47.566667,-52.7
49590.0,Chittagong,BD CGP,Bangladesh,22.316666667,91.816666667
15710.0,Puerto Madero,MXPMD,Mexico,14.7,-92.45
15645.0,Acajutla Offshore Terminal,SV AOT,El Salvador,13.583333,-89.866667
1700.0,Placentia Bay, ,Canada,47.253554536,-54.014215767
16010.0,San Diego,US SAN,United States,32.716667,-117.183333
15880.0,Isla San Marcos,MX SMI,Mexico,27.183333,-112.1
15480.0,Golfito,CR GLF,Costa Rica,8.633333,-83.166667
1600.0,Catalina Harbor,CA CAT,Canada,48.516111111,-53.070555556
15920.0,La Paz,MX LAP,Mexico,24.166667,-110.316667
16080.0,Los Angeles,US LAX,United States,33.75,-118.25
16070.0,Long Beach,US LGB,United States,33.766667,-118.183333
15423.0,Vacamonte,PAVAC,Panama,8.866667,-79.666667
1830.0,Corner Brook,CA CBK,Canada,48.95,-57.95
28506.0,Paldiski Northern Port,EE PLN,Estonia,59.349752,24.047504
57860.0,Shan T Ou,CN STG,China,23.366667,116.683333
15765.0,Lazaro Cardenas,MX LZC,Mexico,17.933333,-102.166667
1795.0,Port Aux Basques,CA PBQ,Canada,47.566667,-59.133333
28484.0,Muuga-Port of Tallin,EE MUG,Estonia,59.500042,24.966693
1658.0,Long Pond, ,Canada,47.519201164,-52.978413427
15790.0,Puerto Vallarta,MX PVR,Mexico,20.616667,-105.266667
15427.0,Charco Azul,PA CHA,Panama,8.216667,-82.866667
15850.0,Guaymas,MX GYM,Mexico,27.916667,-110.916667
46000.0,Abidjan,CI ABJ,Cote D'Ivoire,5.25,-4.016667
15760.0,Acapulco,MX ACA,Mexico,16.85,-99.933333
15995.0,Rosarito,MX RST,Mexico,32.366667,-117.1
15600.0,La Union,SV LUN,El Salvador,13.333333,-87.83333299999998
15500.0,Puerto Caldera,CR CAL,Costa Rica,9.916667,-84.716667
46640.0,Walvis Bay,NA WVB,Namibia,-22.95,14.5
46131.0,Tin Can Island,NG TIN,Nigeria,6.434439,3.348686
56970.0,Gizo Harbor,SBGZO,Solomon Islands,-8.1,156.85
53142.0,Kumul,PGKUL,Papua New Guinea,-8.1,144.566667
53045.0,Kasim Terminal,IDKAS,Indonesia,-1.3,131.016667
53115.0,Amamapare,IDAMA,Indonesia,-4.816667,136.966667
53150.0,Daru,PGDAU,Papua New Guinea,-9.066667,143.2
53165.0,Alotoa,PGGUR,Papua New Guinea,-10.316667,150.45
56975.0,Port Noro,SBNOR,Solomon Islands,-8.216667,157.183333
57005.0,Ringgi Cove,SBRIN,Solomon Islands,-8.116667,157.1
53170.0,Samarai,PGSQT,Papua New Guinea,-10.616667,150.666667
53282.0,Vanimo,PGVAI,Papua New Guinea,-2.683333,141.133333
46440.0,Port Gentil,GA POG,Gabon,-0.7,8.8
46670.0,Georgetown,SH ASI,"Saint Helena, Ascension, and Tristan da Cunha",-7.933333,-14.416667
56738.0,Wewak Harbor,PG WWK,Papua New Guinea,-3.566667,143.633333
53133.0,Jayapura, ,Indonesia,-2.533333333,140.716666667
46210.0,Port Harcourt,NGPHC,Nigeria,4.766667,7.0
45963.0,San Pedro,CI SPY,Cote D'Ivoire,4.737777778,-6.611111111
32690.0,Torshavn,FO TOR,Faroe Islands,62.0,-6.75
46090.0,Lome,TG LFW,Togo,6.133333,1.283333
46530.0,Matadi,CD MAT,Congo (Kinshasa),-5.816667,13.45
46435.0,Port Owendo,GA OWE,Gabon,0.283333,9.5
5630.0,Miramichi, ,Canada,47.016666667,-65.5
9590.0,Belize City,BZ BZE,Belize,17.5,-88.183333
46770.0,Cape Town,ZA CPT,South Africa,-33.916667,18.416667
46320.0,Malabo,GQ SSG,Equatorial Guinea,3.75,8.783333
46045.0,Sekondi,GH SEK,Ghana,4.95,-1.7
33400.0,Faslane,GB FAS,United Kingdom,56.063889303,-4.819456751
11910.0,Cartagena,COCTG,Colombia,10.416667,-75.533333
46070.0,Tema,GH TEM,Ghana,5.631944444,0.015555556
46150.0,Sapele,NG SPL,Nigeria,5.9,5.683333
46560.0,Luanda,AO LAD,Angola,-8.8,13.25
33500.0,Largs,GB LGS,United Kingdom,55.8,-4.866667
33250.0,Oban,GB OBA,United Kingdom,56.416666667,-5.483333333
46305.0,Bata,GQ BSG,Equatorial Guinea,1.866667,9.766667
46590.0,Lobito,AO LOB,Angola,-12.333333,13.566667
46110.0,Cotonou,BJ COO,Benin,6.35,2.433333
18950.0,Prince Rupert,CA PRR,Canada,54.316667,-130.333333
33190.0,Corpach,GB COR,United Kingdom,56.85,-5.116666667
6545.0,Canaport (St. John),CA CPT,Canada,45.2,-65.983333
46610.0,Namibe,AO MSZ,Angola,-15.2,12.15
46205.0,Bonny,NGBON,Nigeria,4.45,7.166667
32830.0,Aultbea,GB AUL,United Kingdom,57.833333,-5.583333
53130.0,Merauke,IDMKQ,Indonesia,-8.483333,140.383333
46230.0,Calabar,NGCBQ,Nigeria,4.966667,8.316667
46008.0,Espoir Marine Terminal,CI ESP,Cote D'Ivoire,5.05,-4.45
46470.0,Pointe Noire,CG PNR,Congo (Brazzaville),-4.783333,11.833333
46380.0,Sao Tome,ST TMS,Sao Tome and Principe,0.35,6.733333
32170.0,Dundee,GB DUN,United Kingdom,56.466667,-2.95
46445.0,Cap Lopez,GA CLZ,Gabon,-0.633333,8.716667
32920.0,Broadford Bay,GB BDF,United Kingdom,57.25,-5.883333333
46430.0,Libreville,GA LBV,Gabon,0.383333,9.45
6340.0,Halifax,CA HAL,Canada,44.65,-63.583333
46280.0,Douala,CM DLA,Cameroon,4.05,9.683333
1955.0,Sept Iles,CA SEI,Canada,50.2,-66.383333
60193.0,Tangshan (Jingtang),CN TGS,China,39.2,119.016667
6550.0,St John,CA SJB,Canada,45.266667,-66.05
46130.0,Lagos,NG LOS,Nigeria,6.4,3.4
32350.0,Invergordon,GB IVG,United Kingdom,57.683333,-4.166667
46262.0,Limboh Terminal,CMLIT,Cameroon,3.983333,9.15
46650.0,Luderitz Bay,NA LUD,Namibia,-26.65,15.15
6460.0,Yarmouth Harbor (Canada), ,Canada,43.833333333,-66.116666667
6170.0,Goldboro,CA GBR,Canada,45.183333,-61.65
33490.0,Glasgow,GB GLW,United Kingdom,55.866666667,-4.35
5870.0,Port Hawkesbury,CA PHW,Canada,45.616667,-61.366667
46040.0,Takoradi,GH TKD,Ghana,4.883333,-1.733333
58960.0,Cebu,PHCEB,Philippines,10.3,123.9
51845.0,Lawi Lawi Oil Terminal,IDLLA,Indonesia,-1.45,116.766667
51840.0,Balikpapan,IDBPN,Indonesia,-1.25,116.816667
51600.0,Lutong,MYLUT,Malaysia,4.466667,114.0
51590.0,Miri,MYMYY,Malaysia,4.383333,113.966667
50000.0,Keppel - (East Singapore),SGKEP,Singapore,1.283333,103.85
51811.0,Bontang Lng Terminal,IDBXT,Indonesia,0.1,117.483333
51570.0,Bintangor,MYBTN,Malaysia,2.166667,111.633333
51733.0,Bakapit,MYBKP,Malaysia,4.95,118.583333
51855.0,North Pulau Laut Coal Terminal,IDNPL,Indonesia,-3.2,116.283333
58795.0,Isabel,PHISL,Philippines,10.916667,124.433333
59090.0,Dumaguete,PHDGT,Philippines,9.316667,123.3
59670.0,Jimenez,PHJNZ,Philippines,8.333333,123.866667
59700.0,Iligan,PHIGN,Philippines,8.233333,124.233333
51646.0,Kuala Belait,BNKUB,Brunei,4.633333,114.2
51730.0,Lahad Datu,MYLDU,Malaysia,5.016667,118.316667
51860.0,Kota Baru,IDKBU,Indonesia,-3.233333,116.216667
52220.0,Luwuk,IDLUW,Indonesia,-0.95,122.8
59080.0,Bais,PHBAI,Philippines,9.6,123.116667
59100.0,Lazi,PHLZB,Philippines,9.133333,123.633333
59710.0,Cagayan De Oro,PHCGY,Philippines,8.5,124.666667
59070.0,San Carlos,PHSCA,Philippines,10.483333,123.416667
59680.0,Port Ozamis,PHOZC,Philippines,8.133333,123.85
51870.0,Stagen,IDSTN,Indonesia,-3.3,116.15
58800.0,Palompon,PHPPN,Philippines,11.05,124.383333
51583.0,Sarikei,MYSAR,Malaysia,2.133333,111.533333
51586.0,Tawa,MYTWU,Malaysia,4.25,117.883333
51580.0,Sibu,MYSBW,Malaysia,2.283333,111.816667
58870.0,Tagbilaran,PHTAG,Philippines,9.65,123.85
58890.0,Tubigan,PHTON,Philippines,9.95,123.966667
51830.0,Senipah Oil Terminal,IDSZH,Indonesia,-0.95,117.166667
59530.0,Pagadian,PHPAG,Philippines,7.833333,123.433333
51865.0,Tanah Merah,IDTAL,Indonesia,-1.816667,116.166667
52510.0,Ternate,IDTTE,Indonesia,0.783333,127.383333
58770.0,Ormoc,PHORC,Philippines,11.0,124.6
51645.0,Seria Oil Loading Terminal,BNSER,Brunei,4.616667,114.316667
59015.0,Toledo,PHSNG,Philippines,10.366667,123.633333
12230.0,El Guamache,VE EGU,Venezuela,10.9,-64.1
12275.0,Puerto De Hierro,VEPHO,Venezuela,10.633333,-62.1
12150.0,La Guaira,VELAG,Venezuela,10.616667,-66.933333
12220.0,Cumana (Puerto Sucre),VE CUM,Venezuela,10.466667,-64.183333
11780.0,Kralendijk,BQKRA,Caribbean Netherlands,12.15,-68.283333
12120.0,Puerto Cabello,VEPBL,Venezuela,10.483333,-68.0
12035.0,Puerto Miranda,VEMIV,Venezuela,10.766667,-71.566667
39220.0,Porto Ponte Romano,IT PPF,Italy,39.055556,8.467778
44950.0,Limassol,CY LMS,Cyprus,34.648889,33.019722
53340.0,Cairns,AU CNS,Australia,-16.916667,145.783333
53360.0,Mourilyan Harbour,AU MOU,Australia,-17.6,146.133333
53400.0,Mackay,AU MKY,Australia,-21.116667,149.216667
54943.0,Beauty Point,AU BYP,Australia,-41.15,146.816667
54970.0,Launceston,AU LST,Australia,-41.45,147.116667
55030.0,Opua,NZ OPX,New Zealand,-35.316667,174.116667
55110.0,Gisborne,NZ GIS,New Zealand,-38.666667,178.033333
54810.0,Port Huon,AU PHU,Australia,-43.166667,146.983333
54940.0,Port Dalrymple,AU PTD,Australia,-41.133333,146.833333
53840.0,Welshpool,AU WHL,Australia,-38.7,146.466667
54880.0,Burnie,AU BWT,Australia,-41.05,145.95
53810.0,Eden,AU QDN,Australia,-37.066667,149.916667
54870.0,Stanley,AU STA,Australia,-40.766667,145.283333
54760.0,Hobart,AU HBA,Australia,-42.883333,147.333333
40860.0,Koper,SI KOP,Slovenia,45.55,13.733333
46165.0,Burutu,NG BUR,Nigeria,5.35,5.5
45855.0,Conakry,GN CKY,Guinea,9.519444,-13.716667
53690.0,Port Kembla,AU PKL,Australia,-34.463384,150.900029
55060.0,Auckland,NZ AKL,New Zealand,-36.83851,174.77164
47220.0,Victoria,SC POV,Seychelles,-4.623333,55.464167
55320.0,Port Lyttelton,NZ LYT,New Zealand,-43.606668,172.717975
55050.0,Whangarei,NZ WRE,New Zealand,-35.8,174.433333
9380.0,Veracruz,MX VER,Mexico,19.2,-96.133333
11960.0,Maracaibo,VEMAR,Venezuela,10.633333,-71.6
54605.0,Dampier,AU DAM,Australia,-20.633333,116.716667
53370.0,Lucinda,AU LUC,Australia,-18.516667,146.333333
53490.0,Brisbane,AU BNE,Australia,-27.400043,153.151546
40115.0,Gioia Tauro,IT GIT,Italy,38.444,15.89
9650.0,Puerto Cortes,HNPCR,Honduras,15.833333,-87.95
11830.0,Sint Nicolaas Baai,AWSNL,Aruba,12.433333,-69.916667
38630.0,Palma De Mallorca,ES PMI,Spain,39.566667,2.633333
54620.0,Port Hedland,AU PHE,Australia,-20.319444,118.572222
53300.0,Thursday Island,AU TIS,Australia,-10.583333,142.216667
12185.0,Puerto La Cruz,VE PCZ,Venezuela,10.25,-64.633333
52260.0,Baubau,ID BUW,Indonesia,-5.466667,122.616667
39230.0,Sant'Antioco,IT SAT,Italy,39.066,8.46
42470.0,Volos,GR VOL,Greece,39.354444,22.940278
54030.0,Melbourne,AU MEL,Australia,-37.833333,144.966667
39470.0,Genova,IT GOA,Italy,44.406667,8.861389
9875.0,Bahia De Las Minas,PAMNP,Panama,9.4,-79.81666699999998
53610.0,Newcastle,AU NTL,Australia,-32.916667,151.783333
54050.0,Geelong,AU GEX,Australia,-38.15,144.366667
53655.0,Botany Bay,AU BTB,Australia,-34.0,151.233333
40635.0,Giulianova,IT GUI,Italy,42.756,13.979
54920.0,Devonport,AU DPO,Australia,-41.183333,146.366667
38395.0,Puerto De Carboneras,ES CRS,Spain,36.983611,-1.897222
53440.0,Port Alma,AU PTL,Australia,-23.583333,150.85
40340.0,Marsaxlokk,MT MAR,Malta,35.826667,14.548333
38370.0,Malaga,ES AGP,Spain,36.716667,-4.416667
44450.0,Samsun,TR SSX,Turkey,41.3,36.35
45410.0,Sousse,TN SUS,Tunisia,35.824722,10.644722
11820.0,Bullen Baai,CWBUB,Curacao,12.183333,-69.033333
37350.0,Bermeo,ES BRM,Spain,43.419167,-2.715556
53450.0,Gladstone,AU GLT,Australia,-23.85,151.25
39155.0,Porto Cervo,IT PCE,Italy,41.135278,9.530833
47130.0,Kismaayo,SO KMU,Somalia,-0.386667,42.543889
43700.0,Belgorod-Dnestrovsky,UA BGD,Ukraine,46.181944,30.376389
54875.0,Port Latta,AU PLA,Australia,-40.833333,145.383333
11810.0,Willemstad,CWWIL,Curacao,12.116667,-68.933333
53318.0,Cape Flattery Harbor,AU CQP,Australia,-14.95,145.35
53650.0,Sydney,AU SYD,Australia,-33.866667,151.2
11730.0,Pointe A Pierre,TTPTP,Trinidad and Tobago,10.316667,-61.466667
9405.0,Coatzacoalcos,MX COA,Mexico,18.15,-94.416667
55080.0,Tauranga,NZ TRG,New Zealand,-37.633333,176.166667
53460.0,Bundaberg,AU BDB,Australia,-24.866667,152.35
53405.0,Hay Point,AU HPT,Australia,-21.283333,149.3
43560.0,Constanta,RO CND,Romania,44.166667,28.65
11770.0,Point Fortin,TTPTF,Trinidad and Tobago,10.2,-61.7
55150.0,Wellington,NZ WLG,New Zealand,-41.283333,174.783333
55230.0,Manukau Harbor,NZ MCY,New Zealand,-36.933333,174.783333
11840.0,Paarden Baai - (Oranjestad),AW ORJ,Aruba,12.516667,-70.033333
53380.0,Townsville,AU TSV,Australia,-19.24782,146.833407
44750.0,Izmir,TR IZM,Turkey,38.454722,27.146389
9690.0,Puerto Castilla,HN PCA,Honduras,16.0,-85.983333
18520.0,Nanaimo,CAN NO,Canada,49.166666667,-123.933333333
